origen,destino,route_id,distance_km,time_h,toll_eur,route_type,route_description,source,source_date,pair,scenario,fuel_eur,time_cost_eur,total_cost_eur
Vitoria-Gasteiz,Albacete,00_01_R1,542.042,6.4162,0.0,rapida_demo,DATOS SINTÉTICOS DE DEMOSTRACIÓN,DEMO: generado localmente,2026-10-08,"('albacete', 'vitoria-gasteiz')",2020,30.571168800000002,128.324,158.89516880000002
Vitoria-Gasteiz,Alacant/Alicante,00_02_R1,666.976,7.8951,0.0,rapida_demo,DATOS SINTÉTICOS DE DEMOSTRACIÓN,DEMO: generado localmente,2026-10-08,"('alacant/alicante', 'vitoria-gasteiz')",2020,37.6174464,157.90200000000002,195.51944640000002
Vitoria-Gasteiz,Almería,00_03_R1,835.18,9.8861,0.0,rapida_demo,DATOS SINTÉTICOS DE DEMOSTRACIÓN,DEMO: generado localmente,2026-10-08,"('almería', 'vitoria-gasteiz')",2020,47.104152,197.722,244.826152
Vitoria-Gasteiz,Oviedo,00_04_R1,329.73,3.9031,0.0,rapida_demo,DATOS SINTÉTICOS DE DEMOSTRACIÓN,DEMO: generado localmente,2026-10-08,"('oviedo', 'vitoria-gasteiz')",2020,18.596772,78.062,96.658772
Vitoria-Gasteiz,Ávila,00_05_R1,369.931,4.3789,0.0,rapida_demo,DATOS SINTÉTICOS DE DEMOSTRACIÓN,DEMO: generado localmente,2026-10-08,"('vitoria-gasteiz', 'ávila')",2020,20.8641084,87.578,108.4421084
Vitoria-Gasteiz,Badajoz,00_06_R1,712.687,8.4362,0.0,rapida_demo,DATOS SINTÉTICOS DE DEMOSTRACIÓN,DEMO: generado localmente,2026-10-08,"('badajoz', 'vitoria-gasteiz')",2020,40.1955468,168.724,208.91954679999998
Vitoria-Gasteiz,Barcelona,00_07_R1,539.783,6.3895,0.0,rapida_demo,DATOS SINTÉTICOS DE DEMOSTRACIÓN,DEMO: generado localmente,2026-10-08,"('barcelona', 'vitoria-gasteiz')",2020,30.4437612,127.78999999999999,158.2337612
Vitoria-Gasteiz,Bilbao,00_08_R1,63.374,0.7502,0.0,rapida_demo,DATOS SINTÉTICOS DE DEMOSTRACIÓN,DEMO: generado localmente,2026-10-08,"('bilbao', 'vitoria-gasteiz')",2020,3.5742936,15.004,18.5782936
Vitoria-Gasteiz,Burgos,00_09_R1,126.708,1.4999,0.0,rapida_demo,DATOS SINTÉTICOS DE DEMOSTRACIÓN,DEMO: generado localmente,2026-10-08,"('burgos', 'vitoria-gasteiz')",2020,7.1463312,29.998,37.1443312
Vitoria-Gasteiz,Cáceres,00_10_R1,607.793,7.1945,0.0,rapida_demo,DATOS SINTÉTICOS DE DEMOSTRACIÓN,DEMO: generado localmente,2026-10-08,"('cáceres', 'vitoria-gasteiz')",2020,34.2795252,143.89,178.16952519999998
Vitoria-Gasteiz,Cádiz,00_11_R1,959.408,11.3566,0.0,rapida_demo,DATOS SINTÉTICOS DE DEMOSTRACIÓN,DEMO: generado localmente,2026-10-08,"('cádiz', 'vitoria-gasteiz')",2020,54.1106112,227.132,281.2426112
Vitoria-Gasteiz,Santander,00_12_R1,143.616,1.7,0.0,rapida_demo,DATOS SINTÉTICOS DE DEMOSTRACIÓN,DEMO: generado localmente,2026-10-08,"('santander', 'vitoria-gasteiz')",2020,8.0999424,34.0,42.0999424
Vitoria-Gasteiz,Castelló de la Plana/Castellón de la Plana,00_13_R1,483.176,5.7194,0.0,rapida_demo,DATOS SINTÉTICOS DE DEMOSTRACIÓN,DEMO: generado localmente,2026-10-08,"('castelló de la plana/castellón de la plana', 'vitoria-gasteiz')",2020,27.2511264,114.388,141.6391264
Vitoria-Gasteiz,Ciudad Real,00_14_R1,552.74,6.5429,0.0,rapida_demo,DATOS SINTÉTICOS DE DEMOSTRACIÓN,DEMO: generado localmente,2026-10-08,"('ciudad real', 'vitoria-gasteiz')",2020,31.174536,130.858,162.032536
Vitoria-Gasteiz,Córdoba,00_15_R1,724.664,8.5779,0.0,rapida_demo,DATOS SINTÉTICOS DE DEMOSTRACIÓN,DEMO: generado localmente,2026-10-08,"('córdoba', 'vitoria-gasteiz')",2020,40.8710496,171.558,212.42904959999998
Vitoria-Gasteiz,A Coruña,00_16_R1,585.219,6.9273,0.0,rapida_demo,DATOS SINTÉTICOS DE DEMOSTRACIÓN,DEMO: generado localmente,2026-10-08,"('a coruña', 'vitoria-gasteiz')",2020,33.0063516,138.546,171.5523516
Vitoria-Gasteiz,Cuenca,00_17_R1,388.989,4.6045,0.0,rapida_demo,DATOS SINTÉTICOS DE DEMOSTRACIÓN,DEMO: generado localmente,2026-10-08,"('cuenca', 'vitoria-gasteiz')",2020,21.9389796,92.09,114.0289796
Vitoria-Gasteiz,Donostia/San Sebastián,00_18_R1,95.977,1.1361,0.0,rapida_demo,DATOS SINTÉTICOS DE DEMOSTRACIÓN,DEMO: generado localmente,2026-10-08,"('donostia/san sebastián', 'vitoria-gasteiz')",2020,5.4131028,22.722,28.135102800000002
Vitoria-Gasteiz,Girona,00_19_R1,576.614,6.8254,0.0,rapida_demo,DATOS SINTÉTICOS DE DEMOSTRACIÓN,DEMO: generado localmente,2026-10-08,"('girona', 'vitoria-gasteiz')",2020,32.5210296,136.508,169.0290296
Vitoria-Gasteiz,Granada,00_20_R1,794.574,9.4055,0.0,rapida_demo,DATOS SINTÉTICOS DE DEMOSTRACIÓN,DEMO: generado localmente,2026-10-08,"('granada', 'vitoria-gasteiz')",2020,44.8139736,188.11,232.9239736
Vitoria-Gasteiz,Guadalajara,00_21_R1,311.877,3.6917,0.0,rapida_demo,DATOS SINTÉTICOS DE DEMOSTRACIÓN,DEMO: generado localmente,2026-10-08,"('guadalajara', 'vitoria-gasteiz')",2020,17.5898628,73.834,91.4238628
Vitoria-Gasteiz,Huelva,00_22_R1,900.162,10.6553,0.0,rapida_demo,DATOS SINTÉTICOS DE DEMOSTRACIÓN,DEMO: generado localmente,2026-10-08,"('huelva', 'vitoria-gasteiz')",2020,50.7691368,213.106,263.8751368
Vitoria-Gasteiz,Huesca,00_23_R1,251.863,2.9813,0.0,rapida_demo,DATOS SINTÉTICOS DE DEMOSTRACIÓN,DEMO: generado localmente,2026-10-08,"('huesca', 'vitoria-gasteiz')",2020,14.2050732,59.626000000000005,73.8310732
Vitoria-Gasteiz,Jaén,00_24_R1,716.26,8.4785,0.0,rapida_demo,DATOS SINTÉTICOS DE DEMOSTRACIÓN,DEMO: generado localmente,2026-10-08,"('jaén', 'vitoria-gasteiz')",2020,40.397064,169.57,209.967064
Vitoria-Gasteiz,Logroño,00_25_R1,58.015,0.6867,0.0,rapida_demo,DATOS SINTÉTICOS DE DEMOSTRACIÓN,DEMO: generado localmente,2026-10-08,"('logroño', 'vitoria-gasteiz')",2020,3.272046,13.734,17.006046
Vitoria-Gasteiz,León,00_26_R1,298.32,3.5312,0.0,rapida_demo,DATOS SINTÉTICOS DE DEMOSTRACIÓN,DEMO: generado localmente,2026-10-08,"('león', 'vitoria-gasteiz')",2020,16.825248,70.624,87.449248
Vitoria-Gasteiz,Lleida,00_27_R1,380.237,4.5009,0.0,rapida_demo,DATOS SINTÉTICOS DE DEMOSTRACIÓN,DEMO: generado localmente,2026-10-08,"('lleida', 'vitoria-gasteiz')",2020,21.445366800000002,90.018,111.4633668
Vitoria-Gasteiz,Lugo,00_28_R1,497.429,5.8881,0.0,rapida_demo,DATOS SINTÉTICOS DE DEMOSTRACIÓN,DEMO: generado localmente,2026-10-08,"('lugo', 'vitoria-gasteiz')",2020,28.054995599999998,117.762,145.81699559999998
Vitoria-Gasteiz,Madrid,00_29_R1,353.675,4.1865,0.0,rapida_demo,DATOS SINTÉTICOS DE DEMOSTRACIÓN,DEMO: generado localmente,2026-10-08,"('madrid', 'vitoria-gasteiz')",2020,19.94727,83.72999999999999,103.67727
Vitoria-Gasteiz,Málaga,00_30_R1,871.6,10.3172,0.0,rapida_demo,DATOS SINTÉTICOS DE DEMOSTRACIÓN,DEMO: generado localmente,2026-10-08,"('málaga', 'vitoria-gasteiz')",2020,49.15824,206.344,255.50224
Vitoria-Gasteiz,Murcia,00_31_R1,695.361,8.2311,0.0,rapida_demo,DATOS SINTÉTICOS DE DEMOSTRACIÓN,DEMO: generado localmente,2026-10-08,"('murcia', 'vitoria-gasteiz')",2020,39.2183604,164.62199999999999,203.84036039999998
Vitoria-Gasteiz,Pamplona/Iruña,00_32_R1,104.85,1.2411,0.0,rapida_demo,DATOS SINTÉTICOS DE DEMOSTRACIÓN,DEMO: generado localmente,2026-10-08,"('pamplona/iruña', 'vitoria-gasteiz')",2020,5.913539999999999,24.822000000000003,30.73554
Vitoria-Gasteiz,Ourense,00_33_R1,535.876,6.3432,0.0,rapida_demo,DATOS SINTÉTICOS DE DEMOSTRACIÓN,DEMO: generado localmente,2026-10-08,"('ourense', 'vitoria-gasteiz')",2020,30.2234064,126.864,157.0874064
Vitoria-Gasteiz,Palencia,00_34_R1,223.429,2.6448,0.0,rapida_demo,DATOS SINTÉTICOS DE DEMOSTRACIÓN,DEMO: generado localmente,2026-10-08,"('palencia', 'vitoria-gasteiz')",2020,12.6013956,52.896,65.4973956
Vitoria-Gasteiz,Pontevedra,00_35_R1,613.467,7.2617,0.0,rapida_demo,DATOS SINTÉTICOS DE DEMOSTRACIÓN,DEMO: generado localmente,2026-10-08,"('pontevedra', 'vitoria-gasteiz')",2020,34.5995388,145.234,179.8335388
Vitoria-Gasteiz,Salamanca,00_36_R1,405.077,4.7949,0.0,rapida_demo,DATOS SINTÉTICOS DE DEMOSTRACIÓN,DEMO: generado localmente,2026-10-08,"('salamanca', 'vitoria-gasteiz')",2020,22.8463428,95.898,118.7443428
Vitoria-Gasteiz,Segovia,00_37_R1,303.353,3.5908,0.0,rapida_demo,DATOS SINTÉTICOS DE DEMOSTRACIÓN,DEMO: generado localmente,2026-10-08,"('segovia', 'vitoria-gasteiz')",2020,17.1091092,71.816,88.92510920000001
Vitoria-Gasteiz,Sevilla,00_38_R1,836.621,9.9032,0.0,rapida_demo,DATOS SINTÉTICOS DE DEMOSTRACIÓN,DEMO: generado localmente,2026-10-08,"('sevilla', 'vitoria-gasteiz')",2020,47.185424399999995,198.064,245.24942439999998
Vitoria-Gasteiz,Soria,00_39_R1,152.154,1.8011,0.0,rapida_demo,DATOS SINTÉTICOS DE DEMOSTRACIÓN,DEMO: generado localmente,2026-10-08,"('soria', 'vitoria-gasteiz')",2020,8.581485599999999,36.022,44.6034856
Vitoria-Gasteiz,Tarragona,00_40_R1,471.479,5.581,0.0,rapida_demo,DATOS SINTÉTICOS DE DEMOSTRACIÓN,DEMO: generado localmente,2026-10-08,"('tarragona', 'vitoria-gasteiz')",2020,26.591415599999998,111.62,138.2114156
Vitoria-Gasteiz,Teruel,00_41_R1,384.042,4.5459,0.0,rapida_demo,DATOS SINTÉTICOS DE DEMOSTRACIÓN,DEMO: generado localmente,2026-10-08,"('teruel', 'vitoria-gasteiz')",2020,21.659968799999998,90.91799999999999,112.5779688
Vitoria-Gasteiz,Toledo,00_42_R1,438.938,5.1958,0.0,rapida_demo,DATOS SINTÉTICOS DE DEMOSTRACIÓN,DEMO: generado localmente,2026-10-08,"('toledo', 'vitoria-gasteiz')",2020,24.7561032,103.916,128.67210319999998
Vitoria-Gasteiz,Valencia,00_43_R1,527.188,6.2404,0.0,rapida_demo,DATOS SINTÉTICOS DE DEMOSTRACIÓN,DEMO: generado localmente,2026-10-08,"('valencia', 'vitoria-gasteiz')",2020,29.733403199999998,124.808,154.5414032
Vitoria-Gasteiz,Valladolid,00_44_R1,268.905,3.1831,0.0,rapida_demo,DATOS SINTÉTICOS DE DEMOSTRACIÓN,DEMO: generado localmente,2026-10-08,"('valladolid', 'vitoria-gasteiz')",2020,15.166241999999999,63.662,78.828242
Vitoria-Gasteiz,Zamora,00_45_R1,367.59,4.3512,0.0,rapida_demo,DATOS SINTÉTICOS DE DEMOSTRACIÓN,DEMO: generado localmente,2026-10-08,"('vitoria-gasteiz', 'zamora')",2020,20.732076,87.024,107.75607600000001
Vitoria-Gasteiz,Zaragoza,00_46_R1,247.965,2.9352,0.0,rapida_demo,DATOS SINTÉTICOS DE DEMOSTRACIÓN,DEMO: generado localmente,2026-10-08,"('vitoria-gasteiz', 'zaragoza')",2020,13.985225999999999,58.704,72.689226
Albacete,Alacant/Alicante,01_02_R1,174.426,2.0647,0.0,rapida_demo,DATOS SINTÉTICOS DE DEMOSTRACIÓN,DEMO: generado localmente,2026-10-08,"('alacant/alicante', 'albacete')",2020,9.8376264,41.294000000000004,51.1316264
Albacete,Almería,01_03_R1,307.092,3.6351,0.0,rapida_demo,DATOS SINTÉTICOS DE DEMOSTRACIÓN,DEMO: generado localmente,2026-10-08,"('albacete', 'almería')",2020,17.319988799999997,72.702,90.0219888
Albacete,Oviedo,01_04_R1,736.089,8.7132,0.0,rapida_demo,DATOS SINTÉTICOS DE DEMOSTRACIÓN,DEMO: generado localmente,2026-10-08,"('albacete', 'oviedo')",2020,41.5154196,174.264,215.7794196
Albacete,Ávila,01_05_R1,381.366,4.5143,0.0,rapida_demo,DATOS SINTÉTICOS DE DEMOSTRACIÓN,DEMO: generado localmente,2026-10-08,"('albacete', 'ávila')",2020,21.5090424,90.286,111.7950424
Albacete,Badajoz,01_06_R1,553.063,6.5467,0.0,rapida_demo,DATOS SINTÉTICOS DE DEMOSTRACIÓN,DEMO: generado localmente,2026-10-08,"('albacete', 'badajoz')",2020,31.1927532,130.934,162.1267532
Albacete,Barcelona,01_07_R1,541.543,6.4103,0.0,rapida_demo,DATOS SINTÉTICOS DE DEMOSTRACIÓN,DEMO: generado localmente,2026-10-08,"('albacete', 'barcelona')",2020,30.5430252,128.20600000000002,158.7490252
Albacete,Bilbao,01_08_R1,603.662,7.1456,0.0,rapida_demo,DATOS SINTÉTICOS DE DEMOSTRACIÓN,DEMO: generado localmente,2026-10-08,"('albacete', 'bilbao')",2020,34.0465368,142.912,176.9585368
Albacete,Burgos,01_09_R1,503.937,5.9652,0.0,rapida_demo,DATOS SINTÉTICOS DE DEMOSTRACIÓN,DEMO: generado localmente,2026-10-08,"('albacete', 'burgos')",2020,28.4220468,119.304,147.7260468
Albacete,Cáceres,01_10_R1,490.674,5.8082,0.0,rapida_demo,DATOS SINTÉTICOS DE DEMOSTRACIÓN,DEMO: generado localmente,2026-10-08,"('albacete', 'cáceres')",2020,27.6740136,116.164,143.8380136
Albacete,Cádiz,01_11_R1,595.917,7.0539,0.0,rapida_demo,DATOS SINTÉTICOS DE DEMOSTRACIÓN,DEMO: generado localmente,2026-10-08,"('albacete', 'cádiz')",2020,33.6097188,141.078,174.6877188
Albacete,Santander,01_12_R1,653.472,7.7352,0.0,rapida_demo,DATOS SINTÉTICOS DE DEMOSTRACIÓN,DEMO: generado localmente,2026-10-08,"('albacete', 'santander')",2020,36.8558208,154.704,191.5598208
Albacete,Castelló de la Plana/Castellón de la Plana,01_13_R1,238.638,2.8248,0.0,rapida_demo,DATOS SINTÉTICOS DE DEMOSTRACIÓN,DEMO: generado localmente,2026-10-08,"('albacete', 'castelló de la plana/castellón de la plana')",2020,13.4591832,56.496,69.95518320000001
Albacete,Ciudad Real,01_14_R1,223.932,2.6507,0.0,rapida_demo,DATOS SINTÉTICOS DE DEMOSTRACIÓN,DEMO: generado localmente,2026-10-08,"('albacete', 'ciudad real')",2020,12.629764799999998,53.014,65.6437648
Albacete,Córdoba,01_15_R1,353.44,4.1837,0.0,rapida_demo,DATOS SINTÉTICOS DE DEMOSTRACIÓN,DEMO: generado localmente,2026-10-08,"('albacete', 'córdoba')",2020,19.934016,83.674,103.608016
Albacete,A Coruña,01_16_R1,914.836,10.829,0.0,rapida_demo,DATOS SINTÉTICOS DE DEMOSTRACIÓN,DEMO: generado localmente,2026-10-08,"('a coruña', 'albacete')",2020,51.5967504,216.58,268.1767504
Albacete,Cuenca,01_17_R1,153.202,1.8135,0.0,rapida_demo,DATOS SINTÉTICOS DE DEMOSTRACIÓN,DEMO: generado localmente,2026-10-08,"('albacete', 'cuenca')",2020,8.6405928,36.269999999999996,44.910592799999996
Albacete,Donostia/San Sebastián,01_18_R1,601.355,7.1183,0.0,rapida_demo,DATOS SINTÉTICOS DE DEMOSTRACIÓN,DEMO: generado localmente,2026-10-08,"('albacete', 'donostia/san sebastián')",2020,33.916422,142.36599999999999,176.282422
Albacete,Girona,01_19_R1,645.692,7.6431,0.0,rapida_demo,DATOS SINTÉTICOS DE DEMOSTRACIÓN,DEMO: generado localmente,2026-10-08,"('albacete', 'girona')",2020,36.4170288,152.862,189.2790288
Albacete,Granada,01_20_R1,316.978,3.7521,0.0,rapida_demo,DATOS SINTÉTICOS DE DEMOSTRACIÓN,DEMO: generado localmente,2026-10-08,"('albacete', 'granada')",2020,17.8775592,75.042,92.91955920000001
Albacete,Guadalajara,01_21_R1,267.225,3.1632,0.0,rapida_demo,DATOS SINTÉTICOS DE DEMOSTRACIÓN,DEMO: generado localmente,2026-10-08,"('albacete', 'guadalajara')",2020,15.07149,63.263999999999996,78.33549
Albacete,Huelva,01_22_R1,607.065,7.1859,0.0,rapida_demo,DATOS SINTÉTICOS DE DEMOSTRACIÓN,DEMO: generado localmente,2026-10-08,"('albacete', 'huelva')",2020,34.238466,143.71800000000002,177.95646600000003
Albacete,Huesca,01_23_R1,462.965,5.4802,0.0,rapida_demo,DATOS SINTÉTICOS DE DEMOSTRACIÓN,DEMO: generado localmente,2026-10-08,"('albacete', 'huesca')",2020,26.111226,109.604,135.715226
Albacete,Jaén,01_24_R1,271.579,3.2147,0.0,rapida_demo,DATOS SINTÉTICOS DE DEMOSTRACIÓN,DEMO: generado localmente,2026-10-08,"('albacete', 'jaén')",2020,15.3170556,64.294,79.6110556
Albacete,Logroño,01_25_R1,486.227,5.7555,0.0,rapida_demo,DATOS SINTÉTICOS DE DEMOSTRACIÓN,DEMO: generado localmente,2026-10-08,"('albacete', 'logroño')",2020,27.4232028,115.10999999999999,142.53320279999997
Albacete,León,01_26_R1,635.213,7.5191,0.0,rapida_demo,DATOS SINTÉTICOS DE DEMOSTRACIÓN,DEMO: generado localmente,2026-10-08,"('albacete', 'león')",2020,35.8260132,150.382,186.2080132
Albacete,Lleida,01_27_R1,449.071,5.3157,0.0,rapida_demo,DATOS SINTÉTICOS DE DEMOSTRACIÓN,DEMO: generado localmente,2026-10-08,"('albacete', 'lleida')",2020,25.327604400000002,106.314,131.6416044
Albacete,Lugo,01_28_R1,817.394,9.6756,0.0,rapida_demo,DATOS SINTÉTICOS DE DEMOSTRACIÓN,DEMO: generado localmente,2026-10-08,"('albacete', 'lugo')",2020,46.1010216,193.512,239.6130216
Albacete,Madrid,01_29_R1,278.679,3.2988,0.0,rapida_demo,DATOS SINTÉTICOS DE DEMOSTRACIÓN,DEMO: generado localmente,2026-10-08,"('albacete', 'madrid')",2020,15.717495599999998,65.976,81.69349559999999
Albacete,Málaga,01_30_R1,422.981,5.0069,0.0,rapida_demo,DATOS SINTÉTICOS DE DEMOSTRACIÓN,DEMO: generado localmente,2026-10-08,"('albacete', 'málaga')",2020,23.8561284,100.138,123.99412840000001
Albacete,Murcia,01_31_R1,161.372,1.9102,0.0,rapida_demo,DATOS SINTÉTICOS DE DEMOSTRACIÓN,DEMO: generado localmente,2026-10-08,"('albacete', 'murcia')",2020,9.101380800000001,38.204,47.3053808
Albacete,Pamplona/Iruña,01_32_R1,531.756,6.2945,0.0,rapida_demo,DATOS SINTÉTICOS DE DEMOSTRACIÓN,DEMO: generado localmente,2026-10-08,"('albacete', 'pamplona/iruña')",2020,29.991038399999997,125.89,155.8810384
Albacete,Ourense,01_33_R1,784.961,9.2917,0.0,rapida_demo,DATOS SINTÉTICOS DE DEMOSTRACIÓN,DEMO: generado localmente,2026-10-08,"('albacete', 'ourense')",2020,44.2718004,185.834,230.1058004
Albacete,Palencia,01_34_R1,505.57,5.9845,0.0,rapida_demo,DATOS SINTÉTICOS DE DEMOSTRACIÓN,DEMO: generado localmente,2026-10-08,"('albacete', 'palencia')",2020,28.514148,119.69,148.204148
Albacete,Pontevedra,01_35_R1,859.78,10.1773,0.0,rapida_demo,DATOS SINTÉTICOS DE DEMOSTRACIÓN,DEMO: generado localmente,2026-10-08,"('albacete', 'pontevedra')",2020,48.491592,203.54600000000002,252.03759200000002
Albacete,Salamanca,01_36_R1,489.221,5.791,0.0,rapida_demo,DATOS SINTÉTICOS DE DEMOSTRACIÓN,DEMO: generado localmente,2026-10-08,"('albacete', 'salamanca')",2020,27.592064399999998,115.82000000000001,143.41206440000002
Albacete,Segovia,01_37_R1,363.544,4.3033,0.0,rapida_demo,DATOS SINTÉTICOS DE DEMOSTRACIÓN,DEMO: generado localmente,2026-10-08,"('albacete', 'segovia')",2020,20.5038816,86.066,106.5698816
Albacete,Sevilla,01_38_R1,504.248,5.9688,0.0,rapida_demo,DATOS SINTÉTICOS DE DEMOSTRACIÓN,DEMO: generado localmente,2026-10-08,"('albacete', 'sevilla')",2020,28.4395872,119.376,147.8155872
Albacete,Soria,01_39_R1,389.936,4.6157,0.0,rapida_demo,DATOS SINTÉTICOS DE DEMOSTRACIÓN,DEMO: generado localmente,2026-10-08,"('albacete', 'soria')",2020,21.992390399999998,92.31400000000001,114.3063904
Albacete,Tarragona,01_40_R1,443.108,5.2451,0.0,rapida_demo,DATOS SINTÉTICOS DE DEMOSTRACIÓN,DEMO: generado localmente,2026-10-08,"('albacete', 'tarragona')",2020,24.9912912,104.902,129.8932912
Albacete,Teruel,01_41_R1,203.646,2.4106,0.0,rapida_demo,DATOS SINTÉTICOS DE DEMOSTRACIÓN,DEMO: generado localmente,2026-10-08,"('albacete', 'teruel')",2020,11.485634399999999,48.212,59.6976344
Albacete,Toledo,01_42_R1,261.83,3.0993,0.0,rapida_demo,DATOS SINTÉTICOS DE DEMOSTRACIÓN,DEMO: generado localmente,2026-10-08,"('albacete', 'toledo')",2020,14.767211999999999,61.986,76.75321199999999
Albacete,Valencia,01_43_R1,172.237,2.0388,0.0,rapida_demo,DATOS SINTÉTICOS DE DEMOSTRACIÓN,DEMO: generado localmente,2026-10-08,"('albacete', 'valencia')",2020,9.7141668,40.776,50.490166800000004
Albacete,Valladolid,01_44_R1,478.488,5.6639,0.0,rapida_demo,DATOS SINTÉTICOS DE DEMOSTRACIÓN,DEMO: generado localmente,2026-10-08,"('albacete', 'valladolid')",2020,26.9867232,113.27799999999999,140.2647232
Albacete,Zamora,01_45_R1,540.182,6.3942,0.0,rapida_demo,DATOS SINTÉTICOS DE DEMOSTRACIÓN,DEMO: generado localmente,2026-10-08,"('albacete', 'zamora')",2020,30.4662648,127.88399999999999,158.3502648
Albacete,Zaragoza,01_46_R1,383.985,4.5453,0.0,rapida_demo,DATOS SINTÉTICOS DE DEMOSTRACIÓN,DEMO: generado localmente,2026-10-08,"('albacete', 'zaragoza')",2020,21.656754,90.906,112.56275400000001
Alacant/Alicante,Almería,02_03_R1,302.682,3.5829,0.0,rapida_demo,DATOS SINTÉTICOS DE DEMOSTRACIÓN,DEMO: generado localmente,2026-10-08,"('alacant/alicante', 'almería')",2020,17.0712648,71.658,88.72926480000001
Alacant/Alicante,Oviedo,02_04_R1,896.16,10.608,0.0,rapida_demo,DATOS SINTÉTICOS DE DEMOSTRACIÓN,DEMO: generado localmente,2026-10-08,"('alacant/alicante', 'oviedo')",2020,50.543423999999995,212.16000000000003,262.70342400000004
Alacant/Alicante,Ávila,02_05_R1,554.811,6.5674,0.0,rapida_demo,DATOS SINTÉTICOS DE DEMOSTRACIÓN,DEMO: generado localmente,2026-10-08,"('alacant/alicante', 'ávila')",2020,31.291340400000003,131.348,162.6393404
Alacant/Alicante,Badajoz,02_06_R1,708.424,8.3857,0.0,rapida_demo,DATOS SINTÉTICOS DE DEMOSTRACIÓN,DEMO: generado localmente,2026-10-08,"('alacant/alicante', 'badajoz')",2020,39.9551136,167.714,207.6691136
Alacant/Alicante,Barcelona,02_07_R1,508.513,6.0193,0.0,rapida_demo,DATOS SINTÉTICOS DE DEMOSTRACIÓN,DEMO: generado localmente,2026-10-08,"('alacant/alicante', 'barcelona')",2020,28.680133199999997,120.38600000000001,149.0661332
Alacant/Alicante,Bilbao,02_08_R1,730.288,8.6445,0.0,rapida_demo,DATOS SINTÉTICOS DE DEMOSTRACIÓN,DEMO: generado localmente,2026-10-08,"('alacant/alicante', 'bilbao')",2020,41.1882432,172.89000000000001,214.07824320000003
Alacant/Alicante,Burgos,02_09_R1,651.643,7.7136,0.0,rapida_demo,DATOS SINTÉTICOS DE DEMOSTRACIÓN,DEMO: generado localmente,2026-10-08,"('alacant/alicante', 'burgos')",2020,36.7526652,154.272,191.0246652
Alacant/Alicante,Cáceres,02_10_R1,656.001,7.7652,0.0,rapida_demo,DATOS SINTÉTICOS DE DEMOSTRACIÓN,DEMO: generado localmente,2026-10-08,"('alacant/alicante', 'cáceres')",2020,36.998456399999995,155.304,192.30245639999998
Alacant/Alicante,Cádiz,02_11_R1,689.089,8.1568,0.0,rapida_demo,DATOS SINTÉTICOS DE DEMOSTRACIÓN,DEMO: generado localmente,2026-10-08,"('alacant/alicante', 'cádiz')",2020,38.864619600000005,163.13600000000002,202.00061960000002
Alacant/Alicante,Santander,02_12_R1,792.372,9.3794,0.0,rapida_demo,DATOS SINTÉTICOS DE DEMOSTRACIÓN,DEMO: generado localmente,2026-10-08,"('alacant/alicante', 'santander')",2020,44.689780799999994,187.58800000000002,232.27778080000002
Alacant/Alicante,Castelló de la Plana/Castellón de la Plana,02_13_R1,233.006,2.7581,0.0,rapida_demo,DATOS SINTÉTICOS DE DEMOSTRACIÓN,DEMO: generado localmente,2026-10-08,"('alacant/alicante', 'castelló de la plana/castellón de la plana')",2020,13.1415384,55.162000000000006,68.30353840000001
Alacant/Alicante,Ciudad Real,02_14_R1,384.499,4.5514,0.0,rapida_demo,DATOS SINTÉTICOS DE DEMOSTRACIÓN,DEMO: generado localmente,2026-10-08,"('alacant/alicante', 'ciudad real')",2020,21.685743600000002,91.028,112.71374360000002
Alacant/Alicante,Córdoba,02_15_R1,473.96,5.6103,0.0,rapida_demo,DATOS SINTÉTICOS DE DEMOSTRACIÓN,DEMO: generado localmente,2026-10-08,"('alacant/alicante', 'córdoba')",2020,26.731344,112.20599999999999,138.937344
Alacant/Alicante,A Coruña,02_16_R1,1085.53,12.8496,0.0,rapida_demo,DATOS SINTÉTICOS DE DEMOSTRACIÓN,DEMO: generado localmente,2026-10-08,"('a coruña', 'alacant/alicante')",2020,61.223892,256.992,318.215892
Alacant/Alicante,Cuenca,02_17_R1,299.181,3.5414,0.0,rapida_demo,DATOS SINTÉTICOS DE DEMOSTRACIÓN,DEMO: generado localmente,2026-10-08,"('alacant/alicante', 'cuenca')",2020,16.873808399999998,70.828,87.7018084
Alacant/Alicante,Donostia/San Sebastián,02_18_R1,709.489,8.3983,0.0,rapida_demo,DATOS SINTÉTICOS DE DEMOSTRACIÓN,DEMO: generado localmente,2026-10-08,"('alacant/alicante', 'donostia/san sebastián')",2020,40.0151796,167.966,207.98117960000002
Alacant/Alicante,Girona,02_19_R1,615.498,7.2857,0.0,rapida_demo,DATOS SINTÉTICOS DE DEMOSTRACIÓN,DEMO: generado localmente,2026-10-08,"('alacant/alicante', 'girona')",2020,34.7140872,145.714,180.4280872
Alacant/Alicante,Granada,02_20_R1,379.225,4.4889,0.0,rapida_demo,DATOS SINTÉTICOS DE DEMOSTRACIÓN,DEMO: generado localmente,2026-10-08,"('alacant/alicante', 'granada')",2020,21.38829,89.778,111.16629
Alacant/Alicante,Guadalajara,02_21_R1,429.113,5.0795,0.0,rapida_demo,DATOS SINTÉTICOS DE DEMOSTRACIÓN,DEMO: generado localmente,2026-10-08,"('alacant/alicante', 'guadalajara')",2020,24.2019732,101.59,125.7919732
Alacant/Alicante,Huelva,02_22_R1,726.144,8.5955,0.0,rapida_demo,DATOS SINTÉTICOS DE DEMOSTRACIÓN,DEMO: generado localmente,2026-10-08,"('alacant/alicante', 'huelva')",2020,40.9545216,171.91,212.8645216
Alacant/Alicante,Huesca,02_23_R1,527.581,6.245,0.0,rapida_demo,DATOS SINTÉTICOS DE DEMOSTRACIÓN,DEMO: generado localmente,2026-10-08,"('alacant/alicante', 'huesca')",2020,29.7555684,124.9,154.6555684
Alacant/Alicante,Jaén,02_24_R1,371.075,4.3925,0.0,rapida_demo,DATOS SINTÉTICOS DE DEMOSTRACIÓN,DEMO: generado localmente,2026-10-08,"('alacant/alicante', 'jaén')",2020,20.92863,87.85,108.77862999999999
Alacant/Alicante,Logroño,02_25_R1,609.069,7.2096,0.0,rapida_demo,DATOS SINTÉTICOS DE DEMOSTRACIÓN,DEMO: generado localmente,2026-10-08,"('alacant/alicante', 'logroño')",2020,34.351491599999996,144.192,178.5434916
Alacant/Alicante,León,02_26_R1,799.259,9.4609,0.0,rapida_demo,DATOS SINTÉTICOS DE DEMOSTRACIÓN,DEMO: generado localmente,2026-10-08,"('alacant/alicante', 'león')",2020,45.0782076,189.21800000000002,234.2962076
Alacant/Alicante,Lleida,02_27_R1,469.488,5.5574,0.0,rapida_demo,DATOS SINTÉTICOS DE DEMOSTRACIÓN,DEMO: generado localmente,2026-10-08,"('alacant/alicante', 'lleida')",2020,26.4791232,111.14800000000001,137.6271232
Alacant/Alicante,Lugo,02_28_R1,987.506,11.6892,0.0,rapida_demo,DATOS SINTÉTICOS DE DEMOSTRACIÓN,DEMO: generado localmente,2026-10-08,"('alacant/alicante', 'lugo')",2020,55.6953384,233.784,289.47933839999996
Alacant/Alicante,Madrid,02_29_R1,449.444,5.3201,0.0,rapida_demo,DATOS SINTÉTICOS DE DEMOSTRACIÓN,DEMO: generado localmente,2026-10-08,"('alacant/alicante', 'madrid')",2020,25.3486416,106.402,131.7506416
Alacant/Alicante,Málaga,02_30_R1,488.816,5.7862,0.0,rapida_demo,DATOS SINTÉTICOS DE DEMOSTRACIÓN,DEMO: generado localmente,2026-10-08,"('alacant/alicante', 'málaga')",2020,27.569222399999997,115.724,143.2932224
Alacant/Alicante,Murcia,02_31_R1,86.933,1.029,0.0,rapida_demo,DATOS SINTÉTICOS DE DEMOSTRACIÓN,DEMO: generado localmente,2026-10-08,"('alacant/alicante', 'murcia')",2020,4.9030212,20.58,25.4830212
Alacant/Alicante,Pamplona/Iruña,02_32_R1,633.741,7.5017,0.0,rapida_demo,DATOS SINTÉTICOS DE DEMOSTRACIÓN,DEMO: generado localmente,2026-10-08,"('alacant/alicante', 'pamplona/iruña')",2020,35.7429924,150.034,185.77699239999998
Alacant/Alicante,Ourense,02_33_R1,958.212,11.3425,0.0,rapida_demo,DATOS SINTÉTICOS DE DEMOSTRACIÓN,DEMO: generado localmente,2026-10-08,"('alacant/alicante', 'ourense')",2020,54.0431568,226.85,280.8931568
Alacant/Alicante,Palencia,02_34_R1,666.708,7.8919,0.0,rapida_demo,DATOS SINTÉTICOS DE DEMOSTRACIÓN,DEMO: generado localmente,2026-10-08,"('alacant/alicante', 'palencia')",2020,37.602331199999995,157.838,195.4403312
Alacant/Alicante,Pontevedra,02_35_R1,1033.633,12.2352,0.0,rapida_demo,DATOS SINTÉTICOS DE DEMOSTRACIÓN,DEMO: generado localmente,2026-10-08,"('alacant/alicante', 'pontevedra')",2020,58.2969012,244.704,303.0009012
Alacant/Alicante,Salamanca,02_36_R1,663.265,7.8511,0.0,rapida_demo,DATOS SINTÉTICOS DE DEMOSTRACIÓN,DEMO: generado localmente,2026-10-08,"('alacant/alicante', 'salamanca')",2020,37.408145999999995,157.022,194.43014599999998
Alacant/Alicante,Segovia,02_37_R1,531.998,6.2973,0.0,rapida_demo,DATOS SINTÉTICOS DE DEMOSTRACIÓN,DEMO: generado localmente,2026-10-08,"('alacant/alicante', 'segovia')",2020,30.004687200000003,125.946,155.9506872
Alacant/Alicante,Sevilla,02_38_R1,619.273,7.3304,0.0,rapida_demo,DATOS SINTÉTICOS DE DEMOSTRACIÓN,DEMO: generado localmente,2026-10-08,"('alacant/alicante', 'sevilla')",2020,34.9269972,146.608,181.53499720000002
Alacant/Alicante,Soria,02_39_R1,519.729,6.1521,0.0,rapida_demo,DATOS SINTÉTICOS DE DEMOSTRACIÓN,DEMO: generado localmente,2026-10-08,"('alacant/alicante', 'soria')",2020,29.3127156,123.042,152.3547156
Alacant/Alicante,Tarragona,02_40_R1,427.62,5.0618,0.0,rapida_demo,DATOS SINTÉTICOS DE DEMOSTRACIÓN,DEMO: generado localmente,2026-10-08,"('alacant/alicante', 'tarragona')",2020,24.117767999999998,101.23599999999999,125.35376799999999
Alacant/Alicante,Teruel,02_41_R1,285.791,3.3829,0.0,rapida_demo,DATOS SINTÉTICOS DE DEMOSTRACIÓN,DEMO: generado localmente,2026-10-08,"('alacant/alicante', 'teruel')",2020,16.1186124,67.658,83.7766124
Alacant/Alicante,Toledo,02_42_R1,436.118,5.1624,0.0,rapida_demo,DATOS SINTÉTICOS DE DEMOSTRACIÓN,DEMO: generado localmente,2026-10-08,"('alacant/alicante', 'toledo')",2020,24.5970552,103.24799999999999,127.84505519999999
Alacant/Alicante,Valencia,02_43_R1,156.715,1.8551,0.0,rapida_demo,DATOS SINTÉTICOS DE DEMOSTRACIÓN,DEMO: generado localmente,2026-10-08,"('alacant/alicante', 'valencia')",2020,8.838726,37.102,45.940726
Alacant/Alicante,Valladolid,02_44_R1,644.682,7.6312,0.0,rapida_demo,DATOS SINTÉTICOS DE DEMOSTRACIÓN,DEMO: generado localmente,2026-10-08,"('alacant/alicante', 'valladolid')",2020,36.3600648,152.624,188.9840648
Alacant/Alicante,Zamora,02_45_R1,712.348,8.4322,0.0,rapida_demo,DATOS SINTÉTICOS DE DEMOSTRACIÓN,DEMO: generado localmente,2026-10-08,"('alacant/alicante', 'zamora')",2020,40.1764272,168.644,208.8204272
Alacant/Alicante,Zaragoza,02_46_R1,462.12,5.4702,0.0,rapida_demo,DATOS SINTÉTICOS DE DEMOSTRACIÓN,DEMO: generado localmente,2026-10-08,"('alacant/alicante', 'zaragoza')",2020,26.063568,109.404,135.467568
Almería,Oviedo,03_04_R1,974.59,11.5363,0.0,rapida_demo,DATOS SINTÉTICOS DE DEMOSTRACIÓN,DEMO: generado localmente,2026-10-08,"('almería', 'oviedo')",2020,54.966876,230.726,285.692876
Almería,Ávila,03_05_R1,583.028,6.9014,0.0,rapida_demo,DATOS SINTÉTICOS DE DEMOSTRACIÓN,DEMO: generado localmente,2026-10-08,"('almería', 'ávila')",2020,32.8827792,138.028,170.91077919999998
Almería,Badajoz,03_06_R1,569.441,6.7405,0.0,rapida_demo,DATOS SINTÉTICOS DE DEMOSTRACIÓN,DEMO: generado localmente,2026-10-08,"('almería', 'badajoz')",2020,32.1164724,134.81,166.9264724
Almería,Barcelona,03_07_R1,805.67,9.5368,0.0,rapida_demo,DATOS SINTÉTICOS DE DEMOSTRACIÓN,DEMO: generado localmente,2026-10-08,"('almería', 'barcelona')",2020,45.439788,190.736,236.17578799999998
Almería,Bilbao,03_08_R1,894.222,10.585,0.0,rapida_demo,DATOS SINTÉTICOS DE DEMOSTRACIÓN,DEMO: generado localmente,2026-10-08,"('almería', 'bilbao')",2020,50.434120799999995,211.70000000000002,262.1341208
Almería,Burgos,03_09_R1,775.855,9.1839,0.0,rapida_demo,DATOS SINTÉTICOS DE DEMOSTRACIÓN,DEMO: generado localmente,2026-10-08,"('almería', 'burgos')",2020,43.758222,183.678,227.436222
Almería,Cáceres,03_10_R1,562.166,6.6544,0.0,rapida_demo,DATOS SINTÉTICOS DE DEMOSTRACIÓN,DEMO: generado localmente,2026-10-08,"('almería', 'cáceres')",2020,31.706162400000004,133.088,164.7941624
Almería,Cádiz,03_11_R1,428.529,5.0726,0.0,rapida_demo,DATOS SINTÉTICOS DE DEMOSTRACIÓN,DEMO: generado localmente,2026-10-08,"('almería', 'cádiz')",2020,24.1690356,101.45200000000001,125.62103560000001
Almería,Santander,03_12_R1,931.391,11.025,0.0,rapida_demo,DATOS SINTÉTICOS DE DEMOSTRACIÓN,DEMO: generado localmente,2026-10-08,"('almería', 'santander')",2020,52.530452399999994,220.5,273.0304524
Almería,Castelló de la Plana/Castellón de la Plana,03_13_R1,511.052,6.0494,0.0,rapida_demo,DATOS SINTÉTICOS DE DEMOSTRACIÓN,DEMO: generado localmente,2026-10-08,"('almería', 'castelló de la plana/castellón de la plana')",2020,28.8233328,120.988,149.8113328
Almería,Ciudad Real,03_14_R1,338.412,4.0058,0.0,rapida_demo,DATOS SINTÉTICOS DE DEMOSTRACIÓN,DEMO: generado localmente,2026-10-08,"('almería', 'ciudad real')",2020,19.086436799999998,80.116,99.2024368
Almería,Córdoba,03_15_R1,293.489,3.4741,0.0,rapida_demo,DATOS SINTÉTICOS DE DEMOSTRACIÓN,DEMO: generado localmente,2026-10-08,"('almería', 'córdoba')",2020,16.552779599999997,69.482,86.0347796
Almería,A Coruña,03_16_R1,1104.457,13.0736,0.0,rapida_demo,DATOS SINTÉTICOS DE DEMOSTRACIÓN,DEMO: generado localmente,2026-10-08,"('a coruña', 'almería')",2020,62.29137480000001,261.47200000000004,323.76337480000007
Almería,Cuenca,03_17_R1,451.521,5.3447,0.0,rapida_demo,DATOS SINTÉTICOS DE DEMOSTRACIÓN,DEMO: generado localmente,2026-10-08,"('almería', 'cuenca')",2020,25.4657844,106.89399999999999,132.3597844
Almería,Donostia/San Sebastián,03_18_R1,902.327,10.681,0.0,rapida_demo,DATOS SINTÉTICOS DE DEMOSTRACIÓN,DEMO: generado localmente,2026-10-08,"('almería', 'donostia/san sebastián')",2020,50.8912428,213.61999999999998,264.5112428
Almería,Girona,03_19_R1,912.83,10.8053,0.0,rapida_demo,DATOS SINTÉTICOS DE DEMOSTRACIÓN,DEMO: generado localmente,2026-10-08,"('almería', 'girona')",2020,51.483612,216.10600000000002,267.58961200000005
Almería,Granada,03_20_R1,133.853,1.5844,0.0,rapida_demo,DATOS SINTÉTICOS DE DEMOSTRACIÓN,DEMO: generado localmente,2026-10-08,"('almería', 'granada')",2020,7.549309200000001,31.688000000000002,39.237309200000006
Almería,Guadalajara,03_21_R1,532.696,6.3056,0.0,rapida_demo,DATOS SINTÉTICOS DE DEMOSTRACIÓN,DEMO: generado localmente,2026-10-08,"('almería', 'guadalajara')",2020,30.0440544,126.112,156.1560544
Almería,Huelva,03_22_R1,500.507,5.9246,0.0,rapida_demo,DATOS SINTÉTICOS DE DEMOSTRACIÓN,DEMO: generado localmente,2026-10-08,"('almería', 'huelva')",2020,28.2285948,118.49199999999999,146.7205948
Almería,Huesca,03_23_R1,769.05,9.1033,0.0,rapida_demo,DATOS SINTÉTICOS DE DEMOSTRACIÓN,DEMO: generado localmente,2026-10-08,"('almería', 'huesca')",2020,43.37441999999999,182.06600000000003,225.44042000000002
Almería,Jaén,03_24_R1,194.709,2.3048,0.0,rapida_demo,DATOS SINTÉTICOS DE DEMOSTRACIÓN,DEMO: generado localmente,2026-10-08,"('almería', 'jaén')",2020,10.9815876,46.096000000000004,57.0775876
Almería,Logroño,03_25_R1,782.011,9.2568,0.0,rapida_demo,DATOS SINTÉTICOS DE DEMOSTRACIÓN,DEMO: generado localmente,2026-10-08,"('almería', 'logroño')",2020,44.1054204,185.136,229.24142039999998
Almería,León,03_26_R1,866.272,10.2542,0.0,rapida_demo,DATOS SINTÉTICOS DE DEMOSTRACIÓN,DEMO: generado localmente,2026-10-08,"('almería', 'león')",2020,48.8577408,205.084,253.9417408
Almería,Lleida,03_27_R1,742.44,8.7884,0.0,rapida_demo,DATOS SINTÉTICOS DE DEMOSTRACIÓN,DEMO: generado localmente,2026-10-08,"('almería', 'lleida')",2020,41.873616000000005,175.76799999999997,217.64161599999997
Almería,Lugo,03_28_R1,1014.203,12.0052,0.0,rapida_demo,DATOS SINTÉTICOS DE DEMOSTRACIÓN,DEMO: generado localmente,2026-10-08,"('almería', 'lugo')",2020,57.2010492,240.104,297.3050492
Almería,Madrid,03_29_R1,514.886,6.0948,0.0,rapida_demo,DATOS SINTÉTICOS DE DEMOSTRACIÓN,DEMO: generado localmente,2026-10-08,"('almería', 'madrid')",2020,29.0395704,121.896,150.9355704
Almería,Málaga,03_30_R1,217.42,2.5736,0.0,rapida_demo,DATOS SINTÉTICOS DE DEMOSTRACIÓN,DEMO: generado localmente,2026-10-08,"('almería', 'málaga')",2020,12.262488,51.471999999999994,63.73448799999999
Almería,Murcia,03_31_R1,216.922,2.5677,0.0,rapida_demo,DATOS SINTÉTICOS DE DEMOSTRACIÓN,DEMO: generado localmente,2026-10-08,"('almería', 'murcia')",2020,12.2344008,51.354,63.5884008
Almería,Pamplona/Iruña,03_32_R1,835.588,9.891,0.0,rapida_demo,DATOS SINTÉTICOS DE DEMOSTRACIÓN,DEMO: generado localmente,2026-10-08,"('almería', 'pamplona/iruña')",2020,47.1271632,197.82,244.94716319999998
Almería,Ourense,03_33_R1,957.418,11.3331,0.0,rapida_demo,DATOS SINTÉTICOS DE DEMOSTRACIÓN,DEMO: generado localmente,2026-10-08,"('almería', 'ourense')",2020,53.9983752,226.662,280.6603752
Almería,Palencia,03_34_R1,752.091,8.9026,0.0,rapida_demo,DATOS SINTÉTICOS DE DEMOSTRACIÓN,DEMO: generado localmente,2026-10-08,"('almería', 'palencia')",2020,42.4179324,178.052,220.4699324
Almería,Pontevedra,03_35_R1,1019.972,12.0735,0.0,rapida_demo,DATOS SINTÉTICOS DE DEMOSTRACIÓN,DEMO: generado localmente,2026-10-08,"('almería', 'pontevedra')",2020,57.5264208,241.46999999999997,298.99642079999995
Almería,Salamanca,03_36_R1,669.427,7.9241,0.0,rapida_demo,DATOS SINTÉTICOS DE DEMOSTRACIÓN,DEMO: generado localmente,2026-10-08,"('almería', 'salamanca')",2020,37.7556828,158.482,196.23768280000002
Almería,Segovia,03_37_R1,598.737,7.0873,0.0,rapida_demo,DATOS SINTÉTICOS DE DEMOSTRACIÓN,DEMO: generado localmente,2026-10-08,"('almería', 'segovia')",2020,33.768766799999995,141.746,175.51476680000002
Almería,Sevilla,03_38_R1,398.244,4.7141,0.0,rapida_demo,DATOS SINTÉTICOS DE DEMOSTRACIÓN,DEMO: generado localmente,2026-10-08,"('almería', 'sevilla')",2020,22.4609616,94.28200000000001,116.74296160000002
Almería,Soria,03_39_R1,684.255,8.0996,0.0,rapida_demo,DATOS SINTÉTICOS DE DEMOSTRACIÓN,DEMO: generado localmente,2026-10-08,"('almería', 'soria')",2020,38.591982,161.99200000000002,200.58398200000002
Almería,Tarragona,03_40_R1,717.59,8.4942,0.0,rapida_demo,DATOS SINTÉTICOS DE DEMOSTRACIÓN,DEMO: generado localmente,2026-10-08,"('almería', 'tarragona')",2020,40.472076,169.884,210.35607599999997
Almería,Teruel,03_41_R1,508.845,6.0233,0.0,rapida_demo,DATOS SINTÉTICOS DE DEMOSTRACIÓN,DEMO: generado localmente,2026-10-08,"('almería', 'teruel')",2020,28.698858,120.466,149.16485799999998
Almería,Toledo,03_42_R1,452.311,5.3541,0.0,rapida_demo,DATOS SINTÉTICOS DE DEMOSTRACIÓN,DEMO: generado localmente,2026-10-08,"('almería', 'toledo')",2020,25.510340399999997,107.082,132.59234039999998
Almería,Valencia,03_43_R1,431.015,5.102,0.0,rapida_demo,DATOS SINTÉTICOS DE DEMOSTRACIÓN,DEMO: generado localmente,2026-10-08,"('almería', 'valencia')",2020,24.309245999999998,102.04,126.34924600000001
Almería,Valladolid,03_44_R1,711.72,8.4247,0.0,rapida_demo,DATOS SINTÉTICOS DE DEMOSTRACIÓN,DEMO: generado localmente,2026-10-08,"('almería', 'valladolid')",2020,40.141008,168.494,208.635008
Almería,Zamora,03_45_R1,738.146,8.7375,0.0,rapida_demo,DATOS SINTÉTICOS DE DEMOSTRACIÓN,DEMO: generado localmente,2026-10-08,"('almería', 'zamora')",2020,41.631434399999996,174.75,216.3814344
Almería,Zaragoza,03_46_R1,690.91,8.1784,0.0,rapida_demo,DATOS SINTÉTICOS DE DEMOSTRACIÓN,DEMO: generado localmente,2026-10-08,"('almería', 'zaragoza')",2020,38.967324,163.56799999999998,202.53532399999997
Oviedo,Ávila,04_05_R1,393.94,4.6631,0.0,rapida_demo,DATOS SINTÉTICOS DE DEMOSTRACIÓN,DEMO: generado localmente,2026-10-08,"('oviedo', 'ávila')",2020,22.218215999999998,93.262,115.480216
Oviedo,Badajoz,04_06_R1,633.939,7.504,0.0,rapida_demo,DATOS SINTÉTICOS DE DEMOSTRACIÓN,DEMO: generado localmente,2026-10-08,"('badajoz', 'oviedo')",2020,35.754159599999994,150.07999999999998,185.83415959999996
Oviedo,Barcelona,04_07_R1,868.017,10.2748,0.0,rapida_demo,DATOS SINTÉTICOS DE DEMOSTRACIÓN,DEMO: generado localmente,2026-10-08,"('barcelona', 'oviedo')",2020,48.956158800000004,205.496,254.4521588
Oviedo,Bilbao,04_08_R1,295.721,3.5005,0.0,rapida_demo,DATOS SINTÉTICOS DE DEMOSTRACIÓN,DEMO: generado localmente,2026-10-08,"('bilbao', 'oviedo')",2020,16.6786644,70.01,86.68866440000001
Oviedo,Burgos,04_09_R1,260.293,3.0811,0.0,rapida_demo,DATOS SINTÉTICOS DE DEMOSTRACIÓN,DEMO: generado localmente,2026-10-08,"('burgos', 'oviedo')",2020,14.6805252,61.622,76.3025252
Oviedo,Cáceres,04_10_R1,542.915,6.4266,0.0,rapida_demo,DATOS SINTÉTICOS DE DEMOSTRACIÓN,DEMO: generado localmente,2026-10-08,"('cáceres', 'oviedo')",2020,30.620405999999996,128.53199999999998,159.15240599999998
Oviedo,Cádiz,04_11_R1,950.652,11.253,0.0,rapida_demo,DATOS SINTÉTICOS DE DEMOSTRACIÓN,DEMO: generado localmente,2026-10-08,"('cádiz', 'oviedo')",2020,53.6167728,225.06,278.6767728
Oviedo,Santander,04_12_R1,205.92,2.4375,0.0,rapida_demo,DATOS SINTÉTICOS DE DEMOSTRACIÓN,DEMO: generado localmente,2026-10-08,"('oviedo', 'santander')",2020,11.613888,48.75,60.363888
Oviedo,Castelló de la Plana/Castellón de la Plana,04_13_R1,763.508,9.0377,0.0,rapida_demo,DATOS SINTÉTICOS DE DEMOSTRACIÓN,DEMO: generado localmente,2026-10-08,"('castelló de la plana/castellón de la plana', 'oviedo')",2020,43.0618512,180.754,223.8158512
Oviedo,Ciudad Real,04_14_R1,640.321,7.5796,0.0,rapida_demo,DATOS SINTÉTICOS DE DEMOSTRACIÓN,DEMO: generado localmente,2026-10-08,"('ciudad real', 'oviedo')",2020,36.1141044,151.592,187.70610440000002
Oviedo,Córdoba,04_15_R1,769.316,9.1065,0.0,rapida_demo,DATOS SINTÉTICOS DE DEMOSTRACIÓN,DEMO: generado localmente,2026-10-08,"('córdoba', 'oviedo')",2020,43.3894224,182.13,225.5194224
Oviedo,A Coruña,04_16_R1,257.782,3.0514,0.0,rapida_demo,DATOS SINTÉTICOS DE DEMOSTRACIÓN,DEMO: generado localmente,2026-10-08,"('a coruña', 'oviedo')",2020,14.5389048,61.028000000000006,75.5669048
Oviedo,Cuenca,04_17_R1,597.105,7.068,0.0,rapida_demo,DATOS SINTÉTICOS DE DEMOSTRACIÓN,DEMO: generado localmente,2026-10-08,"('cuenca', 'oviedo')",2020,33.676722,141.35999999999999,175.036722
Oviedo,Donostia/San Sebastián,04_18_R1,390.09,4.6175,0.0,rapida_demo,DATOS SINTÉTICOS DE DEMOSTRACIÓN,DEMO: generado localmente,2026-10-08,"('donostia/san sebastián', 'oviedo')",2020,22.001075999999998,92.35,114.35107599999999
Oviedo,Girona,04_19_R1,905.966,10.724,0.0,rapida_demo,DATOS SINTÉTICOS DE DEMOSTRACIÓN,DEMO: generado localmente,2026-10-08,"('girona', 'oviedo')",2020,51.0964824,214.48000000000002,265.57648240000003
Oviedo,Granada,04_20_R1,892.131,10.5603,0.0,rapida_demo,DATOS SINTÉTICOS DE DEMOSTRACIÓN,DEMO: generado localmente,2026-10-08,"('granada', 'oviedo')",2020,50.316188399999994,211.206,261.5221884
Oviedo,Guadalajara,04_21_R1,469.129,5.5531,0.0,rapida_demo,DATOS SINTÉTICOS DE DEMOSTRACIÓN,DEMO: generado localmente,2026-10-08,"('guadalajara', 'oviedo')",2020,26.4588756,111.062,137.5208756
Oviedo,Huelva,04_22_R1,856.436,10.1377,0.0,rapida_demo,DATOS SINTÉTICOS DE DEMOSTRACIÓN,DEMO: generado localmente,2026-10-08,"('huelva', 'oviedo')",2020,48.3029904,202.75400000000002,251.05699040000002
Oviedo,Huesca,04_23_R1,579.991,6.8654,0.0,rapida_demo,DATOS SINTÉTICOS DE DEMOSTRACIÓN,DEMO: generado localmente,2026-10-08,"('huesca', 'oviedo')",2020,32.7114924,137.308,170.0194924
Oviedo,Jaén,04_24_R1,807.392,9.5572,0.0,rapida_demo,DATOS SINTÉTICOS DE DEMOSTRACIÓN,DEMO: generado localmente,2026-10-08,"('jaén', 'oviedo')",2020,45.5369088,191.144,236.6809088
Oviedo,Logroño,04_25_R1,368.245,4.359,0.0,rapida_demo,DATOS SINTÉTICOS DE DEMOSTRACIÓN,DEMO: generado localmente,2026-10-08,"('logroño', 'oviedo')",2020,20.769018,87.18,107.94901800000001
Oviedo,León,04_26_R1,109.544,1.2967,0.0,rapida_demo,DATOS SINTÉTICOS DE DEMOSTRACIÓN,DEMO: generado localmente,2026-10-08,"('león', 'oviedo')",2020,6.1782816,25.933999999999997,32.112281599999996
Oviedo,Lleida,04_27_R1,706.053,8.3576,0.0,rapida_demo,DATOS SINTÉTICOS DE DEMOSTRACIÓN,DEMO: generado localmente,2026-10-08,"('lleida', 'oviedo')",2020,39.8213892,167.152,206.97338919999999
Oviedo,Lugo,04_28_R1,180.114,2.132,0.0,rapida_demo,DATOS SINTÉTICOS DE DEMOSTRACIÓN,DEMO: generado localmente,2026-10-08,"('lugo', 'oviedo')",2020,10.1584296,42.64,52.7984296
Oviedo,Madrid,04_29_R1,465.542,5.5107,0.0,rapida_demo,DATOS SINTÉTICOS DE DEMOSTRACIÓN,DEMO: generado localmente,2026-10-08,"('madrid', 'oviedo')",2020,26.256568799999997,110.214,136.4705688
Oviedo,Málaga,04_30_R1,935.364,11.072,0.0,rapida_demo,DATOS SINTÉTICOS DE DEMOSTRACIÓN,DEMO: generado localmente,2026-10-08,"('málaga', 'oviedo')",2020,52.7545296,221.44,274.1945296
Oviedo,Murcia,04_31_R1,897.182,10.62,0.0,rapida_demo,DATOS SINTÉTICOS DE DEMOSTRACIÓN,DEMO: generado localmente,2026-10-08,"('murcia', 'oviedo')",2020,50.6010648,212.39999999999998,263.0010648
Oviedo,Pamplona/Iruña,04_32_R1,432.899,5.1243,0.0,rapida_demo,DATOS SINTÉTICOS DE DEMOSTRACIÓN,DEMO: generado localmente,2026-10-08,"('oviedo', 'pamplona/iruña')",2020,24.4155036,102.48599999999999,126.90150359999998
Oviedo,Ourense,04_33_R1,250.261,2.9624,0.0,rapida_demo,DATOS SINTÉTICOS DE DEMOSTRACIÓN,DEMO: generado localmente,2026-10-08,"('ourense', 'oviedo')",2020,14.1147204,59.248000000000005,73.3627204
Oviedo,Palencia,04_34_R1,230.519,2.7287,0.0,rapida_demo,DATOS SINTÉTICOS DE DEMOSTRACIÓN,DEMO: generado localmente,2026-10-08,"('oviedo', 'palencia')",2020,13.0012716,54.574,67.5752716
Oviedo,Pontevedra,04_35_R1,313.145,3.7067,0.0,rapida_demo,DATOS SINTÉTICOS DE DEMOSTRACIÓN,DEMO: generado localmente,2026-10-08,"('oviedo', 'pontevedra')",2020,17.661378,74.134,91.795378
Oviedo,Salamanca,04_36_R1,333.413,3.9467,0.0,rapida_demo,DATOS SINTÉTICOS DE DEMOSTRACIÓN,DEMO: generado localmente,2026-10-08,"('oviedo', 'salamanca')",2020,18.8044932,78.934,97.7384932
Oviedo,Segovia,04_37_R1,378.961,4.4858,0.0,rapida_demo,DATOS SINTÉTICOS DE DEMOSTRACIÓN,DEMO: generado localmente,2026-10-08,"('oviedo', 'segovia')",2020,21.3734004,89.71600000000001,111.08940040000002
Oviedo,Sevilla,04_38_R1,830.205,9.8272,0.0,rapida_demo,DATOS SINTÉTICOS DE DEMOSTRACIÓN,DEMO: generado localmente,2026-10-08,"('oviedo', 'sevilla')",2020,46.823562,196.54399999999998,243.367562
Oviedo,Soria,04_39_R1,411.138,4.8667,0.0,rapida_demo,DATOS SINTÉTICOS DE DEMOSTRACIÓN,DEMO: generado localmente,2026-10-08,"('oviedo', 'soria')",2020,23.188183199999997,97.334,120.5221832
Oviedo,Tarragona,04_40_R1,793.898,9.3975,0.0,rapida_demo,DATOS SINTÉTICOS DE DEMOSTRACIÓN,DEMO: generado localmente,2026-10-08,"('oviedo', 'tarragona')",2020,44.7758472,187.95000000000002,232.72584720000003
Oviedo,Teruel,04_41_R1,645.042,7.6354,0.0,rapida_demo,DATOS SINTÉTICOS DE DEMOSTRACIÓN,DEMO: generado localmente,2026-10-08,"('oviedo', 'teruel')",2020,36.3803688,152.708,189.0883688
Oviedo,Toledo,04_42_R1,522.414,6.1839,0.0,rapida_demo,DATOS SINTÉTICOS DE DEMOSTRACIÓN,DEMO: generado localmente,2026-10-08,"('oviedo', 'toledo')",2020,29.4641496,123.67800000000001,153.1421496
Oviedo,Valencia,04_43_R1,785.288,9.2956,0.0,rapida_demo,DATOS SINTÉTICOS DE DEMOSTRACIÓN,DEMO: generado localmente,2026-10-08,"('oviedo', 'valencia')",2020,44.2902432,185.912,230.2022432
Oviedo,Valladolid,04_44_R1,263.497,3.119,0.0,rapida_demo,DATOS SINTÉTICOS DE DEMOSTRACIÓN,DEMO: generado localmente,2026-10-08,"('oviedo', 'valladolid')",2020,14.861230800000001,62.38,77.24123080000001
Oviedo,Zamora,04_45_R1,258.252,3.057,0.0,rapida_demo,DATOS SINTÉTICOS DE DEMOSTRACIÓN,DEMO: generado localmente,2026-10-08,"('oviedo', 'zamora')",2020,14.5654128,61.14,75.7054128
Oviedo,Zaragoza,04_46_R1,561.268,6.6438,0.0,rapida_demo,DATOS SINTÉTICOS DE DEMOSTRACIÓN,DEMO: generado localmente,2026-10-08,"('oviedo', 'zaragoza')",2020,31.6555152,132.876,164.5315152
Ávila,Badajoz,05_06_R1,346.188,4.0979,0.0,rapida_demo,DATOS SINTÉTICOS DE DEMOSTRACIÓN,DEMO: generado localmente,2026-10-08,"('badajoz', 'ávila')",2020,19.5250032,81.958,101.4830032
Ávila,Barcelona,05_07_R1,728.05,8.618,0.0,rapida_demo,DATOS SINTÉTICOS DE DEMOSTRACIÓN,DEMO: generado localmente,2026-10-08,"('barcelona', 'ávila')",2020,41.06202,172.36,213.42202
Ávila,Bilbao,05_08_R1,406.251,4.8088,0.0,rapida_demo,DATOS SINTÉTICOS DE DEMOSTRACIÓN,DEMO: generado localmente,2026-10-08,"('bilbao', 'ávila')",2020,22.9125564,96.17599999999999,119.08855639999999
Ávila,Burgos,05_09_R1,256.048,3.0309,0.0,rapida_demo,DATOS SINTÉTICOS DE DEMOSTRACIÓN,DEMO: generado localmente,2026-10-08,"('burgos', 'ávila')",2020,14.4411072,60.617999999999995,75.0591072
Ávila,Cáceres,05_10_R1,242.126,2.8661,0.0,rapida_demo,DATOS SINTÉTICOS DE DEMOSTRACIÓN,DEMO: generado localmente,2026-10-08,"('cáceres', 'ávila')",2020,13.6559064,57.321999999999996,70.9779064
Ávila,Cádiz,05_11_R1,599.157,7.0923,0.0,rapida_demo,DATOS SINTÉTICOS DE DEMOSTRACIÓN,DEMO: generado localmente,2026-10-08,"('cádiz', 'ávila')",2020,33.7924548,141.846,175.6384548
Ávila,Santander,05_12_R1,400.616,4.7421,0.0,rapida_demo,DATOS SINTÉTICOS DE DEMOSTRACIÓN,DEMO: generado localmente,2026-10-08,"('santander', 'ávila')",2020,22.594742399999998,94.842,117.4367424
Ávila,Castelló de la Plana/Castellón de la Plana,05_13_R1,502.721,5.9508,0.0,rapida_demo,DATOS SINTÉTICOS DE DEMOSTRACIÓN,DEMO: generado localmente,2026-10-08,"('castelló de la plana/castellón de la plana', 'ávila')",2020,28.3534644,119.016,147.3694644
Ávila,Ciudad Real,05_14_R1,246.548,2.9184,0.0,rapida_demo,DATOS SINTÉTICOS DE DEMOSTRACIÓN,DEMO: generado localmente,2026-10-08,"('ciudad real', 'ávila')",2020,13.9053072,58.368,72.2733072
Ávila,Córdoba,05_15_R1,385.323,4.5611,0.0,rapida_demo,DATOS SINTÉTICOS DE DEMOSTRACIÓN,DEMO: generado localmente,2026-10-08,"('córdoba', 'ávila')",2020,21.732217199999997,91.222,112.95421719999999
Ávila,A Coruña,05_16_R1,536.583,6.3516,0.0,rapida_demo,DATOS SINTÉTICOS DE DEMOSTRACIÓN,DEMO: generado localmente,2026-10-08,"('a coruña', 'ávila')",2020,30.263281199999998,127.03200000000001,157.2952812
Ávila,Cuenca,05_17_R1,283.797,3.3593,0.0,rapida_demo,DATOS SINTÉTICOS DE DEMOSTRACIÓN,DEMO: generado localmente,2026-10-08,"('cuenca', 'ávila')",2020,16.0061508,67.186,83.19215080000001
Ávila,Donostia/San Sebastián,05_18_R1,464.499,5.4983,0.0,rapida_demo,DATOS SINTÉTICOS DE DEMOSTRACIÓN,DEMO: generado localmente,2026-10-08,"('donostia/san sebastián', 'ávila')",2020,26.1977436,109.96600000000001,136.1637436
Ávila,Girona,05_19_R1,806.556,9.5473,0.0,rapida_demo,DATOS SINTÉTICOS DE DEMOSTRACIÓN,DEMO: generado localmente,2026-10-08,"('girona', 'ávila')",2020,45.4897584,190.946,236.4357584
Ávila,Granada,05_20_R1,498.475,5.9005,0.0,rapida_demo,DATOS SINTÉTICOS DE DEMOSTRACIÓN,DEMO: generado localmente,2026-10-08,"('granada', 'ávila')",2020,28.11399,118.01,146.12399
Ávila,Guadalajara,05_21_R1,161.667,1.9137,0.0,rapida_demo,DATOS SINTÉTICOS DE DEMOSTRACIÓN,DEMO: generado localmente,2026-10-08,"('guadalajara', 'ávila')",2020,9.1180188,38.274,47.3920188
Ávila,Huelva,05_22_R1,531.439,6.2907,0.0,rapida_demo,DATOS SINTÉTICOS DE DEMOSTRACIÓN,DEMO: generado localmente,2026-10-08,"('huelva', 'ávila')",2020,29.9731596,125.81400000000001,155.7871596
Ávila,Huesca,05_23_R1,492.565,5.8306,0.0,rapida_demo,DATOS SINTÉTICOS DE DEMOSTRACIÓN,DEMO: generado localmente,2026-10-08,"('huesca', 'ávila')",2020,27.780666,116.612,144.392666
Ávila,Jaén,05_24_R1,413.748,4.8976,0.0,rapida_demo,DATOS SINTÉTICOS DE DEMOSTRACIÓN,DEMO: generado localmente,2026-10-08,"('jaén', 'ávila')",2020,23.3353872,97.952,121.2873872
Ávila,Logroño,05_25_R1,344.282,4.0753,0.0,rapida_demo,DATOS SINTÉTICOS DE DEMOSTRACIÓN,DEMO: generado localmente,2026-10-08,"('logroño', 'ávila')",2020,19.4175048,81.506,100.9235048
Ávila,León,05_26_R1,284.635,3.3693,0.0,rapida_demo,DATOS SINTÉTICOS DE DEMOSTRACIÓN,DEMO: generado localmente,2026-10-08,"('león', 'ávila')",2020,16.053414,67.386,83.439414
Ávila,Lleida,05_27_R1,573.197,6.785,0.0,rapida_demo,DATOS SINTÉTICOS DE DEMOSTRACIÓN,DEMO: generado localmente,2026-10-08,"('lleida', 'ávila')",2020,32.3283108,135.7,168.02831079999999
Ávila,Lugo,05_28_R1,440.895,5.2189,0.0,rapida_demo,DATOS SINTÉTICOS DE DEMOSTRACIÓN,DEMO: generado localmente,2026-10-08,"('lugo', 'ávila')",2020,24.866477999999997,104.37799999999999,129.244478
Ávila,Madrid,05_29_R1,111.496,1.3198,0.0,rapida_demo,DATOS SINTÉTICOS DE DEMOSTRACIÓN,DEMO: generado localmente,2026-10-08,"('madrid', 'ávila')",2020,6.2883743999999995,26.396,32.6843744
Ávila,Málaga,05_30_R1,548.028,6.4871,0.0,rapida_demo,DATOS SINTÉTICOS DE DEMOSTRACIÓN,DEMO: generado localmente,2026-10-08,"('málaga', 'ávila')",2020,30.9087792,129.742,160.6507792
Ávila,Murcia,05_31_R1,534.153,6.3228,0.0,rapida_demo,DATOS SINTÉTICOS DE DEMOSTRACIÓN,DEMO: generado localmente,2026-10-08,"('murcia', 'ávila')",2020,30.1262292,126.456,156.5822292
Ávila,Pamplona/Iruña,05_32_R1,436.661,5.1688,0.0,rapida_demo,DATOS SINTÉTICOS DE DEMOSTRACIÓN,DEMO: generado localmente,2026-10-08,"('pamplona/iruña', 'ávila')",2020,24.6276804,103.376,128.0036804
Ávila,Ourense,05_33_R1,403.595,4.7774,0.0,rapida_demo,DATOS SINTÉTICOS DE DEMOSTRACIÓN,DEMO: generado localmente,2026-10-08,"('ourense', 'ávila')",2020,22.762758,95.548,118.310758
Ávila,Palencia,05_34_R1,189.048,2.2378,0.0,rapida_demo,DATOS SINTÉTICOS DE DEMOSTRACIÓN,DEMO: generado localmente,2026-10-08,"('palencia', 'ávila')",2020,10.662307199999999,44.756,55.4183072
Ávila,Pontevedra,05_35_R1,478.938,5.6692,0.0,rapida_demo,DATOS SINTÉTICOS DE DEMOSTRACIÓN,DEMO: generado localmente,2026-10-08,"('pontevedra', 'ávila')",2020,27.0121032,113.384,140.3961032
Ávila,Salamanca,05_36_R1,110.073,1.3029,0.0,rapida_demo,DATOS SINTÉTICOS DE DEMOSTRACIÓN,DEMO: generado localmente,2026-10-08,"('salamanca', 'ávila')",2020,6.208117199999999,26.058,32.2661172
Ávila,Segovia,05_37_R1,73.059,0.8648,0.0,rapida_demo,DATOS SINTÉTICOS DE DEMOSTRACIÓN,DEMO: generado localmente,2026-10-08,"('segovia', 'ávila')",2020,4.1205276,17.296,21.4165276
Ávila,Sevilla,05_38_R1,475.257,5.6257,0.0,rapida_demo,DATOS SINTÉTICOS DE DEMOSTRACIÓN,DEMO: generado localmente,2026-10-08,"('sevilla', 'ávila')",2020,26.8044948,112.51400000000001,139.3184948
Ávila,Soria,05_39_R1,279.819,3.3123,0.0,rapida_demo,DATOS SINTÉTICOS DE DEMOSTRACIÓN,DEMO: generado localmente,2026-10-08,"('soria', 'ávila')",2020,15.7817916,66.246,82.0277916
Ávila,Tarragona,05_40_R1,628.808,7.4433,0.0,rapida_demo,DATOS SINTÉTICOS DE DEMOSTRACIÓN,DEMO: generado localmente,2026-10-08,"('tarragona', 'ávila')",2020,35.4647712,148.86599999999999,184.3307712
Ávila,Teruel,05_41_R1,382.108,4.5231,0.0,rapida_demo,DATOS SINTÉTICOS DE DEMOSTRACIÓN,DEMO: generado localmente,2026-10-08,"('teruel', 'ávila')",2020,21.5508912,90.462,112.0128912
Ávila,Toledo,05_42_R1,132.277,1.5658,0.0,rapida_demo,DATOS SINTÉTICOS DE DEMOSTRACIÓN,DEMO: generado localmente,2026-10-08,"('toledo', 'ávila')",2020,7.460422799999999,31.316000000000003,38.7764228
Ávila,Valencia,05_43_R1,488.462,5.782,0.0,rapida_demo,DATOS SINTÉTICOS DE DEMOSTRACIÓN,DEMO: generado localmente,2026-10-08,"('valencia', 'ávila')",2020,27.5492568,115.64,143.1892568
Ávila,Valladolid,05_44_R1,138.43,1.6386,0.0,rapida_demo,DATOS SINTÉTICOS DE DEMOSTRACIÓN,DEMO: generado localmente,2026-10-08,"('valladolid', 'ávila')",2020,7.8074520000000005,32.772,40.579451999999996
Ávila,Zamora,05_45_R1,160.917,1.9048,0.0,rapida_demo,DATOS SINTÉTICOS DE DEMOSTRACIÓN,DEMO: generado localmente,2026-10-08,"('zamora', 'ávila')",2020,9.0757188,38.096000000000004,47.17171880000001
Ávila,Zaragoza,05_46_R1,423.436,5.0123,0.0,rapida_demo,DATOS SINTÉTICOS DE DEMOSTRACIÓN,DEMO: generado localmente,2026-10-08,"('zaragoza', 'ávila')",2020,23.8817904,100.246,124.1277904
Badajoz,Barcelona,06_07_R1,1031.845,12.2141,0.0,rapida_demo,DATOS SINTÉTICOS DE DEMOSTRACIÓN,DEMO: generado localmente,2026-10-08,"('badajoz', 'barcelona')",2020,58.196058,244.282,302.47805800000003
Badajoz,Bilbao,06_08_R1,742.277,8.7864,0.0,rapida_demo,DATOS SINTÉTICOS DE DEMOSTRACIÓN,DEMO: generado localmente,2026-10-08,"('badajoz', 'bilbao')",2020,41.8644228,175.728,217.5924228
Badajoz,Burgos,06_09_R1,591.822,7.0055,0.0,rapida_demo,DATOS SINTÉTICOS DE DEMOSTRACIÓN,DEMO: generado localmente,2026-10-08,"('badajoz', 'burgos')",2020,33.3787608,140.10999999999999,173.4887608
Badajoz,Cáceres,06_10_R1,104.895,1.2417,0.0,rapida_demo,DATOS SINTÉTICOS DE DEMOSTRACIÓN,DEMO: generado localmente,2026-10-08,"('badajoz', 'cáceres')",2020,5.916078,24.834,30.750078
Badajoz,Cádiz,06_11_R1,334.909,3.9644,0.0,rapida_demo,DATOS SINTÉTICOS DE DEMOSTRACIÓN,DEMO: generado localmente,2026-10-08,"('badajoz', 'cádiz')",2020,18.888867599999998,79.288,98.1768676
Badajoz,Santander,06_12_R1,717.597,8.4943,0.0,rapida_demo,DATOS SINTÉTICOS DE DEMOSTRACIÓN,DEMO: generado localmente,2026-10-08,"('badajoz', 'santander')",2020,40.472470799999996,169.88600000000002,210.35847080000002
Badajoz,Castelló de la Plana/Castellón de la Plana,06_13_R1,759.7,8.9927,0.0,rapida_demo,DATOS SINTÉTICOS DE DEMOSTRACIÓN,DEMO: generado localmente,2026-10-08,"('badajoz', 'castelló de la plana/castellón de la plana')",2020,42.84708,179.85399999999998,222.70108
Badajoz,Ciudad Real,06_14_R1,329.137,3.896,0.0,rapida_demo,DATOS SINTÉTICOS DE DEMOSTRACIÓN,DEMO: generado localmente,2026-10-08,"('badajoz', 'ciudad real')",2020,18.5633268,77.92,96.4833268
Badajoz,Córdoba,06_15_R1,276.017,3.2673,0.0,rapida_demo,DATOS SINTÉTICOS DE DEMOSTRACIÓN,DEMO: generado localmente,2026-10-08,"('badajoz', 'córdoba')",2020,15.5673588,65.346,80.9133588
Badajoz,A Coruña,06_16_R1,642.016,7.5996,0.0,rapida_demo,DATOS SINTÉTICOS DE DEMOSTRACIÓN,DEMO: generado localmente,2026-10-08,"('a coruña', 'badajoz')",2020,36.2097024,151.992,188.2017024
Badajoz,Cuenca,06_17_R1,545.216,6.4538,0.0,rapida_demo,DATOS SINTÉTICOS DE DEMOSTRACIÓN,DEMO: generado localmente,2026-10-08,"('badajoz', 'cuenca')",2020,30.7501824,129.076,159.8261824
Badajoz,Donostia/San Sebastián,06_18_R1,808.261,9.5675,0.0,rapida_demo,DATOS SINTÉTICOS DE DEMOSTRACIÓN,DEMO: generado localmente,2026-10-08,"('badajoz', 'donostia/san sebastián')",2020,45.5859204,191.35000000000002,236.93592040000001
Badajoz,Girona,06_19_R1,1121.63,13.2769,0.0,rapida_demo,DATOS SINTÉTICOS DE DEMOSTRACIÓN,DEMO: generado localmente,2026-10-08,"('badajoz', 'girona')",2020,63.259932000000006,265.538,328.797932
Badajoz,Granada,06_20_R1,438.541,5.1911,0.0,rapida_demo,DATOS SINTÉTICOS DE DEMOSTRACIÓN,DEMO: generado localmente,2026-10-08,"('badajoz', 'granada')",2020,24.733712399999998,103.82199999999999,128.55571239999998
Badajoz,Guadalajara,06_21_R1,473.806,5.6085,0.0,rapida_demo,DATOS SINTÉTICOS DE DEMOSTRACIÓN,DEMO: generado localmente,2026-10-08,"('badajoz', 'guadalajara')",2020,26.722658399999997,112.17,138.8926584
Badajoz,Huelva,06_22_R1,225.509,2.6694,0.0,rapida_demo,DATOS SINTÉTICOS DE DEMOSTRACIÓN,DEMO: generado localmente,2026-10-08,"('badajoz', 'huelva')",2020,12.718707599999998,53.388,66.1067076
Badajoz,Huesca,06_23_R1,827.994,9.8011,0.0,rapida_demo,DATOS SINTÉTICOS DE DEMOSTRACIÓN,DEMO: generado localmente,2026-10-08,"('badajoz', 'huesca')",2020,46.6988616,196.022,242.72086159999998
Badajoz,Jaén,06_24_R1,379.638,4.4938,0.0,rapida_demo,DATOS SINTÉTICOS DE DEMOSTRACIÓN,DEMO: generado localmente,2026-10-08,"('badajoz', 'jaén')",2020,21.4115832,89.876,111.2875832
Badajoz,Logroño,06_25_R1,690.255,8.1706,0.0,rapida_demo,DATOS SINTÉTICOS DE DEMOSTRACIÓN,DEMO: generado localmente,2026-10-08,"('badajoz', 'logroño')",2020,38.930382,163.412,202.34238200000001
Badajoz,León,06_26_R1,537.343,6.3606,0.0,rapida_demo,DATOS SINTÉTICOS DE DEMOSTRACIÓN,DEMO: generado localmente,2026-10-08,"('badajoz', 'león')",2020,30.306145199999996,127.21199999999999,157.5181452
Badajoz,Lleida,06_27_R1,890.667,10.5429,0.0,rapida_demo,DATOS SINTÉTICOS DE DEMOSTRACIÓN,DEMO: generado localmente,2026-10-08,"('badajoz', 'lleida')",2020,50.2336188,210.858,261.0916188
Badajoz,Lugo,06_28_R1,577.481,6.8357,0.0,rapida_demo,DATOS SINTÉTICOS DE DEMOSTRACIÓN,DEMO: generado localmente,2026-10-08,"('badajoz', 'lugo')",2020,32.5699284,136.714,169.2839284
Badajoz,Madrid,06_29_R1,410.899,4.8639,0.0,rapida_demo,DATOS SINTÉTICOS DE DEMOSTRACIÓN,DEMO: generado localmente,2026-10-08,"('badajoz', 'madrid')",2020,23.1747036,97.278,120.4527036
Badajoz,Málaga,06_30_R1,410.749,4.8621,0.0,rapida_demo,DATOS SINTÉTICOS DE DEMOSTRACIÓN,DEMO: generado localmente,2026-10-08,"('badajoz', 'málaga')",2020,23.1662436,97.24199999999999,120.40824359999999
Badajoz,Murcia,06_31_R1,647.757,7.6676,0.0,rapida_demo,DATOS SINTÉTICOS DE DEMOSTRACIÓN,DEMO: generado localmente,2026-10-08,"('badajoz', 'murcia')",2020,36.5334948,153.352,189.8854948
Badajoz,Pamplona/Iruña,06_32_R1,782.845,9.2666,0.0,rapida_demo,DATOS SINTÉTICOS DE DEMOSTRACIÓN,DEMO: generado localmente,2026-10-08,"('badajoz', 'pamplona/iruña')",2020,44.152458,185.332,229.484458
Badajoz,Ourense,06_33_R1,489.617,5.7957,0.0,rapida_demo,DATOS SINTÉTICOS DE DEMOSTRACIÓN,DEMO: generado localmente,2026-10-08,"('badajoz', 'ourense')",2020,27.6143988,115.914,143.5283988
Badajoz,Palencia,06_34_R1,505.891,5.9883,0.0,rapida_demo,DATOS SINTÉTICOS DE DEMOSTRACIÓN,DEMO: generado localmente,2026-10-08,"('badajoz', 'palencia')",2020,28.5322524,119.76599999999999,148.2982524
Badajoz,Pontevedra,06_35_R1,524.536,6.209,0.0,rapida_demo,DATOS SINTÉTICOS DE DEMOSTRACIÓN,DEMO: generado localmente,2026-10-08,"('badajoz', 'pontevedra')",2020,29.583830399999997,124.17999999999999,153.7638304
Badajoz,Salamanca,06_36_R1,321.699,3.808,0.0,rapida_demo,DATOS SINTÉTICOS DE DEMOSTRACIÓN,DEMO: generado localmente,2026-10-08,"('badajoz', 'salamanca')",2020,18.1438236,76.16,94.3038236
Badajoz,Segovia,06_37_R1,418.206,4.9504,0.0,rapida_demo,DATOS SINTÉTICOS DE DEMOSTRACIÓN,DEMO: generado localmente,2026-10-08,"('badajoz', 'segovia')",2020,23.586818400000002,99.00800000000001,122.59481840000001
Badajoz,Sevilla,06_38_R1,232.963,2.7576,0.0,rapida_demo,DATOS SINTÉTICOS DE DEMOSTRACIÓN,DEMO: generado localmente,2026-10-08,"('badajoz', 'sevilla')",2020,13.139113199999999,55.152,68.2911132
Badajoz,Soria,06_39_R1,623.284,7.3779,0.0,rapida_demo,DATOS SINTÉTICOS DE DEMOSTRACIÓN,DEMO: generado localmente,2026-10-08,"('badajoz', 'soria')",2020,35.1532176,147.558,182.7112176
Badajoz,Tarragona,06_40_R1,928.841,10.9948,0.0,rapida_demo,DATOS SINTÉTICOS DE DEMOSTRACIÓN,DEMO: generado localmente,2026-10-08,"('badajoz', 'tarragona')",2020,52.386632399999996,219.896,272.2826324
Badajoz,Teruel,06_41_R1,659.695,7.8089,0.0,rapida_demo,DATOS SINTÉTICOS DE DEMOSTRACIÓN,DEMO: generado localmente,2026-10-08,"('badajoz', 'teruel')",2020,37.206798,156.178,193.384798
Badajoz,Toledo,06_42_R1,344.311,4.0757,0.0,rapida_demo,DATOS SINTÉTICOS DE DEMOSTRACIÓN,DEMO: generado localmente,2026-10-08,"('badajoz', 'toledo')",2020,19.4191404,81.51400000000001,100.93314040000001
Badajoz,Valencia,06_43_R1,714.901,8.4624,0.0,rapida_demo,DATOS SINTÉTICOS DE DEMOSTRACIÓN,DEMO: generado localmente,2026-10-08,"('badajoz', 'valencia')",2020,40.3204164,169.24800000000002,209.56841640000002
Badajoz,Valladolid,06_44_R1,452.854,5.3605,0.0,rapida_demo,DATOS SINTÉTICOS DE DEMOSTRACIÓN,DEMO: generado localmente,2026-10-08,"('badajoz', 'valladolid')",2020,25.5409656,107.21000000000001,132.7509656
Badajoz,Zamora,06_45_R1,387.254,4.584,0.0,rapida_demo,DATOS SINTÉTICOS DE DEMOSTRACIÓN,DEMO: generado localmente,2026-10-08,"('badajoz', 'zamora')",2020,21.8411256,91.67999999999999,113.52112559999999
Badajoz,Zaragoza,06_46_R1,752.39,8.9061,0.0,rapida_demo,DATOS SINTÉTICOS DE DEMOSTRACIÓN,DEMO: generado localmente,2026-10-08,"('badajoz', 'zaragoza')",2020,42.434796,178.122,220.55679600000002
Barcelona,Bilbao,07_08_R1,585.695,6.9329,0.0,rapida_demo,DATOS SINTÉTICOS DE DEMOSTRACIÓN,DEMO: generado localmente,2026-10-08,"('barcelona', 'bilbao')",2020,33.033198,138.65800000000002,171.691198
Barcelona,Burgos,07_09_R1,622.905,7.3734,0.0,rapida_demo,DATOS SINTÉTICOS DE DEMOSTRACIÓN,DEMO: generado localmente,2026-10-08,"('barcelona', 'burgos')",2020,35.131842,147.46800000000002,182.59984200000002
Barcelona,Cáceres,07_10_R1,942.151,11.1524,0.0,rapida_demo,DATOS SINTÉTICOS DE DEMOSTRACIÓN,DEMO: generado localmente,2026-10-08,"('barcelona', 'cáceres')",2020,53.137316399999996,223.048,276.1853164
Barcelona,Cádiz,07_11_R1,1136.241,13.4498,0.0,rapida_demo,DATOS SINTÉTICOS DE DEMOSTRACIÓN,DEMO: generado localmente,2026-10-08,"('barcelona', 'cádiz')",2020,64.0839924,268.996,333.0799924
Barcelona,Santander,07_12_R1,678.743,8.0344,0.0,rapida_demo,DATOS SINTÉTICOS DE DEMOSTRACIÓN,DEMO: generado localmente,2026-10-08,"('barcelona', 'santander')",2020,38.2811052,160.688,198.9691052
Barcelona,Castelló de la Plana/Castellón de la Plana,07_13_R1,303.596,3.5937,0.0,rapida_demo,DATOS SINTÉTICOS DE DEMOSTRACIÓN,DEMO: generado localmente,2026-10-08,"('barcelona', 'castelló de la plana/castellón de la plana')",2020,17.1228144,71.874,88.99681439999999
Barcelona,Ciudad Real,07_14_R1,728.748,8.6263,0.0,rapida_demo,DATOS SINTÉTICOS DE DEMOSTRACIÓN,DEMO: generado localmente,2026-10-08,"('barcelona', 'ciudad real')",2020,41.101387200000005,172.526,213.62738720000002
Barcelona,Córdoba,07_15_R1,888.551,10.5179,0.0,rapida_demo,DATOS SINTÉTICOS DE DEMOSTRACIÓN,DEMO: generado localmente,2026-10-08,"('barcelona', 'córdoba')",2020,50.1142764,210.35799999999998,260.4722764
Barcelona,A Coruña,07_16_R1,1119.436,13.2509,0.0,rapida_demo,DATOS SINTÉTICOS DE DEMOSTRACIÓN,DEMO: generado localmente,2026-10-08,"('a coruña', 'barcelona')",2020,63.1361904,265.018,328.15419039999995
Barcelona,Cuenca,07_17_R1,488.518,5.7826,0.0,rapida_demo,DATOS SINTÉTICOS DE DEMOSTRACIÓN,DEMO: generado localmente,2026-10-08,"('barcelona', 'cuenca')",2020,27.5524152,115.65200000000002,143.20441520000003
Barcelona,Donostia/San Sebastián,07_18_R1,505.399,5.9825,0.0,rapida_demo,DATOS SINTÉTICOS DE DEMOSTRACIÓN,DEMO: generado localmente,2026-10-08,"('barcelona', 'donostia/san sebastián')",2020,28.5045036,119.65,148.1545036
Barcelona,Girona,07_19_R1,107.185,1.2688,0.0,rapida_demo,DATOS SINTÉTICOS DE DEMOSTRACIÓN,DEMO: generado localmente,2026-10-08,"('barcelona', 'girona')",2020,6.045234,25.375999999999998,31.421234
Barcelona,Granada,07_20_R1,853.029,10.0974,0.0,rapida_demo,DATOS SINTÉTICOS DE DEMOSTRACIÓN,DEMO: generado localmente,2026-10-08,"('barcelona', 'granada')",2020,48.1108356,201.948,250.0588356
Barcelona,Guadalajara,07_21_R1,570.084,6.7482,0.0,rapida_demo,DATOS SINTÉTICOS DE DEMOSTRACIÓN,DEMO: generado localmente,2026-10-08,"('barcelona', 'guadalajara')",2020,32.152737599999995,134.964,167.1167376
Barcelona,Huelva,07_22_R1,1135.764,13.4442,0.0,rapida_demo,DATOS SINTÉTICOS DE DEMOSTRACIÓN,DEMO: generado localmente,2026-10-08,"('barcelona', 'huelva')",2020,64.0570896,268.884,332.9410896
Barcelona,Huesca,07_23_R1,288.117,3.4105,0.0,rapida_demo,DATOS SINTÉTICOS DE DEMOSTRACIÓN,DEMO: generado localmente,2026-10-08,"('barcelona', 'huesca')",2020,16.2497988,68.21,84.45979879999999
Barcelona,Jaén,07_24_R1,813.113,9.6249,0.0,rapida_demo,DATOS SINTÉTICOS DE DEMOSTRACIÓN,DEMO: generado localmente,2026-10-08,"('barcelona', 'jaén')",2020,45.8595732,192.498,238.3575732
Barcelona,Logroño,07_25_R1,500.553,5.9251,0.0,rapida_demo,DATOS SINTÉTICOS DE DEMOSTRACIÓN,DEMO: generado localmente,2026-10-08,"('barcelona', 'logroño')",2020,28.2311892,118.502,146.7331892
Barcelona,León,07_26_R1,818.12,9.6842,0.0,rapida_demo,DATOS SINTÉTICOS DE DEMOSTRACIÓN,DEMO: generado localmente,2026-10-08,"('barcelona', 'león')",2020,46.141968,193.68400000000003,239.82596800000002
Barcelona,Lleida,07_27_R1,164.63,1.9487,0.0,rapida_demo,DATOS SINTÉTICOS DE DEMOSTRACIÓN,DEMO: generado localmente,2026-10-08,"('barcelona', 'lleida')",2020,9.285131999999999,38.974000000000004,48.259132
Barcelona,Lugo,07_28_R1,1026.821,12.1546,0.0,rapida_demo,DATOS SINTÉTICOS DE DEMOSTRACIÓN,DEMO: generado localmente,2026-10-08,"('barcelona', 'lugo')",2020,57.912704399999996,243.092,301.00470440000004
Barcelona,Madrid,07_29_R1,630.86,7.4676,0.0,rapida_demo,DATOS SINTÉTICOS DE DEMOSTRACIÓN,DEMO: generado localmente,2026-10-08,"('barcelona', 'madrid')",2020,35.580504,149.352,184.932504
Barcelona,Málaga,07_30_R1,961.871,11.3858,0.0,rapida_demo,DATOS SINTÉTICOS DE DEMOSTRACIÓN,DEMO: generado localmente,2026-10-08,"('barcelona', 'málaga')",2020,54.2495244,227.716,281.9655244
Barcelona,Murcia,07_31_R1,590.114,6.9852,0.0,rapida_demo,DATOS SINTÉTICOS DE DEMOSTRACIÓN,DEMO: generado localmente,2026-10-08,"('barcelona', 'murcia')",2020,33.2824296,139.704,172.9864296
Barcelona,Pamplona/Iruña,07_32_R1,441.757,5.2291,0.0,rapida_demo,DATOS SINTÉTICOS DE DEMOSTRACIÓN,DEMO: generado localmente,2026-10-08,"('barcelona', 'pamplona/iruña')",2020,24.9150948,104.582,129.49709479999999
Barcelona,Ourense,07_33_R1,1047.265,12.3966,0.0,rapida_demo,DATOS SINTÉTICOS DE DEMOSTRACIÓN,DEMO: generado localmente,2026-10-08,"('barcelona', 'ourense')",2020,59.065746000000004,247.932,306.997746
Barcelona,Palencia,07_34_R1,701.688,8.306,0.0,rapida_demo,DATOS SINTÉTICOS DE DEMOSTRACIÓN,DEMO: generado localmente,2026-10-08,"('barcelona', 'palencia')",2020,39.5752032,166.11999999999998,205.69520319999998
Barcelona,Pontevedra,07_35_R1,1128.373,13.3567,0.0,rapida_demo,DATOS SINTÉTICOS DE DEMOSTRACIÓN,DEMO: generado localmente,2026-10-08,"('barcelona', 'pontevedra')",2020,63.6402372,267.134,330.7742372
Barcelona,Salamanca,07_36_R1,822.113,9.7315,0.0,rapida_demo,DATOS SINTÉTICOS DE DEMOSTRACIÓN,DEMO: generado localmente,2026-10-08,"('barcelona', 'salamanca')",2020,46.3671732,194.63,240.9971732
Barcelona,Segovia,07_37_R1,661.948,7.8356,0.0,rapida_demo,DATOS SINTÉTICOS DE DEMOSTRACIÓN,DEMO: generado localmente,2026-10-08,"('barcelona', 'segovia')",2020,37.3338672,156.71200000000002,194.04586720000003
Barcelona,Sevilla,07_38_R1,1037.953,12.2864,0.0,rapida_demo,DATOS SINTÉTICOS DE DEMOSTRACIÓN,DEMO: generado localmente,2026-10-08,"('barcelona', 'sevilla')",2020,58.540549199999994,245.728,304.2685492
Barcelona,Soria,07_39_R1,485.471,5.7466,0.0,rapida_demo,DATOS SINTÉTICOS DE DEMOSTRACIÓN,DEMO: generado localmente,2026-10-08,"('barcelona', 'soria')",2020,27.3805644,114.932,142.3125644
Barcelona,Tarragona,07_40_R1,103.267,1.2224,0.0,rapida_demo,DATOS SINTÉTICOS DE DEMOSTRACIÓN,DEMO: generado localmente,2026-10-08,"('barcelona', 'tarragona')",2020,5.8242588,24.448,30.2722588
Barcelona,Teruel,07_41_R1,374.293,4.4305,0.0,rapida_demo,DATOS SINTÉTICOS DE DEMOSTRACIÓN,DEMO: generado localmente,2026-10-08,"('barcelona', 'teruel')",2020,21.1101252,88.61000000000001,109.72012520000001
Barcelona,Toledo,07_42_R1,687.726,8.1407,0.0,rapida_demo,DATOS SINTÉTICOS DE DEMOSTRACIÓN,DEMO: generado localmente,2026-10-08,"('barcelona', 'toledo')",2020,38.787746399999996,162.81400000000002,201.60174640000002
Barcelona,Valencia,07_43_R1,379.081,4.4872,0.0,rapida_demo,DATOS SINTÉTICOS DE DEMOSTRACIÓN,DEMO: generado localmente,2026-10-08,"('barcelona', 'valencia')",2020,21.3801684,89.744,111.1241684
Barcelona,Valladolid,07_44_R1,719.523,8.5171,0.0,rapida_demo,DATOS SINTÉTICOS DE DEMOSTRACIÓN,DEMO: generado localmente,2026-10-08,"('barcelona', 'valladolid')",2020,40.5810972,170.34199999999998,210.92309719999997
Barcelona,Zamora,07_45_R1,825.545,9.7721,0.0,rapida_demo,DATOS SINTÉTICOS DE DEMOSTRACIÓN,DEMO: generado localmente,2026-10-08,"('barcelona', 'zamora')",2020,46.56073799999999,195.442,242.002738
Barcelona,Zaragoza,07_46_R1,320.16,3.7898,0.0,rapida_demo,DATOS SINTÉTICOS DE DEMOSTRACIÓN,DEMO: generado localmente,2026-10-08,"('barcelona', 'zaragoza')",2020,18.057024000000002,75.796,93.853024
Bilbao,Burgos,08_09_R1,150.954,1.7869,0.0,rapida_demo,DATOS SINTÉTICOS DE DEMOSTRACIÓN,DEMO: generado localmente,2026-10-08,"('bilbao', 'burgos')",2020,8.5138056,35.738,44.2518056
Bilbao,Cáceres,08_10_R1,637.708,7.5486,0.0,rapida_demo,DATOS SINTÉTICOS DE DEMOSTRACIÓN,DEMO: generado localmente,2026-10-08,"('bilbao', 'cáceres')",2020,35.9667312,150.972,186.9387312
Bilbao,Cádiz,08_11_R1,1002.424,11.8658,0.0,rapida_demo,DATOS SINTÉTICOS DE DEMOSTRACIÓN,DEMO: generado localmente,2026-10-08,"('bilbao', 'cádiz')",2020,56.5367136,237.316,293.8527136
Bilbao,Santander,08_12_R1,93.721,1.1094,0.0,rapida_demo,DATOS SINTÉTICOS DE DEMOSTRACIÓN,DEMO: generado localmente,2026-10-08,"('bilbao', 'santander')",2020,5.2858644,22.188,27.4738644
Bilbao,Castelló de la Plana/Castellón de la Plana,08_13_R1,545.352,6.4554,0.0,rapida_demo,DATOS SINTÉTICOS DE DEMOSTRACIÓN,DEMO: generado localmente,2026-10-08,"('bilbao', 'castelló de la plana/castellón de la plana')",2020,30.7578528,129.108,159.8658528
Bilbao,Ciudad Real,08_14_R1,604.021,7.1499,0.0,rapida_demo,DATOS SINTÉTICOS DE DEMOSTRACIÓN,DEMO: generado localmente,2026-10-08,"('bilbao', 'ciudad real')",2020,34.066784399999996,142.998,177.06478439999998
Bilbao,Córdoba,08_15_R1,772.755,9.1472,0.0,rapida_demo,DATOS SINTÉTICOS DE DEMOSTRACIÓN,DEMO: generado localmente,2026-10-08,"('bilbao', 'córdoba')",2020,43.583382,182.944,226.527382
Bilbao,A Coruña,08_16_R1,553.501,6.5519,0.0,rapida_demo,DATOS SINTÉTICOS DE DEMOSTRACIÓN,DEMO: generado localmente,2026-10-08,"('a coruña', 'bilbao')",2020,31.2174564,131.038,162.2554564
Bilbao,Cuenca,08_17_R1,450.473,5.3323,0.0,rapida_demo,DATOS SINTÉTICOS DE DEMOSTRACIÓN,DEMO: generado localmente,2026-10-08,"('bilbao', 'cuenca')",2020,25.4066772,106.646,132.0526772
Bilbao,Donostia/San Sebastián,08_18_R1,95.202,1.1269,0.0,rapida_demo,DATOS SINTÉTICOS DE DEMOSTRACIÓN,DEMO: generado localmente,2026-10-08,"('bilbao', 'donostia/san sebastián')",2020,5.3693928,22.538,27.9073928
Bilbao,Girona,08_19_R1,614.123,7.2694,0.0,rapida_demo,DATOS SINTÉTICOS DE DEMOSTRACIÓN,DEMO: generado localmente,2026-10-08,"('bilbao', 'girona')",2020,34.6365372,145.388,180.0245372
Bilbao,Granada,08_20_R1,849.481,10.0554,0.0,rapida_demo,DATOS SINTÉTICOS DE DEMOSTRACIÓN,DEMO: generado localmente,2026-10-08,"('bilbao', 'granada')",2020,47.910728399999996,201.108,249.0187284
Bilbao,Guadalajara,08_21_R1,366.506,4.3384,0.0,rapida_demo,DATOS SINTÉTICOS DE DEMOSTRACIÓN,DEMO: generado localmente,2026-10-08,"('bilbao', 'guadalajara')",2020,20.670938399999997,86.768,107.4389384
Bilbao,Huelva,08_22_R1,937.594,11.0984,0.0,rapida_demo,DATOS SINTÉTICOS DE DEMOSTRACIÓN,DEMO: generado localmente,2026-10-08,"('bilbao', 'huelva')",2020,52.8803016,221.968,274.8483016
Bilbao,Huesca,08_23_R1,300.569,3.5579,0.0,rapida_demo,DATOS SINTÉTICOS DE DEMOSTRACIÓN,DEMO: generado localmente,2026-10-08,"('bilbao', 'huesca')",2020,16.9520916,71.158,88.1100916
Bilbao,Jaén,08_24_R1,769.878,9.1131,0.0,rapida_demo,DATOS SINTÉTICOS DE DEMOSTRACIÓN,DEMO: generado localmente,2026-10-08,"('bilbao', 'jaén')",2020,43.4211192,182.262,225.6831192
Bilbao,Logroño,08_25_R1,121.386,1.4369,0.0,rapida_demo,DATOS SINTÉTICOS DE DEMOSTRACIÓN,DEMO: generado localmente,2026-10-08,"('bilbao', 'logroño')",2020,6.846170399999999,28.738,35.5841704
Bilbao,León,08_26_R1,285.215,3.3761,0.0,rapida_demo,DATOS SINTÉTICOS DE DEMOSTRACIÓN,DEMO: generado localmente,2026-10-08,"('bilbao', 'león')",2020,16.086125999999997,67.522,83.608126
Bilbao,Lleida,08_27_R1,430.268,5.0931,0.0,rapida_demo,DATOS SINTÉTICOS DE DEMOSTRACIÓN,DEMO: generado localmente,2026-10-08,"('bilbao', 'lleida')",2020,24.2671152,101.862,126.1291152
Bilbao,Lugo,08_28_R1,471.09,5.5764,0.0,rapida_demo,DATOS SINTÉTICOS DE DEMOSTRACIÓN,DEMO: generado localmente,2026-10-08,"('bilbao', 'lugo')",2020,26.569475999999998,111.52799999999999,138.097476
Bilbao,Madrid,08_29_R1,403.386,4.7749,0.0,rapida_demo,DATOS SINTÉTICOS DE DEMOSTRACIÓN,DEMO: generado localmente,2026-10-08,"('bilbao', 'madrid')",2020,22.7509704,95.49799999999999,118.24897039999999
Bilbao,Málaga,08_30_R1,923.285,10.929,0.0,rapida_demo,DATOS SINTÉTICOS DE DEMOSTRACIÓN,DEMO: generado localmente,2026-10-08,"('bilbao', 'málaga')",2020,52.073274,218.58,270.653274
Bilbao,Murcia,08_31_R1,757.926,8.9717,0.0,rapida_demo,DATOS SINTÉTICOS DE DEMOSTRACIÓN,DEMO: generado localmente,2026-10-08,"('bilbao', 'murcia')",2020,42.7470264,179.434,222.1810264
Bilbao,Pamplona/Iruña,08_32_R1,143.94,1.7038,0.0,rapida_demo,DATOS SINTÉTICOS DE DEMOSTRACIÓN,DEMO: generado localmente,2026-10-08,"('bilbao', 'pamplona/iruña')",2020,8.118216,34.076,42.194216
Bilbao,Ourense,08_33_R1,520.023,6.1556,0.0,rapida_demo,DATOS SINTÉTICOS DE DEMOSTRACIÓN,DEMO: generado localmente,2026-10-08,"('bilbao', 'ourense')",2020,29.3292972,123.112,152.4412972
Bilbao,Palencia,08_34_R1,239.605,2.8362,0.0,rapida_demo,DATOS SINTÉTICOS DE DEMOSTRACIÓN,DEMO: generado localmente,2026-10-08,"('bilbao', 'palencia')",2020,13.513722,56.724,70.23772199999999
Bilbao,Pontevedra,08_35_R1,594.472,7.0368,0.0,rapida_demo,DATOS SINTÉTICOS DE DEMOSTRACIÓN,DEMO: generado localmente,2026-10-08,"('bilbao', 'pontevedra')",2020,33.5282208,140.73600000000002,174.26422080000003
Bilbao,Salamanca,08_36_R1,426.453,5.048,0.0,rapida_demo,DATOS SINTÉTICOS DE DEMOSTRACIÓN,DEMO: generado localmente,2026-10-08,"('bilbao', 'salamanca')",2020,24.0519492,100.96000000000001,125.0119492
Bilbao,Segovia,08_37_R1,344.587,4.0789,0.0,rapida_demo,DATOS SINTÉTICOS DE DEMOSTRACIÓN,DEMO: generado localmente,2026-10-08,"('bilbao', 'segovia')",2020,19.4347068,81.578,101.0127068
Bilbao,Sevilla,08_38_R1,878.943,10.4042,0.0,rapida_demo,DATOS SINTÉTICOS DE DEMOSTRACIÓN,DEMO: generado localmente,2026-10-08,"('bilbao', 'sevilla')",2020,49.5723852,208.084,257.6563852
Bilbao,Soria,08_39_R1,213.897,2.5319,0.0,rapida_demo,DATOS SINTÉTICOS DE DEMOSTRACIÓN,DEMO: generado localmente,2026-10-08,"('bilbao', 'soria')",2020,12.0637908,50.638,62.7017908
Bilbao,Tarragona,08_40_R1,523.461,6.1963,0.0,rapida_demo,DATOS SINTÉTICOS DE DEMOSTRACIÓN,DEMO: generado localmente,2026-10-08,"('bilbao', 'tarragona')",2020,29.5232004,123.926,153.4492004
Bilbao,Teruel,08_41_R1,447.384,5.2957,0.0,rapida_demo,DATOS SINTÉTICOS DE DEMOSTRACIÓN,DEMO: generado localmente,2026-10-08,"('bilbao', 'teruel')",2020,25.2324576,105.914,131.1464576
Bilbao,Toledo,08_42_R1,487.304,5.7683,0.0,rapida_demo,DATOS SINTÉTICOS DE DEMOSTRACIÓN,DEMO: generado localmente,2026-10-08,"('bilbao', 'toledo')",2020,27.4839456,115.366,142.8499456
Bilbao,Valencia,08_43_R1,590.409,6.9887,0.0,rapida_demo,DATOS SINTÉTICOS DE DEMOSTRACIÓN,DEMO: generado localmente,2026-10-08,"('bilbao', 'valencia')",2020,33.2990676,139.774,173.0730676
Bilbao,Valladolid,08_44_R1,290.59,3.4397,0.0,rapida_demo,DATOS SINTÉTICOS DE DEMOSTRACIÓN,DEMO: generado localmente,2026-10-08,"('bilbao', 'valladolid')",2020,16.389276,68.79400000000001,85.183276
Bilbao,Zamora,08_45_R1,379.298,4.4898,0.0,rapida_demo,DATOS SINTÉTICOS DE DEMOSTRACIÓN,DEMO: generado localmente,2026-10-08,"('bilbao', 'zamora')",2020,21.3924072,89.79599999999999,111.1884072
Bilbao,Zaragoza,08_46_R1,306.535,3.6285,0.0,rapida_demo,DATOS SINTÉTICOS DE DEMOSTRACIÓN,DEMO: generado localmente,2026-10-08,"('bilbao', 'zaragoza')",2020,17.288574,72.57,89.85857399999999
Burgos,Cáceres,09_10_R1,487.117,5.7661,0.0,rapida_demo,DATOS SINTÉTICOS DE DEMOSTRACIÓN,DEMO: generado localmente,2026-10-08,"('burgos', 'cáceres')",2020,27.473398800000002,115.322,142.79539880000002
Burgos,Cádiz,09_11_R1,854.114,10.1102,0.0,rapida_demo,DATOS SINTÉTICOS DE DEMOSTRACIÓN,DEMO: generado localmente,2026-10-08,"('burgos', 'cádiz')",2020,48.1720296,202.204,250.3760296
Burgos,Santander,09_12_R1,156.303,1.8502,0.0,rapida_demo,DATOS SINTÉTICOS DE DEMOSTRACIÓN,DEMO: generado localmente,2026-10-08,"('burgos', 'santander')",2020,8.8154892,37.004000000000005,45.81948920000001
Burgos,Castelló de la Plana/Castellón de la Plana,09_13_R1,504.018,5.9661,0.0,rapida_demo,DATOS SINTÉTICOS DE DEMOSTRACIÓN,DEMO: generado localmente,2026-10-08,"('burgos', 'castelló de la plana/castellón de la plana')",2020,28.426615199999997,119.322,147.7486152
Burgos,Ciudad Real,09_14_R1,467.028,5.5283,0.0,rapida_demo,DATOS SINTÉTICOS DE DEMOSTRACIÓN,DEMO: generado localmente,2026-10-08,"('burgos', 'ciudad real')",2020,26.3403792,110.566,136.9063792
Burgos,Córdoba,09_15_R1,629.691,7.4537,0.0,rapida_demo,DATOS SINTÉTICOS DE DEMOSTRACIÓN,DEMO: generado localmente,2026-10-08,"('burgos', 'córdoba')",2020,35.5145724,149.074,184.5885724
Burgos,A Coruña,09_16_R1,499.166,5.9087,0.0,rapida_demo,DATOS SINTÉTICOS DE DEMOSTRACIÓN,DEMO: generado localmente,2026-10-08,"('a coruña', 'burgos')",2020,28.1529624,118.17399999999999,146.32696239999999
Burgos,Cuenca,09_17_R1,354.859,4.2005,0.0,rapida_demo,DATOS SINTÉTICOS DE DEMOSTRACIÓN,DEMO: generado localmente,2026-10-08,"('burgos', 'cuenca')",2020,20.014047599999998,84.00999999999999,104.02404759999999
Burgos,Donostia/San Sebastián,09_18_R1,221.806,2.6255,0.0,rapida_demo,DATOS SINTÉTICOS DE DEMOSTRACIÓN,DEMO: generado localmente,2026-10-08,"('burgos', 'donostia/san sebastián')",2020,12.5098584,52.510000000000005,65.0198584
Burgos,Girona,09_19_R1,674.135,7.9798,0.0,rapida_demo,DATOS SINTÉTICOS DE DEMOSTRACIÓN,DEMO: generado localmente,2026-10-08,"('burgos', 'girona')",2020,38.021214,159.596,197.617214
Burgos,Granada,09_20_R1,718.167,8.501,0.0,rapida_demo,DATOS SINTÉTICOS DE DEMOSTRACIÓN,DEMO: generado localmente,2026-10-08,"('burgos', 'granada')",2020,40.5046188,170.01999999999998,210.52461879999998
Burgos,Guadalajara,09_21_R1,243.703,2.8847,0.0,rapida_demo,DATOS SINTÉTICOS DE DEMOSTRACIÓN,DEMO: generado localmente,2026-10-08,"('burgos', 'guadalajara')",2020,13.744849199999999,57.694,71.4388492
Burgos,Huelva,09_22_R1,786.994,9.3157,0.0,rapida_demo,DATOS SINTÉTICOS DE DEMOSTRACIÓN,DEMO: generado localmente,2026-10-08,"('burgos', 'huelva')",2020,44.386461600000004,186.314,230.70046159999998
Burgos,Huesca,09_23_R1,339.985,4.0244,0.0,rapida_demo,DATOS SINTÉTICOS DE DEMOSTRACIÓN,DEMO: generado localmente,2026-10-08,"('burgos', 'huesca')",2020,19.175154,80.488,99.66315399999999
Burgos,Jaén,09_24_R1,636.106,7.5297,0.0,rapida_demo,DATOS SINTÉTICOS DE DEMOSTRACIÓN,DEMO: generado localmente,2026-10-08,"('burgos', 'jaén')",2020,35.8763784,150.594,186.4703784
Burgos,Logroño,09_25_R1,130.807,1.5484,0.0,rapida_demo,DATOS SINTÉTICOS DE DEMOSTRACIÓN,DEMO: generado localmente,2026-10-08,"('burgos', 'logroño')",2020,7.377514799999999,30.968,38.3455148
Burgos,León,09_26_R1,195.23,2.311,0.0,rapida_demo,DATOS SINTÉTICOS DE DEMOSTRACIÓN,DEMO: generado localmente,2026-10-08,"('burgos', 'león')",2020,11.010971999999999,46.22,57.230971999999994
Burgos,Lleida,09_27_R1,458.482,5.4271,0.0,rapida_demo,DATOS SINTÉTICOS DE DEMOSTRACIÓN,DEMO: generado localmente,2026-10-08,"('burgos', 'lleida')",2020,25.8583848,108.542,134.4003848
Burgos,Lugo,09_28_R1,404.584,4.7891,0.0,rapida_demo,DATOS SINTÉTICOS DE DEMOSTRACIÓN,DEMO: generado localmente,2026-10-08,"('burgos', 'lugo')",2020,22.8185376,95.78200000000001,118.60053760000001
Burgos,Madrid,09_29_R1,267.087,3.1615,0.0,rapida_demo,DATOS SINTÉTICOS DE DEMOSTRACIÓN,DEMO: generado localmente,2026-10-08,"('burgos', 'madrid')",2020,15.063706799999999,63.230000000000004,78.2937068
Burgos,Málaga,09_30_R1,784.909,9.2911,0.0,rapida_demo,DATOS SINTÉTICOS DE DEMOSTRACIÓN,DEMO: generado localmente,2026-10-08,"('burgos', 'málaga')",2020,44.2688676,185.822,230.0908676
Burgos,Murcia,09_31_R1,664.295,7.8633,0.0,rapida_demo,DATOS SINTÉTICOS DE DEMOSTRACIÓN,DEMO: generado localmente,2026-10-08,"('burgos', 'murcia')",2020,37.466238,157.266,194.732238
Burgos,Pamplona/Iruña,09_32_R1,220.829,2.614,0.0,rapida_demo,DATOS SINTÉTICOS DE DEMOSTRACIÓN,DEMO: generado localmente,2026-10-08,"('burgos', 'pamplona/iruña')",2020,12.4547556,52.28,64.7347556
Burgos,Ourense,09_33_R1,427.535,5.0608,0.0,rapida_demo,DATOS SINTÉTICOS DE DEMOSTRACIÓN,DEMO: generado localmente,2026-10-08,"('burgos', 'ourense')",2020,24.112974,101.21600000000001,125.32897400000002
Burgos,Palencia,09_34_R1,97.043,1.1487,0.0,rapida_demo,DATOS SINTÉTICOS DE DEMOSTRACIÓN,DEMO: generado localmente,2026-10-08,"('burgos', 'palencia')",2020,5.4732252,22.974,28.4472252
Burgos,Pontevedra,09_35_R1,507.723,6.01,0.0,rapida_demo,DATOS SINTÉTICOS DE DEMOSTRACIÓN,DEMO: generado localmente,2026-10-08,"('burgos', 'pontevedra')",2020,28.6355772,120.19999999999999,148.8355772
Burgos,Salamanca,09_36_R1,279.314,3.3063,0.0,rapida_demo,DATOS SINTÉTICOS DE DEMOSTRACIÓN,DEMO: generado localmente,2026-10-08,"('burgos', 'salamanca')",2020,15.753309600000001,66.12599999999999,81.8793096
Burgos,Segovia,09_37_R1,198.114,2.3451,0.0,rapida_demo,DATOS SINTÉTICOS DE DEMOSTRACIÓN,DEMO: generado localmente,2026-10-08,"('burgos', 'segovia')",2020,11.1736296,46.902,58.0756296
Burgos,Sevilla,09_38_R1,730.364,8.6454,0.0,rapida_demo,DATOS SINTÉTICOS DE DEMOSTRACIÓN,DEMO: generado localmente,2026-10-08,"('burgos', 'sevilla')",2020,41.1925296,172.90800000000002,214.10052960000002
Burgos,Soria,09_39_R1,150.904,1.7863,0.0,rapida_demo,DATOS SINTÉTICOS DE DEMOSTRACIÓN,DEMO: generado localmente,2026-10-08,"('burgos', 'soria')",2020,8.5109856,35.726,44.2369856
Burgos,Tarragona,09_40_R1,541.407,6.4087,0.0,rapida_demo,DATOS SINTÉTICOS DE DEMOSTRACIÓN,DEMO: generado localmente,2026-10-08,"('burgos', 'tarragona')",2020,30.5353548,128.17399999999998,158.70935479999997
Burgos,Teruel,09_41_R1,387.687,4.5891,0.0,rapida_demo,DATOS SINTÉTICOS DE DEMOSTRACIÓN,DEMO: generado localmente,2026-10-08,"('burgos', 'teruel')",2020,21.8655468,91.78200000000001,113.64754680000001
Burgos,Toledo,09_42_R1,346.927,4.1066,0.0,rapida_demo,DATOS SINTÉTICOS DE DEMOSTRACIÓN,DEMO: generado localmente,2026-10-08,"('burgos', 'toledo')",2020,19.566682800000002,82.132,101.6986828
Burgos,Valencia,09_43_R1,530.187,6.2759,0.0,rapida_demo,DATOS SINTÉTICOS DE DEMOSTRACIÓN,DEMO: generado localmente,2026-10-08,"('burgos', 'valencia')",2020,29.9025468,125.518,155.4205468
Burgos,Valladolid,09_44_R1,142.792,1.6902,0.0,rapida_demo,DATOS SINTÉTICOS DE DEMOSTRACIÓN,DEMO: generado localmente,2026-10-08,"('burgos', 'valladolid')",2020,8.0534688,33.804,41.8574688
Burgos,Zamora,09_45_R1,241.331,2.8567,0.0,rapida_demo,DATOS SINTÉTICOS DE DEMOSTRACIÓN,DEMO: generado localmente,2026-10-08,"('burgos', 'zamora')",2020,13.611068399999999,57.134,70.7450684
Burgos,Zaragoza,09_46_R1,306.889,3.6327,0.0,rapida_demo,DATOS SINTÉTICOS DE DEMOSTRACIÓN,DEMO: generado localmente,2026-10-08,"('burgos', 'zaragoza')",2020,17.3085396,72.654,89.9625396
Cáceres,Cádiz,10_11_R1,409.416,4.8463,0.0,rapida_demo,DATOS SINTÉTICOS DE DEMOSTRACIÓN,DEMO: generado localmente,2026-10-08,"('cáceres', 'cádiz')",2020,23.0910624,96.926,120.0170624
Cáceres,Santander,10_12_R1,615.078,7.2808,0.0,rapida_demo,DATOS SINTÉTICOS DE DEMOSTRACIÓN,DEMO: generado localmente,2026-10-08,"('cáceres', 'santander')",2020,34.690399199999995,145.616,180.30639920000002
Cáceres,Castelló de la Plana/Castellón de la Plana,10_13_R1,680.647,8.0569,0.0,rapida_demo,DATOS SINTÉTICOS DE DEMOSTRACIÓN,DEMO: generado localmente,2026-10-08,"('castelló de la plana/castellón de la plana', 'cáceres')",2020,38.3884908,161.138,199.5264908
Cáceres,Ciudad Real,10_14_R1,271.718,3.2164,0.0,rapida_demo,DATOS SINTÉTICOS DE DEMOSTRACIÓN,DEMO: generado localmente,2026-10-08,"('ciudad real', 'cáceres')",2020,15.3248952,64.328,79.6528952
Cáceres,Córdoba,10_15_R1,280.654,3.3221,0.0,rapida_demo,DATOS SINTÉTICOS DE DEMOSTRACIÓN,DEMO: generado localmente,2026-10-08,"('cáceres', 'córdoba')",2020,15.8288856,66.442,82.27088559999999
Cáceres,A Coruña,10_16_R1,581.232,6.8801,0.0,rapida_demo,DATOS SINTÉTICOS DE DEMOSTRACIÓN,DEMO: generado localmente,2026-10-08,"('a coruña', 'cáceres')",2020,32.781484799999994,137.602,170.3834848
Cáceres,Cuenca,10_17_R1,460.767,5.4542,0.0,rapida_demo,DATOS SINTÉTICOS DE DEMOSTRACIÓN,DEMO: generado localmente,2026-10-08,"('cuenca', 'cáceres')",2020,25.9872588,109.084,135.0712588
Cáceres,Donostia/San Sebastián,10_18_R1,703.381,8.326,0.0,rapida_demo,DATOS SINTÉTICOS DE DEMOSTRACIÓN,DEMO: generado localmente,2026-10-08,"('cáceres', 'donostia/san sebastián')",2020,39.670688399999996,166.52,206.1906884
Cáceres,Girona,10_19_R1,1028.873,12.1789,0.0,rapida_demo,DATOS SINTÉTICOS DE DEMOSTRACIÓN,DEMO: generado localmente,2026-10-08,"('cáceres', 'girona')",2020,58.0284372,243.578,301.6064372
Cáceres,Granada,10_20_R1,440.019,5.2086,0.0,rapida_demo,DATOS SINTÉTICOS DE DEMOSTRACIÓN,DEMO: generado localmente,2026-10-08,"('cáceres', 'granada')",2020,24.8170716,104.172,128.9890716
Cáceres,Guadalajara,10_21_R1,377.04,4.4631,0.0,rapida_demo,DATOS SINTÉTICOS DE DEMOSTRACIÓN,DEMO: generado localmente,2026-10-08,"('cáceres', 'guadalajara')",2020,21.265056,89.262,110.527056
Cáceres,Huelva,10_22_R1,314.646,3.7245,0.0,rapida_demo,DATOS SINTÉTICOS DE DEMOSTRACIÓN,DEMO: generado localmente,2026-10-08,"('cáceres', 'huelva')",2020,17.7460344,74.49,92.2360344
Cáceres,Huesca,10_23_R1,728.338,8.6214,0.0,rapida_demo,DATOS SINTÉTICOS DE DEMOSTRACIÓN,DEMO: generado localmente,2026-10-08,"('cáceres', 'huesca')",2020,41.078263199999995,172.428,213.50626319999998
Cáceres,Jaén,10_24_R1,367.457,4.3496,0.0,rapida_demo,DATOS SINTÉTICOS DE DEMOSTRACIÓN,DEMO: generado localmente,2026-10-08,"('cáceres', 'jaén')",2020,20.7245748,86.99199999999999,107.71657479999999
Cáceres,Logroño,10_25_R1,585.76,6.9337,0.0,rapida_demo,DATOS SINTÉTICOS DE DEMOSTRACIÓN,DEMO: generado localmente,2026-10-08,"('cáceres', 'logroño')",2020,33.036864,138.674,171.71086400000002
Cáceres,León,10_26_R1,442.068,5.2328,0.0,rapida_demo,DATOS SINTÉTICOS DE DEMOSTRACIÓN,DEMO: generado localmente,2026-10-08,"('cáceres', 'león')",2020,24.9326352,104.656,129.5886352
Cáceres,Lleida,10_27_R1,796.502,9.4283,0.0,rapida_demo,DATOS SINTÉTICOS DE DEMOSTRACIÓN,DEMO: generado localmente,2026-10-08,"('cáceres', 'lleida')",2020,44.9227128,188.566,233.4887128
Cáceres,Lugo,10_28_R1,506.733,5.9983,0.0,rapida_demo,DATOS SINTÉTICOS DE DEMOSTRACIÓN,DEMO: generado localmente,2026-10-08,"('cáceres', 'lugo')",2020,28.5797412,119.96600000000001,148.5457412
Cáceres,Madrid,10_29_R1,314.275,3.7201,0.0,rapida_demo,DATOS SINTÉTICOS DE DEMOSTRACIÓN,DEMO: generado localmente,2026-10-08,"('cáceres', 'madrid')",2020,17.725109999999997,74.402,92.12711
Cáceres,Málaga,10_30_R1,438.569,5.1914,0.0,rapida_demo,DATOS SINTÉTICOS DE DEMOSTRACIÓN,DEMO: generado localmente,2026-10-08,"('cáceres', 'málaga')",2020,24.7352916,103.828,128.5632916
Cáceres,Murcia,10_31_R1,604.845,7.1596,0.0,rapida_demo,DATOS SINTÉTICOS DE DEMOSTRACIÓN,DEMO: generado localmente,2026-10-08,"('cáceres', 'murcia')",2020,34.113258,143.192,177.305258
Cáceres,Pamplona/Iruña,10_32_R1,678.663,8.0334,0.0,rapida_demo,DATOS SINTÉTICOS DE DEMOSTRACIÓN,DEMO: generado localmente,2026-10-08,"('cáceres', 'pamplona/iruña')",2020,38.2765932,160.668,198.9445932
Cáceres,Ourense,10_33_R1,427.417,5.0594,0.0,rapida_demo,DATOS SINTÉTICOS DE DEMOSTRACIÓN,DEMO: generado localmente,2026-10-08,"('cáceres', 'ourense')",2020,24.106318799999997,101.188,125.2943188
Cáceres,Palencia,10_34_R1,402.235,4.7613,0.0,rapida_demo,DATOS SINTÉTICOS DE DEMOSTRACIÓN,DEMO: generado localmente,2026-10-08,"('cáceres', 'palencia')",2020,22.686054,95.226,117.912054
Cáceres,Pontevedra,10_35_R1,475.362,5.6269,0.0,rapida_demo,DATOS SINTÉTICOS DE DEMOSTRACIÓN,DEMO: generado localmente,2026-10-08,"('cáceres', 'pontevedra')",2020,26.810416800000002,112.538,139.3484168
Cáceres,Salamanca,10_36_R1,220.446,2.6094,0.0,rapida_demo,DATOS SINTÉTICOS DE DEMOSTRACIÓN,DEMO: generado localmente,2026-10-08,"('cáceres', 'salamanca')",2020,12.4331544,52.188,64.6211544
Cáceres,Segovia,10_37_R1,314.633,3.7243,0.0,rapida_demo,DATOS SINTÉTICOS DE DEMOSTRACIÓN,DEMO: generado localmente,2026-10-08,"('cáceres', 'segovia')",2020,17.7453012,74.486,92.2313012
Cáceres,Sevilla,10_38_R1,292.819,3.4661,0.0,rapida_demo,DATOS SINTÉTICOS DE DEMOSTRACIÓN,DEMO: generado localmente,2026-10-08,"('cáceres', 'sevilla')",2020,16.514991600000002,69.322,85.8369916
Cáceres,Soria,10_39_R1,520.636,6.1628,0.0,rapida_demo,DATOS SINTÉTICOS DE DEMOSTRACIÓN,DEMO: generado localmente,2026-10-08,"('cáceres', 'soria')",2020,29.363870399999996,123.256,152.6198704
Cáceres,Tarragona,10_40_R1,839.759,9.9403,0.0,rapida_demo,DATOS SINTÉTICOS DE DEMOSTRACIÓN,DEMO: generado localmente,2026-10-08,"('cáceres', 'tarragona')",2020,47.3624076,198.806,246.16840760000002
Cáceres,Teruel,10_41_R1,573.969,6.7941,0.0,rapida_demo,DATOS SINTÉTICOS DE DEMOSTRACIÓN,DEMO: generado localmente,2026-10-08,"('cáceres', 'teruel')",2020,32.3718516,135.882,168.25385160000002
Cáceres,Toledo,10_42_R1,256.614,3.0376,0.0,rapida_demo,DATOS SINTÉTICOS DE DEMOSTRACIÓN,DEMO: generado localmente,2026-10-08,"('cáceres', 'toledo')",2020,14.473029599999998,60.751999999999995,75.2250296
Cáceres,Valencia,10_43_R1,643.049,7.6119,0.0,rapida_demo,DATOS SINTÉTICOS DE DEMOSTRACIÓN,DEMO: generado localmente,2026-10-08,"('cáceres', 'valencia')",2020,36.267963599999995,152.238,188.5059636
Cáceres,Valladolid,10_44_R1,348.907,4.1301,0.0,rapida_demo,DATOS SINTÉTICOS DE DEMOSTRACIÓN,DEMO: generado localmente,2026-10-08,"('cáceres', 'valladolid')",2020,19.678354799999997,82.60199999999999,102.28035479999998
Cáceres,Zamora,10_45_R1,289.7,3.4292,0.0,rapida_demo,DATOS SINTÉTICOS DE DEMOSTRACIÓN,DEMO: generado localmente,2026-10-08,"('cáceres', 'zamora')",2020,16.33908,68.584,84.92308
Cáceres,Zaragoza,10_46_R1,654.447,7.7468,0.0,rapida_demo,DATOS SINTÉTICOS DE DEMOSTRACIÓN,DEMO: generado localmente,2026-10-08,"('cáceres', 'zaragoza')",2020,36.9108108,154.936,191.84681080000001
Cádiz,Santander,11_12_R1,999.086,11.8263,0.0,rapida_demo,DATOS SINTÉTICOS DE DEMOSTRACIÓN,DEMO: generado localmente,2026-10-08,"('cádiz', 'santander')",2020,56.3484504,236.526,292.8744504
Cádiz,Castelló de la Plana/Castellón de la Plana,11_13_R1,834.446,9.8774,0.0,rapida_demo,DATOS SINTÉTICOS DE DEMOSTRACIÓN,DEMO: generado localmente,2026-10-08,"('castelló de la plana/castellón de la plana', 'cádiz')",2020,47.0627544,197.548,244.61075440000002
Cádiz,Ciudad Real,11_14_R1,428.89,5.0768,0.0,rapida_demo,DATOS SINTÉTICOS DE DEMOSTRACIÓN,DEMO: generado localmente,2026-10-08,"('ciudad real', 'cádiz')",2020,24.189396,101.536,125.725396
Cádiz,Córdoba,11_15_R1,252.368,2.9873,0.0,rapida_demo,DATOS SINTÉTICOS DE DEMOSTRACIÓN,DEMO: generado localmente,2026-10-08,"('cádiz', 'córdoba')",2020,14.2335552,59.745999999999995,73.9795552
Cádiz,A Coruña,11_16_R1,976.925,11.564,0.0,rapida_demo,DATOS SINTÉTICOS DE DEMOSTRACIÓN,DEMO: generado localmente,2026-10-08,"('a coruña', 'cádiz')",2020,55.098569999999995,231.28,286.37856999999997
Cádiz,Cuenca,11_17_R1,670.207,7.9333,0.0,rapida_demo,DATOS SINTÉTICOS DE DEMOSTRACIÓN,DEMO: generado localmente,2026-10-08,"('cuenca', 'cádiz')",2020,37.7996748,158.666,196.4656748
Cádiz,Donostia/San Sebastián,11_18_R1,1049.371,12.4215,0.0,rapida_demo,DATOS SINTÉTICOS DE DEMOSTRACIÓN,DEMO: generado localmente,2026-10-08,"('cádiz', 'donostia/san sebastián')",2020,59.1845244,248.43,307.6145244
Cádiz,Girona,11_19_R1,1238.759,14.6633,0.0,rapida_demo,DATOS SINTÉTICOS DE DEMOSTRACIÓN,DEMO: generado localmente,2026-10-08,"('cádiz', 'girona')",2020,69.8660076,293.26599999999996,363.13200759999995
Cádiz,Granada,11_20_R1,312.756,3.7021,0.0,rapida_demo,DATOS SINTÉTICOS DE DEMOSTRACIÓN,DEMO: generado localmente,2026-10-08,"('cádiz', 'granada')",2020,17.6394384,74.042,91.6814384
Cádiz,Guadalajara,11_21_R1,663.753,7.8569,0.0,rapida_demo,DATOS SINTÉTICOS DE DEMOSTRACIÓN,DEMO: generado localmente,2026-10-08,"('cádiz', 'guadalajara')",2020,37.4356692,157.138,194.5736692
Cádiz,Huelva,11_22_R1,124.646,1.4754,0.0,rapida_demo,DATOS SINTÉTICOS DE DEMOSTRACIÓN,DEMO: generado localmente,2026-10-08,"('cádiz', 'huelva')",2020,7.0300344,29.508000000000003,36.5380344
Cádiz,Huesca,11_23_R1,1003.622,11.88,0.0,rapida_demo,DATOS SINTÉTICOS DE DEMOSTRACIÓN,DEMO: generado localmente,2026-10-08,"('cádiz', 'huesca')",2020,56.6042808,237.60000000000002,294.2042808
Cádiz,Jaén,11_24_R1,326.031,3.8593,0.0,rapida_demo,DATOS SINTÉTICOS DE DEMOSTRACIÓN,DEMO: generado localmente,2026-10-08,"('cádiz', 'jaén')",2020,18.3881484,77.186,95.57414840000001
Cádiz,Logroño,11_25_R1,922.637,10.9214,0.0,rapida_demo,DATOS SINTÉTICOS DE DEMOSTRACIÓN,DEMO: generado localmente,2026-10-08,"('cádiz', 'logroño')",2020,52.0367268,218.428,270.4647268
Cádiz,León,11_26_R1,846.917,10.0251,0.0,rapida_demo,DATOS SINTÉTICOS DE DEMOSTRACIÓN,DEMO: generado localmente,2026-10-08,"('cádiz', 'león')",2020,47.7661188,200.502,248.26811880000002
Cádiz,Lleida,11_27_R1,1027.497,12.1626,0.0,rapida_demo,DATOS SINTÉTICOS DE DEMOSTRACIÓN,DEMO: generado localmente,2026-10-08,"('cádiz', 'lleida')",2020,57.950830800000006,243.25199999999998,301.2028308
Cádiz,Lugo,11_28_R1,910.751,10.7807,0.0,rapida_demo,DATOS SINTÉTICOS DE DEMOSTRACIÓN,DEMO: generado localmente,2026-10-08,"('cádiz', 'lugo')",2020,51.3663564,215.61399999999998,266.9803564
Cádiz,Madrid,11_29_R1,610.136,7.2223,0.0,rapida_demo,DATOS SINTÉTICOS DE DEMOSTRACIÓN,DEMO: generado localmente,2026-10-08,"('cádiz', 'madrid')",2020,34.4116704,144.446,178.8576704
Cádiz,Málaga,11_30_R1,211.155,2.4995,0.0,rapida_demo,DATOS SINTÉTICOS DE DEMOSTRACIÓN,DEMO: generado localmente,2026-10-08,"('cádiz', 'málaga')",2020,11.909142,49.989999999999995,61.899142
Cádiz,Murcia,11_31_R1,605.741,7.1702,0.0,rapida_demo,DATOS SINTÉTICOS DE DEMOSTRACIÓN,DEMO: generado localmente,2026-10-08,"('cádiz', 'murcia')",2020,34.1637924,143.404,177.5677924
Cádiz,Pamplona/Iruña,11_32_R1,1005.285,11.8997,0.0,rapida_demo,DATOS SINTÉTICOS DE DEMOSTRACIÓN,DEMO: generado localmente,2026-10-08,"('cádiz', 'pamplona/iruña')",2020,56.698074,237.99399999999997,294.692074
Cádiz,Ourense,11_33_R1,824.376,9.7582,0.0,rapida_demo,DATOS SINTÉTICOS DE DEMOSTRACIÓN,DEMO: generado localmente,2026-10-08,"('cádiz', 'ourense')",2020,46.494806399999995,195.16400000000002,241.6588064
Cádiz,Palencia,11_34_R1,785.033,9.2925,0.0,rapida_demo,DATOS SINTÉTICOS DE DEMOSTRACIÓN,DEMO: generado localmente,2026-10-08,"('cádiz', 'palencia')",2020,44.2758612,185.85000000000002,230.12586120000003
Cádiz,Pontevedra,11_35_R1,858.28,10.1596,0.0,rapida_demo,DATOS SINTÉTICOS DE DEMOSTRACIÓN,DEMO: generado localmente,2026-10-08,"('cádiz', 'pontevedra')",2020,48.406991999999995,203.19199999999998,251.59899199999998
Cádiz,Salamanca,11_36_R1,620.321,7.3428,0.0,rapida_demo,DATOS SINTÉTICOS DE DEMOSTRACIÓN,DEMO: generado localmente,2026-10-08,"('cádiz', 'salamanca')",2020,34.9861044,146.856,181.84210439999998
Cádiz,Segovia,11_37_R1,657.87,7.7873,0.0,rapida_demo,DATOS SINTÉTICOS DE DEMOSTRACIÓN,DEMO: generado localmente,2026-10-08,"('cádiz', 'segovia')",2020,37.103868,155.746,192.84986800000001
Cádiz,Sevilla,11_38_R1,123.918,1.4668,0.0,rapida_demo,DATOS SINTÉTICOS DE DEMOSTRACIÓN,DEMO: generado localmente,2026-10-08,"('cádiz', 'sevilla')",2020,6.9889752000000005,29.336000000000002,36.324975200000004
Cádiz,Soria,11_39_R1,836.123,9.8973,0.0,rapida_demo,DATOS SINTÉTICOS DE DEMOSTRACIÓN,DEMO: generado localmente,2026-10-08,"('cádiz', 'soria')",2020,47.1573372,197.946,245.1033372
Cádiz,Tarragona,11_40_R1,1035.914,12.2622,0.0,rapida_demo,DATOS SINTÉTICOS DE DEMOSTRACIÓN,DEMO: generado localmente,2026-10-08,"('cádiz', 'tarragona')",2020,58.4255496,245.244,303.6695496
Cádiz,Teruel,11_41_R1,774.117,9.1633,0.0,rapida_demo,DATOS SINTÉTICOS DE DEMOSTRACIÓN,DEMO: generado localmente,2026-10-08,"('cádiz', 'teruel')",2020,43.660198799999996,183.266,226.92619879999998
Cádiz,Toledo,11_42_R1,524.54,6.209,0.0,rapida_demo,DATOS SINTÉTICOS DE DEMOSTRACIÓN,DEMO: generado localmente,2026-10-08,"('cádiz', 'toledo')",2020,29.584055999999997,124.17999999999999,153.76405599999998
Cádiz,Valencia,11_43_R1,765.785,9.0647,0.0,rapida_demo,DATOS SINTÉTICOS DE DEMOSTRACIÓN,DEMO: generado localmente,2026-10-08,"('cádiz', 'valencia')",2020,43.190273999999995,181.294,224.484274
Cádiz,Valladolid,11_44_R1,731.738,8.6617,0.0,rapida_demo,DATOS SINTÉTICOS DE DEMOSTRACIÓN,DEMO: generado localmente,2026-10-08,"('cádiz', 'valladolid')",2020,41.270023200000004,173.23399999999998,214.50402319999998
Cádiz,Zamora,11_45_R1,693.902,8.2138,0.0,rapida_demo,DATOS SINTÉTICOS DE DEMOSTRACIÓN,DEMO: generado localmente,2026-10-08,"('cádiz', 'zamora')",2020,39.1360728,164.276,203.4120728
Cádiz,Zaragoza,11_46_R1,921.023,10.9023,0.0,rapida_demo,DATOS SINTÉTICOS DE DEMOSTRACIÓN,DEMO: generado localmente,2026-10-08,"('cádiz', 'zaragoza')",2020,51.9456972,218.046,269.9916972
Santander,Castelló de la Plana/Castellón de la Plana,12_13_R1,621.621,7.3582,0.0,rapida_demo,DATOS SINTÉTICOS DE DEMOSTRACIÓN,DEMO: generado localmente,2026-10-08,"('castelló de la plana/castellón de la plana', 'santander')",2020,35.0594244,147.164,182.2234244
Santander,Ciudad Real,12_14_R1,622.46,7.3681,0.0,rapida_demo,DATOS SINTÉTICOS DE DEMOSTRACIÓN,DEMO: generado localmente,2026-10-08,"('ciudad real', 'santander')",2020,35.106744,147.362,182.468744
Santander,Córdoba,12_15_R1,781.834,9.2547,0.0,rapida_demo,DATOS SINTÉTICOS DE DEMOSTRACIÓN,DEMO: generado localmente,2026-10-08,"('córdoba', 'santander')",2020,44.0954376,185.094,229.1894376
Santander,A Coruña,12_16_R1,463.104,5.4818,0.0,rapida_demo,DATOS SINTÉTICOS DE DEMOSTRACIÓN,DEMO: generado localmente,2026-10-08,"('a coruña', 'santander')",2020,26.1190656,109.636,135.7550656
Santander,Cuenca,12_17_R1,501.592,5.9374,0.0,rapida_demo,DATOS SINTÉTICOS DE DEMOSTRACIÓN,DEMO: generado localmente,2026-10-08,"('cuenca', 'santander')",2020,28.2897888,118.748,147.03778880000002
Santander,Donostia/San Sebastián,12_18_R1,185.289,2.1933,0.0,rapida_demo,DATOS SINTÉTICOS DE DEMOSTRACIÓN,DEMO: generado localmente,2026-10-08,"('donostia/san sebastián', 'santander')",2020,10.4502996,43.866,54.3162996
Santander,Girona,12_19_R1,707.766,8.3779,0.0,rapida_demo,DATOS SINTÉTICOS DE DEMOSTRACIÓN,DEMO: generado localmente,2026-10-08,"('girona', 'santander')",2020,39.9180024,167.558,207.4760024
Santander,Granada,12_20_R1,874.286,10.349,0.0,rapida_demo,DATOS SINTÉTICOS DE DEMOSTRACIÓN,DEMO: generado localmente,2026-10-08,"('granada', 'santander')",2020,49.30973039999999,206.98000000000002,256.2897304
Santander,Guadalajara,12_21_R1,398.727,4.7198,0.0,rapida_demo,DATOS SINTÉTICOS DE DEMOSTRACIÓN,DEMO: generado localmente,2026-10-08,"('guadalajara', 'santander')",2020,22.4882028,94.396,116.8842028
Santander,Huelva,12_22_R1,924.251,10.9405,0.0,rapida_demo,DATOS SINTÉTICOS DE DEMOSTRACIÓN,DEMO: generado localmente,2026-10-08,"('huelva', 'santander')",2020,52.127756399999996,218.81,270.9377564
Santander,Huesca,12_23_R1,392.44,4.6454,0.0,rapida_demo,DATOS SINTÉTICOS DE DEMOSTRACIÓN,DEMO: generado localmente,2026-10-08,"('huesca', 'santander')",2020,22.133616,92.90800000000002,115.04161600000002
Santander,Jaén,12_24_R1,791.956,9.3745,0.0,rapida_demo,DATOS SINTÉTICOS DE DEMOSTRACIÓN,DEMO: generado localmente,2026-10-08,"('jaén', 'santander')",2020,44.6663184,187.48999999999998,232.15631839999998
Santander,Logroño,12_25_R1,196.486,2.3258,0.0,rapida_demo,DATOS SINTÉTICOS DE DEMOSTRACIÓN,DEMO: generado localmente,2026-10-08,"('logroño', 'santander')",2020,11.081810399999998,46.516000000000005,57.5978104
Santander,León,12_26_R1,215.81,2.5546,0.0,rapida_demo,DATOS SINTÉTICOS DE DEMOSTRACIÓN,DEMO: generado localmente,2026-10-08,"('león', 'santander')",2020,12.171683999999999,51.092000000000006,63.263684000000005
Santander,Lleida,12_27_R1,521.827,6.1769,0.0,rapida_demo,DATOS SINTÉTICOS DE DEMOSTRACIÓN,DEMO: generado localmente,2026-10-08,"('lleida', 'santander')",2020,29.4310428,123.538,152.9690428
Santander,Lugo,12_28_R1,384.431,4.5506,0.0,rapida_demo,DATOS SINTÉTICOS DE DEMOSTRACIÓN,DEMO: generado localmente,2026-10-08,"('lugo', 'santander')",2020,21.681908399999998,91.012,112.6939084
Santander,Madrid,12_29_R1,423.178,5.0092,0.0,rapida_demo,DATOS SINTÉTICOS DE DEMOSTRACIÓN,DEMO: generado localmente,2026-10-08,"('madrid', 'santander')",2020,23.8672392,100.184,124.0512392
Santander,Málaga,12_30_R1,939.304,11.1187,0.0,rapida_demo,DATOS SINTÉTICOS DE DEMOSTRACIÓN,DEMO: generado localmente,2026-10-08,"('málaga', 'santander')",2020,52.976745599999994,222.37400000000002,275.35074560000004
Santander,Murcia,12_31_R1,812.043,9.6122,0.0,rapida_demo,DATOS SINTÉTICOS DE DEMOSTRACIÓN,DEMO: generado localmente,2026-10-08,"('murcia', 'santander')",2020,45.7992252,192.244,238.0432252
Santander,Pamplona/Iruña,12_32_R1,237.154,2.8072,0.0,rapida_demo,DATOS SINTÉTICOS DE DEMOSTRACIÓN,DEMO: generado localmente,2026-10-08,"('pamplona/iruña', 'santander')",2020,13.3754856,56.144,69.5194856
Santander,Ourense,12_33_R1,441.42,5.2251,0.0,rapida_demo,DATOS SINTÉTICOS DE DEMOSTRACIÓN,DEMO: generado localmente,2026-10-08,"('ourense', 'santander')",2020,24.896088,104.50200000000001,129.398088
Santander,Palencia,12_34_R1,214.782,2.5424,0.0,rapida_demo,DATOS SINTÉTICOS DE DEMOSTRACIÓN,DEMO: generado localmente,2026-10-08,"('palencia', 'santander')",2020,12.1137048,50.848000000000006,62.96170480000001
Santander,Pontevedra,12_35_R1,512.434,6.0657,0.0,rapida_demo,DATOS SINTÉTICOS DE DEMOSTRACIÓN,DEMO: generado localmente,2026-10-08,"('pontevedra', 'santander')",2020,28.901277599999997,121.314,150.21527759999998
Santander,Salamanca,12_36_R1,396.02,4.6877,0.0,rapida_demo,DATOS SINTÉTICOS DE DEMOSTRACIÓN,DEMO: generado localmente,2026-10-08,"('salamanca', 'santander')",2020,22.335528,93.754,116.089528
Santander,Segovia,12_37_R1,350.616,4.1503,0.0,rapida_demo,DATOS SINTÉTICOS DE DEMOSTRACIÓN,DEMO: generado localmente,2026-10-08,"('santander', 'segovia')",2020,19.774742399999997,83.006,102.7807424
Santander,Sevilla,12_38_R1,875.185,10.3597,0.0,rapida_demo,DATOS SINTÉTICOS DE DEMOSTRACIÓN,DEMO: generado localmente,2026-10-08,"('santander', 'sevilla')",2020,49.360434,207.19400000000002,256.554434
Santander,Soria,12_39_R1,273.381,3.236,0.0,rapida_demo,DATOS SINTÉTICOS DE DEMOSTRACIÓN,DEMO: generado localmente,2026-10-08,"('santander', 'soria')",2020,15.418688399999999,64.72,80.13868839999999
Santander,Tarragona,12_40_R1,614.119,7.2694,0.0,rapida_demo,DATOS SINTÉTICOS DE DEMOSTRACIÓN,DEMO: generado localmente,2026-10-08,"('santander', 'tarragona')",2020,34.6363116,145.388,180.0243116
Santander,Teruel,12_41_R1,515.727,6.1047,0.0,rapida_demo,DATOS SINTÉTICOS DE DEMOSTRACIÓN,DEMO: generado localmente,2026-10-08,"('santander', 'teruel')",2020,29.087002799999997,122.09400000000001,151.18100280000002
Santander,Toledo,12_42_R1,501.688,5.9385,0.0,rapida_demo,DATOS SINTÉTICOS DE DEMOSTRACIÓN,DEMO: generado localmente,2026-10-08,"('santander', 'toledo')",2020,28.2952032,118.77000000000001,147.0652032
Santander,Valencia,12_43_R1,659.979,7.8122,0.0,rapida_demo,DATOS SINTÉTICOS DE DEMOSTRACIÓN,DEMO: generado localmente,2026-10-08,"('santander', 'valencia')",2020,37.222815600000004,156.244,193.46681560000002
Santander,Valladolid,12_44_R1,268.559,3.179,0.0,rapida_demo,DATOS SINTÉTICOS DE DEMOSTRACIÓN,DEMO: generado localmente,2026-10-08,"('santander', 'valladolid')",2020,15.146727600000002,63.58,78.7267276
Santander,Zamora,12_45_R1,336.908,3.988,0.0,rapida_demo,DATOS SINTÉTICOS DE DEMOSTRACIÓN,DEMO: generado localmente,2026-10-08,"('santander', 'zamora')",2020,19.0016112,79.76,98.7616112
Santander,Zaragoza,12_46_R1,391.324,4.6321,0.0,rapida_demo,DATOS SINTÉTICOS DE DEMOSTRACIÓN,DEMO: generado localmente,2026-10-08,"('santander', 'zaragoza')",2020,22.0706736,92.64200000000001,114.71267360000002
Castelló de la Plana/Castellón de la Plana,Ciudad Real,13_14_R1,439.902,5.2072,0.0,rapida_demo,DATOS SINTÉTICOS DE DEMOSTRACIÓN,DEMO: generado localmente,2026-10-08,"('castelló de la plana/castellón de la plana', 'ciudad real')",2020,24.8104728,104.144,128.95447280000002
Castelló de la Plana/Castellón de la Plana,Córdoba,13_15_R1,589.551,6.9786,0.0,rapida_demo,DATOS SINTÉTICOS DE DEMOSTRACIÓN,DEMO: generado localmente,2026-10-08,"('castelló de la plana/castellón de la plana', 'córdoba')",2020,33.2506764,139.572,172.8226764
Castelló de la Plana/Castellón de la Plana,A Coruña,13_16_R1,986.37,11.6758,0.0,rapida_demo,DATOS SINTÉTICOS DE DEMOSTRACIÓN,DEMO: generado localmente,2026-10-08,"('a coruña', 'castelló de la plana/castellón de la plana')",2020,55.631268,233.51600000000002,289.147268
Castelló de la Plana/Castellón de la Plana,Cuenca,13_17_R1,223.027,2.64,0.0,rapida_demo,DATOS SINTÉTICOS DE DEMOSTRACIÓN,DEMO: generado localmente,2026-10-08,"('castelló de la plana/castellón de la plana', 'cuenca')",2020,12.5787228,52.800000000000004,65.3787228
Castelló de la Plana/Castellón de la Plana,Donostia/San Sebastián,13_18_R1,505.782,5.987,0.0,rapida_demo,DATOS SINTÉTICOS DE DEMOSTRACIÓN,DEMO: generado localmente,2026-10-08,"('castelló de la plana/castellón de la plana', 'donostia/san sebastián')",2020,28.5261048,119.74000000000001,148.2661048
Castelló de la Plana/Castellón de la Plana,Girona,13_19_R1,408.932,4.8406,0.0,rapida_demo,DATOS SINTÉTICOS DE DEMOSTRACIÓN,DEMO: generado localmente,2026-10-08,"('castelló de la plana/castellón de la plana', 'girona')",2020,23.0637648,96.81200000000001,119.87576480000001
Castelló de la Plana/Castellón de la Plana,Granada,13_20_R1,549.845,6.5086,0.0,rapida_demo,DATOS SINTÉTICOS DE DEMOSTRACIÓN,DEMO: generado localmente,2026-10-08,"('castelló de la plana/castellón de la plana', 'granada')",2020,31.011258,130.172,161.183258
Castelló de la Plana/Castellón de la Plana,Guadalajara,13_21_R1,343.677,4.0682,0.0,rapida_demo,DATOS SINTÉTICOS DE DEMOSTRACIÓN,DEMO: generado localmente,2026-10-08,"('castelló de la plana/castellón de la plana', 'guadalajara')",2020,19.3833828,81.364,100.7473828
Castelló de la Plana/Castellón de la Plana,Huelva,13_22_R1,840.664,9.951,0.0,rapida_demo,DATOS SINTÉTICOS DE DEMOSTRACIÓN,DEMO: generado localmente,2026-10-08,"('castelló de la plana/castellón de la plana', 'huelva')",2020,47.4134496,199.02,246.43344960000002
Castelló de la Plana/Castellón de la Plana,Huesca,13_23_R1,301.988,3.5747,0.0,rapida_demo,DATOS SINTÉTICOS DE DEMOSTRACIÓN,DEMO: generado localmente,2026-10-08,"('castelló de la plana/castellón de la plana', 'huesca')",2020,17.0321232,71.494,88.5261232
Castelló de la Plana/Castellón de la Plana,Jaén,13_24_R1,510.077,6.0378,0.0,rapida_demo,DATOS SINTÉTICOS DE DEMOSTRACIÓN,DEMO: generado localmente,2026-10-08,"('castelló de la plana/castellón de la plana', 'jaén')",2020,28.7683428,120.756,149.5243428
Castelló de la Plana/Castellón de la Plana,Logroño,13_25_R1,426.407,5.0474,0.0,rapida_demo,DATOS SINTÉTICOS DE DEMOSTRACIÓN,DEMO: generado localmente,2026-10-08,"('castelló de la plana/castellón de la plana', 'logroño')",2020,24.0493548,100.948,124.9973548
Castelló de la Plana/Castellón de la Plana,León,13_26_R1,682.465,8.0784,0.0,rapida_demo,DATOS SINTÉTICOS DE DEMOSTRACIÓN,DEMO: generado localmente,2026-10-08,"('castelló de la plana/castellón de la plana', 'león')",2020,38.491026,161.568,200.05902600000002
Castelló de la Plana/Castellón de la Plana,Lleida,13_27_R1,236.925,2.8045,0.0,rapida_demo,DATOS SINTÉTICOS DE DEMOSTRACIÓN,DEMO: generado localmente,2026-10-08,"('castelló de la plana/castellón de la plana', 'lleida')",2020,13.36257,56.09,69.45257000000001
Castelló de la Plana/Castellón de la Plana,Lugo,13_28_R1,887.865,10.5098,0.0,rapida_demo,DATOS SINTÉTICOS DE DEMOSTRACIÓN,DEMO: generado localmente,2026-10-08,"('castelló de la plana/castellón de la plana', 'lugo')",2020,50.075586,210.196,260.271586
Castelló de la Plana/Castellón de la Plana,Madrid,13_29_R1,392.529,4.6464,0.0,rapida_demo,DATOS SINTÉTICOS DE DEMOSTRACIÓN,DEMO: generado localmente,2026-10-08,"('castelló de la plana/castellón de la plana', 'madrid')",2020,22.1386356,92.928,115.0666356
Castelló de la Plana/Castellón de la Plana,Málaga,13_30_R1,658.372,7.7932,0.0,rapida_demo,DATOS SINTÉTICOS DE DEMOSTRACIÓN,DEMO: generado localmente,2026-10-08,"('castelló de la plana/castellón de la plana', 'málaga')",2020,37.13218079999999,155.864,192.9961808
Castelló de la Plana/Castellón de la Plana,Murcia,13_31_R1,302.327,3.5787,0.0,rapida_demo,DATOS SINTÉTICOS DE DEMOSTRACIÓN,DEMO: generado localmente,2026-10-08,"('castelló de la plana/castellón de la plana', 'murcia')",2020,17.0512428,71.574,88.6252428
Castelló de la Plana/Castellón de la Plana,Pamplona/Iruña,13_32_R1,427.827,5.0642,0.0,rapida_demo,DATOS SINTÉTICOS DE DEMOSTRACIÓN,DEMO: generado localmente,2026-10-08,"('castelló de la plana/castellón de la plana', 'pamplona/iruña')",2020,24.1294428,101.28399999999999,125.41344279999998
Castelló de la Plana/Castellón de la Plana,Ourense,13_33_R1,881.217,10.4311,0.0,rapida_demo,DATOS SINTÉTICOS DE DEMOSTRACIÓN,DEMO: generado localmente,2026-10-08,"('castelló de la plana/castellón de la plana', 'ourense')",2020,49.7006388,208.622,258.3226388
Castelló de la Plana/Castellón de la Plana,Palencia,13_34_R1,549.038,6.499,0.0,rapida_demo,DATOS SINTÉTICOS DE DEMOSTRACIÓN,DEMO: generado localmente,2026-10-08,"('castelló de la plana/castellón de la plana', 'palencia')",2020,30.9657432,129.98,160.94574319999998
Castelló de la Plana/Castellón de la Plana,Pontevedra,13_35_R1,961.716,11.3839,0.0,rapida_demo,DATOS SINTÉTICOS DE DEMOSTRACIÓN,DEMO: generado localmente,2026-10-08,"('castelló de la plana/castellón de la plana', 'pontevedra')",2020,54.2407824,227.678,281.9187824
Castelló de la Plana/Castellón de la Plana,Salamanca,13_36_R1,610.072,7.2215,0.0,rapida_demo,DATOS SINTÉTICOS DE DEMOSTRACIÓN,DEMO: generado localmente,2026-10-08,"('castelló de la plana/castellón de la plana', 'salamanca')",2020,34.4080608,144.43,178.8380608
Castelló de la Plana/Castellón de la Plana,Segovia,13_37_R1,452.367,5.3547,0.0,rapida_demo,DATOS SINTÉTICOS DE DEMOSTRACIÓN,DEMO: generado localmente,2026-10-08,"('castelló de la plana/castellón de la plana', 'segovia')",2020,25.5134988,107.09400000000001,132.6074988
Castelló de la Plana/Castellón de la Plana,Sevilla,13_38_R1,740.022,8.7597,0.0,rapida_demo,DATOS SINTÉTICOS DE DEMOSTRACIÓN,DEMO: generado localmente,2026-10-08,"('castelló de la plana/castellón de la plana', 'sevilla')",2020,41.7372408,175.19400000000002,216.9312408
Castelló de la Plana/Castellón de la Plana,Soria,13_39_R1,354.972,4.2018,0.0,rapida_demo,DATOS SINTÉTICOS DE DEMOSTRACIÓN,DEMO: generado localmente,2026-10-08,"('castelló de la plana/castellón de la plana', 'soria')",2020,20.0204208,84.036,104.0564208
Castelló de la Plana/Castellón de la Plana,Tarragona,13_40_R1,208.198,2.4645,0.0,rapida_demo,DATOS SINTÉTICOS DE DEMOSTRACIÓN,DEMO: generado localmente,2026-10-08,"('castelló de la plana/castellón de la plana', 'tarragona')",2020,11.7423672,49.290000000000006,61.03236720000001
Castelló de la Plana/Castellón de la Plana,Teruel,13_41_R1,124.057,1.4685,0.0,rapida_demo,DATOS SINTÉTICOS DE DEMOSTRACIÓN,DEMO: generado localmente,2026-10-08,"('castelló de la plana/castellón de la plana', 'teruel')",2020,6.9968148,29.369999999999997,36.3668148
Castelló de la Plana/Castellón de la Plana,Toledo,13_42_R1,425.398,5.0355,0.0,rapida_demo,DATOS SINTÉTICOS DE DEMOSTRACIÓN,DEMO: generado localmente,2026-10-08,"('castelló de la plana/castellón de la plana', 'toledo')",2020,23.9924472,100.71,124.7024472
Castelló de la Plana/Castellón de la Plana,Valencia,13_43_R1,80.4,0.9517,0.0,rapida_demo,DATOS SINTÉTICOS DE DEMOSTRACIÓN,DEMO: generado localmente,2026-10-08,"('castelló de la plana/castellón de la plana', 'valencia')",2020,4.53456,19.034,23.568559999999998
Castelló de la Plana/Castellón de la Plana,Valladolid,13_44_R1,544.974,6.4509,0.0,rapida_demo,DATOS SINTÉTICOS DE DEMOSTRACIÓN,DEMO: generado localmente,2026-10-08,"('castelló de la plana/castellón de la plana', 'valladolid')",2020,30.7365336,129.018,159.7545336
Castelló de la Plana/Castellón de la Plana,Zamora,13_45_R1,636.991,7.5401,0.0,rapida_demo,DATOS SINTÉTICOS DE DEMOSTRACIÓN,DEMO: generado localmente,2026-10-08,"('castelló de la plana/castellón de la plana', 'zamora')",2020,35.9262924,150.802,186.7282924
Castelló de la Plana/Castellón de la Plana,Zaragoza,13_46_R1,248.364,2.9399,0.0,rapida_demo,DATOS SINTÉTICOS DE DEMOSTRACIÓN,DEMO: generado localmente,2026-10-08,"('castelló de la plana/castellón de la plana', 'zaragoza')",2020,14.0077296,58.798,72.8057296
Ciudad Real,Córdoba,14_15_R1,178.555,2.1136,0.0,rapida_demo,DATOS SINTÉTICOS DE DEMOSTRACIÓN,DEMO: generado localmente,2026-10-08,"('ciudad real', 'córdoba')",2020,10.070502,42.272,52.342501999999996
Ciudad Real,A Coruña,14_16_R1,767.962,9.0905,0.0,rapida_demo,DATOS SINTÉTICOS DE DEMOSTRACIÓN,DEMO: generado localmente,2026-10-08,"('a coruña', 'ciudad real')",2020,43.3130568,181.81,225.1230568
Ciudad Real,Cuenca,14_17_R1,245.443,2.9053,0.0,rapida_demo,DATOS SINTÉTICOS DE DEMOSTRACIÓN,DEMO: generado localmente,2026-10-08,"('ciudad real', 'cuenca')",2020,13.842985200000001,58.106,71.94898520000001
Ciudad Real,Donostia/San Sebastián,14_18_R1,636.079,7.5293,0.0,rapida_demo,DATOS SINTÉTICOS DE DEMOSTRACIÓN,DEMO: generado localmente,2026-10-08,"('ciudad real', 'donostia/san sebastián')",2020,35.8748556,150.586,186.4608556
Ciudad Real,Girona,14_19_R1,826.283,9.7808,0.0,rapida_demo,DATOS SINTÉTICOS DE DEMOSTRACIÓN,DEMO: generado localmente,2026-10-08,"('ciudad real', 'girona')",2020,46.6023612,195.61599999999999,242.21836119999998
Ciudad Real,Granada,14_20_R1,254.236,3.0094,0.0,rapida_demo,DATOS SINTÉTICOS DE DEMOSTRACIÓN,DEMO: generado localmente,2026-10-08,"('ciudad real', 'granada')",2020,14.3389104,60.187999999999995,74.52691039999999
Ciudad Real,Guadalajara,14_21_R1,243.139,2.8781,0.0,rapida_demo,DATOS SINTÉTICOS DE DEMOSTRACIÓN,DEMO: generado localmente,2026-10-08,"('ciudad real', 'guadalajara')",2020,13.7130396,57.562,71.2750396
Ciudad Real,Huelva,14_22_R1,408.423,4.8345,0.0,rapida_demo,DATOS SINTÉTICOS DE DEMOSTRACIÓN,DEMO: generado localmente,2026-10-08,"('ciudad real', 'huelva')",2020,23.0350572,96.69,119.7250572
Ciudad Real,Huesca,14_23_R1,574.78,6.8037,0.0,rapida_demo,DATOS SINTÉTICOS DE DEMOSTRACIÓN,DEMO: generado localmente,2026-10-08,"('ciudad real', 'huesca')",2020,32.417592,136.074,168.49159200000003
Ciudad Real,Jaén,14_24_R1,170.279,2.0156,0.0,rapida_demo,DATOS SINTÉTICOS DE DEMOSTRACIÓN,DEMO: generado localmente,2026-10-08,"('ciudad real', 'jaén')",2020,9.6037356,40.312,49.9157356
Ciudad Real,Logroño,14_25_R1,508.666,6.0211,0.0,rapida_demo,DATOS SINTÉTICOS DE DEMOSTRACIÓN,DEMO: generado localmente,2026-10-08,"('ciudad real', 'logroño')",2020,28.688762399999998,120.422,149.1107624
Ciudad Real,León,14_26_R1,531.141,6.2872,0.0,rapida_demo,DATOS SINTÉTICOS DE DEMOSTRACIÓN,DEMO: generado localmente,2026-10-08,"('ciudad real', 'león')",2020,29.956352399999997,125.744,155.70035239999999
Ciudad Real,Lleida,14_27_R1,605.478,7.1671,0.0,rapida_demo,DATOS SINTÉTICOS DE DEMOSTRACIÓN,DEMO: generado localmente,2026-10-08,"('ciudad real', 'lleida')",2020,34.14895919999999,143.34199999999998,177.49095919999996
Ciudad Real,Lugo,14_28_R1,676.439,8.0071,0.0,rapida_demo,DATOS SINTÉTICOS DE DEMOSTRACIÓN,DEMO: generado localmente,2026-10-08,"('ciudad real', 'lugo')",2020,38.1511596,160.142,198.2931596
Ciudad Real,Madrid,14_29_R1,200.932,2.3785,0.0,rapida_demo,DATOS SINTÉTICOS DE DEMOSTRACIÓN,DEMO: generado localmente,2026-10-08,"('ciudad real', 'madrid')",2020,11.332564799999998,47.56999999999999,58.90256479999999
Ciudad Real,Málaga,14_30_R1,319.265,3.7792,0.0,rapida_demo,DATOS SINTÉTICOS DE DEMOSTRACIÓN,DEMO: generado localmente,2026-10-08,"('ciudad real', 'málaga')",2020,18.006546,75.584,93.590546
Ciudad Real,Murcia,14_31_R1,334.746,3.9624,0.0,rapida_demo,DATOS SINTÉTICOS DE DEMOSTRACIÓN,DEMO: generado localmente,2026-10-08,"('ciudad real', 'murcia')",2020,18.8796744,79.248,98.1276744
Ciudad Real,Pamplona/Iruña,14_32_R1,584.329,6.9168,0.0,rapida_demo,DATOS SINTÉTICOS DE DEMOSTRACIÓN,DEMO: generado localmente,2026-10-08,"('ciudad real', 'pamplona/iruña')",2020,32.956155599999995,138.336,171.2921556
Ciudad Real,Ourense,14_33_R1,623.602,7.3817,0.0,rapida_demo,DATOS SINTÉTICOS DE DEMOSTRACIÓN,DEMO: generado localmente,2026-10-08,"('ciudad real', 'ourense')",2020,35.171152799999994,147.63400000000001,182.8051528
Ciudad Real,Palencia,14_34_R1,425.444,5.036,0.0,rapida_demo,DATOS SINTÉTICOS DE DEMOSTRACIÓN,DEMO: generado localmente,2026-10-08,"('ciudad real', 'palencia')",2020,23.9950416,100.72,124.7150416
Ciudad Real,Pontevedra,14_35_R1,690.223,8.1703,0.0,rapida_demo,DATOS SINTÉTICOS DE DEMOSTRACIÓN,DEMO: generado localmente,2026-10-08,"('ciudad real', 'pontevedra')",2020,38.9285772,163.40599999999998,202.33457719999998
Ciudad Real,Salamanca,14_36_R1,331.559,3.9247,0.0,rapida_demo,DATOS SINTÉTICOS DE DEMOSTRACIÓN,DEMO: generado localmente,2026-10-08,"('ciudad real', 'salamanca')",2020,18.699927600000002,78.494,97.1939276
Ciudad Real,Segovia,14_37_R1,274.009,3.2435,0.0,rapida_demo,DATOS SINTÉTICOS DE DEMOSTRACIÓN,DEMO: generado localmente,2026-10-08,"('ciudad real', 'segovia')",2020,15.4541076,64.87,80.3241076
Ciudad Real,Sevilla,14_38_R1,316.479,3.7462,0.0,rapida_demo,DATOS SINTÉTICOS DE DEMOSTRACIÓN,DEMO: generado localmente,2026-10-08,"('ciudad real', 'sevilla')",2020,17.8494156,74.924,92.7734156
Ciudad Real,Soria,14_39_R1,416.097,4.9254,0.0,rapida_demo,DATOS SINTÉTICOS DE DEMOSTRACIÓN,DEMO: generado localmente,2026-10-08,"('ciudad real', 'soria')",2020,23.4678708,98.508,121.9758708
Ciudad Real,Tarragona,14_40_R1,625.873,7.4085,0.0,rapida_demo,DATOS SINTÉTICOS DE DEMOSTRACIÓN,DEMO: generado localmente,2026-10-08,"('ciudad real', 'tarragona')",2020,35.2992372,148.17000000000002,183.4692372
Ciudad Real,Teruel,14_41_R1,355.967,4.2136,0.0,rapida_demo,DATOS SINTÉTICOS DE DEMOSTRACIÓN,DEMO: generado localmente,2026-10-08,"('ciudad real', 'teruel')",2020,20.076538799999998,84.27199999999999,104.34853879999999
Ciudad Real,Toledo,14_42_R1,121.591,1.4393,0.0,rapida_demo,DATOS SINTÉTICOS DE DEMOSTRACIÓN,DEMO: generado localmente,2026-10-08,"('ciudad real', 'toledo')",2020,6.8577324,28.786,35.643732400000005
Ciudad Real,Valencia,14_43_R1,388.217,4.5954,0.0,rapida_demo,DATOS SINTÉTICOS DE DEMOSTRACIÓN,DEMO: generado localmente,2026-10-08,"('ciudad real', 'valencia')",2020,21.895438799999997,91.90799999999999,113.80343879999998
Ciudad Real,Valladolid,14_44_R1,380.351,4.5023,0.0,rapida_demo,DATOS SINTÉTICOS DE DEMOSTRACIÓN,DEMO: generado localmente,2026-10-08,"('ciudad real', 'valladolid')",2020,21.4517964,90.04599999999999,111.4977964
Ciudad Real,Zamora,14_45_R1,399.739,4.7318,0.0,rapida_demo,DATOS SINTÉTICOS DE DEMOSTRACIÓN,DEMO: generado localmente,2026-10-08,"('ciudad real', 'zamora')",2020,22.545279599999997,94.636,117.1812796
Ciudad Real,Zaragoza,14_46_R1,492.281,5.8272,0.0,rapida_demo,DATOS SINTÉTICOS DE DEMOSTRACIÓN,DEMO: generado localmente,2026-10-08,"('ciudad real', 'zaragoza')",2020,27.7646484,116.54400000000001,144.3086484
Córdoba,A Coruña,15_16_R1,852.591,10.0922,0.0,rapida_demo,DATOS SINTÉTICOS DE DEMOSTRACIÓN,DEMO: generado localmente,2026-10-08,"('a coruña', 'córdoba')",2020,48.0861324,201.844,249.9301324
Córdoba,Cuenca,15_17_R1,417.84,4.946,0.0,rapida_demo,DATOS SINTÉTICOS DE DEMOSTRACIÓN,DEMO: generado localmente,2026-10-08,"('cuenca', 'córdoba')",2020,23.566176,98.91999999999999,122.48617599999999
Córdoba,Donostia/San Sebastián,15_18_R1,810.836,9.598,0.0,rapida_demo,DATOS SINTÉTICOS DE DEMOSTRACIÓN,DEMO: generado localmente,2026-10-08,"('córdoba', 'donostia/san sebastián')",2020,45.7311504,191.96,237.6911504
Córdoba,Girona,15_19_R1,989.656,11.7147,0.0,rapida_demo,DATOS SINTÉTICOS DE DEMOSTRACIÓN,DEMO: generado localmente,2026-10-08,"('córdoba', 'girona')",2020,55.8165984,234.294,290.1105984
Córdoba,Granada,15_20_R1,163.127,1.931,0.0,rapida_demo,DATOS SINTÉTICOS DE DEMOSTRACIÓN,DEMO: generado localmente,2026-10-08,"('córdoba', 'granada')",2020,9.2003628,38.620000000000005,47.820362800000005
Córdoba,Guadalajara,15_21_R1,419.397,4.9644,0.0,rapida_demo,DATOS SINTÉTICOS DE DEMOSTRACIÓN,DEMO: generado localmente,2026-10-08,"('córdoba', 'guadalajara')",2020,23.6539908,99.28800000000001,122.94199080000001
Córdoba,Huelva,15_22_R1,254.867,3.0169,0.0,rapida_demo,DATOS SINTÉTICOS DE DEMOSTRACIÓN,DEMO: generado localmente,2026-10-08,"('córdoba', 'huelva')",2020,14.3744988,60.338,74.7124988
Córdoba,Huesca,15_23_R1,752.088,8.9026,0.0,rapida_demo,DATOS SINTÉTICOS DE DEMOSTRACIÓN,DEMO: generado localmente,2026-10-08,"('córdoba', 'huesca')",2020,42.417763199999996,178.052,220.4697632
Córdoba,Jaén,15_24_R1,109.474,1.2959,0.0,rapida_demo,DATOS SINTÉTICOS DE DEMOSTRACIÓN,DEMO: generado localmente,2026-10-08,"('córdoba', 'jaén')",2020,6.1743336,25.918,32.092333599999996
Córdoba,Logroño,15_25_R1,683.333,8.0887,0.0,rapida_demo,DATOS SINTÉTICOS DE DEMOSTRACIÓN,DEMO: generado localmente,2026-10-08,"('córdoba', 'logroño')",2020,38.5399812,161.774,200.3139812
Córdoba,León,15_26_R1,660.437,7.8177,0.0,rapida_demo,DATOS SINTÉTICOS DE DEMOSTRACIÓN,DEMO: generado localmente,2026-10-08,"('córdoba', 'león')",2020,37.2486468,156.354,193.6026468
Córdoba,Lleida,15_27_R1,775.645,9.1814,0.0,rapida_demo,DATOS SINTÉTICOS DE DEMOSTRACIÓN,DEMO: generado localmente,2026-10-08,"('córdoba', 'lleida')",2020,43.746378,183.628,227.37437799999998
Córdoba,Lugo,15_28_R1,770.477,9.1202,0.0,rapida_demo,DATOS SINTÉTICOS DE DEMOSTRACIÓN,DEMO: generado localmente,2026-10-08,"('córdoba', 'lugo')",2020,43.4549028,182.404,225.8589028
Córdoba,Madrid,15_29_R1,371.061,4.3923,0.0,rapida_demo,DATOS SINTÉTICOS DE DEMOSTRACIÓN,DEMO: generado localmente,2026-10-08,"('córdoba', 'madrid')",2020,20.927840399999997,87.84599999999999,108.77384039999998
Córdoba,Málaga,15_30_R1,166.772,1.9741,0.0,rapida_demo,DATOS SINTÉTICOS DE DEMOSTRACIÓN,DEMO: generado localmente,2026-10-08,"('córdoba', 'málaga')",2020,9.4059408,39.482,48.887940799999996
Córdoba,Murcia,15_31_R1,399.91,4.7338,0.0,rapida_demo,DATOS SINTÉTICOS DE DEMOSTRACIÓN,DEMO: generado localmente,2026-10-08,"('córdoba', 'murcia')",2020,22.554924,94.67599999999999,117.23092399999999
Córdoba,Pamplona/Iruña,15_32_R1,761.588,9.015,0.0,rapida_demo,DATOS SINTÉTICOS DE DEMOSTRACIÓN,DEMO: generado localmente,2026-10-08,"('córdoba', 'pamplona/iruña')",2020,42.9535632,180.3,223.2535632
Córdoba,Ourense,15_33_R1,700.125,8.2875,0.0,rapida_demo,DATOS SINTÉTICOS DE DEMOSTRACIÓN,DEMO: generado localmente,2026-10-08,"('córdoba', 'ourense')",2020,39.487049999999996,165.75,205.23705
Córdoba,Palencia,15_34_R1,574.062,6.7952,0.0,rapida_demo,DATOS SINTÉTICOS DE DEMOSTRACIÓN,DEMO: generado localmente,2026-10-08,"('córdoba', 'palencia')",2020,32.3770968,135.904,168.2810968
Córdoba,Pontevedra,15_35_R1,753.754,8.9223,0.0,rapida_demo,DATOS SINTÉTICOS DE DEMOSTRACIÓN,DEMO: generado localmente,2026-10-08,"('córdoba', 'pontevedra')",2020,42.5117256,178.446,220.9577256
Córdoba,Salamanca,15_36_R1,438.608,5.1919,0.0,rapida_demo,DATOS SINTÉTICOS DE DEMOSTRACIÓN,DEMO: generado localmente,2026-10-08,"('córdoba', 'salamanca')",2020,24.7374912,103.83800000000001,128.57549120000002
Córdoba,Segovia,15_37_R1,431.776,5.111,0.0,rapida_demo,DATOS SINTÉTICOS DE DEMOSTRACIÓN,DEMO: generado localmente,2026-10-08,"('córdoba', 'segovia')",2020,24.3521664,102.22,126.5721664
Córdoba,Sevilla,15_38_R1,150.808,1.7851,0.0,rapida_demo,DATOS SINTÉTICOS DE DEMOSTRACIÓN,DEMO: generado localmente,2026-10-08,"('córdoba', 'sevilla')",2020,8.505571199999999,35.702,44.2075712
Córdoba,Soria,15_39_R1,592.757,7.0165,0.0,rapida_demo,DATOS SINTÉTICOS DE DEMOSTRACIÓN,DEMO: generado localmente,2026-10-08,"('córdoba', 'soria')",2020,33.431494799999996,140.32999999999998,173.76149479999998
Córdoba,Tarragona,15_40_R1,787.168,9.3178,0.0,rapida_demo,DATOS SINTÉTICOS DE DEMOSTRACIÓN,DEMO: generado localmente,2026-10-08,"('córdoba', 'tarragona')",2020,44.3962752,186.356,230.75227519999999
Córdoba,Teruel,15_41_R1,522.643,6.1866,0.0,rapida_demo,DATOS SINTÉTICOS DE DEMOSTRACIÓN,DEMO: generado localmente,2026-10-08,"('córdoba', 'teruel')",2020,29.477065200000002,123.732,153.2090652
Córdoba,Toledo,15_42_R1,285.791,3.3829,0.0,rapida_demo,DATOS SINTÉTICOS DE DEMOSTRACIÓN,DEMO: generado localmente,2026-10-08,"('córdoba', 'toledo')",2020,16.1186124,67.658,83.7766124
Córdoba,Valencia,15_43_R1,525.603,6.2216,0.0,rapida_demo,DATOS SINTÉTICOS DE DEMOSTRACIÓN,DEMO: generado localmente,2026-10-08,"('córdoba', 'valencia')",2020,29.644009199999996,124.43199999999999,154.0760092
Córdoba,Valladolid,15_44_R1,523.658,6.1986,0.0,rapida_demo,DATOS SINTÉTICOS DE DEMOSTRACIÓN,DEMO: generado localmente,2026-10-08,"('córdoba', 'valladolid')",2020,29.5343112,123.972,153.5063112
Córdoba,Zamora,15_45_R1,513.57,6.0792,0.0,rapida_demo,DATOS SINTÉTICOS DE DEMOSTRACIÓN,DEMO: generado localmente,2026-10-08,"('córdoba', 'zamora')",2020,28.965348000000002,121.584,150.549348
Córdoba,Zaragoza,15_46_R1,669.333,7.923,0.0,rapida_demo,DATOS SINTÉTICOS DE DEMOSTRACIÓN,DEMO: generado localmente,2026-10-08,"('córdoba', 'zaragoza')",2020,37.7503812,158.46,196.2103812
A Coruña,Cuenca,16_17_R1,794.665,9.4065,0.0,rapida_demo,DATOS SINTÉTICOS DE DEMOSTRACIÓN,DEMO: generado localmente,2026-10-08,"('a coruña', 'cuenca')",2020,44.819106,188.13,232.949106
A Coruña,Donostia/San Sebastián,16_18_R1,647.801,7.6681,0.0,rapida_demo,DATOS SINTÉTICOS DE DEMOSTRACIÓN,DEMO: generado localmente,2026-10-08,"('a coruña', 'donostia/san sebastián')",2020,36.5359764,153.362,189.8979764
A Coruña,Girona,16_19_R1,1161.784,13.7522,0.0,rapida_demo,DATOS SINTÉTICOS DE DEMOSTRACIÓN,DEMO: generado localmente,2026-10-08,"('a coruña', 'girona')",2020,65.5246176,275.044,340.5686176
A Coruña,Granada,16_20_R1,999.954,11.8366,0.0,rapida_demo,DATOS SINTÉTICOS DE DEMOSTRACIÓN,DEMO: generado localmente,2026-10-08,"('a coruña', 'granada')",2020,56.3974056,236.73200000000003,293.12940560000004
A Coruña,Guadalajara,16_21_R1,660.434,7.8176,0.0,rapida_demo,DATOS SINTÉTICOS DE DEMOSTRACIÓN,DEMO: generado localmente,2026-10-08,"('a coruña', 'guadalajara')",2020,37.248477599999994,156.352,193.6004776
A Coruña,Huelva,16_22_R1,863.61,10.2227,0.0,rapida_demo,DATOS SINTÉTICOS DE DEMOSTRACIÓN,DEMO: generado localmente,2026-10-08,"('a coruña', 'huelva')",2020,48.707603999999996,204.454,253.161604
A Coruña,Huesca,16_23_R1,832.511,9.8545,0.0,rapida_demo,DATOS SINTÉTICOS DE DEMOSTRACIÓN,DEMO: generado localmente,2026-10-08,"('a coruña', 'huesca')",2020,46.9536204,197.09,244.0436204
A Coruña,Jaén,16_24_R1,918.201,10.8689,0.0,rapida_demo,DATOS SINTÉTICOS DE DEMOSTRACIÓN,DEMO: generado localmente,2026-10-08,"('a coruña', 'jaén')",2020,51.7865364,217.378,269.1645364
A Coruña,Logroño,16_25_R1,619.091,7.3283,0.0,rapida_demo,DATOS SINTÉTICOS DE DEMOSTRACIÓN,DEMO: generado localmente,2026-10-08,"('a coruña', 'logroño')",2020,34.9167324,146.566,181.4827324
A Coruña,León,16_26_R1,306.378,3.6266,0.0,rapida_demo,DATOS SINTÉTICOS DE DEMOSTRACIÓN,DEMO: generado localmente,2026-10-08,"('a coruña', 'león')",2020,17.2797192,72.532,89.8117192
A Coruña,Lleida,16_27_R1,955.857,11.3146,0.0,rapida_demo,DATOS SINTÉTICOS DE DEMOSTRACIÓN,DEMO: generado localmente,2026-10-08,"('a coruña', 'lleida')",2020,53.910334799999994,226.292,280.2023348
A Coruña,Lugo,16_28_R1,98.861,1.1702,0.0,rapida_demo,DATOS SINTÉTICOS DE DEMOSTRACIÓN,DEMO: generado localmente,2026-10-08,"('a coruña', 'lugo')",2020,5.5757604,23.403999999999996,28.979760399999996
A Coruña,Madrid,16_29_R1,636.41,7.5333,0.0,rapida_demo,DATOS SINTÉTICOS DE DEMOSTRACIÓN,DEMO: generado localmente,2026-10-08,"('a coruña', 'madrid')",2020,35.893524,150.666,186.559524
A Coruña,Málaga,16_30_R1,1016.573,12.0333,0.0,rapida_demo,DATOS SINTÉTICOS DE DEMOSTRACIÓN,DEMO: generado localmente,2026-10-08,"('a coruña', 'málaga')",2020,57.3347172,240.666,298.0007172
A Coruña,Murcia,16_31_R1,1070.375,12.6702,0.0,rapida_demo,DATOS SINTÉTICOS DE DEMOSTRACIÓN,DEMO: generado localmente,2026-10-08,"('a coruña', 'murcia')",2020,60.36915,253.404,313.77315
A Coruña,Pamplona/Iruña,16_32_R1,689.346,8.1599,0.0,rapida_demo,DATOS SINTÉTICOS DE DEMOSTRACIÓN,DEMO: generado localmente,2026-10-08,"('a coruña', 'pamplona/iruña')",2020,38.8791144,163.198,202.0771144
A Coruña,Ourense,16_33_R1,153.857,1.8212,0.0,rapida_demo,DATOS SINTÉTICOS DE DEMOSTRACIÓN,DEMO: generado localmente,2026-10-08,"('a coruña', 'ourense')",2020,8.6775348,36.424,45.101534799999996
A Coruña,Palencia,16_34_R1,437.554,5.1794,0.0,rapida_demo,DATOS SINTÉTICOS DE DEMOSTRACIÓN,DEMO: generado localmente,2026-10-08,"('a coruña', 'palencia')",2020,24.678045599999997,103.58800000000001,128.2660456
A Coruña,Pontevedra,16_35_R1,133.062,1.5751,0.0,rapida_demo,DATOS SINTÉTICOS DE DEMOSTRACIÓN,DEMO: generado localmente,2026-10-08,"('a coruña', 'pontevedra')",2020,7.5046968000000005,31.502,39.0066968
A Coruña,Salamanca,16_36_R1,437.048,5.1734,0.0,rapida_demo,DATOS SINTÉTICOS DE DEMOSTRACIÓN,DEMO: generado localmente,2026-10-08,"('a coruña', 'salamanca')",2020,24.6495072,103.468,128.1175072
A Coruña,Segovia,16_37_R1,553.878,6.5563,0.0,rapida_demo,DATOS SINTÉTICOS DE DEMOSTRACIÓN,DEMO: generado localmente,2026-10-08,"('a coruña', 'segovia')",2020,31.238719200000002,131.126,162.3647192
A Coruña,Sevilla,16_38_R1,869.471,10.292,0.0,rapida_demo,DATOS SINTÉTICOS DE DEMOSTRACIÓN,DEMO: generado localmente,2026-10-08,"('a coruña', 'sevilla')",2020,49.0381644,205.84,254.8781644
A Coruña,Soria,16_39_R1,646.88,7.6572,0.0,rapida_demo,DATOS SINTÉTICOS DE DEMOSTRACIÓN,DEMO: generado localmente,2026-10-08,"('a coruña', 'soria')",2020,36.484032,153.144,189.62803200000002
A Coruña,Tarragona,16_40_R1,1040.468,12.3161,0.0,rapida_demo,DATOS SINTÉTICOS DE DEMOSTRACIÓN,DEMO: generado localmente,2026-10-08,"('a coruña', 'tarragona')",2020,58.6823952,246.322,305.0043952
A Coruña,Teruel,16_41_R1,863.447,10.2207,0.0,rapida_demo,DATOS SINTÉTICOS DE DEMOSTRACIÓN,DEMO: generado localmente,2026-10-08,"('a coruña', 'teruel')",2020,48.6984108,204.41400000000002,253.11241080000002
A Coruña,Toledo,16_42_R1,666.861,7.8937,0.0,rapida_demo,DATOS SINTÉTICOS DE DEMOSTRACIÓN,DEMO: generado localmente,2026-10-08,"('a coruña', 'toledo')",2020,37.610960399999996,157.874,195.48496039999998
A Coruña,Valencia,16_43_R1,995.565,11.7846,0.0,rapida_demo,DATOS SINTÉTICOS DE DEMOSTRACIÓN,DEMO: generado localmente,2026-10-08,"('a coruña', 'valencia')",2020,56.149866,235.69199999999998,291.841866
A Coruña,Valladolid,16_44_R1,445.192,5.2698,0.0,rapida_demo,DATOS SINTÉTICOS DE DEMOSTRACIÓN,DEMO: generado localmente,2026-10-08,"('a coruña', 'valladolid')",2020,25.1088288,105.396,130.5048288
A Coruña,Zamora,16_45_R1,375.742,4.4477,0.0,rapida_demo,DATOS SINTÉTICOS DE DEMOSTRACIÓN,DEMO: generado localmente,2026-10-08,"('a coruña', 'zamora')",2020,21.1918488,88.95400000000001,110.14584880000001
A Coruña,Zaragoza,16_46_R1,806.016,9.5409,0.0,rapida_demo,DATOS SINTÉTICOS DE DEMOSTRACIÓN,DEMO: generado localmente,2026-10-08,"('a coruña', 'zaragoza')",2020,45.4593024,190.818,236.2773024
Cuenca,Donostia/San Sebastián,17_18_R1,451.098,5.3397,0.0,rapida_demo,DATOS SINTÉTICOS DE DEMOSTRACIÓN,DEMO: generado localmente,2026-10-08,"('cuenca', 'donostia/san sebastián')",2020,25.4419272,106.794,132.2359272
Cuenca,Girona,17_19_R1,582.99,6.9009,0.0,rapida_demo,DATOS SINTÉTICOS DE DEMOSTRACIÓN,DEMO: generado localmente,2026-10-08,"('cuenca', 'girona')",2020,32.880636,138.018,170.898636
Cuenca,Granada,17_20_R1,433.923,5.1364,0.0,rapida_demo,DATOS SINTÉTICOS DE DEMOSTRACIÓN,DEMO: generado localmente,2026-10-08,"('cuenca', 'granada')",2020,24.4732572,102.72800000000001,127.20125720000001
Cuenca,Guadalajara,17_21_R1,134.308,1.5898,0.0,rapida_demo,DATOS SINTÉTICOS DE DEMOSTRACIÓN,DEMO: generado localmente,2026-10-08,"('cuenca', 'guadalajara')",2020,7.574971199999999,31.796000000000003,39.3709712
Cuenca,Huelva,17_22_R1,653.542,7.7361,0.0,rapida_demo,DATOS SINTÉTICOS DE DEMOSTRACIÓN,DEMO: generado localmente,2026-10-08,"('cuenca', 'huelva')",2020,36.8597688,154.722,191.58176880000002
Cuenca,Huesca,17_23_R1,338.641,4.0085,0.0,rapida_demo,DATOS SINTÉTICOS DE DEMOSTRACIÓN,DEMO: generado localmente,2026-10-08,"('cuenca', 'huesca')",2020,19.0993524,80.16999999999999,99.26935239999999
Cuenca,Jaén,17_24_R1,368.27,4.3593,0.0,rapida_demo,DATOS SINTÉTICOS DE DEMOSTRACIÓN,DEMO: generado localmente,2026-10-08,"('cuenca', 'jaén')",2020,20.770428,87.186,107.956428
Cuenca,Logroño,17_25_R1,333.545,3.9482,0.0,rapida_demo,DATOS SINTÉTICOS DE DEMOSTRACIÓN,DEMO: generado localmente,2026-10-08,"('cuenca', 'logroño')",2020,18.811938,78.964,97.775938
Cuenca,León,17_26_R1,501.766,5.9395,0.0,rapida_demo,DATOS SINTÉTICOS DE DEMOSTRACIÓN,DEMO: generado localmente,2026-10-08,"('cuenca', 'león')",2020,28.2996024,118.78999999999999,147.0896024
Cuenca,Lleida,17_27_R1,360.038,4.2618,0.0,rapida_demo,DATOS SINTÉTICOS DE DEMOSTRACIÓN,DEMO: generado localmente,2026-10-08,"('cuenca', 'lleida')",2020,20.3061432,85.236,105.5421432
Cuenca,Lugo,17_28_R1,695.937,8.2379,0.0,rapida_demo,DATOS SINTÉTICOS DE DEMOSTRACIÓN,DEMO: generado localmente,2026-10-08,"('cuenca', 'lugo')",2020,39.2508468,164.75799999999998,204.0088468
Cuenca,Madrid,17_29_R1,172.346,2.0401,0.0,rapida_demo,DATOS SINTÉTICOS DE DEMOSTRACIÓN,DEMO: generado localmente,2026-10-08,"('cuenca', 'madrid')",2020,9.7203144,40.80199999999999,50.52231439999999
Cuenca,Málaga,17_30_R1,528.855,6.2601,0.0,rapida_demo,DATOS SINTÉTICOS DE DEMOSTRACIÓN,DEMO: generado localmente,2026-10-08,"('cuenca', 'málaga')",2020,29.827422000000002,125.20200000000001,155.029422
Cuenca,Murcia,17_31_R1,310.475,3.6751,0.0,rapida_demo,DATOS SINTÉTICOS DE DEMOSTRACIÓN,DEMO: generado localmente,2026-10-08,"('cuenca', 'murcia')",2020,17.51079,73.502,91.01279
Cuenca,Pamplona/Iruña,17_32_R1,384.285,4.5488,0.0,rapida_demo,DATOS SINTÉTICOS DE DEMOSTRACIÓN,DEMO: generado localmente,2026-10-08,"('cuenca', 'pamplona/iruña')",2020,21.673674000000002,90.976,112.649674
Cuenca,Ourense,17_33_R1,676.524,8.0081,0.0,rapida_demo,DATOS SINTÉTICOS DE DEMOSTRACIÓN,DEMO: generado localmente,2026-10-08,"('cuenca', 'ourense')",2020,38.1559536,160.162,198.3179536
Cuenca,Palencia,17_34_R1,368.271,4.3593,0.0,rapida_demo,DATOS SINTÉTICOS DE DEMOSTRACIÓN,DEMO: generado localmente,2026-10-08,"('cuenca', 'palencia')",2020,20.7704844,87.186,107.95648440000001
Cuenca,Pontevedra,17_35_R1,755.207,8.9395,0.0,rapida_demo,DATOS SINTÉTICOS DE DEMOSTRACIÓN,DEMO: generado localmente,2026-10-08,"('cuenca', 'pontevedra')",2020,42.593674799999995,178.79000000000002,221.38367480000002
Cuenca,Salamanca,17_36_R1,393.169,4.654,0.0,rapida_demo,DATOS SINTÉTICOS DE DEMOSTRACIÓN,DEMO: generado localmente,2026-10-08,"('cuenca', 'salamanca')",2020,22.174731599999998,93.08,115.2547316
Cuenca,Segovia,17_37_R1,243.131,2.878,0.0,rapida_demo,DATOS SINTÉTICOS DE DEMOSTRACIÓN,DEMO: generado localmente,2026-10-08,"('cuenca', 'segovia')",2020,13.7125884,57.56,71.2725884
Cuenca,Sevilla,17_38_R1,561.383,6.6452,0.0,rapida_demo,DATOS SINTÉTICOS DE DEMOSTRACIÓN,DEMO: generado localmente,2026-10-08,"('cuenca', 'sevilla')",2020,31.662001200000002,132.904,164.5660012
Cuenca,Soria,17_39_R1,236.841,2.8035,0.0,rapida_demo,DATOS SINTÉTICOS DE DEMOSTRACIÓN,DEMO: generado localmente,2026-10-08,"('cuenca', 'soria')",2020,13.3578324,56.07,69.4278324
Cuenca,Tarragona,17_40_R1,385.252,4.5603,0.0,rapida_demo,DATOS SINTÉTICOS DE DEMOSTRACIÓN,DEMO: generado localmente,2026-10-08,"('cuenca', 'tarragona')",2020,21.7282128,91.20599999999999,112.93421279999998
Cuenca,Teruel,17_41_R1,114.599,1.3565,0.0,rapida_demo,DATOS SINTÉTICOS DE DEMOSTRACIÓN,DEMO: generado localmente,2026-10-08,"('cuenca', 'teruel')",2020,6.4633836,27.130000000000003,33.5933836
Cuenca,Toledo,17_42_R1,204.216,2.4173,0.0,rapida_demo,DATOS SINTÉTICOS DE DEMOSTRACIÓN,DEMO: generado localmente,2026-10-08,"('cuenca', 'toledo')",2020,11.5177824,48.346000000000004,59.863782400000005
Cuenca,Valencia,17_43_R1,205.414,2.4315,0.0,rapida_demo,DATOS SINTÉTICOS DE DEMOSTRACIÓN,DEMO: generado localmente,2026-10-08,"('cuenca', 'valencia')",2020,11.585349599999999,48.63,60.2153496
Cuenca,Valladolid,17_44_R1,349.992,4.1429,0.0,rapida_demo,DATOS SINTÉTICOS DE DEMOSTRACIÓN,DEMO: generado localmente,2026-10-08,"('cuenca', 'valladolid')",2020,19.7395488,82.858,102.5975488
Cuenca,Zamora,17_45_R1,429.084,5.0791,0.0,rapida_demo,DATOS SINTÉTICOS DE DEMOSTRACIÓN,DEMO: generado localmente,2026-10-08,"('cuenca', 'zamora')",2020,24.2003376,101.58200000000001,125.7823376
Cuenca,Zaragoza,17_46_R1,255.859,3.0286,0.0,rapida_demo,DATOS SINTÉTICOS DE DEMOSTRACIÓN,DEMO: generado localmente,2026-10-08,"('cuenca', 'zaragoza')",2020,14.4304476,60.572,75.00244760000001
Donostia/San Sebastián,Girona,18_19_R1,525.677,6.2225,0.0,rapida_demo,DATOS SINTÉTICOS DE DEMOSTRACIÓN,DEMO: generado localmente,2026-10-08,"('donostia/san sebastián', 'girona')",2020,29.6481828,124.45,154.09818280000002
Donostia/San Sebastián,Granada,18_20_R1,871.342,10.3142,0.0,rapida_demo,DATOS SINTÉTICOS DE DEMOSTRACIÓN,DEMO: generado localmente,2026-10-08,"('donostia/san sebastián', 'granada')",2020,49.1436888,206.284,255.4276888
Donostia/San Sebastián,Guadalajara,18_21_R1,393.038,4.6524,0.0,rapida_demo,DATOS SINTÉTICOS DE DEMOSTRACIÓN,DEMO: generado localmente,2026-10-08,"('donostia/san sebastián', 'guadalajara')",2020,22.1673432,93.048,115.2153432
Donostia/San Sebastián,Huelva,18_22_R1,993.341,11.7583,0.0,rapida_demo,DATOS SINTÉTICOS DE DEMOSTRACIÓN,DEMO: generado localmente,2026-10-08,"('donostia/san sebastián', 'huelva')",2020,56.0244324,235.166,291.1904324
Donostia/San Sebastián,Huesca,18_23_R1,229.892,2.7213,0.0,rapida_demo,DATOS SINTÉTICOS DE DEMOSTRACIÓN,DEMO: generado localmente,2026-10-08,"('donostia/san sebastián', 'huesca')",2020,12.9659088,54.425999999999995,67.3919088
Donostia/San Sebastián,Jaén,18_24_R1,795.508,9.4165,0.0,rapida_demo,DATOS SINTÉTICOS DE DEMOSTRACIÓN,DEMO: generado localmente,2026-10-08,"('donostia/san sebastián', 'jaén')",2020,44.8666512,188.32999999999998,233.1966512
Donostia/San Sebastián,Logroño,18_25_R1,127.519,1.5095,0.0,rapida_demo,DATOS SINTÉTICOS DE DEMOSTRACIÓN,DEMO: generado localmente,2026-10-08,"('donostia/san sebastián', 'logroño')",2020,7.1920716,30.19,37.3820716
Donostia/San Sebastián,León,18_26_R1,378.603,4.4816,0.0,rapida_demo,DATOS SINTÉTICOS DE DEMOSTRACIÓN,DEMO: generado localmente,2026-10-08,"('donostia/san sebastián', 'león')",2020,21.3532092,89.632,110.9852092
Donostia/San Sebastián,Lleida,18_27_R1,357.774,4.235,0.0,rapida_demo,DATOS SINTÉTICOS DE DEMOSTRACIÓN,DEMO: generado localmente,2026-10-08,"('donostia/san sebastián', 'lleida')",2020,20.1784536,84.7,104.8784536
Donostia/San Sebastián,Lugo,18_28_R1,566.222,6.7024,0.0,rapida_demo,DATOS SINTÉTICOS DE DEMOSTRACIÓN,DEMO: generado localmente,2026-10-08,"('donostia/san sebastián', 'lugo')",2020,31.934920799999997,134.048,165.9829208
Donostia/San Sebastián,Madrid,18_29_R1,440.363,5.2126,0.0,rapida_demo,DATOS SINTÉTICOS DE DEMOSTRACIÓN,DEMO: generado localmente,2026-10-08,"('donostia/san sebastián', 'madrid')",2020,24.8364732,104.25200000000001,129.0884732
Donostia/San Sebastián,Málaga,18_30_R1,953.15,11.2826,0.0,rapida_demo,DATOS SINTÉTICOS DE DEMOSTRACIÓN,DEMO: generado localmente,2026-10-08,"('donostia/san sebastián', 'málaga')",2020,53.757659999999994,225.65200000000002,279.40966000000003
Donostia/San Sebastián,Murcia,18_31_R1,747.409,8.8472,0.0,rapida_demo,DATOS SINTÉTICOS DE DEMOSTRACIÓN,DEMO: generado localmente,2026-10-08,"('donostia/san sebastián', 'murcia')",2020,42.1538676,176.94400000000002,219.09786760000003
Donostia/San Sebastián,Pamplona/Iruña,18_32_R1,78.027,0.9236,0.0,rapida_demo,DATOS SINTÉTICOS DE DEMOSTRACIÓN,DEMO: generado localmente,2026-10-08,"('donostia/san sebastián', 'pamplona/iruña')",2020,4.4007228,18.472,22.872722800000002
Donostia/San Sebastián,Ourense,18_33_R1,614.525,7.2742,0.0,rapida_demo,DATOS SINTÉTICOS DE DEMOSTRACIÓN,DEMO: generado localmente,2026-10-08,"('donostia/san sebastián', 'ourense')",2020,34.659209999999995,145.484,180.14321
Donostia/San Sebastián,Palencia,18_34_R1,317.688,3.7605,0.0,rapida_demo,DATOS SINTÉTICOS DE DEMOSTRACIÓN,DEMO: generado localmente,2026-10-08,"('donostia/san sebastián', 'palencia')",2020,17.9176032,75.21,93.1276032
Donostia/San Sebastián,Pontevedra,18_35_R1,689.46,8.1612,0.0,rapida_demo,DATOS SINTÉTICOS DE DEMOSTRACIÓN,DEMO: generado localmente,2026-10-08,"('donostia/san sebastián', 'pontevedra')",2020,38.885544,163.224,202.109544
Donostia/San Sebastián,Salamanca,18_36_R1,500.818,5.9282,0.0,rapida_demo,DATOS SINTÉTICOS DE DEMOSTRACIÓN,DEMO: generado localmente,2026-10-08,"('donostia/san sebastián', 'salamanca')",2020,28.246135199999998,118.56400000000001,146.8101352
Donostia/San Sebastián,Segovia,18_37_R1,396.434,4.6926,0.0,rapida_demo,DATOS SINTÉTICOS DE DEMOSTRACIÓN,DEMO: generado localmente,2026-10-08,"('donostia/san sebastián', 'segovia')",2020,22.3588776,93.85199999999999,116.21087759999999
Donostia/San Sebastián,Sevilla,18_38_R1,927.238,10.9758,0.0,rapida_demo,DATOS SINTÉTICOS DE DEMOSTRACIÓN,DEMO: generado localmente,2026-10-08,"('donostia/san sebastián', 'sevilla')",2020,52.2962232,219.516,271.8122232
Donostia/San Sebastián,Soria,18_39_R1,222.089,2.6289,0.0,rapida_demo,DATOS SINTÉTICOS DE DEMOSTRACIÓN,DEMO: generado localmente,2026-10-08,"('donostia/san sebastián', 'soria')",2020,12.5258196,52.577999999999996,65.1038196
Donostia/San Sebastián,Tarragona,18_40_R1,452.782,5.3596,0.0,rapida_demo,DATOS SINTÉTICOS DE DEMOSTRACIÓN,DEMO: generado localmente,2026-10-08,"('donostia/san sebastián', 'tarragona')",2020,25.5369048,107.19200000000001,132.7289048
Donostia/San Sebastián,Teruel,18_41_R1,423.776,5.0163,0.0,rapida_demo,DATOS SINTÉTICOS DE DEMOSTRACIÓN,DEMO: generado localmente,2026-10-08,"('donostia/san sebastián', 'teruel')",2020,23.9009664,100.32600000000001,124.22696640000001
Donostia/San Sebastián,Toledo,18_42_R1,526.177,6.2284,0.0,rapida_demo,DATOS SINTÉTICOS DE DEMOSTRACIÓN,DEMO: generado localmente,2026-10-08,"('donostia/san sebastián', 'toledo')",2020,29.6763828,124.568,154.24438279999998
Donostia/San Sebastián,Valencia,18_43_R1,560.969,6.6403,0.0,rapida_demo,DATOS SINTÉTICOS DE DEMOSTRACIÓN,DEMO: generado localmente,2026-10-08,"('donostia/san sebastián', 'valencia')",2020,31.638651600000003,132.80599999999998,164.4446516
Donostia/San Sebastián,Valladolid,18_44_R1,364.463,4.3142,0.0,rapida_demo,DATOS SINTÉTICOS DE DEMOSTRACIÓN,DEMO: generado localmente,2026-10-08,"('donostia/san sebastián', 'valladolid')",2020,20.5557132,86.28399999999999,106.83971319999999
Donostia/San Sebastián,Zamora,18_45_R1,461.238,5.4597,0.0,rapida_demo,DATOS SINTÉTICOS DE DEMOSTRACIÓN,DEMO: generado localmente,2026-10-08,"('donostia/san sebastián', 'zamora')",2020,26.0138232,109.19399999999999,135.20782319999998
Donostia/San Sebastián,Zaragoza,18_46_R1,257.838,3.0521,0.0,rapida_demo,DATOS SINTÉTICOS DE DEMOSTRACIÓN,DEMO: generado localmente,2026-10-08,"('donostia/san sebastián', 'zaragoza')",2020,14.542063200000001,61.041999999999994,75.5840632
Girona,Granada,19_20_R1,958.769,11.3491,0.0,rapida_demo,DATOS SINTÉTICOS DE DEMOSTRACIÓN,DEMO: generado localmente,2026-10-08,"('girona', 'granada')",2020,54.0745716,226.982,281.0565716
Girona,Guadalajara,19_21_R1,652.978,7.7294,0.0,rapida_demo,DATOS SINTÉTICOS DE DEMOSTRACIÓN,DEMO: generado localmente,2026-10-08,"('girona', 'guadalajara')",2020,36.827959199999995,154.588,191.41595919999997
Girona,Huelva,19_22_R1,1234.413,14.6119,0.0,rapida_demo,DATOS SINTÉTICOS DE DEMOSTRACIÓN,DEMO: generado localmente,2026-10-08,"('girona', 'huelva')",2020,69.6208932,292.238,361.8588932
Girona,Huesca,19_23_R1,334.401,3.9583,0.0,rapida_demo,DATOS SINTÉTICOS DE DEMOSTRACIÓN,DEMO: generado localmente,2026-10-08,"('girona', 'huesca')",2020,18.8602164,79.166,98.0262164
Girona,Jaén,19_24_R1,917.003,10.8547,0.0,rapida_demo,DATOS SINTÉTICOS DE DEMOSTRACIÓN,DEMO: generado localmente,2026-10-08,"('girona', 'jaén')",2020,51.718969200000004,217.094,268.8129692
Girona,Logroño,19_25_R1,545.852,6.4613,0.0,rapida_demo,DATOS SINTÉTICOS DE DEMOSTRACIÓN,DEMO: generado localmente,2026-10-08,"('girona', 'logroño')",2020,30.786052799999997,129.226,160.0120528
Girona,León,19_26_R1,867.436,10.2679,0.0,rapida_demo,DATOS SINTÉTICOS DE DEMOSTRACIÓN,DEMO: generado localmente,2026-10-08,"('girona', 'león')",2020,48.9233904,205.35799999999998,254.28139039999996
Girona,Lleida,19_27_R1,233.435,2.7632,0.0,rapida_demo,DATOS SINTÉTICOS DE DEMOSTRACIÓN,DEMO: generado localmente,2026-10-08,"('girona', 'lleida')",2020,13.165734,55.263999999999996,68.429734
Girona,Lugo,19_28_R1,1072.636,12.6969,0.0,rapida_demo,DATOS SINTÉTICOS DE DEMOSTRACIÓN,DEMO: generado localmente,2026-10-08,"('girona', 'lugo')",2020,60.4966704,253.938,314.43467039999996
Girona,Madrid,19_29_R1,715.132,8.4651,0.0,rapida_demo,DATOS SINTÉTICOS DE DEMOSTRACIÓN,DEMO: generado localmente,2026-10-08,"('girona', 'madrid')",2020,40.333444799999995,169.302,209.6354448
Girona,Málaga,19_30_R1,1067.22,12.6328,0.0,rapida_demo,DATOS SINTÉTICOS DE DEMOSTRACIÓN,DEMO: generado localmente,2026-10-08,"('girona', 'málaga')",2020,60.191208,252.656,312.847208
Girona,Murcia,19_31_R1,697.291,8.2539,0.0,rapida_demo,DATOS SINTÉTICOS DE DEMOSTRACIÓN,DEMO: generado localmente,2026-10-08,"('girona', 'murcia')",2020,39.3272124,165.078,204.4052124
Girona,Pamplona/Iruña,19_32_R1,473.121,5.6004,0.0,rapida_demo,DATOS SINTÉTICOS DE DEMOSTRACIÓN,DEMO: generado localmente,2026-10-08,"('girona', 'pamplona/iruña')",2020,26.6840244,112.008,138.69202439999998
Girona,Ourense,19_33_R1,1101.649,13.0403,0.0,rapida_demo,DATOS SINTÉTICOS DE DEMOSTRACIÓN,DEMO: generado localmente,2026-10-08,"('girona', 'ourense')",2020,62.133003599999995,260.806,322.9390036
Girona,Palencia,19_34_R1,759.794,8.9938,0.0,rapida_demo,DATOS SINTÉTICOS DE DEMOSTRACIÓN,DEMO: generado localmente,2026-10-08,"('girona', 'palencia')",2020,42.8523816,179.876,222.7283816
Girona,Pontevedra,19_35_R1,1181.807,13.9892,0.0,rapida_demo,DATOS SINTÉTICOS DE DEMOSTRACIÓN,DEMO: generado localmente,2026-10-08,"('girona', 'pontevedra')",2020,66.6539148,279.784,346.4379148
Girona,Salamanca,19_36_R1,894.85,10.5924,0.0,rapida_demo,DATOS SINTÉTICOS DE DEMOSTRACIÓN,DEMO: generado localmente,2026-10-08,"('girona', 'salamanca')",2020,50.46954,211.84799999999998,262.31754
Girona,Segovia,19_37_R1,737.632,8.7314,0.0,rapida_demo,DATOS SINTÉTICOS DE DEMOSTRACIÓN,DEMO: generado localmente,2026-10-08,"('girona', 'segovia')",2020,41.602444799999994,174.62800000000001,216.23044480000001
Girona,Sevilla,19_38_R1,1138.208,13.4731,0.0,rapida_demo,DATOS SINTÉTICOS DE DEMOSTRACIÓN,DEMO: generado localmente,2026-10-08,"('girona', 'sevilla')",2020,64.1949312,269.462,333.6569312
Girona,Soria,19_39_R1,548.153,6.4886,0.0,rapida_demo,DATOS SINTÉTICOS DE DEMOSTRACIÓN,DEMO: generado localmente,2026-10-08,"('girona', 'soria')",2020,30.9158292,129.772,160.68782919999998
Girona,Tarragona,19_40_R1,202.891,2.4016,0.0,rapida_demo,DATOS SINTÉTICOS DE DEMOSTRACIÓN,DEMO: generado localmente,2026-10-08,"('girona', 'tarragona')",2020,11.4430524,48.032000000000004,59.4750524
Girona,Teruel,19_41_R1,470.34,5.5675,0.0,rapida_demo,DATOS SINTÉTICOS DE DEMOSTRACIÓN,DEMO: generado localmente,2026-10-08,"('girona', 'teruel')",2020,26.527175999999997,111.35,137.877176
Girona,Toledo,19_42_R1,777.503,9.2034,0.0,rapida_demo,DATOS SINTÉTICOS DE DEMOSTRACIÓN,DEMO: generado localmente,2026-10-08,"('girona', 'toledo')",2020,43.8511692,184.068,227.9191692
Girona,Valencia,19_43_R1,485.509,5.747,0.0,rapida_demo,DATOS SINTÉTICOS DE DEMOSTRACIÓN,DEMO: generado localmente,2026-10-08,"('girona', 'valencia')",2020,27.3827076,114.94,142.3227076
Girona,Valladolid,19_44_R1,783.539,9.2748,0.0,rapida_demo,DATOS SINTÉTICOS DE DEMOSTRACIÓN,DEMO: generado localmente,2026-10-08,"('girona', 'valladolid')",2020,44.191599599999996,185.496,229.6875996
Girona,Zamora,19_45_R1,891.078,10.5478,0.0,rapida_demo,DATOS SINTÉTICOS DE DEMOSTRACIÓN,DEMO: generado localmente,2026-10-08,"('girona', 'zamora')",2020,50.256799199999996,210.95600000000002,261.2127992
Girona,Zaragoza,19_46_R1,386.132,4.5707,0.0,rapida_demo,DATOS SINTÉTICOS DE DEMOSTRACIÓN,DEMO: generado localmente,2026-10-08,"('girona', 'zaragoza')",2020,21.7778448,91.41400000000002,113.19184480000001
Granada,Guadalajara,20_21_R1,483.079,5.7183,0.0,rapida_demo,DATOS SINTÉTICOS DE DEMOSTRACIÓN,DEMO: generado localmente,2026-10-08,"('granada', 'guadalajara')",2020,27.2456556,114.366,141.6116556
Granada,Huelva,20_22_R1,371.066,4.3924,0.0,rapida_demo,DATOS SINTÉTICOS DE DEMOSTRACIÓN,DEMO: generado localmente,2026-10-08,"('granada', 'huelva')",2020,20.9281224,87.84800000000001,108.77612240000002
Granada,Huesca,20_23_R1,769.911,9.1135,0.0,rapida_demo,DATOS SINTÉTICOS DE DEMOSTRACIÓN,DEMO: generado localmente,2026-10-08,"('granada', 'huesca')",2020,43.42298039999999,182.27,225.6929804
Granada,Jaén,20_24_R1,84.741,1.0031,0.0,rapida_demo,DATOS SINTÉTICOS DE DEMOSTRACIÓN,DEMO: generado localmente,2026-10-08,"('granada', 'jaén')",2020,4.7793924,20.062,24.8413924
Granada,Logroño,20_25_R1,745.878,8.8291,0.0,rapida_demo,DATOS SINTÉTICOS DE DEMOSTRACIÓN,DEMO: generado localmente,2026-10-08,"('granada', 'logroño')",2020,42.0675192,176.582,218.6495192
Granada,León,20_26_R1,782.635,9.2641,0.0,rapida_demo,DATOS SINTÉTICOS DE DEMOSTRACIÓN,DEMO: generado localmente,2026-10-08,"('granada', 'león')",2020,44.140614,185.28199999999998,229.42261399999998
Granada,Lleida,20_27_R1,765.878,9.0658,0.0,rapida_demo,DATOS SINTÉTICOS DE DEMOSTRACIÓN,DEMO: generado localmente,2026-10-08,"('granada', 'lleida')",2020,43.1955192,181.31599999999997,224.51151919999998
Granada,Lugo,20_28_R1,913.484,10.813,0.0,rapida_demo,DATOS SINTÉTICOS DE DEMOSTRACIÓN,DEMO: generado localmente,2026-10-08,"('granada', 'lugo')",2020,51.5204976,216.26000000000002,267.7804976
Granada,Madrid,20_29_R1,451.111,5.3399,0.0,rapida_demo,DATOS SINTÉTICOS DE DEMOSTRACIÓN,DEMO: generado localmente,2026-10-08,"('granada', 'madrid')",2020,25.442660399999998,106.798,132.2406604
Granada,Málaga,20_30_R1,110.473,1.3077,0.0,rapida_demo,DATOS SINTÉTICOS DE DEMOSTRACIÓN,DEMO: generado localmente,2026-10-08,"('granada', 'málaga')",2020,6.2306772,26.154000000000003,32.384677200000006
Granada,Murcia,20_31_R1,294.243,3.483,0.0,rapida_demo,DATOS SINTÉTICOS DE DEMOSTRACIÓN,DEMO: generado localmente,2026-10-08,"('granada', 'murcia')",2020,16.5953052,69.66,86.2553052
Granada,Pamplona/Iruña,20_32_R1,811.58,9.6068,0.0,rapida_demo,DATOS SINTÉTICOS DE DEMOSTRACIÓN,DEMO: generado localmente,2026-10-08,"('granada', 'pamplona/iruña')",2020,45.773112000000005,192.136,237.909112
Granada,Ourense,20_33_R1,849.634,10.0572,0.0,rapida_demo,DATOS SINTÉTICOS DE DEMOSTRACIÓN,DEMO: generado localmente,2026-10-08,"('granada', 'ourense')",2020,47.9193576,201.144,249.06335760000002
Granada,Palencia,20_34_R1,679.679,8.0454,0.0,rapida_demo,DATOS SINTÉTICOS DE DEMOSTRACIÓN,DEMO: generado localmente,2026-10-08,"('granada', 'palencia')",2020,38.3338956,160.90800000000002,199.24189560000002
Granada,Pontevedra,20_35_R1,907.701,10.7446,0.0,rapida_demo,DATOS SINTÉTICOS DE DEMOSTRACIÓN,DEMO: generado localmente,2026-10-08,"('granada', 'pontevedra')",2020,51.1943364,214.892,266.0863364
Granada,Salamanca,20_36_R1,572.083,6.7718,0.0,rapida_demo,DATOS SINTÉTICOS DE DEMOSTRACIÓN,DEMO: generado localmente,2026-10-08,"('granada', 'salamanca')",2020,32.265481199999996,135.436,167.7014812
Granada,Segovia,20_37_R1,527.931,6.2492,0.0,rapida_demo,DATOS SINTÉTICOS DE DEMOSTRACIÓN,DEMO: generado localmente,2026-10-08,"('granada', 'segovia')",2020,29.7753084,124.98400000000001,154.7593084
Granada,Sevilla,20_38_R1,266.62,3.156,0.0,rapida_demo,DATOS SINTÉTICOS DE DEMOSTRACIÓN,DEMO: generado localmente,2026-10-08,"('granada', 'sevilla')",2020,15.037368,63.120000000000005,78.157368
Granada,Soria,20_39_R1,649.303,7.6859,0.0,rapida_demo,DATOS SINTÉTICOS DE DEMOSTRACIÓN,DEMO: generado localmente,2026-10-08,"('granada', 'soria')",2020,36.6206892,153.71800000000002,190.33868920000003
Granada,Tarragona,20_40_R1,757.395,8.9654,0.0,rapida_demo,DATOS SINTÉTICOS DE DEMOSTRACIÓN,DEMO: generado localmente,2026-10-08,"('granada', 'tarragona')",2020,42.717078,179.30800000000002,222.025078
Granada,Teruel,20_41_R1,516.586,6.1149,0.0,rapida_demo,DATOS SINTÉTICOS DE DEMOSTRACIÓN,DEMO: generado localmente,2026-10-08,"('granada', 'teruel')",2020,29.1354504,122.29799999999999,151.4334504
Granada,Toledo,20_42_R1,375.683,4.447,0.0,rapida_demo,DATOS SINTÉTICOS DE DEMOSTRACIÓN,DEMO: generado localmente,2026-10-08,"('granada', 'toledo')",2020,21.1885212,88.94,110.1285212
Granada,Valencia,20_43_R1,474.488,5.6166,0.0,rapida_demo,DATOS SINTÉTICOS DE DEMOSTRACIÓN,DEMO: generado localmente,2026-10-08,"('granada', 'valencia')",2020,26.7611232,112.332,139.09312319999998
Granada,Valladolid,20_44_R1,634.145,7.5065,0.0,rapida_demo,DATOS SINTÉTICOS DE DEMOSTRACIÓN,DEMO: generado localmente,2026-10-08,"('granada', 'valladolid')",2020,35.765778,150.13,185.895778
Granada,Zamora,20_45_R1,644.52,7.6293,0.0,rapida_demo,DATOS SINTÉTICOS DE DEMOSTRACIÓN,DEMO: generado localmente,2026-10-08,"('granada', 'zamora')",2020,36.350927999999996,152.58599999999998,188.93692799999997
Granada,Zaragoza,20_46_R1,687.993,8.1439,0.0,rapida_demo,DATOS SINTÉTICOS DE DEMOSTRACIÓN,DEMO: generado localmente,2026-10-08,"('granada', 'zaragoza')",2020,38.8028052,162.87800000000001,201.6808052
Guadalajara,Huelva,21_22_R1,622.356,7.3669,0.0,rapida_demo,DATOS SINTÉTICOS DE DEMOSTRACIÓN,DEMO: generado localmente,2026-10-08,"('guadalajara', 'huelva')",2020,35.1008784,147.338,182.4388784
Guadalajara,Huesca,21_23_R1,355.802,4.2117,0.0,rapida_demo,DATOS SINTÉTICOS DE DEMOSTRACIÓN,DEMO: generado localmente,2026-10-08,"('guadalajara', 'huesca')",2020,20.0672328,84.23400000000001,104.30123280000001
Guadalajara,Jaén,21_24_R1,404.389,4.7868,0.0,rapida_demo,DATOS SINTÉTICOS DE DEMOSTRACIÓN,DEMO: generado localmente,2026-10-08,"('guadalajara', 'jaén')",2020,22.8075396,95.736,118.5435396
Guadalajara,Logroño,21_25_R1,265.757,3.1458,0.0,rapida_demo,DATOS SINTÉTICOS DE DEMOSTRACIÓN,DEMO: generado localmente,2026-10-08,"('guadalajara', 'logroño')",2020,14.9886948,62.916,77.9046948
Guadalajara,León,21_26_R1,370.2,4.3821,0.0,rapida_demo,DATOS SINTÉTICOS DE DEMOSTRACIÓN,DEMO: generado localmente,2026-10-08,"('guadalajara', 'león')",2020,20.879279999999998,87.64200000000001,108.52128
Guadalajara,Lleida,21_27_R1,419.964,4.9712,0.0,rapida_demo,DATOS SINTÉTICOS DE DEMOSTRACIÓN,DEMO: generado localmente,2026-10-08,"('guadalajara', 'lleida')",2020,23.6859696,99.42399999999999,123.1099696
Guadalajara,Lugo,21_28_R1,561.748,6.6495,0.0,rapida_demo,DATOS SINTÉTICOS DE DEMOSTRACIÓN,DEMO: generado localmente,2026-10-08,"('guadalajara', 'lugo')",2020,31.6825872,132.99,164.6725872
Guadalajara,Madrid,21_29_R1,62.936,0.745,0.0,rapida_demo,DATOS SINTÉTICOS DE DEMOSTRACIÓN,DEMO: generado localmente,2026-10-08,"('guadalajara', 'madrid')",2020,3.5495904,14.9,18.4495904
Guadalajara,Málaga,21_30_R1,560.504,6.6348,0.0,rapida_demo,DATOS SINTÉTICOS DE DEMOSTRACIÓN,DEMO: generado localmente,2026-10-08,"('guadalajara', 'málaga')",2020,31.6124256,132.696,164.3084256
Guadalajara,Murcia,21_31_R1,428.554,5.0729,0.0,rapida_demo,DATOS SINTÉTICOS DE DEMOSTRACIÓN,DEMO: generado localmente,2026-10-08,"('guadalajara', 'murcia')",2020,24.170445599999997,101.458,125.62844559999999
Guadalajara,Pamplona/Iruña,21_32_R1,342.317,4.052,0.0,rapida_demo,DATOS SINTÉTICOS DE DEMOSTRACIÓN,DEMO: generado localmente,2026-10-08,"('guadalajara', 'pamplona/iruña')",2020,19.3066788,81.03999999999999,100.34667879999999
Guadalajara,Ourense,21_33_R1,543.117,6.4289,0.0,rapida_demo,DATOS SINTÉTICOS DE DEMOSTRACIÓN,DEMO: generado localmente,2026-10-08,"('guadalajara', 'ourense')",2020,30.6317988,128.578,159.2097988
Guadalajara,Palencia,21_34_R1,238.682,2.8253,0.0,rapida_demo,DATOS SINTÉTICOS DE DEMOSTRACIÓN,DEMO: generado localmente,2026-10-08,"('guadalajara', 'palencia')",2020,13.4616648,56.506,69.9676648
Guadalajara,Pontevedra,21_35_R1,622.352,7.3669,0.0,rapida_demo,DATOS SINTÉTICOS DE DEMOSTRACIÓN,DEMO: generado localmente,2026-10-08,"('guadalajara', 'pontevedra')",2020,35.1006528,147.338,182.4386528
Guadalajara,Salamanca,21_36_R1,266.658,3.1565,0.0,rapida_demo,DATOS SINTÉTICOS DE DEMOSTRACIÓN,DEMO: generado localmente,2026-10-08,"('guadalajara', 'salamanca')",2020,15.0395112,63.129999999999995,78.16951119999999
Guadalajara,Segovia,21_37_R1,109.901,1.3009,0.0,rapida_demo,DATOS SINTÉTICOS DE DEMOSTRACIÓN,DEMO: generado localmente,2026-10-08,"('guadalajara', 'segovia')",2020,6.198416399999999,26.018,32.2164164
Guadalajara,Sevilla,21_38_R1,544.584,6.4463,0.0,rapida_demo,DATOS SINTÉTICOS DE DEMOSTRACIÓN,DEMO: generado localmente,2026-10-08,"('guadalajara', 'sevilla')",2020,30.714537599999996,128.926,159.6405376
Guadalajara,Soria,21_39_R1,173.361,2.0521,0.0,rapida_demo,DATOS SINTÉTICOS DE DEMOSTRACIÓN,DEMO: generado localmente,2026-10-08,"('guadalajara', 'soria')",2020,9.777560399999999,41.041999999999994,50.81956039999999
Guadalajara,Tarragona,21_40_R1,469.485,5.5574,0.0,rapida_demo,DATOS SINTÉTICOS DE DEMOSTRACIÓN,DEMO: generado localmente,2026-10-08,"('guadalajara', 'tarragona')",2020,26.478954,111.14800000000001,137.626954
Guadalajara,Teruel,21_41_R1,221.393,2.6207,0.0,rapida_demo,DATOS SINTÉTICOS DE DEMOSTRACIÓN,DEMO: generado localmente,2026-10-08,"('guadalajara', 'teruel')",2020,12.4865652,52.413999999999994,64.90056519999999
Guadalajara,Toledo,21_42_R1,141.245,1.6719,0.0,rapida_demo,DATOS SINTÉTICOS DE DEMOSTRACIÓN,DEMO: generado localmente,2026-10-08,"('guadalajara', 'toledo')",2020,7.9662180000000005,33.438,41.404218
Guadalajara,Valencia,21_43_R1,338.026,4.0013,0.0,rapida_demo,DATOS SINTÉTICOS DE DEMOSTRACIÓN,DEMO: generado localmente,2026-10-08,"('guadalajara', 'valencia')",2020,19.0646664,80.026,99.0906664
Guadalajara,Valladolid,21_44_R1,216.241,2.5597,0.0,rapida_demo,DATOS SINTÉTICOS DE DEMOSTRACIÓN,DEMO: generado localmente,2026-10-08,"('guadalajara', 'valladolid')",2020,12.1959924,51.193999999999996,63.3899924
Guadalajara,Zamora,21_45_R1,296.132,3.5054,0.0,rapida_demo,DATOS SINTÉTICOS DE DEMOSTRACIÓN,DEMO: generado localmente,2026-10-08,"('guadalajara', 'zamora')",2020,16.7018448,70.108,86.80984480000001
Guadalajara,Zaragoza,21_46_R1,278.659,3.2985,0.0,rapida_demo,DATOS SINTÉTICOS DE DEMOSTRACIÓN,DEMO: generado localmente,2026-10-08,"('guadalajara', 'zaragoza')",2020,15.7163676,65.97,81.6863676
Huelva,Huesca,22_23_R1,974.157,11.5312,0.0,rapida_demo,DATOS SINTÉTICOS DE DEMOSTRACIÓN,DEMO: generado localmente,2026-10-08,"('huelva', 'huesca')",2020,54.9424548,230.624,285.5664548
Huelva,Jaén,22_24_R1,355.332,4.2061,0.0,rapida_demo,DATOS SINTÉTICOS DE DEMOSTRACIÓN,DEMO: generado localmente,2026-10-08,"('huelva', 'jaén')",2020,20.0407248,84.122,104.1627248
Huelva,Logroño,22_25_R1,869.134,10.288,0.0,rapida_demo,DATOS SINTÉTICOS DE DEMOSTRACIÓN,DEMO: generado localmente,2026-10-08,"('huelva', 'logroño')",2020,49.0191576,205.76,254.7791576
Huelva,León,22_26_R1,756.682,8.9569,0.0,rapida_demo,DATOS SINTÉTICOS DE DEMOSTRACIÓN,DEMO: generado localmente,2026-10-08,"('huelva', 'león')",2020,42.6768648,179.13799999999998,221.81486479999998
Huelva,Lleida,22_27_R1,1013.446,11.9963,0.0,rapida_demo,DATOS SINTÉTICOS DE DEMOSTRACIÓN,DEMO: generado localmente,2026-10-08,"('huelva', 'lleida')",2020,57.1583544,239.926,297.0843544
Huelva,Lugo,22_28_R1,802.281,9.4967,0.0,rapida_demo,DATOS SINTÉTICOS DE DEMOSTRACIÓN,DEMO: generado localmente,2026-10-08,"('huelva', 'lugo')",2020,45.24864839999999,189.93400000000003,235.1826484
Huelva,Madrid,22_29_R1,563.471,6.6699,0.0,rapida_demo,DATOS SINTÉTICOS DE DEMOSTRACIÓN,DEMO: generado localmente,2026-10-08,"('huelva', 'madrid')",2020,31.7797644,133.398,165.1777644
Huelva,Málaga,22_30_R1,291.09,3.4457,0.0,rapida_demo,DATOS SINTÉTICOS DE DEMOSTRACIÓN,DEMO: generado localmente,2026-10-08,"('huelva', 'málaga')",2020,16.417475999999997,68.914,85.331476
Huelva,Murcia,22_31_R1,648.48,7.6761,0.0,rapida_demo,DATOS SINTÉTICOS DE DEMOSTRACIÓN,DEMO: generado localmente,2026-10-08,"('huelva', 'murcia')",2020,36.574272,153.522,190.096272
Huelva,Pamplona/Iruña,22_32_R1,956.825,11.3261,0.0,rapida_demo,DATOS SINTÉTICOS DE DEMOSTRACIÓN,DEMO: generado localmente,2026-10-08,"('huelva', 'pamplona/iruña')",2020,53.96493,226.522,280.48693
Huelva,Ourense,22_33_R1,712.654,8.4358,0.0,rapida_demo,DATOS SINTÉTICOS DE DEMOSTRACIÓN,DEMO: generado localmente,2026-10-08,"('huelva', 'ourense')",2020,40.1936856,168.716,208.90968560000002
Huelva,Palencia,22_34_R1,709.603,8.3997,0.0,rapida_demo,DATOS SINTÉTICOS DE DEMOSTRACIÓN,DEMO: generado localmente,2026-10-08,"('huelva', 'palencia')",2020,40.02160919999999,167.99399999999997,208.01560919999997
Huelva,Pontevedra,22_35_R1,741.762,8.7803,0.0,rapida_demo,DATOS SINTÉTICOS DE DEMOSTRACIÓN,DEMO: generado localmente,2026-10-08,"('huelva', 'pontevedra')",2020,41.8353768,175.606,217.4413768
Huelva,Salamanca,22_36_R1,533.833,6.319,0.0,rapida_demo,DATOS SINTÉTICOS DE DEMOSTRACIÓN,DEMO: generado localmente,2026-10-08,"('huelva', 'salamanca')",2020,30.108181199999997,126.38,156.48818119999999
Huelva,Segovia,22_37_R1,596.985,7.0666,0.0,rapida_demo,DATOS SINTÉTICOS DE DEMOSTRACIÓN,DEMO: generado localmente,2026-10-08,"('huelva', 'segovia')",2020,33.669954,141.332,175.00195399999998
Huelva,Sevilla,22_38_R1,107.154,1.2684,0.0,rapida_demo,DATOS SINTÉTICOS DE DEMOSTRACIÓN,DEMO: generado localmente,2026-10-08,"('huelva', 'sevilla')",2020,6.0434855999999995,25.368,31.4114856
Huelva,Soria,22_39_R1,789.495,9.3453,0.0,rapida_demo,DATOS SINTÉTICOS DE DEMOSTRACIÓN,DEMO: generado localmente,2026-10-08,"('huelva', 'soria')",2020,44.527518,186.906,231.433518
Huelva,Tarragona,22_40_R1,1033.287,12.2311,0.0,rapida_demo,DATOS SINTÉTICOS DE DEMOSTRACIÓN,DEMO: generado localmente,2026-10-08,"('huelva', 'tarragona')",2020,58.2773868,244.62199999999999,302.8993868
Huelva,Teruel,22_41_R1,764.255,9.0466,0.0,rapida_demo,DATOS SINTÉTICOS DE DEMOSTRACIÓN,DEMO: generado localmente,2026-10-08,"('huelva', 'teruel')",2020,43.103982,180.932,224.035982
Huelva,Toledo,22_42_R1,481.208,5.6961,0.0,rapida_demo,DATOS SINTÉTICOS DE DEMOSTRACIÓN,DEMO: generado localmente,2026-10-08,"('huelva', 'toledo')",2020,27.140131200000003,113.92200000000001,141.0621312
Huelva,Valencia,22_43_R1,779.278,9.2244,0.0,rapida_demo,DATOS SINTÉTICOS DE DEMOSTRACIÓN,DEMO: generado localmente,2026-10-08,"('huelva', 'valencia')",2020,43.9512792,184.488,228.4392792
Huelva,Valladolid,22_44_R1,655.79,7.7627,0.0,rapida_demo,DATOS SINTÉTICOS DE DEMOSTRACIÓN,DEMO: generado localmente,2026-10-08,"('huelva', 'valladolid')",2020,36.986556,155.254,192.240556
Huelva,Zamora,22_45_R1,604.31,7.1533,0.0,rapida_demo,DATOS SINTÉTICOS DE DEMOSTRACIÓN,DEMO: generado localmente,2026-10-08,"('huelva', 'zamora')",2020,34.083084,143.066,177.14908400000002
Huelva,Zaragoza,22_46_R1,893.217,10.5731,0.0,rapida_demo,DATOS SINTÉTICOS DE DEMOSTRACIÓN,DEMO: generado localmente,2026-10-08,"('huelva', 'zaragoza')",2020,50.3774388,211.462,261.8394388
Huesca,Jaén,23_24_R1,706.816,8.3667,0.0,rapida_demo,DATOS SINTÉTICOS DE DEMOSTRACIÓN,DEMO: generado localmente,2026-10-08,"('huesca', 'jaén')",2020,39.8644224,167.334,207.1984224
Huesca,Logroño,23_25_R1,213.536,2.5276,0.0,rapida_demo,DATOS SINTÉTICOS DE DEMOSTRACIÓN,DEMO: generado localmente,2026-10-08,"('huesca', 'logroño')",2020,12.0434304,50.552,62.5954304
Huesca,León,23_26_R1,534.125,6.3225,0.0,rapida_demo,DATOS SINTÉTICOS DE DEMOSTRACIÓN,DEMO: generado localmente,2026-10-08,"('huesca', 'león')",2020,30.12465,126.44999999999999,156.57465
Huesca,Lleida,23_27_R1,129.743,1.5358,0.0,rapida_demo,DATOS SINTÉTICOS DE DEMOSTRACIÓN,DEMO: generado localmente,2026-10-08,"('huesca', 'lleida')",2020,7.317505199999999,30.716,38.0335052
Huesca,Lugo,23_28_R1,741.155,8.7731,0.0,rapida_demo,DATOS SINTÉTICOS DE DEMOSTRACIÓN,DEMO: generado localmente,2026-10-08,"('huesca', 'lugo')",2020,41.801142,175.462,217.263142
Huesca,Madrid,23_29_R1,418.101,4.9491,0.0,rapida_demo,DATOS SINTÉTICOS DE DEMOSTRACIÓN,DEMO: generado localmente,2026-10-08,"('huesca', 'madrid')",2020,23.5808964,98.982,122.5628964
Huesca,Málaga,23_30_R1,867.249,10.2657,0.0,rapida_demo,DATOS SINTÉTICOS DE DEMOSTRACIÓN,DEMO: generado localmente,2026-10-08,"('huesca', 'málaga')",2020,48.9128436,205.31400000000002,254.22684360000002
Huesca,Murcia,23_31_R1,582.884,6.8997,0.0,rapida_demo,DATOS SINTÉTICOS DE DEMOSTRACIÓN,DEMO: generado localmente,2026-10-08,"('huesca', 'murcia')",2020,32.8746576,137.994,170.8686576
Huesca,Pamplona/Iruña,23_32_R1,157.847,1.8685,0.0,rapida_demo,DATOS SINTÉTICOS DE DEMOSTRACIÓN,DEMO: generado localmente,2026-10-08,"('huesca', 'pamplona/iruña')",2020,8.9025708,37.370000000000005,46.272570800000004
Huesca,Ourense,23_33_R1,767.371,9.0835,0.0,rapida_demo,DATOS SINTÉTICOS DE DEMOSTRACIÓN,DEMO: generado localmente,2026-10-08,"('huesca', 'ourense')",2020,43.2797244,181.67000000000002,224.9497244
Huesca,Palencia,23_34_R1,425.786,5.0401,0.0,rapida_demo,DATOS SINTÉTICOS DE DEMOSTRACIÓN,DEMO: generado localmente,2026-10-08,"('huesca', 'palencia')",2020,24.0143304,100.80199999999999,124.8163304
Huesca,Pontevedra,23_35_R1,847.701,10.0343,0.0,rapida_demo,DATOS SINTÉTICOS DE DEMOSTRACIÓN,DEMO: generado localmente,2026-10-08,"('huesca', 'pontevedra')",2020,47.8103364,200.686,248.49633640000002
Huesca,Salamanca,23_36_R1,570.329,6.7511,0.0,rapida_demo,DATOS SINTÉTICOS DE DEMOSTRACIÓN,DEMO: generado localmente,2026-10-08,"('huesca', 'salamanca')",2020,32.166555599999995,135.022,167.18855559999997
Huesca,Segovia,23_37_R1,420.342,4.9756,0.0,rapida_demo,DATOS SINTÉTICOS DE DEMOSTRACIÓN,DEMO: generado localmente,2026-10-08,"('huesca', 'segovia')",2020,23.707288799999997,99.512,123.2192888
Huesca,Sevilla,23_38_R1,889.737,10.5319,0.0,rapida_demo,DATOS SINTÉTICOS DE DEMOSTRACIÓN,DEMO: generado localmente,2026-10-08,"('huesca', 'sevilla')",2020,50.1811668,210.638,260.8191668
Huesca,Soria,23_39_R1,218.812,2.5901,0.0,rapida_demo,DATOS SINTÉTICOS DE DEMOSTRACIÓN,DEMO: generado localmente,2026-10-08,"('huesca', 'soria')",2020,12.340996800000001,51.802,64.1429968
Huesca,Tarragona,23_40_R1,223.782,2.6489,0.0,rapida_demo,DATOS SINTÉTICOS DE DEMOSTRACIÓN,DEMO: generado localmente,2026-10-08,"('huesca', 'tarragona')",2020,12.6213048,52.977999999999994,65.5993048
Huesca,Teruel,23_41_R1,260.245,3.0805,0.0,rapida_demo,DATOS SINTÉTICOS DE DEMOSTRACIÓN,DEMO: generado localmente,2026-10-08,"('huesca', 'teruel')",2020,14.677818,61.61,76.287818
Huesca,Toledo,23_42_R1,494.591,5.8545,0.0,rapida_demo,DATOS SINTÉTICOS DE DEMOSTRACIÓN,DEMO: generado localmente,2026-10-08,"('huesca', 'toledo')",2020,27.8949324,117.09,144.9849324
Huesca,Valencia,23_43_R1,371.229,4.3943,0.0,rapida_demo,DATOS SINTÉTICOS DE DEMOSTRACIÓN,DEMO: generado localmente,2026-10-08,"('huesca', 'valencia')",2020,20.937315599999998,87.88600000000001,108.8233156
Huesca,Valladolid,23_44_R1,451.982,5.3502,0.0,rapida_demo,DATOS SINTÉTICOS DE DEMOSTRACIÓN,DEMO: generado localmente,2026-10-08,"('huesca', 'valladolid')",2020,25.4917848,107.004,132.4957848
Huesca,Zamora,23_45_R1,559.853,6.627,0.0,rapida_demo,DATOS SINTÉTICOS DE DEMOSTRACIÓN,DEMO: generado localmente,2026-10-08,"('huesca', 'zamora')",2020,31.575709199999995,132.54,164.1157092
Huesca,Zaragoza,23_46_R1,82.95,0.9819,0.0,rapida_demo,DATOS SINTÉTICOS DE DEMOSTRACIÓN,DEMO: generado localmente,2026-10-08,"('huesca', 'zaragoza')",2020,4.67838,19.637999999999998,24.31638
Jaén,Logroño,24_25_R1,669.093,7.9201,0.0,rapida_demo,DATOS SINTÉTICOS DE DEMOSTRACIÓN,DEMO: generado localmente,2026-10-08,"('jaén', 'logroño')",2020,37.7368452,158.402,196.1388452
Jaén,León,24_26_R1,697.899,8.2611,0.0,rapida_demo,DATOS SINTÉTICOS DE DEMOSTRACIÓN,DEMO: generado localmente,2026-10-08,"('jaén', 'león')",2020,39.3615036,165.222,204.5835036
Jaén,Lleida,24_27_R1,713.673,8.4478,0.0,rapida_demo,DATOS SINTÉTICOS DE DEMOSTRACIÓN,DEMO: generado localmente,2026-10-08,"('jaén', 'lleida')",2020,40.2511572,168.95600000000002,209.2071572
Jaén,Lugo,24_28_R1,830.69,9.833,0.0,rapida_demo,DATOS SINTÉTICOS DE DEMOSTRACIÓN,DEMO: generado localmente,2026-10-08,"('jaén', 'lugo')",2020,46.850916000000005,196.66,243.510916
Jaén,Madrid,24_29_R1,369.106,4.3691,0.0,rapida_demo,DATOS SINTÉTICOS DE DEMOSTRACIÓN,DEMO: generado localmente,2026-10-08,"('jaén', 'madrid')",2020,20.8175784,87.382,108.19957840000001
Jaén,Málaga,24_30_R1,160.742,1.9027,0.0,rapida_demo,DATOS SINTÉTICOS DE DEMOSTRACIÓN,DEMO: generado localmente,2026-10-08,"('jaén', 'málaga')",2020,9.0658488,38.054,47.1198488
Jaén,Murcia,24_31_R1,293.489,3.4741,0.0,rapida_demo,DATOS SINTÉTICOS DE DEMOSTRACIÓN,DEMO: generado localmente,2026-10-08,"('jaén', 'murcia')",2020,16.552779599999997,69.482,86.0347796
Jaén,Pamplona/Iruña,24_32_R1,738.34,8.7398,0.0,rapida_demo,DATOS SINTÉTICOS DE DEMOSTRACIÓN,DEMO: generado localmente,2026-10-08,"('jaén', 'pamplona/iruña')",2020,41.642376,174.79600000000002,216.438376
Jaén,Ourense,24_33_R1,768.83,9.1007,0.0,rapida_demo,DATOS SINTÉTICOS DE DEMOSTRACIÓN,DEMO: generado localmente,2026-10-08,"('jaén', 'ourense')",2020,43.362012,182.014,225.376012
Jaén,Palencia,24_34_R1,595.515,7.0492,0.0,rapida_demo,DATOS SINTÉTICOS DE DEMOSTRACIÓN,DEMO: generado localmente,2026-10-08,"('jaén', 'palencia')",2020,33.587046,140.984,174.57104600000002
Jaén,Pontevedra,24_35_R1,828.795,9.8106,0.0,rapida_demo,DATOS SINTÉTICOS DE DEMOSTRACIÓN,DEMO: generado localmente,2026-10-08,"('jaén', 'pontevedra')",2020,46.744037999999996,196.21200000000002,242.956038
Jaén,Salamanca,24_36_R1,488.272,5.7797,0.0,rapida_demo,DATOS SINTÉTICOS DE DEMOSTRACIÓN,DEMO: generado localmente,2026-10-08,"('jaén', 'salamanca')",2020,27.5385408,115.594,143.1325408
Jaén,Segovia,24_37_R1,444.278,5.259,0.0,rapida_demo,DATOS SINTÉTICOS DE DEMOSTRACIÓN,DEMO: generado localmente,2026-10-08,"('jaén', 'segovia')",2020,25.0572792,105.18,130.23727920000002
Jaén,Sevilla,24_38_R1,248.298,2.9391,0.0,rapida_demo,DATOS SINTÉTICOS DE DEMOSTRACIÓN,DEMO: generado localmente,2026-10-08,"('jaén', 'sevilla')",2020,14.0040072,58.782,72.7860072
Jaén,Soria,24_39_R1,573.533,6.789,0.0,rapida_demo,DATOS SINTÉTICOS DE DEMOSTRACIÓN,DEMO: generado localmente,2026-10-08,"('jaén', 'soria')",2020,32.3472612,135.78,168.1272612
Jaén,Tarragona,24_40_R1,714.228,8.4544,0.0,rapida_demo,DATOS SINTÉTICOS DE DEMOSTRACIÓN,DEMO: generado localmente,2026-10-08,"('jaén', 'tarragona')",2020,40.2824592,169.088,209.3704592
Jaén,Teruel,24_41_R1,460.759,5.4541,0.0,rapida_demo,DATOS SINTÉTICOS DE DEMOSTRACIÓN,DEMO: generado localmente,2026-10-08,"('jaén', 'teruel')",2020,25.9868076,109.08200000000001,135.0688076
Jaén,Toledo,24_42_R1,291.869,3.4549,0.0,rapida_demo,DATOS SINTÉTICOS DE DEMOSTRACIÓN,DEMO: generado localmente,2026-10-08,"('jaén', 'toledo')",2020,16.4614116,69.098,85.5594116
Jaén,Valencia,24_43_R1,439.954,5.2078,0.0,rapida_demo,DATOS SINTÉTICOS DE DEMOSTRACIÓN,DEMO: generado localmente,2026-10-08,"('jaén', 'valencia')",2020,24.8134056,104.15599999999999,128.9694056
Jaén,Valladolid,24_44_R1,549.614,6.5058,0.0,rapida_demo,DATOS SINTÉTICOS DE DEMOSTRACIÓN,DEMO: generado localmente,2026-10-08,"('jaén', 'valladolid')",2020,30.998229600000002,130.11599999999999,161.1142296
Jaén,Zamora,24_45_R1,560.293,6.6323,0.0,rapida_demo,DATOS SINTÉTICOS DE DEMOSTRACIÓN,DEMO: generado localmente,2026-10-08,"('jaén', 'zamora')",2020,31.6005252,132.646,164.24652519999998
Jaén,Zaragoza,24_46_R1,624.112,7.3877,0.0,rapida_demo,DATOS SINTÉTICOS DE DEMOSTRACIÓN,DEMO: generado localmente,2026-10-08,"('jaén', 'zaragoza')",2020,35.1999168,147.754,182.9539168
Logroño,León,25_26_R1,321.614,3.807,0.0,rapida_demo,DATOS SINTÉTICOS DE DEMOSTRACIÓN,DEMO: generado localmente,2026-10-08,"('león', 'logroño')",2020,18.139029599999997,76.14,94.2790296
Logroño,Lleida,25_27_R1,337.862,3.9993,0.0,rapida_demo,DATOS SINTÉTICOS DE DEMOSTRACIÓN,DEMO: generado localmente,2026-10-08,"('lleida', 'logroño')",2020,19.0554168,79.98599999999999,99.0414168
Logroño,Lugo,25_28_R1,527.678,6.2462,0.0,rapida_demo,DATOS SINTÉTICOS DE DEMOSTRACIÓN,DEMO: generado localmente,2026-10-08,"('logroño', 'lugo')",2020,29.7610392,124.924,154.6850392
Logroño,Madrid,25_29_R1,313.063,3.7058,0.0,rapida_demo,DATOS SINTÉTICOS DE DEMOSTRACIÓN,DEMO: generado localmente,2026-10-08,"('logroño', 'madrid')",2020,17.6567532,74.116,91.7727532
Logroño,Málaga,25_30_R1,826.157,9.7793,0.0,rapida_demo,DATOS SINTÉTICOS DE DEMOSTRACIÓN,DEMO: generado localmente,2026-10-08,"('logroño', 'málaga')",2020,46.5952548,195.58599999999998,242.18125479999998
Logroño,Murcia,25_31_R1,638.359,7.5563,0.0,rapida_demo,DATOS SINTÉTICOS DE DEMOSTRACIÓN,DEMO: generado localmente,2026-10-08,"('logroño', 'murcia')",2020,36.0034476,151.126,187.1294476
Logroño,Pamplona/Iruña,25_32_R1,94.863,1.1229,0.0,rapida_demo,DATOS SINTÉTICOS DE DEMOSTRACIÓN,DEMO: generado localmente,2026-10-08,"('logroño', 'pamplona/iruña')",2020,5.3502732,22.458,27.8082732
Logroño,Ourense,25_33_R1,556.992,6.5932,0.0,rapida_demo,DATOS SINTÉTICOS DE DEMOSTRACIÓN,DEMO: generado localmente,2026-10-08,"('logroño', 'ourense')",2020,31.414348799999996,131.864,163.2783488
Logroño,Palencia,25_34_R1,224.541,2.6579,0.0,rapida_demo,DATOS SINTÉTICOS DE DEMOSTRACIÓN,DEMO: generado localmente,2026-10-08,"('logroño', 'palencia')",2020,12.664112399999999,53.158,65.8221124
Logroño,Pontevedra,25_35_R1,636.545,7.5349,0.0,rapida_demo,DATOS SINTÉTICOS DE DEMOSTRACIÓN,DEMO: generado localmente,2026-10-08,"('logroño', 'pontevedra')",2020,35.901137999999996,150.698,186.599138
Logroño,Salamanca,25_36_R1,394.215,4.6664,0.0,rapida_demo,DATOS SINTÉTICOS DE DEMOSTRACIÓN,DEMO: generado localmente,2026-10-08,"('logroño', 'salamanca')",2020,22.233725999999997,93.328,115.561726
Logroño,Segovia,25_37_R1,273.776,3.2407,0.0,rapida_demo,DATOS SINTÉTICOS DE DEMOSTRACIÓN,DEMO: generado localmente,2026-10-08,"('logroño', 'segovia')",2020,15.4409664,64.814,80.2549664
Logroño,Sevilla,25_38_R1,800.877,9.4801,0.0,rapida_demo,DATOS SINTÉTICOS DE DEMOSTRACIÓN,DEMO: generado localmente,2026-10-08,"('logroño', 'sevilla')",2020,45.1694628,189.602,234.7714628
Logroño,Soria,25_39_R1,97.784,1.1575,0.0,rapida_demo,DATOS SINTÉTICOS DE DEMOSTRACIÓN,DEMO: generado localmente,2026-10-08,"('logroño', 'soria')",2020,5.5150176,23.15,28.6650176
Logroño,Tarragona,25_40_R1,426.13,5.0442,0.0,rapida_demo,DATOS SINTÉTICOS DE DEMOSTRACIÓN,DEMO: generado localmente,2026-10-08,"('logroño', 'tarragona')",2020,24.033732,100.884,124.917732
Logroño,Teruel,25_41_R1,326.042,3.8594,0.0,rapida_demo,DATOS SINTÉTICOS DE DEMOSTRACIÓN,DEMO: generado localmente,2026-10-08,"('logroño', 'teruel')",2020,18.388768799999998,77.188,95.5767688
Logroño,Toledo,25_42_R1,398.898,4.7218,0.0,rapida_demo,DATOS SINTÉTICOS DE DEMOSTRACIÓN,DEMO: generado localmente,2026-10-08,"('logroño', 'toledo')",2020,22.497847200000002,94.436,116.9338472
Logroño,Valencia,25_43_R1,469.296,5.5551,0.0,rapida_demo,DATOS SINTÉTICOS DE DEMOSTRACIÓN,DEMO: generado localmente,2026-10-08,"('logroño', 'valencia')",2020,26.468294399999998,111.102,137.5702944
Logroño,Valladolid,25_44_R1,261.943,3.1006,0.0,rapida_demo,DATOS SINTÉTICOS DE DEMOSTRACIÓN,DEMO: generado localmente,2026-10-08,"('logroño', 'valladolid')",2020,14.7735852,62.012,76.7855852
Logroño,Zamora,25_45_R1,366.977,4.3439,0.0,rapida_demo,DATOS SINTÉTICOS DE DEMOSTRACIÓN,DEMO: generado localmente,2026-10-08,"('logroño', 'zamora')",2020,20.6975028,86.87799999999999,107.57550279999998
Logroño,Zaragoza,25_46_R1,196.597,2.3271,0.0,rapida_demo,DATOS SINTÉTICOS DE DEMOSTRACIÓN,DEMO: generado localmente,2026-10-08,"('logroño', 'zaragoza')",2020,11.0880708,46.542,57.6300708
León,Lleida,26_27_R1,653.711,7.7381,0.0,rapida_demo,DATOS SINTÉTICOS DE DEMOSTRACIÓN,DEMO: generado localmente,2026-10-08,"('león', 'lleida')",2020,36.8693004,154.762,191.6313004
León,Lugo,26_28_R1,210.025,2.4861,0.0,rapida_demo,DATOS SINTÉTICOS DE DEMOSTRACIÓN,DEMO: generado localmente,2026-10-08,"('león', 'lugo')",2020,11.84541,49.722,61.56741
León,Madrid,26_29_R1,360.641,4.2689,0.0,rapida_demo,DATOS SINTÉTICOS DE DEMOSTRACIÓN,DEMO: generado localmente,2026-10-08,"('león', 'madrid')",2020,20.3401524,85.37800000000001,105.71815240000001
León,Málaga,26_30_R1,826.256,9.7805,0.0,rapida_demo,DATOS SINTÉTICOS DE DEMOSTRACIÓN,DEMO: generado localmente,2026-10-08,"('león', 'málaga')",2020,46.6008384,195.61,242.2108384
León,Murcia,26_31_R1,795.54,9.4169,0.0,rapida_demo,DATOS SINTÉTICOS DE DEMOSTRACIÓN,DEMO: generado localmente,2026-10-08,"('león', 'murcia')",2020,44.868455999999995,188.338,233.206456
León,Pamplona/Iruña,26_32_R1,402.509,4.7646,0.0,rapida_demo,DATOS SINTÉTICOS DE DEMOSTRACIÓN,DEMO: generado localmente,2026-10-08,"('león', 'pamplona/iruña')",2020,22.7015076,95.292,117.9935076
León,Ourense,26_33_R1,237.559,2.812,0.0,rapida_demo,DATOS SINTÉTICOS DE DEMOSTRACIÓN,DEMO: generado localmente,2026-10-08,"('león', 'ourense')",2020,13.3983276,56.239999999999995,69.6383276
León,Palencia,26_34_R1,134.559,1.5928,0.0,rapida_demo,DATOS SINTÉTICOS DE DEMOSTRACIÓN,DEMO: generado localmente,2026-10-08,"('león', 'palencia')",2020,7.589127599999999,31.856,39.4451276
León,Pontevedra,26_35_R1,315.622,3.7361,0.0,rapida_demo,DATOS SINTÉTICOS DE DEMOSTRACIÓN,DEMO: generado localmente,2026-10-08,"('león', 'pontevedra')",2020,17.8010808,74.722,92.5230808
León,Salamanca,26_36_R1,227.044,2.6875,0.0,rapida_demo,DATOS SINTÉTICOS DE DEMOSTRACIÓN,DEMO: generado localmente,2026-10-08,"('león', 'salamanca')",2020,12.8052816,53.75,66.5552816
León,Segovia,26_37_R1,273.853,3.2416,0.0,rapida_demo,DATOS SINTÉTICOS DE DEMOSTRACIÓN,DEMO: generado localmente,2026-10-08,"('león', 'segovia')",2020,15.4453092,64.832,80.27730919999999
León,Sevilla,26_38_R1,725.396,8.5866,0.0,rapida_demo,DATOS SINTÉTICOS DE DEMOSTRACIÓN,DEMO: generado localmente,2026-10-08,"('león', 'sevilla')",2020,40.9123344,171.73200000000003,212.64433440000002
León,Soria,26_39_R1,340.675,4.0326,0.0,rapida_demo,DATOS SINTÉTICOS DE DEMOSTRACIÓN,DEMO: generado localmente,2026-10-08,"('león', 'soria')",2020,19.21407,80.65200000000002,99.86607000000001
León,Tarragona,26_40_R1,735.985,8.7119,0.0,rapida_demo,DATOS SINTÉTICOS DE DEMOSTRACIÓN,DEMO: generado localmente,2026-10-08,"('león', 'tarragona')",2020,41.509554,174.238,215.747554
León,Teruel,26_41_R1,560.692,6.637,0.0,rapida_demo,DATOS SINTÉTICOS DE DEMOSTRACIÓN,DEMO: generado localmente,2026-10-08,"('león', 'teruel')",2020,31.6230288,132.73999999999998,164.3630288
León,Toledo,26_42_R1,413.961,4.9001,0.0,rapida_demo,DATOS SINTÉTICOS DE DEMOSTRACIÓN,DEMO: generado localmente,2026-10-08,"('león', 'toledo')",2020,23.3474004,98.00200000000001,121.34940040000001
León,Valencia,26_43_R1,696.811,8.2482,0.0,rapida_demo,DATOS SINTÉTICOS DE DEMOSTRACIÓN,DEMO: generado localmente,2026-10-08,"('león', 'valencia')",2020,39.300140400000004,164.964,204.2641404
León,Valladolid,26_44_R1,157.651,1.8661,0.0,rapida_demo,DATOS SINTÉTICOS DE DEMOSTRACIÓN,DEMO: generado localmente,2026-10-08,"('león', 'valladolid')",2020,8.8915164,37.322,46.2135164
León,Zamora,26_45_R1,153.063,1.8118,0.0,rapida_demo,DATOS SINTÉTICOS DE DEMOSTRACIÓN,DEMO: generado localmente,2026-10-08,"('león', 'zamora')",2020,8.6327532,36.236000000000004,44.8687532
León,Zaragoza,26_46_R1,501.479,5.9361,0.0,rapida_demo,DATOS SINTÉTICOS DE DEMOSTRACIÓN,DEMO: generado localmente,2026-10-08,"('león', 'zaragoza')",2020,28.283415599999998,118.722,147.0054156
Lleida,Lugo,27_28_R1,862.701,10.2119,0.0,rapida_demo,DATOS SINTÉTICOS DE DEMOSTRACIÓN,DEMO: generado localmente,2026-10-08,"('lleida', 'lugo')",2020,48.6563364,204.238,252.8943364
Lleida,Madrid,27_29_R1,482.376,5.7099,0.0,rapida_demo,DATOS SINTÉTICOS DE DEMOSTRACIÓN,DEMO: generado localmente,2026-10-08,"('lleida', 'madrid')",2020,27.2060064,114.19800000000001,141.40400640000001
Lleida,Málaga,27_30_R1,870.271,10.3015,0.0,rapida_demo,DATOS SINTÉTICOS DE DEMOSTRACIÓN,DEMO: generado localmente,2026-10-08,"('lleida', 'málaga')",2020,49.0832844,206.03000000000003,255.11328440000003
Lleida,Murcia,27_31_R1,538.43,6.3735,0.0,rapida_demo,DATOS SINTÉTICOS DE DEMOSTRACIÓN,DEMO: generado localmente,2026-10-08,"('lleida', 'murcia')",2020,30.367451999999997,127.47,157.83745199999998
Lleida,Pamplona/Iruña,27_32_R1,287.484,3.403,0.0,rapida_demo,DATOS SINTÉTICOS DE DEMOSTRACIÓN,DEMO: generado localmente,2026-10-08,"('lleida', 'pamplona/iruña')",2020,16.2140976,68.06,84.2740976
Lleida,Ourense,27_33_R1,882.68,10.4484,0.0,rapida_demo,DATOS SINTÉTICOS DE DEMOSTRACIÓN,DEMO: generado localmente,2026-10-08,"('lleida', 'ourense')",2020,49.783151999999994,208.968,258.751152
Lleida,Palencia,27_34_R1,537.254,6.3595,0.0,rapida_demo,DATOS SINTÉTICOS DE DEMOSTRACIÓN,DEMO: generado localmente,2026-10-08,"('lleida', 'palencia')",2020,30.3011256,127.19,157.4911256
Lleida,Pontevedra,27_35_R1,963.762,11.4082,0.0,rapida_demo,DATOS SINTÉTICOS DE DEMOSTRACIÓN,DEMO: generado localmente,2026-10-08,"('lleida', 'pontevedra')",2020,54.35617679999999,228.16400000000002,282.5201768
Lleida,Salamanca,27_36_R1,662.96,7.8475,0.0,rapida_demo,DATOS SINTÉTICOS DE DEMOSTRACIÓN,DEMO: generado localmente,2026-10-08,"('lleida', 'salamanca')",2020,37.390944000000005,156.95,194.34094399999998
Lleida,Segovia,27_37_R1,504.675,5.9739,0.0,rapida_demo,DATOS SINTÉTICOS DE DEMOSTRACIÓN,DEMO: generado localmente,2026-10-08,"('lleida', 'segovia')",2020,28.46367,119.47800000000001,147.94167000000002
Lleida,Sevilla,27_38_R1,921.072,10.9028,0.0,rapida_demo,DATOS SINTÉTICOS DE DEMOSTRACIÓN,DEMO: generado localmente,2026-10-08,"('lleida', 'sevilla')",2020,51.9484608,218.05599999999998,270.0044608
Lleida,Soria,27_39_R1,321.457,3.8051,0.0,rapida_demo,DATOS SINTÉTICOS DE DEMOSTRACIÓN,DEMO: generado localmente,2026-10-08,"('lleida', 'soria')",2020,18.1301748,76.102,94.2321748
Lleida,Tarragona,27_40_R1,95.186,1.1267,0.0,rapida_demo,DATOS SINTÉTICOS DE DEMOSTRACIÓN,DEMO: generado localmente,2026-10-08,"('lleida', 'tarragona')",2020,5.368490400000001,22.534,27.902490399999998
Lleida,Teruel,27_41_R1,253.669,3.0027,0.0,rapida_demo,DATOS SINTÉTICOS DE DEMOSTRACIÓN,DEMO: generado localmente,2026-10-08,"('lleida', 'teruel')",2020,14.3069316,60.054,74.3609316
Lleida,Toledo,27_42_R1,547.407,6.4797,0.0,rapida_demo,DATOS SINTÉTICOS DE DEMOSTRACIÓN,DEMO: generado localmente,2026-10-08,"('lleida', 'toledo')",2020,30.8737548,129.594,160.4677548
Lleida,Valencia,27_43_R1,316.412,3.7454,0.0,rapida_demo,DATOS SINTÉTICOS DE DEMOSTRACIÓN,DEMO: generado localmente,2026-10-08,"('lleida', 'valencia')",2020,17.845636799999998,74.908,92.7536368
Lleida,Valladolid,27_44_R1,556.284,6.5848,0.0,rapida_demo,DATOS SINTÉTICOS DE DEMOSTRACIÓN,DEMO: generado localmente,2026-10-08,"('lleida', 'valladolid')",2020,31.374417599999997,131.696,163.07041759999998
Lleida,Zamora,27_45_R1,662.928,7.8472,0.0,rapida_demo,DATOS SINTÉTICOS DE DEMOSTRACIÓN,DEMO: generado localmente,2026-10-08,"('lleida', 'zamora')",2020,37.3891392,156.944,194.3331392
Lleida,Zaragoza,27_46_R1,156.349,1.8507,0.0,rapida_demo,DATOS SINTÉTICOS DE DEMOSTRACIÓN,DEMO: generado localmente,2026-10-08,"('lleida', 'zaragoza')",2020,8.8180836,37.014,45.832083600000004
Lugo,Madrid,28_29_R1,538.77,6.3775,0.0,rapida_demo,DATOS SINTÉTICOS DE DEMOSTRACIÓN,DEMO: generado localmente,2026-10-08,"('lugo', 'madrid')",2020,30.386627999999998,127.55000000000001,157.936628
Lugo,Málaga,28_30_R1,936.053,11.0802,0.0,rapida_demo,DATOS SINTÉTICOS DE DEMOSTRACIÓN,DEMO: generado localmente,2026-10-08,"('lugo', 'málaga')",2020,52.7933892,221.60399999999998,274.39738919999996
Lugo,Murcia,28_31_R1,973.766,11.5266,0.0,rapida_demo,DATOS SINTÉTICOS DE DEMOSTRACIÓN,DEMO: generado localmente,2026-10-08,"('lugo', 'murcia')",2020,54.92040239999999,230.532,285.4524024
Lugo,Pamplona/Iruña,28_32_R1,602.198,7.1283,0.0,rapida_demo,DATOS SINTÉTICOS DE DEMOSTRACIÓN,DEMO: generado localmente,2026-10-08,"('lugo', 'pamplona/iruña')",2020,33.9639672,142.566,176.5299672
Lugo,Ourense,28_33_R1,98.899,1.1707,0.0,rapida_demo,DATOS SINTÉTICOS DE DEMOSTRACIÓN,DEMO: generado localmente,2026-10-08,"('lugo', 'ourense')",2020,5.5779036,23.414,28.9919036
Lugo,Palencia,28_34_R1,339.387,4.0174,0.0,rapida_demo,DATOS SINTÉTICOS DE DEMOSTRACIÓN,DEMO: generado localmente,2026-10-08,"('lugo', 'palencia')",2020,19.141426799999998,80.34800000000001,99.48942680000002
Lugo,Pontevedra,28_35_R1,137.371,1.6261,0.0,rapida_demo,DATOS SINTÉTICOS DE DEMOSTRACIÓN,DEMO: generado localmente,2026-10-08,"('lugo', 'pontevedra')",2020,7.7477244,32.522000000000006,40.26972440000001
Lugo,Salamanca,28_36_R1,344.888,4.0825,0.0,rapida_demo,DATOS SINTÉTICOS DE DEMOSTRACIÓN,DEMO: generado localmente,2026-10-08,"('lugo', 'salamanca')",2020,19.451683199999998,81.64999999999999,101.1016832
Lugo,Segovia,28_37_R1,455.61,5.3931,0.0,rapida_demo,DATOS SINTÉTICOS DE DEMOSTRACIÓN,DEMO: generado localmente,2026-10-08,"('lugo', 'segovia')",2020,25.696404,107.862,133.558404
Lugo,Sevilla,28_38_R1,798.678,9.4541,0.0,rapida_demo,DATOS SINTÉTICOS DE DEMOSTRACIÓN,DEMO: generado localmente,2026-10-08,"('lugo', 'sevilla')",2020,45.0454392,189.082,234.1274392
Lugo,Soria,28_39_R1,550.591,6.5174,0.0,rapida_demo,DATOS SINTÉTICOS DE DEMOSTRACIÓN,DEMO: generado localmente,2026-10-08,"('lugo', 'soria')",2020,31.0533324,130.348,161.4013324
Lugo,Tarragona,28_40_R1,945.844,11.1961,0.0,rapida_demo,DATOS SINTÉTICOS DE DEMOSTRACIÓN,DEMO: generado localmente,2026-10-08,"('lugo', 'tarragona')",2020,53.3456016,223.922,277.2676016
Lugo,Teruel,28_41_R1,764.803,9.0531,0.0,rapida_demo,DATOS SINTÉTICOS DE DEMOSTRACIÓN,DEMO: generado localmente,2026-10-08,"('lugo', 'teruel')",2020,43.134889199999996,181.062,224.19688920000002
Lugo,Toledo,28_42_R1,572.131,6.7724,0.0,rapida_demo,DATOS SINTÉTICOS DE DEMOSTRACIÓN,DEMO: generado localmente,2026-10-08,"('lugo', 'toledo')",2020,32.2681884,135.448,167.71618840000002
Lugo,Valencia,28_43_R1,896.704,10.6144,0.0,rapida_demo,DATOS SINTÉTICOS DE DEMOSTRACIÓN,DEMO: generado localmente,2026-10-08,"('lugo', 'valencia')",2020,50.574105599999996,212.288,262.8621056
Lugo,Valladolid,28_44_R1,346.348,4.0998,0.0,rapida_demo,DATOS SINTÉTICOS DE DEMOSTRACIÓN,DEMO: generado localmente,2026-10-08,"('lugo', 'valladolid')",2020,19.5340272,81.99600000000001,101.5300272
Lugo,Zamora,28_45_R1,280.06,3.3151,0.0,rapida_demo,DATOS SINTÉTICOS DE DEMOSTRACIÓN,DEMO: generado localmente,2026-10-08,"('lugo', 'zamora')",2020,15.795384,66.302,82.097384
Lugo,Zaragoza,28_46_R1,711.306,8.4198,0.0,rapida_demo,DATOS SINTÉTICOS DE DEMOSTRACIÓN,DEMO: generado localmente,2026-10-08,"('lugo', 'zaragoza')",2020,40.1176584,168.39600000000002,208.51365840000003
Madrid,Málaga,29_30_R1,520.068,6.1561,0.0,rapida_demo,DATOS SINTÉTICOS DE DEMOSTRACIÓN,DEMO: generado localmente,2026-10-08,"('madrid', 'málaga')",2020,29.331835199999997,123.12200000000001,152.45383520000001
Madrid,Murcia,29_31_R1,436.691,5.1692,0.0,rapida_demo,DATOS SINTÉTICOS DE DEMOSTRACIÓN,DEMO: generado localmente,2026-10-08,"('madrid', 'murcia')",2020,24.629372399999998,103.384,128.0133724
Madrid,Pamplona/Iruña,29_32_R1,395.574,4.6825,0.0,rapida_demo,DATOS SINTÉTICOS DE DEMOSTRACIÓN,DEMO: generado localmente,2026-10-08,"('madrid', 'pamplona/iruña')",2020,22.310373600000002,93.65,115.96037360000001
Madrid,Ourense,29_33_R1,510.086,6.0379,0.0,rapida_demo,DATOS SINTÉTICOS DE DEMOSTRACIÓN,DEMO: generado localmente,2026-10-08,"('madrid', 'ourense')",2020,28.7688504,120.758,149.5268504
Madrid,Palencia,29_34_R1,238.111,2.8185,0.0,rapida_demo,DATOS SINTÉTICOS DE DEMOSTRACIÓN,DEMO: generado localmente,2026-10-08,"('madrid', 'palencia')",2020,13.4294604,56.37,69.7994604
Madrid,Pontevedra,29_35_R1,587.183,6.9506,0.0,rapida_demo,DATOS SINTÉTICOS DE DEMOSTRACIÓN,DEMO: generado localmente,2026-10-08,"('madrid', 'pontevedra')",2020,33.1171212,139.012,172.1291212
Madrid,Salamanca,29_36_R1,221.23,2.6187,0.0,rapida_demo,DATOS SINTÉTICOS DE DEMOSTRACIÓN,DEMO: generado localmente,2026-10-08,"('madrid', 'salamanca')",2020,12.477371999999999,52.374,64.851372
Madrid,Segovia,29_37_R1,86.798,1.0274,0.0,rapida_demo,DATOS SINTÉTICOS DE DEMOSTRACIÓN,DEMO: generado localmente,2026-10-08,"('madrid', 'segovia')",2020,4.8954072,20.548000000000002,25.443407200000003
Madrid,Sevilla,29_38_R1,489.278,5.7916,0.0,rapida_demo,DATOS SINTÉTICOS DE DEMOSTRACIÓN,DEMO: generado localmente,2026-10-08,"('madrid', 'sevilla')",2020,27.5952792,115.832,143.4272792
Madrid,Soria,29_39_R1,226.804,2.6847,0.0,rapida_demo,DATOS SINTÉTICOS DE DEMOSTRACIÓN,DEMO: generado localmente,2026-10-08,"('madrid', 'soria')",2020,12.7917456,53.693999999999996,66.4857456
Madrid,Tarragona,29_40_R1,529.564,6.2685,0.0,rapida_demo,DATOS SINTÉTICOS DE DEMOSTRACIÓN,DEMO: generado localmente,2026-10-08,"('madrid', 'tarragona')",2020,29.8674096,125.37,155.2374096
Madrid,Teruel,29_41_R1,273.776,3.2407,0.0,rapida_demo,DATOS SINTÉTICOS DE DEMOSTRACIÓN,DEMO: generado localmente,2026-10-08,"('madrid', 'teruel')",2020,15.4409664,64.814,80.2549664
Madrid,Toledo,29_42_R1,85.836,1.0161,0.0,rapida_demo,DATOS SINTÉTICOS DE DEMOSTRACIÓN,DEMO: generado localmente,2026-10-08,"('madrid', 'toledo')",2020,4.8411504,20.322,25.1631504
Madrid,Valencia,29_43_R1,377.01,4.4627,0.0,rapida_demo,DATOS SINTÉTICOS DE DEMOSTRACIÓN,DEMO: generado localmente,2026-10-08,"('madrid', 'valencia')",2020,21.263364,89.25399999999999,110.51736399999999
Madrid,Valladolid,29_44_R1,202.994,2.4029,0.0,rapida_demo,DATOS SINTÉTICOS DE DEMOSTRACIÓN,DEMO: generado localmente,2026-10-08,"('madrid', 'valladolid')",2020,11.448861599999999,48.05799999999999,59.50686159999999
Madrid,Zamora,29_45_R1,263.168,3.1152,0.0,rapida_demo,DATOS SINTÉTICOS DE DEMOSTRACIÓN,DEMO: generado localmente,2026-10-08,"('madrid', 'zamora')",2020,14.8426752,62.304,77.1466752
Madrid,Zaragoza,29_46_R1,341.51,4.0425,0.0,rapida_demo,DATOS SINTÉTICOS DE DEMOSTRACIÓN,DEMO: generado localmente,2026-10-08,"('madrid', 'zaragoza')",2020,19.261163999999997,80.85000000000001,100.111164
Málaga,Murcia,30_31_R1,403.137,4.772,0.0,rapida_demo,DATOS SINTÉTICOS DE DEMOSTRACIÓN,DEMO: generado localmente,2026-10-08,"('murcia', 'málaga')",2020,22.7369268,95.44,118.17692679999999
Málaga,Pamplona/Iruña,30_32_R1,897.674,10.6259,0.0,rapida_demo,DATOS SINTÉTICOS DE DEMOSTRACIÓN,DEMO: generado localmente,2026-10-08,"('málaga', 'pamplona/iruña')",2020,50.6288136,212.518,263.1468136
Málaga,Ourense,30_33_R1,863.435,10.2206,0.0,rapida_demo,DATOS SINTÉTICOS DE DEMOSTRACIÓN,DEMO: generado localmente,2026-10-08,"('málaga', 'ourense')",2020,48.697734,204.41199999999998,253.10973399999997
Málaga,Palencia,30_34_R1,735.504,8.7063,0.0,rapida_demo,DATOS SINTÉTICOS DE DEMOSTRACIÓN,DEMO: generado localmente,2026-10-08,"('málaga', 'palencia')",2020,41.4824256,174.126,215.6084256
Málaga,Pontevedra,30_35_R1,913.926,10.8183,0.0,rapida_demo,DATOS SINTÉTICOS DE DEMOSTRACIÓN,DEMO: generado localmente,2026-10-08,"('málaga', 'pontevedra')",2020,51.545426400000004,216.366,267.91142640000004
Málaga,Salamanca,30_36_R1,605.327,7.1653,0.0,rapida_demo,DATOS SINTÉTICOS DE DEMOSTRACIÓN,DEMO: generado localmente,2026-10-08,"('málaga', 'salamanca')",2020,34.1404428,143.306,177.4464428
Málaga,Segovia,30_37_R1,588.826,6.97,0.0,rapida_demo,DATOS SINTÉTICOS DE DEMOSTRACIÓN,DEMO: generado localmente,2026-10-08,"('málaga', 'segovia')",2020,33.2097864,139.4,172.60978640000002
Málaga,Sevilla,30_38_R1,198.308,2.3474,0.0,rapida_demo,DATOS SINTÉTICOS DE DEMOSTRACIÓN,DEMO: generado localmente,2026-10-08,"('málaga', 'sevilla')",2020,11.184571199999999,46.948,58.1325712
Málaga,Soria,30_39_R1,731.64,8.6605,0.0,rapida_demo,DATOS SINTÉTICOS DE DEMOSTRACIÓN,DEMO: generado localmente,2026-10-08,"('málaga', 'soria')",2020,41.264496,173.21,214.47449600000002
Málaga,Tarragona,30_40_R1,865.295,10.2426,0.0,rapida_demo,DATOS SINTÉTICOS DE DEMOSTRACIÓN,DEMO: generado localmente,2026-10-08,"('málaga', 'tarragona')",2020,48.802637999999995,204.85199999999998,253.65463799999998
Málaga,Teruel,30_41_R1,618.686,7.3235,0.0,rapida_demo,DATOS SINTÉTICOS DE DEMOSTRACIÓN,DEMO: generado localmente,2026-10-08,"('málaga', 'teruel')",2020,34.893890400000004,146.47,181.3638904
Málaga,Toledo,30_42_R1,437.983,5.1845,0.0,rapida_demo,DATOS SINTÉTICOS DE DEMOSTRACIÓN,DEMO: generado localmente,2026-10-08,"('málaga', 'toledo')",2020,24.7022412,103.69,128.3922412
Málaga,Valencia,30_43_R1,583.941,6.9122,0.0,rapida_demo,DATOS SINTÉTICOS DE DEMOSTRACIÓN,DEMO: generado localmente,2026-10-08,"('málaga', 'valencia')",2020,32.9342724,138.244,171.1782724
Málaga,Valladolid,30_44_R1,686.384,8.1248,0.0,rapida_demo,DATOS SINTÉTICOS DE DEMOSTRACIÓN,DEMO: generado localmente,2026-10-08,"('málaga', 'valladolid')",2020,38.7120576,162.496,201.20805760000002
Málaga,Zamora,30_45_R1,680.211,8.0517,0.0,rapida_demo,DATOS SINTÉTICOS DE DEMOSTRACIÓN,DEMO: generado localmente,2026-10-08,"('málaga', 'zamora')",2020,38.3639004,161.034,199.3979004
Málaga,Zaragoza,30_46_R1,784.631,9.2878,0.0,rapida_demo,DATOS SINTÉTICOS DE DEMOSTRACIÓN,DEMO: generado localmente,2026-10-08,"('málaga', 'zaragoza')",2020,44.2531884,185.75600000000003,230.00918840000003
Murcia,Pamplona/Iruña,31_32_R1,674.246,7.9811,0.0,rapida_demo,DATOS SINTÉTICOS DE DEMOSTRACIÓN,DEMO: generado localmente,2026-10-08,"('murcia', 'pamplona/iruña')",2020,38.027474399999996,159.62199999999999,197.64947439999997
Murcia,Ourense,31_33_R1,936.236,11.0823,0.0,rapida_demo,DATOS SINTÉTICOS DE DEMOSTRACIÓN,DEMO: generado localmente,2026-10-08,"('murcia', 'ourense')",2020,52.8037104,221.64600000000002,274.4497104
Murcia,Palencia,31_34_R1,666.693,7.8917,0.0,rapida_demo,DATOS SINTÉTICOS DE DEMOSTRACIÓN,DEMO: generado localmente,2026-10-08,"('murcia', 'palencia')",2020,37.6014852,157.834,195.43548520000002
Murcia,Pontevedra,31_35_R1,1008.748,11.9407,0.0,rapida_demo,DATOS SINTÉTICOS DE DEMOSTRACIÓN,DEMO: generado localmente,2026-10-08,"('murcia', 'pontevedra')",2020,56.8933872,238.814,295.70738719999997
Murcia,Salamanca,31_36_R1,638.877,7.5625,0.0,rapida_demo,DATOS SINTÉTICOS DE DEMOSTRACIÓN,DEMO: generado localmente,2026-10-08,"('murcia', 'salamanca')",2020,36.0326628,151.25,187.2826628
Murcia,Segovia,31_37_R1,522.697,6.1872,0.0,rapida_demo,DATOS SINTÉTICOS DE DEMOSTRACIÓN,DEMO: generado localmente,2026-10-08,"('murcia', 'segovia')",2020,29.4801108,123.744,153.2241108
Murcia,Sevilla,31_38_R1,541.333,6.4078,0.0,rapida_demo,DATOS SINTÉTICOS DE DEMOSTRACIÓN,DEMO: generado localmente,2026-10-08,"('murcia', 'sevilla')",2020,30.5311812,128.156,158.6871812
Murcia,Soria,31_39_R1,544.244,6.4423,0.0,rapida_demo,DATOS SINTÉTICOS DE DEMOSTRACIÓN,DEMO: generado localmente,2026-10-08,"('murcia', 'soria')",2020,30.695361600000002,128.846,159.54136160000002
Murcia,Tarragona,31_40_R1,504.975,5.9774,0.0,rapida_demo,DATOS SINTÉTICOS DE DEMOSTRACIÓN,DEMO: generado localmente,2026-10-08,"('murcia', 'tarragona')",2020,28.48059,119.548,148.02859
Murcia,Teruel,31_41_R1,328.046,3.8831,0.0,rapida_demo,DATOS SINTÉTICOS DE DEMOSTRACIÓN,DEMO: generado localmente,2026-10-08,"('murcia', 'teruel')",2020,18.501794399999998,77.662,96.1637944
Murcia,Toledo,31_42_R1,407.135,4.8193,0.0,rapida_demo,DATOS SINTÉTICOS DE DEMOSTRACIÓN,DEMO: generado localmente,2026-10-08,"('murcia', 'toledo')",2020,22.962414,96.386,119.34841399999999
Murcia,Valencia,31_43_R1,222.146,2.6296,0.0,rapida_demo,DATOS SINTÉTICOS DE DEMOSTRACIÓN,DEMO: generado localmente,2026-10-08,"('murcia', 'valencia')",2020,12.529034399999999,52.592,65.1210344
Murcia,Valladolid,31_44_R1,638.346,7.5562,0.0,rapida_demo,DATOS SINTÉTICOS DE DEMOSTRACIÓN,DEMO: generado localmente,2026-10-08,"('murcia', 'valladolid')",2020,36.0027144,151.124,187.1267144
Murcia,Zamora,31_45_R1,694.698,8.2232,0.0,rapida_demo,DATOS SINTÉTICOS DE DEMOSTRACIÓN,DEMO: generado localmente,2026-10-08,"('murcia', 'zamora')",2020,39.1809672,164.464,203.6449672
Murcia,Zaragoza,31_46_R1,511.202,6.0512,0.0,rapida_demo,DATOS SINTÉTICOS DE DEMOSTRACIÓN,DEMO: generado localmente,2026-10-08,"('murcia', 'zaragoza')",2020,28.8317928,121.024,149.8557928
Pamplona/Iruña,Ourense,32_33_R1,639.944,7.5751,0.0,rapida_demo,DATOS SINTÉTICOS DE DEMOSTRACIÓN,DEMO: generado localmente,2026-10-08,"('ourense', 'pamplona/iruña')",2020,36.0928416,151.502,187.5948416
Pamplona/Iruña,Palencia,32_34_R1,316.911,3.7513,0.0,rapida_demo,DATOS SINTÉTICOS DE DEMOSTRACIÓN,DEMO: generado localmente,2026-10-08,"('palencia', 'pamplona/iruña')",2020,17.8737804,75.026,92.8997804
Pamplona/Iruña,Pontevedra,32_35_R1,717.954,8.4985,0.0,rapida_demo,DATOS SINTÉTICOS DE DEMOSTRACIÓN,DEMO: generado localmente,2026-10-08,"('pamplona/iruña', 'pontevedra')",2020,40.4926056,169.97,210.4626056
Pamplona/Iruña,Salamanca,32_36_R1,489.075,5.7892,0.0,rapida_demo,DATOS SINTÉTICOS DE DEMOSTRACIÓN,DEMO: generado localmente,2026-10-08,"('pamplona/iruña', 'salamanca')",2020,27.58383,115.784,143.36783
Pamplona/Iruña,Segovia,32_37_R1,365.018,4.3208,0.0,rapida_demo,DATOS SINTÉTICOS DE DEMOSTRACIÓN,DEMO: generado localmente,2026-10-08,"('pamplona/iruña', 'segovia')",2020,20.5870152,86.416,107.0030152
Pamplona/Iruña,Sevilla,32_38_R1,884.843,10.474,0.0,rapida_demo,DATOS SINTÉTICOS DE DEMOSTRACIÓN,DEMO: generado localmente,2026-10-08,"('pamplona/iruña', 'sevilla')",2020,49.9051452,209.48000000000002,259.3851452
Pamplona/Iruña,Soria,32_39_R1,169.193,2.0028,0.0,rapida_demo,DATOS SINTÉTICOS DE DEMOSTRACIÓN,DEMO: generado localmente,2026-10-08,"('pamplona/iruña', 'soria')",2020,9.5424852,40.056000000000004,49.598485200000006
Pamplona/Iruña,Tarragona,32_40_R1,381.582,4.5168,0.0,rapida_demo,DATOS SINTÉTICOS DE DEMOSTRACIÓN,DEMO: generado localmente,2026-10-08,"('pamplona/iruña', 'tarragona')",2020,21.5212248,90.336,111.8572248
Pamplona/Iruña,Teruel,32_41_R1,348.501,4.1252,0.0,rapida_demo,DATOS SINTÉTICOS DE DEMOSTRACIÓN,DEMO: generado localmente,2026-10-08,"('pamplona/iruña', 'teruel')",2020,19.6554564,82.504,102.15945640000001
Pamplona/Iruña,Toledo,32_42_R1,480.825,5.6916,0.0,rapida_demo,DATOS SINTÉTICOS DE DEMOSTRACIÓN,DEMO: generado localmente,2026-10-08,"('pamplona/iruña', 'toledo')",2020,27.11853,113.83200000000001,140.95053000000001
Pamplona/Iruña,Valencia,32_43_R1,483.95,5.7286,0.0,rapida_demo,DATOS SINTÉTICOS DE DEMOSTRACIÓN,DEMO: generado localmente,2026-10-08,"('pamplona/iruña', 'valencia')",2020,27.29478,114.572,141.86678
Pamplona/Iruña,Valladolid,32_44_R1,356.354,4.2182,0.0,rapida_demo,DATOS SINTÉTICOS DE DEMOSTRACIÓN,DEMO: generado localmente,2026-10-08,"('pamplona/iruña', 'valladolid')",2020,20.098365599999997,84.364,104.4623656
Pamplona/Iruña,Zamora,32_45_R1,460.433,5.4502,0.0,rapida_demo,DATOS SINTÉTICOS DE DEMOSTRACIÓN,DEMO: generado localmente,2026-10-08,"('pamplona/iruña', 'zamora')",2020,25.968421199999998,109.00399999999999,134.97242119999999
Pamplona/Iruña,Zaragoza,32_46_R1,179.811,2.1285,0.0,rapida_demo,DATOS SINTÉTICOS DE DEMOSTRACIÓN,DEMO: generado localmente,2026-10-08,"('pamplona/iruña', 'zaragoza')",2020,10.1413404,42.56999999999999,52.7113404
Ourense,Palencia,33_34_R1,346.059,4.0963,0.0,rapida_demo,DATOS SINTÉTICOS DE DEMOSTRACIÓN,DEMO: generado localmente,2026-10-08,"('ourense', 'palencia')",2020,19.5177276,81.926,101.4437276
Ourense,Pontevedra,33_35_R1,81.501,0.9647,0.0,rapida_demo,DATOS SINTÉTICOS DE DEMOSTRACIÓN,DEMO: generado localmente,2026-10-08,"('ourense', 'pontevedra')",2020,4.5966564000000005,19.294,23.8906564
Ourense,Salamanca,33_36_R1,297.433,3.5208,0.0,rapida_demo,DATOS SINTÉTICOS DE DEMOSTRACIÓN,DEMO: generado localmente,2026-10-08,"('ourense', 'salamanca')",2020,16.7752212,70.416,87.1912212
Ourense,Segovia,33_37_R1,433.461,5.1309,0.0,rapida_demo,DATOS SINTÉTICOS DE DEMOSTRACIÓN,DEMO: generado localmente,2026-10-08,"('ourense', 'segovia')",2020,24.4472004,102.618,127.0652004
Ourense,Sevilla,33_38_R1,715.874,8.4739,0.0,rapida_demo,DATOS SINTÉTICOS DE DEMOSTRACIÓN,DEMO: generado localmente,2026-10-08,"('ourense', 'sevilla')",2020,40.3752936,169.478,209.8532936
Ourense,Soria,33_39_R1,562.876,6.6628,0.0,rapida_demo,DATOS SINTÉTICOS DE DEMOSTRACIÓN,DEMO: generado localmente,2026-10-08,"('ourense', 'soria')",2020,31.7462064,133.256,165.0022064
Ourense,Tarragona,33_40_R1,960.395,11.3683,0.0,rapida_demo,DATOS SINTÉTICOS DE DEMOSTRACIÓN,DEMO: generado localmente,2026-10-08,"('ourense', 'tarragona')",2020,54.166278,227.36599999999999,281.53227799999996
Ourense,Teruel,33_41_R1,757.162,8.9626,0.0,rapida_demo,DATOS SINTÉTICOS DE DEMOSTRACIÓN,DEMO: generado localmente,2026-10-08,"('ourense', 'teruel')",2020,42.7039368,179.252,221.95593680000002
Ourense,Toledo,33_42_R1,529.42,6.2668,0.0,rapida_demo,DATOS SINTÉTICOS DE DEMOSTRACIÓN,DEMO: generado localmente,2026-10-08,"('ourense', 'toledo')",2020,29.859287999999996,125.336,155.195288
Ourense,Valencia,33_43_R1,881.14,10.4302,0.0,rapida_demo,DATOS SINTÉTICOS DE DEMOSTRACIÓN,DEMO: generado localmente,2026-10-08,"('ourense', 'valencia')",2020,49.696296,208.60399999999998,258.300296
Ourense,Valladolid,33_44_R1,337.471,3.9947,0.0,rapida_demo,DATOS SINTÉTICOS DE DEMOSTRACIÓN,DEMO: generado localmente,2026-10-08,"('ourense', 'valladolid')",2020,19.0333644,79.894,98.9273644
Ourense,Zamora,33_45_R1,247.558,2.9304,0.0,rapida_demo,DATOS SINTÉTICOS DE DEMOSTRACIÓN,DEMO: generado localmente,2026-10-08,"('ourense', 'zamora')",2020,13.9622712,58.608000000000004,72.57027120000001
Ourense,Zaragoza,33_46_R1,727.639,8.6131,0.0,rapida_demo,DATOS SINTÉTICOS DE DEMOSTRACIÓN,DEMO: generado localmente,2026-10-08,"('ourense', 'zaragoza')",2020,41.0388396,172.262,213.30083960000002
Palencia,Pontevedra,34_35_R1,427.446,5.0597,0.0,rapida_demo,DATOS SINTÉTICOS DE DEMOSTRACIÓN,DEMO: generado localmente,2026-10-08,"('palencia', 'pontevedra')",2020,24.1079544,101.194,125.3019544
Palencia,Salamanca,34_36_R1,187.038,2.214,0.0,rapida_demo,DATOS SINTÉTICOS DE DEMOSTRACIÓN,DEMO: generado localmente,2026-10-08,"('palencia', 'salamanca')",2020,10.5489432,44.28,54.8289432
Palencia,Segovia,34_37_R1,153.427,1.8161,0.0,rapida_demo,DATOS SINTÉTICOS DE DEMOSTRACIÓN,DEMO: generado localmente,2026-10-08,"('palencia', 'segovia')",2020,8.6532828,36.322,44.9752828
Palencia,Sevilla,34_38_R1,661.206,7.8268,0.0,rapida_demo,DATOS SINTÉTICOS DE DEMOSTRACIÓN,DEMO: generado localmente,2026-10-08,"('palencia', 'sevilla')",2020,37.2920184,156.536,193.82801840000002
Palencia,Soria,34_39_R1,216.817,2.5665,0.0,rapida_demo,DATOS SINTÉTICOS DE DEMOSTRACIÓN,DEMO: generado localmente,2026-10-08,"('palencia', 'soria')",2020,12.2284788,51.33,63.558478799999996
Palencia,Tarragona,34_40_R1,614.379,7.2725,0.0,rapida_demo,DATOS SINTÉTICOS DE DEMOSTRACIÓN,DEMO: generado localmente,2026-10-08,"('palencia', 'tarragona')",2020,34.6509756,145.45,180.1009756
Palencia,Teruel,34_41_R1,426.671,5.0506,0.0,rapida_demo,DATOS SINTÉTICOS DE DEMOSTRACIÓN,DEMO: generado localmente,2026-10-08,"('palencia', 'teruel')",2020,24.0642444,101.012,125.07624440000001
Palencia,Toledo,34_42_R1,304.183,3.6006,0.0,rapida_demo,DATOS SINTÉTICOS DE DEMOSTRACIÓN,DEMO: generado localmente,2026-10-08,"('palencia', 'toledo')",2020,17.155921199999998,72.012,89.1679212
Palencia,Valencia,34_43_R1,562.253,6.6555,0.0,rapida_demo,DATOS SINTÉTICOS DE DEMOSTRACIÓN,DEMO: generado localmente,2026-10-08,"('palencia', 'valencia')",2020,31.7110692,133.11,164.8210692
Palencia,Valladolid,34_44_R1,53.813,0.637,0.0,rapida_demo,DATOS SINTÉTICOS DE DEMOSTRACIÓN,DEMO: generado localmente,2026-10-08,"('palencia', 'valladolid')",2020,3.0350532,12.74,15.7750532
Palencia,Zamora,34_45_R1,144.289,1.708,0.0,rapida_demo,DATOS SINTÉTICOS DE DEMOSTRACIÓN,DEMO: generado localmente,2026-10-08,"('palencia', 'zamora')",2020,8.137899599999999,34.16,42.297899599999994
Palencia,Zaragoza,34_46_R1,381.739,4.5187,0.0,rapida_demo,DATOS SINTÉTICOS DE DEMOSTRACIÓN,DEMO: generado localmente,2026-10-08,"('palencia', 'zaragoza')",2020,21.530079599999997,90.374,111.90407959999999
Pontevedra,Salamanca,35_36_R1,370.638,4.3873,0.0,rapida_demo,DATOS SINTÉTICOS DE DEMOSTRACIÓN,DEMO: generado localmente,2026-10-08,"('pontevedra', 'salamanca')",2020,20.9039832,87.746,108.6499832
Pontevedra,Segovia,35_37_R1,512.499,6.0665,0.0,rapida_demo,DATOS SINTÉTICOS DE DEMOSTRACIÓN,DEMO: generado localmente,2026-10-08,"('pontevedra', 'segovia')",2020,28.9049436,121.32999999999998,150.23494359999998
Pontevedra,Sevilla,35_38_R1,755.774,8.9462,0.0,rapida_demo,DATOS SINTÉTICOS DE DEMOSTRACIÓN,DEMO: generado localmente,2026-10-08,"('pontevedra', 'sevilla')",2020,42.6256536,178.92399999999998,221.54965359999997
Pontevedra,Soria,35_39_R1,644.249,7.6261,0.0,rapida_demo,DATOS SINTÉTICOS DE DEMOSTRACIÓN,DEMO: generado localmente,2026-10-08,"('pontevedra', 'soria')",2020,36.3356436,152.522,188.8576436
Pontevedra,Tarragona,35_40_R1,1041.816,12.3321,0.0,rapida_demo,DATOS SINTÉTICOS DE DEMOSTRACIÓN,DEMO: generado localmente,2026-10-08,"('pontevedra', 'tarragona')",2020,58.7584224,246.642,305.4004224
Pontevedra,Teruel,35_41_R1,837.663,9.9155,0.0,rapida_demo,DATOS SINTÉTICOS DE DEMOSTRACIÓN,DEMO: generado localmente,2026-10-08,"('pontevedra', 'teruel')",2020,47.2441932,198.31,245.5541932
Pontevedra,Toledo,35_42_R1,601.638,7.1217,0.0,rapida_demo,DATOS SINTÉTICOS DE DEMOSTRACIÓN,DEMO: generado localmente,2026-10-08,"('pontevedra', 'toledo')",2020,33.932383200000004,142.434,176.3663832
Pontevedra,Valencia,35_43_R1,960.216,11.3662,0.0,rapida_demo,DATOS SINTÉTICOS DE DEMOSTRACIÓN,DEMO: generado localmente,2026-10-08,"('pontevedra', 'valencia')",2020,54.1561824,227.32399999999998,281.4801824
Pontevedra,Valladolid,35_44_R1,418.664,4.9558,0.0,rapida_demo,DATOS SINTÉTICOS DE DEMOSTRACIÓN,DEMO: generado localmente,2026-10-08,"('pontevedra', 'valladolid')",2020,23.612649599999997,99.116,122.7286496
Pontevedra,Zamora,35_45_R1,326.244,3.8618,0.0,rapida_demo,DATOS SINTÉTICOS DE DEMOSTRACIÓN,DEMO: generado localmente,2026-10-08,"('pontevedra', 'zamora')",2020,18.4001616,77.236,95.63616160000001
Pontevedra,Zaragoza,35_46_R1,808.901,9.5751,0.0,rapida_demo,DATOS SINTÉTICOS DE DEMOSTRACIÓN,DEMO: generado localmente,2026-10-08,"('pontevedra', 'zaragoza')",2020,45.6220164,191.502,237.12401640000002
Salamanca,Segovia,36_37_R1,161.597,1.9128,0.0,rapida_demo,DATOS SINTÉTICOS DE DEMOSTRACIÓN,DEMO: generado localmente,2026-10-08,"('salamanca', 'segovia')",2020,9.1140708,38.256,47.3700708
Salamanca,Sevilla,36_38_R1,498.437,5.9001,0.0,rapida_demo,DATOS SINTÉTICOS DE DEMOSTRACIÓN,DEMO: generado localmente,2026-10-08,"('salamanca', 'sevilla')",2020,28.1118468,118.00200000000001,146.1138468
Salamanca,Soria,36_39_R1,351.672,4.1628,0.0,rapida_demo,DATOS SINTÉTICOS DE DEMOSTRACIÓN,DEMO: generado localmente,2026-10-08,"('salamanca', 'soria')",2020,19.8343008,83.256,103.0903008
Salamanca,Tarragona,36_40_R1,725.335,8.5859,0.0,rapida_demo,DATOS SINTÉTICOS DE DEMOSTRACIÓN,DEMO: generado localmente,2026-10-08,"('salamanca', 'tarragona')",2020,40.908894000000004,171.71800000000002,212.62689400000002
Salamanca,Teruel,36_41_R1,488.034,5.7769,0.0,rapida_demo,DATOS SINTÉTICOS DE DEMOSTRACIÓN,DEMO: generado localmente,2026-10-08,"('salamanca', 'teruel')",2020,27.525117599999998,115.53800000000001,143.0631176
Salamanca,Toledo,36_42_R1,231.993,2.7461,0.0,rapida_demo,DATOS SINTÉTICOS DE DEMOSTRACIÓN,DEMO: generado localmente,2026-10-08,"('salamanca', 'toledo')",2020,13.084405199999999,54.922000000000004,68.0064052
Salamanca,Valencia,36_43_R1,598.203,7.081,0.0,rapida_demo,DATOS SINTÉTICOS DE DEMOSTRACIÓN,DEMO: generado localmente,2026-10-08,"('salamanca', 'valencia')",2020,33.7386492,141.62,175.3586492
Salamanca,Valladolid,36_44_R1,136.552,1.6164,0.0,rapida_demo,DATOS SINTÉTICOS DE DEMOSTRACIÓN,DEMO: generado localmente,2026-10-08,"('salamanca', 'valladolid')",2020,7.7015328,32.328,40.029532800000005
Salamanca,Zamora,36_45_R1,75.34,0.8918,0.0,rapida_demo,DATOS SINTÉTICOS DE DEMOSTRACIÓN,DEMO: generado localmente,2026-10-08,"('salamanca', 'zamora')",2020,4.249176,17.836000000000002,22.085176000000004
Salamanca,Zaragoza,36_46_R1,508.774,6.0224,0.0,rapida_demo,DATOS SINTÉTICOS DE DEMOSTRACIÓN,DEMO: generado localmente,2026-10-08,"('salamanca', 'zaragoza')",2020,28.6948536,120.44800000000001,149.1428536
Segovia,Sevilla,37_38_R1,534.496,6.3269,0.0,rapida_demo,DATOS SINTÉTICOS DE DEMOSTRACIÓN,DEMO: generado localmente,2026-10-08,"('segovia', 'sevilla')",2020,30.145574399999997,126.53800000000001,156.6835744
Segovia,Soria,37_39_R1,206.761,2.4475,0.0,rapida_demo,DATOS SINTÉTICOS DE DEMOSTRACIÓN,DEMO: generado localmente,2026-10-08,"('segovia', 'soria')",2020,11.6613204,48.949999999999996,60.6113204
Segovia,Tarragona,37_40_R1,564.288,6.6795,0.0,rapida_demo,DATOS SINTÉTICOS DE DEMOSTRACIÓN,DEMO: generado localmente,2026-10-08,"('segovia', 'tarragona')",2020,31.8258432,133.59,165.4158432
Segovia,Teruel,37_41_R1,329.067,3.8952,0.0,rapida_demo,DATOS SINTÉTICOS DE DEMOSTRACIÓN,DEMO: generado localmente,2026-10-08,"('segovia', 'teruel')",2020,18.5593788,77.904,96.4633788
Segovia,Toledo,37_42_R1,152.429,1.8043,0.0,rapida_demo,DATOS SINTÉTICOS DE DEMOSTRACIÓN,DEMO: generado localmente,2026-10-08,"('segovia', 'toledo')",2020,8.5969956,36.086,44.6829956
Segovia,Valencia,37_43_R1,447.75,5.3001,0.0,rapida_demo,DATOS SINTÉTICOS DE DEMOSTRACIÓN,DEMO: generado localmente,2026-10-08,"('segovia', 'valencia')",2020,25.2531,106.002,131.2551
Segovia,Valladolid,37_44_R1,116.202,1.3755,0.0,rapida_demo,DATOS SINTÉTICOS DE DEMOSTRACIÓN,DEMO: generado localmente,2026-10-08,"('segovia', 'valladolid')",2020,6.5537928,27.509999999999998,34.0637928
Segovia,Zamora,37_45_R1,186.258,2.2048,0.0,rapida_demo,DATOS SINTÉTICOS DE DEMOSTRACIÓN,DEMO: generado localmente,2026-10-08,"('segovia', 'zamora')",2020,10.5049512,44.096000000000004,54.600951200000004
Segovia,Zaragoza,37_46_R1,352.904,4.1774,0.0,rapida_demo,DATOS SINTÉTICOS DE DEMOSTRACIÓN,DEMO: generado localmente,2026-10-08,"('segovia', 'zaragoza')",2020,19.9037856,83.54799999999999,103.4517856
Sevilla,Soria,38_39_R1,715.895,8.4741,0.0,rapida_demo,DATOS SINTÉTICOS DE DEMOSTRACIÓN,DEMO: generado localmente,2026-10-08,"('sevilla', 'soria')",2020,40.376478,169.482,209.858478
Sevilla,Tarragona,38_40_R1,936.121,11.081,0.0,rapida_demo,DATOS SINTÉTICOS DE DEMOSTRACIÓN,DEMO: generado localmente,2026-10-08,"('sevilla', 'tarragona')",2020,52.7972244,221.62,274.4172244
Sevilla,Teruel,38_41_R1,669.396,7.9237,0.0,rapida_demo,DATOS SINTÉTICOS DE DEMOSTRACIÓN,DEMO: generado localmente,2026-10-08,"('sevilla', 'teruel')",2020,37.7539344,158.474,196.22793439999998
Sevilla,Toledo,38_42_R1,404.184,4.7844,0.0,rapida_demo,DATOS SINTÉTICOS DE DEMOSTRACIÓN,DEMO: generado localmente,2026-10-08,"('sevilla', 'toledo')",2020,22.7959776,95.68799999999999,118.48397759999999
Sevilla,Valencia,38_43_R1,676.402,8.0066,0.0,rapida_demo,DATOS SINTÉTICOS DE DEMOSTRACIÓN,DEMO: generado localmente,2026-10-08,"('sevilla', 'valencia')",2020,38.1490728,160.132,198.2810728
Sevilla,Valladolid,38_44_R1,607.972,7.1966,0.0,rapida_demo,DATOS SINTÉTICOS DE DEMOSTRACIÓN,DEMO: generado localmente,2026-10-08,"('sevilla', 'valladolid')",2020,34.2896208,143.93200000000002,178.2216208
Sevilla,Zamora,38_45_R1,572.612,6.7781,0.0,rapida_demo,DATOS SINTÉTICOS DE DEMOSTRACIÓN,DEMO: generado localmente,2026-10-08,"('sevilla', 'zamora')",2020,32.295316799999995,135.562,167.8573168
Sevilla,Zaragoza,38_46_R1,807.682,9.5606,0.0,rapida_demo,DATOS SINTÉTICOS DE DEMOSTRACIÓN,DEMO: generado localmente,2026-10-08,"('sevilla', 'zaragoza')",2020,45.5532648,191.21200000000002,236.7652648
Soria,Tarragona,39_40_R1,397.645,4.707,0.0,rapida_demo,DATOS SINTÉTICOS DE DEMOSTRACIÓN,DEMO: generado localmente,2026-10-08,"('soria', 'tarragona')",2020,22.427177999999998,94.14,116.567178
Soria,Teruel,39_41_R1,243.157,2.8783,0.0,rapida_demo,DATOS SINTÉTICOS DE DEMOSTRACIÓN,DEMO: generado localmente,2026-10-08,"('soria', 'teruel')",2020,13.7140548,57.565999999999995,71.28005479999999
Soria,Toledo,39_42_R1,311.754,3.6903,0.0,rapida_demo,DATOS SINTÉTICOS DE DEMOSTRACIÓN,DEMO: generado localmente,2026-10-08,"('soria', 'toledo')",2020,17.5829256,73.806,91.3889256
Soria,Valencia,39_43_R1,387.346,4.5851,0.0,rapida_demo,DATOS SINTÉTICOS DE DEMOSTRACIÓN,DEMO: generado localmente,2026-10-08,"('soria', 'valencia')",2020,21.8463144,91.702,113.5483144
Soria,Valladolid,39_44_R1,235.484,2.7875,0.0,rapida_demo,DATOS SINTÉTICOS DE DEMOSTRACIÓN,DEMO: generado localmente,2026-10-08,"('soria', 'valladolid')",2020,13.2812976,55.75,69.0312976
Soria,Zamora,39_45_R1,342.925,4.0592,0.0,rapida_demo,DATOS SINTÉTICOS DE DEMOSTRACIÓN,DEMO: generado localmente,2026-10-08,"('soria', 'zamora')",2020,19.34097,81.184,100.52497
Soria,Zaragoza,39_46_R1,165.311,1.9568,0.0,rapida_demo,DATOS SINTÉTICOS DE DEMOSTRACIÓN,DEMO: generado localmente,2026-10-08,"('soria', 'zaragoza')",2020,9.3235404,39.136,48.4595404
Tarragona,Teruel,40_41_R1,271.049,3.2084,0.0,rapida_demo,DATOS SINTÉTICOS DE DEMOSTRACIÓN,DEMO: generado localmente,2026-10-08,"('tarragona', 'teruel')",2020,15.287163599999998,64.168,79.4551636
Tarragona,Toledo,40_42_R1,584.861,6.9231,0.0,rapida_demo,DATOS SINTÉTICOS DE DEMOSTRACIÓN,DEMO: generado localmente,2026-10-08,"('tarragona', 'toledo')",2020,32.986160399999996,138.462,171.44816039999998
Tarragona,Valencia,40_43_R1,286.971,3.3969,0.0,rapida_demo,DATOS SINTÉTICOS DE DEMOSTRACIÓN,DEMO: generado localmente,2026-10-08,"('tarragona', 'valencia')",2020,16.1851644,67.938,84.12316440000001
Tarragona,Valladolid,40_44_R1,628.206,7.4362,0.0,rapida_demo,DATOS SINTÉTICOS DE DEMOSTRACIÓN,DEMO: generado localmente,2026-10-08,"('tarragona', 'valladolid')",2020,35.4308184,148.72400000000002,184.1548184
Tarragona,Zamora,40_45_R1,732.719,8.6733,0.0,rapida_demo,DATOS SINTÉTICOS DE DEMOSTRACIÓN,DEMO: generado localmente,2026-10-08,"('tarragona', 'zamora')",2020,41.325351600000005,173.46599999999998,214.79135159999998
Tarragona,Zaragoza,40_46_R1,234.542,2.7763,0.0,rapida_demo,DATOS SINTÉTICOS DE DEMOSTRACIÓN,DEMO: generado localmente,2026-10-08,"('tarragona', 'zaragoza')",2020,13.2281688,55.525999999999996,68.7541688
Teruel,Toledo,41_42_R1,317.446,3.7576,0.0,rapida_demo,DATOS SINTÉTICOS DE DEMOSTRACIÓN,DEMO: generado localmente,2026-10-08,"('teruel', 'toledo')",2020,17.9039544,75.152,93.0559544
Teruel,Valencia,41_43_R1,144.269,1.7077,0.0,rapida_demo,DATOS SINTÉTICOS DE DEMOSTRACIÓN,DEMO: generado localmente,2026-10-08,"('teruel', 'valencia')",2020,8.1367716,34.153999999999996,42.2907716
Teruel,Valladolid,41_44_R1,421.097,4.9846,0.0,rapida_demo,DATOS SINTÉTICOS DE DEMOSTRACIÓN,DEMO: generado localmente,2026-10-08,"('teruel', 'valladolid')",2020,23.7498708,99.69200000000001,123.4418708
Teruel,Zamora,41_45_R1,513.114,6.0738,0.0,rapida_demo,DATOS SINTÉTICOS DE DEMOSTRACIÓN,DEMO: generado localmente,2026-10-08,"('teruel', 'zamora')",2020,28.9396296,121.476,150.4156296
Teruel,Zaragoza,41_46_R1,184.05,2.1786,0.0,rapida_demo,DATOS SINTÉTICOS DE DEMOSTRACIÓN,DEMO: generado localmente,2026-10-08,"('teruel', 'zaragoza')",2020,10.38042,43.571999999999996,53.95242
Toledo,Valencia,42_43_R1,393.972,4.6635,0.0,rapida_demo,DATOS SINTÉTICOS DE DEMOSTRACIÓN,DEMO: generado localmente,2026-10-08,"('toledo', 'valencia')",2020,22.220020799999997,93.27,115.4900208
Toledo,Valladolid,42_44_R1,260.388,3.0822,0.0,rapida_demo,DATOS SINTÉTICOS DE DEMOSTRACIÓN,DEMO: generado localmente,2026-10-08,"('toledo', 'valladolid')",2020,14.6858832,61.644,76.3298832
Toledo,Zamora,42_45_R1,292.164,3.4584,0.0,rapida_demo,DATOS SINTÉTICOS DE DEMOSTRACIÓN,DEMO: generado localmente,2026-10-08,"('toledo', 'zamora')",2020,16.4780496,69.168,85.6460496
Toledo,Zaragoza,42_46_R1,415.193,4.9147,0.0,rapida_demo,DATOS SINTÉTICOS DE DEMOSTRACIÓN,DEMO: generado localmente,2026-10-08,"('toledo', 'zaragoza')",2020,23.4168852,98.294,121.71088519999999
Valencia,Valladolid,43_44_R1,550.478,6.5161,0.0,rapida_demo,DATOS SINTÉTICOS DE DEMOSTRACIÓN,DEMO: generado localmente,2026-10-08,"('valencia', 'valladolid')",2020,31.046959199999996,130.322,161.3689592
Valencia,Zamora,43_45_R1,633.979,7.5045,0.0,rapida_demo,DATOS SINTÉTICOS DE DEMOSTRACIÓN,DEMO: generado localmente,2026-10-08,"('valencia', 'zamora')",2020,35.756415600000004,150.09,185.8464156
Valencia,Zaragoza,43_46_R1,308.432,3.6509,0.0,rapida_demo,DATOS SINTÉTICOS DE DEMOSTRACIÓN,DEMO: generado localmente,2026-10-08,"('valencia', 'zaragoza')",2020,17.3955648,73.018,90.4135648
Valladolid,Zamora,44_45_R1,107.876,1.2769,0.0,rapida_demo,DATOS SINTÉTICOS DE DEMOSTRACIÓN,DEMO: generado localmente,2026-10-08,"('valladolid', 'zamora')",2020,6.0842064,25.537999999999997,31.622206399999996
Valladolid,Zaragoza,44_46_R1,399.938,4.7341,0.0,rapida_demo,DATOS SINTÉTICOS DE DEMOSTRACIÓN,DEMO: generado localmente,2026-10-08,"('valladolid', 'zaragoza')",2020,22.556503199999998,94.68199999999999,117.23850319999998
Zamora,Zaragoza,45_46_R1,506.684,5.9977,0.0,rapida_demo,DATOS SINTÉTICOS DE DEMOSTRACIÓN,DEMO: generado localmente,2026-10-08,"('zamora', 'zaragoza')",2020,28.5769776,119.95400000000001,148.5309776
