origen,destino,route_id,distance_km,time_h,toll_eur,route_type,route_description,source,source_date,pair,scenario,fuel_eur,time_cost_eur,total_cost_eur
Vitoria-Gasteiz,Albacete,00_01_R1,542.042,6.1596,0.0,rapida_demo,DATOS SINTÉTICOS DE DEMOSTRACIÓN,DEMO: generado localmente,2026-10-08,"('albacete', 'vitoria-gasteiz')",2026,45.85675320000001,161.258328,207.11508120000002
Vitoria-Gasteiz,Alacant/Alicante,00_02_R1,666.976,7.5793,0.0,rapida_demo,DATOS SINTÉTICOS DE DEMOSTRACIÓN,DEMO: generado localmente,2026-10-08,"('alacant/alicante', 'vitoria-gasteiz')",2026,56.42616960000001,198.426074,254.8522436
Vitoria-Gasteiz,Almería,00_03_R1,835.18,9.4907,0.0,rapida_demo,DATOS SINTÉTICOS DE DEMOSTRACIÓN,DEMO: generado localmente,2026-10-08,"('almería', 'vitoria-gasteiz')",2026,70.656228,248.46652600000002,319.122754
Vitoria-Gasteiz,Oviedo,00_04_R1,329.73,3.7469,0.0,rapida_demo,DATOS SINTÉTICOS DE DEMOSTRACIÓN,DEMO: generado localmente,2026-10-08,"('oviedo', 'vitoria-gasteiz')",2026,27.895158000000006,98.093842,125.989
Vitoria-Gasteiz,Ávila,00_05_R1,369.931,4.2038,0.0,rapida_demo,DATOS SINTÉTICOS DE DEMOSTRACIÓN,DEMO: generado localmente,2026-10-08,"('vitoria-gasteiz', 'ávila')",2026,31.296162600000002,110.055484,141.3516466
Vitoria-Gasteiz,Badajoz,00_06_R1,712.687,8.0987,0.0,rapida_demo,DATOS SINTÉTICOS DE DEMOSTRACIÓN,DEMO: generado localmente,2026-10-08,"('badajoz', 'vitoria-gasteiz')",2026,60.293320200000004,212.02396599999997,272.31728619999996
Vitoria-Gasteiz,Barcelona,00_07_R1,539.783,6.1339,0.0,rapida_demo,DATOS SINTÉTICOS DE DEMOSTRACIÓN,DEMO: generado localmente,2026-10-08,"('barcelona', 'vitoria-gasteiz')",2026,45.6656418,160.585502,206.2511438
Vitoria-Gasteiz,Bilbao,00_08_R1,63.374,0.7202,0.0,rapida_demo,DATOS SINTÉTICOS DE DEMOSTRACIÓN,DEMO: generado localmente,2026-10-08,"('bilbao', 'vitoria-gasteiz')",2026,5.361440400000001,18.854836,24.216276399999998
Vitoria-Gasteiz,Burgos,00_09_R1,126.708,1.4399,0.0,rapida_demo,DATOS SINTÉTICOS DE DEMOSTRACIÓN,DEMO: generado localmente,2026-10-08,"('burgos', 'vitoria-gasteiz')",2026,10.719496800000002,37.696582,48.4160788
Vitoria-Gasteiz,Cáceres,00_10_R1,607.793,6.9067,0.0,rapida_demo,DATOS SINTÉTICOS DE DEMOSTRACIÓN,DEMO: generado localmente,2026-10-08,"('cáceres', 'vitoria-gasteiz')",2026,51.419287800000006,180.817406,232.2366938
Vitoria-Gasteiz,Cádiz,00_11_R1,959.408,10.9024,0.0,rapida_demo,DATOS SINTÉTICOS DE DEMOSTRACIÓN,DEMO: generado localmente,2026-10-08,"('cádiz', 'vitoria-gasteiz')",2026,81.1659168,285.424832,366.5907488
Vitoria-Gasteiz,Santander,00_12_R1,143.616,1.632,0.0,rapida_demo,DATOS SINTÉTICOS DE DEMOSTRACIÓN,DEMO: generado localmente,2026-10-08,"('santander', 'vitoria-gasteiz')",2026,12.149913600000003,42.725759999999994,54.8756736
Vitoria-Gasteiz,Castelló de la Plana/Castellón de la Plana,00_13_R1,483.176,5.4906,0.0,rapida_demo,DATOS SINTÉTICOS DE DEMOSTRACIÓN,DEMO: generado localmente,2026-10-08,"('castelló de la plana/castellón de la plana', 'vitoria-gasteiz')",2026,40.876689600000006,143.743908,184.6205976
Vitoria-Gasteiz,Ciudad Real,00_14_R1,552.74,6.2811,0.0,rapida_demo,DATOS SINTÉTICOS DE DEMOSTRACIÓN,DEMO: generado localmente,2026-10-08,"('ciudad real', 'vitoria-gasteiz')",2026,46.761804000000005,164.439198,211.20100200000002
Vitoria-Gasteiz,Córdoba,00_15_R1,724.664,8.2348,0.0,rapida_demo,DATOS SINTÉTICOS DE DEMOSTRACIÓN,DEMO: generado localmente,2026-10-08,"('córdoba', 'vitoria-gasteiz')",2026,61.3065744,215.587064,276.8936384
Vitoria-Gasteiz,A Coruña,00_16_R1,585.219,6.6502,0.0,rapida_demo,DATOS SINTÉTICOS DE DEMOSTRACIÓN,DEMO: generado localmente,2026-10-08,"('a coruña', 'vitoria-gasteiz')",2026,49.50952740000001,174.102236,223.61176340000003
Vitoria-Gasteiz,Cuenca,00_17_R1,388.989,4.4203,0.0,rapida_demo,DATOS SINTÉTICOS DE DEMOSTRACIÓN,DEMO: generado localmente,2026-10-08,"('cuenca', 'vitoria-gasteiz')",2026,32.9084694,115.723454,148.6319234
Vitoria-Gasteiz,Donostia/San Sebastián,00_18_R1,95.977,1.0906,0.0,rapida_demo,DATOS SINTÉTICOS DE DEMOSTRACIÓN,DEMO: generado localmente,2026-10-08,"('donostia/san sebastián', 'vitoria-gasteiz')",2026,8.119654200000001,28.551908,36.671562200000004
Vitoria-Gasteiz,Girona,00_19_R1,576.614,6.5524,0.0,rapida_demo,DATOS SINTÉTICOS DE DEMOSTRACIÓN,DEMO: generado localmente,2026-10-08,"('girona', 'vitoria-gasteiz')",2026,48.78154440000001,171.541832,220.3233764
Vitoria-Gasteiz,Granada,00_20_R1,794.574,9.0293,0.0,rapida_demo,DATOS SINTÉTICOS DE DEMOSTRACIÓN,DEMO: generado localmente,2026-10-08,"('granada', 'vitoria-gasteiz')",2026,67.22096040000001,236.38707399999998,303.6080344
Vitoria-Gasteiz,Guadalajara,00_21_R1,311.877,3.5441,0.0,rapida_demo,DATOS SINTÉTICOS DE DEMOSTRACIÓN,DEMO: generado localmente,2026-10-08,"('guadalajara', 'vitoria-gasteiz')",2026,26.3847942,92.784538,119.1693322
Vitoria-Gasteiz,Huelva,00_22_R1,900.162,10.2291,0.0,rapida_demo,DATOS SINTÉTICOS DE DEMOSTRACIÓN,DEMO: generado localmente,2026-10-08,"('huelva', 'vitoria-gasteiz')",2026,76.1537052,267.797838,343.9515432
Vitoria-Gasteiz,Huesca,00_23_R1,251.863,2.8621,0.0,rapida_demo,DATOS SINTÉTICOS DE DEMOSTRACIÓN,DEMO: generado localmente,2026-10-08,"('huesca', 'vitoria-gasteiz')",2026,21.3076098,74.929778,96.2373878
Vitoria-Gasteiz,Jaén,00_24_R1,716.26,8.1393,0.0,rapida_demo,DATOS SINTÉTICOS DE DEMOSTRACIÓN,DEMO: generado localmente,2026-10-08,"('jaén', 'vitoria-gasteiz')",2026,60.59559600000001,213.086874,273.68247
Vitoria-Gasteiz,Logroño,00_25_R1,58.015,0.6593,0.0,rapida_demo,DATOS SINTÉTICOS DE DEMOSTRACIÓN,DEMO: generado localmente,2026-10-08,"('logroño', 'vitoria-gasteiz')",2026,4.908069,17.260474,22.168543
Vitoria-Gasteiz,León,00_26_R1,298.32,3.39,0.0,rapida_demo,DATOS SINTÉTICOS DE DEMOSTRACIÓN,DEMO: generado localmente,2026-10-08,"('león', 'vitoria-gasteiz')",2026,25.237872000000003,88.7502,113.98807200000002
Vitoria-Gasteiz,Lleida,00_27_R1,380.237,4.3209,0.0,rapida_demo,DATOS SINTÉTICOS DE DEMOSTRACIÓN,DEMO: generado localmente,2026-10-08,"('lleida', 'vitoria-gasteiz')",2026,32.1680502,113.121162,145.2892122
Vitoria-Gasteiz,Lugo,00_28_R1,497.429,5.6526,0.0,rapida_demo,DATOS SINTÉTICOS DE DEMOSTRACIÓN,DEMO: generado localmente,2026-10-08,"('lugo', 'vitoria-gasteiz')",2026,42.082493400000004,147.98506799999998,190.0675614
Vitoria-Gasteiz,Madrid,00_29_R1,353.675,4.019,0.0,rapida_demo,DATOS SINTÉTICOS DE DEMOSTRACIÓN,DEMO: generado localmente,2026-10-08,"('madrid', 'vitoria-gasteiz')",2026,29.920905000000005,105.21742,135.138325
Vitoria-Gasteiz,Málaga,00_30_R1,871.6,9.9045,0.0,rapida_demo,DATOS SINTÉTICOS DE DEMOSTRACIÓN,DEMO: generado localmente,2026-10-08,"('málaga', 'vitoria-gasteiz')",2026,73.73736000000001,259.29981000000004,333.03717000000006
Vitoria-Gasteiz,Murcia,00_31_R1,695.361,7.9018,0.0,rapida_demo,DATOS SINTÉTICOS DE DEMOSTRACIÓN,DEMO: generado localmente,2026-10-08,"('murcia', 'vitoria-gasteiz')",2026,58.827540600000006,206.869124,265.6966646
Vitoria-Gasteiz,Pamplona/Iruña,00_32_R1,104.85,1.1915,0.0,rapida_demo,DATOS SINTÉTICOS DE DEMOSTRACIÓN,DEMO: generado localmente,2026-10-08,"('pamplona/iruña', 'vitoria-gasteiz')",2026,8.87031,31.19347,40.06378
Vitoria-Gasteiz,Ourense,00_33_R1,535.876,6.0895,0.0,rapida_demo,DATOS SINTÉTICOS DE DEMOSTRACIÓN,DEMO: generado localmente,2026-10-08,"('ourense', 'vitoria-gasteiz')",2026,45.3351096,159.42311,204.75821960000002
Vitoria-Gasteiz,Palencia,00_34_R1,223.429,2.539,0.0,rapida_demo,DATOS SINTÉTICOS DE DEMOSTRACIÓN,DEMO: generado localmente,2026-10-08,"('palencia', 'vitoria-gasteiz')",2026,18.902093400000002,66.47102000000001,85.37311340000001
Vitoria-Gasteiz,Pontevedra,00_35_R1,613.467,6.9712,0.0,rapida_demo,DATOS SINTÉTICOS DE DEMOSTRACIÓN,DEMO: generado localmente,2026-10-08,"('pontevedra', 'vitoria-gasteiz')",2026,51.89930820000001,182.506016,234.4053242
Vitoria-Gasteiz,Salamanca,00_36_R1,405.077,4.6031,0.0,rapida_demo,DATOS SINTÉTICOS DE DEMOSTRACIÓN,DEMO: generado localmente,2026-10-08,"('salamanca', 'vitoria-gasteiz')",2026,34.2695142,120.50915800000001,154.77867220000002
Vitoria-Gasteiz,Segovia,00_37_R1,303.353,3.4472,0.0,rapida_demo,DATOS SINTÉTICOS DE DEMOSTRACIÓN,DEMO: generado localmente,2026-10-08,"('segovia', 'vitoria-gasteiz')",2026,25.663663800000002,90.247696,115.91135980000001
Vitoria-Gasteiz,Sevilla,00_38_R1,836.621,9.5071,0.0,rapida_demo,DATOS SINTÉTICOS DE DEMOSTRACIÓN,DEMO: generado localmente,2026-10-08,"('sevilla', 'vitoria-gasteiz')",2026,70.77813660000001,248.89587799999998,319.67401459999996
Vitoria-Gasteiz,Soria,00_39_R1,152.154,1.729,0.0,rapida_demo,DATOS SINTÉTICOS DE DEMOSTRACIÓN,DEMO: generado localmente,2026-10-08,"('soria', 'vitoria-gasteiz')",2026,12.872228400000001,45.26522,58.1374484
Vitoria-Gasteiz,Tarragona,00_40_R1,471.479,5.3577,0.0,rapida_demo,DATOS SINTÉTICOS DE DEMOSTRACIÓN,DEMO: generado localmente,2026-10-08,"('tarragona', 'vitoria-gasteiz')",2026,39.8871234,140.264586,180.15170940000002
Vitoria-Gasteiz,Teruel,00_41_R1,384.042,4.3641,0.0,rapida_demo,DATOS SINTÉTICOS DE DEMOSTRACIÓN,DEMO: generado localmente,2026-10-08,"('teruel', 'vitoria-gasteiz')",2026,32.4899532,114.25213799999999,146.7420912
Vitoria-Gasteiz,Toledo,00_42_R1,438.938,4.9879,0.0,rapida_demo,DATOS SINTÉTICOS DE DEMOSTRACIÓN,DEMO: generado localmente,2026-10-08,"('toledo', 'vitoria-gasteiz')",2026,37.134154800000005,130.583222,167.7173768
Vitoria-Gasteiz,Valencia,00_43_R1,527.188,5.9908,0.0,rapida_demo,DATOS SINTÉTICOS DE DEMOSTRACIÓN,DEMO: generado localmente,2026-10-08,"('valencia', 'vitoria-gasteiz')",2026,44.600104800000004,156.839144,201.4392488
Vitoria-Gasteiz,Valladolid,00_44_R1,268.905,3.0557,0.0,rapida_demo,DATOS SINTÉTICOS DE DEMOSTRACIÓN,DEMO: generado localmente,2026-10-08,"('valladolid', 'vitoria-gasteiz')",2026,22.749363,79.998226,102.747589
Vitoria-Gasteiz,Zamora,00_45_R1,367.59,4.1772,0.0,rapida_demo,DATOS SINTÉTICOS DE DEMOSTRACIÓN,DEMO: generado localmente,2026-10-08,"('vitoria-gasteiz', 'zamora')",2026,31.098114000000002,109.359096,140.45721
Vitoria-Gasteiz,Zaragoza,00_46_R1,247.965,2.8178,0.0,rapida_demo,DATOS SINTÉTICOS DE DEMOSTRACIÓN,DEMO: generado localmente,2026-10-08,"('vitoria-gasteiz', 'zaragoza')",2026,20.977839000000003,73.770004,94.747843
Albacete,Alacant/Alicante,01_02_R1,174.426,1.9821,0.0,rapida_demo,DATOS SINTÉTICOS DE DEMOSTRACIÓN,DEMO: generado localmente,2026-10-08,"('alacant/alicante', 'albacete')",2026,14.7564396,51.891377999999996,66.6478176
Albacete,Almería,01_03_R1,307.092,3.4897,0.0,rapida_demo,DATOS SINTÉTICOS DE DEMOSTRACIÓN,DEMO: generado localmente,2026-10-08,"('albacete', 'almería')",2026,25.979983200000003,91.36034599999999,117.3403292
Albacete,Oviedo,01_04_R1,736.089,8.3646,0.0,rapida_demo,DATOS SINTÉTICOS DE DEMOSTRACIÓN,DEMO: generado localmente,2026-10-08,"('albacete', 'oviedo')",2026,62.27312940000001,218.98522799999998,281.25835739999997
Albacete,Ávila,01_05_R1,381.366,4.3337,0.0,rapida_demo,DATOS SINTÉTICOS DE DEMOSTRACIÓN,DEMO: generado localmente,2026-10-08,"('albacete', 'ávila')",2026,32.263563600000005,113.45626600000001,145.71982960000003
Albacete,Badajoz,01_06_R1,553.063,6.2848,0.0,rapida_demo,DATOS SINTÉTICOS DE DEMOSTRACIÓN,DEMO: generado localmente,2026-10-08,"('albacete', 'badajoz')",2026,46.789129800000005,164.53606399999998,211.3251938
Albacete,Barcelona,01_07_R1,541.543,6.1539,0.0,rapida_demo,DATOS SINTÉTICOS DE DEMOSTRACIÓN,DEMO: generado localmente,2026-10-08,"('albacete', 'barcelona')",2026,45.814537800000004,161.109102,206.92363980000002
Albacete,Bilbao,01_08_R1,603.662,6.8598,0.0,rapida_demo,DATOS SINTÉTICOS DE DEMOSTRACIÓN,DEMO: generado localmente,2026-10-08,"('albacete', 'bilbao')",2026,51.069805200000005,179.589564,230.65936920000001
Albacete,Burgos,01_09_R1,503.937,5.7266,0.0,rapida_demo,DATOS SINTÉTICOS DE DEMOSTRACIÓN,DEMO: generado localmente,2026-10-08,"('albacete', 'burgos')",2026,42.633070200000006,149.922388,192.55545820000003
Albacete,Cáceres,01_10_R1,490.674,5.5758,0.0,rapida_demo,DATOS SINTÉTICOS DE DEMOSTRACIÓN,DEMO: generado localmente,2026-10-08,"('albacete', 'cáceres')",2026,41.5110204,145.974444,187.4854644
Albacete,Cádiz,01_11_R1,595.917,6.7718,0.0,rapida_demo,DATOS SINTÉTICOS DE DEMOSTRACIÓN,DEMO: generado localmente,2026-10-08,"('albacete', 'cádiz')",2026,50.41457820000001,177.285724,227.7003022
Albacete,Santander,01_12_R1,653.472,7.4258,0.0,rapida_demo,DATOS SINTÉTICOS DE DEMOSTRACIÓN,DEMO: generado localmente,2026-10-08,"('albacete', 'santander')",2026,55.283731200000005,194.407444,249.6911752
Albacete,Castelló de la Plana/Castellón de la Plana,01_13_R1,238.638,2.7118,0.0,rapida_demo,DATOS SINTÉTICOS DE DEMOSTRACIÓN,DEMO: generado localmente,2026-10-08,"('albacete', 'castelló de la plana/castellón de la plana')",2026,20.1887748,70.99492400000001,91.18369880000002
Albacete,Ciudad Real,01_14_R1,223.932,2.5447,0.0,rapida_demo,DATOS SINTÉTICOS DE DEMOSTRACIÓN,DEMO: generado localmente,2026-10-08,"('albacete', 'ciudad real')",2026,18.944647200000002,66.62024600000001,85.56489320000001
Albacete,Córdoba,01_15_R1,353.44,4.0164,0.0,rapida_demo,DATOS SINTÉTICOS DE DEMOSTRACIÓN,DEMO: generado localmente,2026-10-08,"('albacete', 'córdoba')",2026,29.901024000000003,105.149352,135.050376
Albacete,A Coruña,01_16_R1,914.836,10.3959,0.0,rapida_demo,DATOS SINTÉTICOS DE DEMOSTRACIÓN,DEMO: generado localmente,2026-10-08,"('a coruña', 'albacete')",2026,77.39512560000001,272.16466199999996,349.5597876
Albacete,Cuenca,01_17_R1,153.202,1.7409,0.0,rapida_demo,DATOS SINTÉTICOS DE DEMOSTRACIÓN,DEMO: generado localmente,2026-10-08,"('albacete', 'cuenca')",2026,12.9608892,45.576761999999995,58.5376512
Albacete,Donostia/San Sebastián,01_18_R1,601.355,6.8336,0.0,rapida_demo,DATOS SINTÉTICOS DE DEMOSTRACIÓN,DEMO: generado localmente,2026-10-08,"('albacete', 'donostia/san sebastián')",2026,50.87463300000001,178.90364799999998,229.778281
Albacete,Girona,01_19_R1,645.692,7.3374,0.0,rapida_demo,DATOS SINTÉTICOS DE DEMOSTRACIÓN,DEMO: generado localmente,2026-10-08,"('albacete', 'girona')",2026,54.6255432,192.093132,246.7186752
Albacete,Granada,01_20_R1,316.978,3.602,0.0,rapida_demo,DATOS SINTÉTICOS DE DEMOSTRACIÓN,DEMO: generado localmente,2026-10-08,"('albacete', 'granada')",2026,26.816338800000004,94.30036,121.1166988
Albacete,Guadalajara,01_21_R1,267.225,3.0367,0.0,rapida_demo,DATOS SINTÉTICOS DE DEMOSTRACIÓN,DEMO: generado localmente,2026-10-08,"('albacete', 'guadalajara')",2026,22.607235000000003,79.500806,102.108041
Albacete,Huelva,01_22_R1,607.065,6.8985,0.0,rapida_demo,DATOS SINTÉTICOS DE DEMOSTRACIÓN,DEMO: generado localmente,2026-10-08,"('albacete', 'huelva')",2026,51.35769900000001,180.60273,231.96042900000003
Albacete,Huesca,01_23_R1,462.965,5.261,0.0,rapida_demo,DATOS SINTÉTICOS DE DEMOSTRACIÓN,DEMO: generado localmente,2026-10-08,"('albacete', 'huesca')",2026,39.166839,137.73298,176.899819
Albacete,Jaén,01_24_R1,271.579,3.0861,0.0,rapida_demo,DATOS SINTÉTICOS DE DEMOSTRACIÓN,DEMO: generado localmente,2026-10-08,"('albacete', 'jaén')",2026,22.9755834,80.794098,103.76968140000001
Albacete,Logroño,01_25_R1,486.227,5.5253,0.0,rapida_demo,DATOS SINTÉTICOS DE DEMOSTRACIÓN,DEMO: generado localmente,2026-10-08,"('albacete', 'logroño')",2026,41.134804200000005,144.652354,185.78715820000002
Albacete,León,01_26_R1,635.213,7.2183,0.0,rapida_demo,DATOS SINTÉTICOS DE DEMOSTRACIÓN,DEMO: generado localmente,2026-10-08,"('albacete', 'león')",2026,53.7390198,188.975094,242.7141138
Albacete,Lleida,01_27_R1,449.071,5.1031,0.0,rapida_demo,DATOS SINTÉTICOS DE DEMOSTRACIÓN,DEMO: generado localmente,2026-10-08,"('albacete', 'lleida')",2026,37.991406600000005,133.59915800000002,171.59056460000002
Albacete,Lugo,01_28_R1,817.394,9.2886,0.0,rapida_demo,DATOS SINTÉTICOS DE DEMOSTRACIÓN,DEMO: generado localmente,2026-10-08,"('albacete', 'lugo')",2026,69.15153240000001,243.17554800000002,312.3270804
Albacete,Madrid,01_29_R1,278.679,3.1668,0.0,rapida_demo,DATOS SINTÉTICOS DE DEMOSTRACIÓN,DEMO: generado localmente,2026-10-08,"('albacete', 'madrid')",2026,23.5762434,82.906824,106.4830674
Albacete,Málaga,01_30_R1,422.981,4.8066,0.0,rapida_demo,DATOS SINTÉTICOS DE DEMOSTRACIÓN,DEMO: generado localmente,2026-10-08,"('albacete', 'málaga')",2026,35.784192600000004,125.83678800000001,161.62098060000002
Albacete,Murcia,01_31_R1,161.372,1.8338,0.0,rapida_demo,DATOS SINTÉTICOS DE DEMOSTRACIÓN,DEMO: generado localmente,2026-10-08,"('albacete', 'murcia')",2026,13.652071200000002,48.008884,61.660955200000004
Albacete,Pamplona/Iruña,01_32_R1,531.756,6.0427,0.0,rapida_demo,DATOS SINTÉTICOS DE DEMOSTRACIÓN,DEMO: generado localmente,2026-10-08,"('albacete', 'pamplona/iruña')",2026,44.986557600000005,158.197886,203.1844436
Albacete,Ourense,01_33_R1,784.961,8.92,0.0,rapida_demo,DATOS SINTÉTICOS DE DEMOSTRACIÓN,DEMO: generado localmente,2026-10-08,"('albacete', 'ourense')",2026,66.40770060000001,233.5256,299.9333006
Albacete,Palencia,01_34_R1,505.57,5.7451,0.0,rapida_demo,DATOS SINTÉTICOS DE DEMOSTRACIÓN,DEMO: generado localmente,2026-10-08,"('albacete', 'palencia')",2026,42.771222,150.40671799999998,193.17793999999998
Albacete,Pontevedra,01_35_R1,859.78,9.7702,0.0,rapida_demo,DATOS SINTÉTICOS DE DEMOSTRACIÓN,DEMO: generado localmente,2026-10-08,"('albacete', 'pontevedra')",2026,72.73738800000001,255.783836,328.521224
Albacete,Salamanca,01_36_R1,489.221,5.5593,0.0,rapida_demo,DATOS SINTÉTICOS DE DEMOSTRACIÓN,DEMO: generado localmente,2026-10-08,"('albacete', 'salamanca')",2026,41.388096600000004,145.542474,186.9305706
Albacete,Segovia,01_37_R1,363.544,4.1312,0.0,rapida_demo,DATOS SINTÉTICOS DE DEMOSTRACIÓN,DEMO: generado localmente,2026-10-08,"('albacete', 'segovia')",2026,30.755822400000003,108.154816,138.9106384
Albacete,Sevilla,01_38_R1,504.248,5.7301,0.0,rapida_demo,DATOS SINTÉTICOS DE DEMOSTRACIÓN,DEMO: generado localmente,2026-10-08,"('albacete', 'sevilla')",2026,42.6593808,150.014018,192.6733988
Albacete,Soria,01_39_R1,389.936,4.4311,0.0,rapida_demo,DATOS SINTÉTICOS DE DEMOSTRACIÓN,DEMO: generado localmente,2026-10-08,"('albacete', 'soria')",2026,32.9885856,116.006198,148.9947836
Albacete,Tarragona,01_40_R1,443.108,5.0353,0.0,rapida_demo,DATOS SINTÉTICOS DE DEMOSTRACIÓN,DEMO: generado localmente,2026-10-08,"('albacete', 'tarragona')",2026,37.4869368,131.82415400000002,169.31109080000002
Albacete,Teruel,01_41_R1,203.646,2.3142,0.0,rapida_demo,DATOS SINTÉTICOS DE DEMOSTRACIÓN,DEMO: generado localmente,2026-10-08,"('albacete', 'teruel')",2026,17.2284516,60.585756,77.8142076
Albacete,Toledo,01_42_R1,261.83,2.9753,0.0,rapida_demo,DATOS SINTÉTICOS DE DEMOSTRACIÓN,DEMO: generado localmente,2026-10-08,"('albacete', 'toledo')",2026,22.150818,77.89335399999999,100.04417199999999
Albacete,Valencia,01_43_R1,172.237,1.9572,0.0,rapida_demo,DATOS SINTÉTICOS DE DEMOSTRACIÓN,DEMO: generado localmente,2026-10-08,"('albacete', 'valencia')",2026,14.571250200000001,51.239496,65.81074620000001
Albacete,Valladolid,01_44_R1,478.488,5.4374,0.0,rapida_demo,DATOS SINTÉTICOS DE DEMOSTRACIÓN,DEMO: generado localmente,2026-10-08,"('albacete', 'valladolid')",2026,40.48008480000001,142.351132,182.83121680000002
Albacete,Zamora,01_45_R1,540.182,6.1384,0.0,rapida_demo,DATOS SINTÉTICOS DE DEMOSTRACIÓN,DEMO: generado localmente,2026-10-08,"('albacete', 'zamora')",2026,45.69939720000001,160.70331199999998,206.4027092
Albacete,Zaragoza,01_46_R1,383.985,4.3635,0.0,rapida_demo,DATOS SINTÉTICOS DE DEMOSTRACIÓN,DEMO: generado localmente,2026-10-08,"('albacete', 'zaragoza')",2026,32.485131,114.23643,146.721561
Alacant/Alicante,Almería,02_03_R1,302.682,3.4396,0.0,rapida_demo,DATOS SINTÉTICOS DE DEMOSTRACIÓN,DEMO: generado localmente,2026-10-08,"('alacant/alicante', 'almería')",2026,25.606897200000002,90.048728,115.6556252
Alacant/Alicante,Oviedo,02_04_R1,896.16,10.1836,0.0,rapida_demo,DATOS SINTÉTICOS DE DEMOSTRACIÓN,DEMO: generado localmente,2026-10-08,"('alacant/alicante', 'oviedo')",2026,75.81513600000001,266.606648,342.421784
Alacant/Alicante,Ávila,02_05_R1,554.811,6.3047,0.0,rapida_demo,DATOS SINTÉTICOS DE DEMOSTRACIÓN,DEMO: generado localmente,2026-10-08,"('alacant/alicante', 'ávila')",2026,46.93701060000001,165.057046,211.99405660000002
Alacant/Alicante,Badajoz,02_06_R1,708.424,8.0503,0.0,rapida_demo,DATOS SINTÉTICOS DE DEMOSTRACIÓN,DEMO: generado localmente,2026-10-08,"('alacant/alicante', 'badajoz')",2026,59.932670400000006,210.756854,270.6895244
Alacant/Alicante,Barcelona,02_07_R1,508.513,5.7786,0.0,rapida_demo,DATOS SINTÉTICOS DE DEMOSTRACIÓN,DEMO: generado localmente,2026-10-08,"('alacant/alicante', 'barcelona')",2026,43.0201998,151.283748,194.3039478
Alacant/Alicante,Bilbao,02_08_R1,730.288,8.2987,0.0,rapida_demo,DATOS SINTÉTICOS DE DEMOSTRACIÓN,DEMO: generado localmente,2026-10-08,"('alacant/alicante', 'bilbao')",2026,61.78236480000001,217.259966,279.0423308
Alacant/Alicante,Burgos,02_09_R1,651.643,7.405,0.0,rapida_demo,DATOS SINTÉTICOS DE DEMOSTRACIÓN,DEMO: generado localmente,2026-10-08,"('alacant/alicante', 'burgos')",2026,55.12899780000001,193.8629,248.9918978
Alacant/Alicante,Cáceres,02_10_R1,656.001,7.4546,0.0,rapida_demo,DATOS SINTÉTICOS DE DEMOSTRACIÓN,DEMO: generado localmente,2026-10-08,"('alacant/alicante', 'cáceres')",2026,55.49768460000001,195.161428,250.65911260000001
Alacant/Alicante,Cádiz,02_11_R1,689.089,7.8306,0.0,rapida_demo,DATOS SINTÉTICOS DE DEMOSTRACIÓN,DEMO: generado localmente,2026-10-08,"('alacant/alicante', 'cádiz')",2026,58.29692940000001,205.00510799999998,263.3020374
Alacant/Alicante,Santander,02_12_R1,792.372,9.0042,0.0,rapida_demo,DATOS SINTÉTICOS DE DEMOSTRACIÓN,DEMO: generado localmente,2026-10-08,"('alacant/alicante', 'santander')",2026,67.0346712,235.72995600000002,302.7646272
Alacant/Alicante,Castelló de la Plana/Castellón de la Plana,02_13_R1,233.006,2.6478,0.0,rapida_demo,DATOS SINTÉTICOS DE DEMOSTRACIÓN,DEMO: generado localmente,2026-10-08,"('alacant/alicante', 'castelló de la plana/castellón de la plana')",2026,19.712307600000003,69.319404,89.03171160000001
Alacant/Alicante,Ciudad Real,02_14_R1,384.499,4.3693,0.0,rapida_demo,DATOS SINTÉTICOS DE DEMOSTRACIÓN,DEMO: generado localmente,2026-10-08,"('alacant/alicante', 'ciudad real')",2026,32.52861540000001,114.388274,146.9168894
Alacant/Alicante,Córdoba,02_15_R1,473.96,5.3859,0.0,rapida_demo,DATOS SINTÉTICOS DE DEMOSTRACIÓN,DEMO: generado localmente,2026-10-08,"('alacant/alicante', 'córdoba')",2026,40.097016,141.00286200000002,181.09987800000002
Alacant/Alicante,A Coruña,02_16_R1,1085.53,12.3356,0.0,rapida_demo,DATOS SINTÉTICOS DE DEMOSTRACIÓN,DEMO: generado localmente,2026-10-08,"('a coruña', 'alacant/alicante')",2026,91.83583800000001,322.946008,414.78184600000003
Alacant/Alicante,Cuenca,02_17_R1,299.181,3.3998,0.0,rapida_demo,DATOS SINTÉTICOS DE DEMOSTRACIÓN,DEMO: generado localmente,2026-10-08,"('alacant/alicante', 'cuenca')",2026,25.310712600000002,89.006764,114.3174766
Alacant/Alicante,Donostia/San Sebastián,02_18_R1,709.489,8.0624,0.0,rapida_demo,DATOS SINTÉTICOS DE DEMOSTRACIÓN,DEMO: generado localmente,2026-10-08,"('alacant/alicante', 'donostia/san sebastián')",2026,60.02276940000001,211.073632,271.0964014
Alacant/Alicante,Girona,02_19_R1,615.498,6.9943,0.0,rapida_demo,DATOS SINTÉTICOS DE DEMOSTRACIÓN,DEMO: generado localmente,2026-10-08,"('alacant/alicante', 'girona')",2026,52.071130800000006,183.110774,235.18190479999998
Alacant/Alicante,Granada,02_20_R1,379.225,4.3094,0.0,rapida_demo,DATOS SINTÉTICOS DE DEMOSTRACIÓN,DEMO: generado localmente,2026-10-08,"('alacant/alicante', 'granada')",2026,32.082435000000004,112.820092,144.90252700000002
Alacant/Alicante,Guadalajara,02_21_R1,429.113,4.8763,0.0,rapida_demo,DATOS SINTÉTICOS DE DEMOSTRACIÓN,DEMO: generado localmente,2026-10-08,"('alacant/alicante', 'guadalajara')",2026,36.302959800000004,127.66153399999999,163.96449379999999
Alacant/Alicante,Huelva,02_22_R1,726.144,8.2516,0.0,rapida_demo,DATOS SINTÉTICOS DE DEMOSTRACIÓN,DEMO: generado localmente,2026-10-08,"('alacant/alicante', 'huelva')",2026,61.43178240000001,216.02688799999999,277.4586704
Alacant/Alicante,Huesca,02_23_R1,527.581,5.9952,0.0,rapida_demo,DATOS SINTÉTICOS DE DEMOSTRACIÓN,DEMO: generado localmente,2026-10-08,"('alacant/alicante', 'huesca')",2026,44.63335260000001,156.95433599999998,201.58768859999998
Alacant/Alicante,Jaén,02_24_R1,371.075,4.2168,0.0,rapida_demo,DATOS SINTÉTICOS DE DEMOSTRACIÓN,DEMO: generado localmente,2026-10-08,"('alacant/alicante', 'jaén')",2026,31.392945,110.395824,141.788769
Alacant/Alicante,Logroño,02_25_R1,609.069,6.9212,0.0,rapida_demo,DATOS SINTÉTICOS DE DEMOSTRACIÓN,DEMO: generado localmente,2026-10-08,"('alacant/alicante', 'logroño')",2026,51.527237400000004,181.197016,232.7242534
Alacant/Alicante,León,02_26_R1,799.259,9.0825,0.0,rapida_demo,DATOS SINTÉTICOS DE DEMOSTRACIÓN,DEMO: generado localmente,2026-10-08,"('alacant/alicante', 'león')",2026,67.6173114,237.77984999999998,305.39716139999996
Alacant/Alicante,Lleida,02_27_R1,469.488,5.3351,0.0,rapida_demo,DATOS SINTÉTICOS DE DEMOSTRACIÓN,DEMO: generado localmente,2026-10-08,"('alacant/alicante', 'lleida')",2026,39.718684800000005,139.67291799999998,179.3916028
Alacant/Alicante,Lugo,02_28_R1,987.506,11.2217,0.0,rapida_demo,DATOS SINTÉTICOS DE DEMOSTRACIÓN,DEMO: generado localmente,2026-10-08,"('alacant/alicante', 'lugo')",2026,83.54300760000001,293.784106,377.3271136
Alacant/Alicante,Madrid,02_29_R1,449.444,5.1073,0.0,rapida_demo,DATOS SINTÉTICOS DE DEMOSTRACIÓN,DEMO: generado localmente,2026-10-08,"('alacant/alicante', 'madrid')",2026,38.022962400000004,133.709114,171.7320764
Alacant/Alicante,Málaga,02_30_R1,488.816,5.5547,0.0,rapida_demo,DATOS SINTÉTICOS DE DEMOSTRACIÓN,DEMO: generado localmente,2026-10-08,"('alacant/alicante', 'málaga')",2026,41.3538336,145.42204600000002,186.77587960000002
Alacant/Alicante,Murcia,02_31_R1,86.933,0.9879,0.0,rapida_demo,DATOS SINTÉTICOS DE DEMOSTRACIÓN,DEMO: generado localmente,2026-10-08,"('alacant/alicante', 'murcia')",2026,7.354531800000001,25.863222,33.217753800000004
Alacant/Alicante,Pamplona/Iruña,02_32_R1,633.741,7.2016,0.0,rapida_demo,DATOS SINTÉTICOS DE DEMOSTRACIÓN,DEMO: generado localmente,2026-10-08,"('alacant/alicante', 'pamplona/iruña')",2026,53.6144886,188.537888,242.15237660000003
Alacant/Alicante,Ourense,02_33_R1,958.212,10.8888,0.0,rapida_demo,DATOS SINTÉTICOS DE DEMOSTRACIÓN,DEMO: generado localmente,2026-10-08,"('alacant/alicante', 'ourense')",2026,81.0647352,285.068784,366.1335192
Alacant/Alicante,Palencia,02_34_R1,666.708,7.5762,0.0,rapida_demo,DATOS SINTÉTICOS DE DEMOSTRACIÓN,DEMO: generado localmente,2026-10-08,"('alacant/alicante', 'palencia')",2026,56.403496800000006,198.344916,254.7484128
Alacant/Alicante,Pontevedra,02_35_R1,1033.633,11.7458,0.0,rapida_demo,DATOS SINTÉTICOS DE DEMOSTRACIÓN,DEMO: generado localmente,2026-10-08,"('alacant/alicante', 'pontevedra')",2026,87.44535180000001,307.505044,394.9503958
Alacant/Alicante,Salamanca,02_36_R1,663.265,7.5371,0.0,rapida_demo,DATOS SINTÉTICOS DE DEMOSTRACIÓN,DEMO: generado localmente,2026-10-08,"('alacant/alicante', 'salamanca')",2026,56.112219,197.32127799999998,253.433497
Alacant/Alicante,Segovia,02_37_R1,531.998,6.0454,0.0,rapida_demo,DATOS SINTÉTICOS DE DEMOSTRACIÓN,DEMO: generado localmente,2026-10-08,"('alacant/alicante', 'segovia')",2026,45.00703080000001,158.268572,203.2756028
Alacant/Alicante,Sevilla,02_38_R1,619.273,7.0372,0.0,rapida_demo,DATOS SINTÉTICOS DE DEMOSTRACIÓN,DEMO: generado localmente,2026-10-08,"('alacant/alicante', 'sevilla')",2026,52.39049580000001,184.23389600000002,236.6243918
Alacant/Alicante,Soria,02_39_R1,519.729,5.906,0.0,rapida_demo,DATOS SINTÉTICOS DE DEMOSTRACIÓN,DEMO: generado localmente,2026-10-08,"('alacant/alicante', 'soria')",2026,43.969073400000006,154.61908,198.5881534
Alacant/Alicante,Tarragona,02_40_R1,427.62,4.8593,0.0,rapida_demo,DATOS SINTÉTICOS DE DEMOSTRACIÓN,DEMO: generado localmente,2026-10-08,"('alacant/alicante', 'tarragona')",2026,36.176652000000004,127.216474,163.393126
Alacant/Alicante,Teruel,02_41_R1,285.791,3.2476,0.0,rapida_demo,DATOS SINTÉTICOS DE DEMOSTRACIÓN,DEMO: generado localmente,2026-10-08,"('alacant/alicante', 'teruel')",2026,24.1779186,85.022168,109.20008659999999
Alacant/Alicante,Toledo,02_42_R1,436.118,4.9559,0.0,rapida_demo,DATOS SINTÉTICOS DE DEMOSTRACIÓN,DEMO: generado localmente,2026-10-08,"('alacant/alicante', 'toledo')",2026,36.89558280000001,129.745462,166.6410448
Alacant/Alicante,Valencia,02_43_R1,156.715,1.7809,0.0,rapida_demo,DATOS SINTÉTICOS DE DEMOSTRACIÓN,DEMO: generado localmente,2026-10-08,"('alacant/alicante', 'valencia')",2026,13.258089000000002,46.623962,59.882051000000004
Alacant/Alicante,Valladolid,02_44_R1,644.682,7.3259,0.0,rapida_demo,DATOS SINTÉTICOS DE DEMOSTRACIÓN,DEMO: generado localmente,2026-10-08,"('alacant/alicante', 'valladolid')",2026,54.540097200000005,191.792062,246.33215919999998
Alacant/Alicante,Zamora,02_45_R1,712.348,8.0949,0.0,rapida_demo,DATOS SINTÉTICOS DE DEMOSTRACIÓN,DEMO: generado localmente,2026-10-08,"('alacant/alicante', 'zamora')",2026,60.2646408,211.924482,272.1891228
Alacant/Alicante,Zaragoza,02_46_R1,462.12,5.2514,0.0,rapida_demo,DATOS SINTÉTICOS DE DEMOSTRACIÓN,DEMO: generado localmente,2026-10-08,"('alacant/alicante', 'zaragoza')",2026,39.095352000000005,137.481652,176.577004
Almería,Oviedo,03_04_R1,974.59,11.0749,0.0,rapida_demo,DATOS SINTÉTICOS DE DEMOSTRACIÓN,DEMO: generado localmente,2026-10-08,"('almería', 'oviedo')",2026,82.450314,289.940882,372.391196
Almería,Ávila,03_05_R1,583.028,6.6253,0.0,rapida_demo,DATOS SINTÉTICOS DE DEMOSTRACIÓN,DEMO: generado localmente,2026-10-08,"('almería', 'ávila')",2026,49.32416880000001,173.450354,222.7745228
Almería,Badajoz,03_06_R1,569.441,6.4709,0.0,rapida_demo,DATOS SINTÉTICOS DE DEMOSTRACIÓN,DEMO: generado localmente,2026-10-08,"('almería', 'badajoz')",2026,48.17470860000001,169.408162,217.5828706
Almería,Barcelona,03_07_R1,805.67,9.1553,0.0,rapida_demo,DATOS SINTÉTICOS DE DEMOSTRACIÓN,DEMO: generado localmente,2026-10-08,"('almería', 'barcelona')",2026,68.159682,239.685754,307.845436
Almería,Bilbao,03_08_R1,894.222,10.1616,0.0,rapida_demo,DATOS SINTÉTICOS DE DEMOSTRACIÓN,DEMO: generado localmente,2026-10-08,"('almería', 'bilbao')",2026,75.65118120000001,266.030688,341.6818692
Almería,Burgos,03_09_R1,775.855,8.8165,0.0,rapida_demo,DATOS SINTÉTICOS DE DEMOSTRACIÓN,DEMO: generado localmente,2026-10-08,"('almería', 'burgos')",2026,65.63733300000001,230.81597,296.453303
Almería,Cáceres,03_10_R1,562.166,6.3882,0.0,rapida_demo,DATOS SINTÉTICOS DE DEMOSTRACIÓN,DEMO: generado localmente,2026-10-08,"('almería', 'cáceres')",2026,47.55924360000001,167.243076,214.8023196
Almería,Cádiz,03_11_R1,428.529,4.8697,0.0,rapida_demo,DATOS SINTÉTICOS DE DEMOSTRACIÓN,DEMO: generado localmente,2026-10-08,"('almería', 'cádiz')",2026,36.2535534,127.48874599999999,163.74229939999998
Almería,Santander,03_12_R1,931.391,10.584,0.0,rapida_demo,DATOS SINTÉTICOS DE DEMOSTRACIÓN,DEMO: generado localmente,2026-10-08,"('almería', 'santander')",2026,78.7956786,277.08912,355.88479859999995
Almería,Castelló de la Plana/Castellón de la Plana,03_13_R1,511.052,5.8074,0.0,rapida_demo,DATOS SINTÉTICOS DE DEMOSTRACIÓN,DEMO: generado localmente,2026-10-08,"('almería', 'castelló de la plana/castellón de la plana')",2026,43.234999200000004,152.037732,195.2727312
Almería,Ciudad Real,03_14_R1,338.412,3.8456,0.0,rapida_demo,DATOS SINTÉTICOS DE DEMOSTRACIÓN,DEMO: generado localmente,2026-10-08,"('almería', 'ciudad real')",2026,28.629655200000002,100.677808,129.3074632
Almería,Córdoba,03_15_R1,293.489,3.3351,0.0,rapida_demo,DATOS SINTÉTICOS DE DEMOSTRACIÓN,DEMO: generado localmente,2026-10-08,"('almería', 'córdoba')",2026,24.8291694,87.31291800000001,112.14208740000001
Almería,A Coruña,03_16_R1,1104.457,12.5506,0.0,rapida_demo,DATOS SINTÉTICOS DE DEMOSTRACIÓN,DEMO: generado localmente,2026-10-08,"('a coruña', 'almería')",2026,93.43706220000001,328.574708,422.0117702
Almería,Cuenca,03_17_R1,451.521,5.1309,0.0,rapida_demo,DATOS SINTÉTICOS DE DEMOSTRACIÓN,DEMO: generado localmente,2026-10-08,"('almería', 'cuenca')",2026,38.198676600000006,134.32696199999998,172.52563859999998
Almería,Donostia/San Sebastián,03_18_R1,902.327,10.2537,0.0,rapida_demo,DATOS SINTÉTICOS DE DEMOSTRACIÓN,DEMO: generado localmente,2026-10-08,"('almería', 'donostia/san sebastián')",2026,76.33686420000001,268.441866,344.77873020000004
Almería,Girona,03_19_R1,912.83,10.3731,0.0,rapida_demo,DATOS SINTÉTICOS DE DEMOSTRACIÓN,DEMO: generado localmente,2026-10-08,"('almería', 'girona')",2026,77.225418,271.567758,348.793176
Almería,Granada,03_20_R1,133.853,1.5211,0.0,rapida_demo,DATOS SINTÉTICOS DE DEMOSTRACIÓN,DEMO: generado localmente,2026-10-08,"('almería', 'granada')",2026,11.323963800000001,39.822398,51.1463618
Almería,Guadalajara,03_21_R1,532.696,6.0534,0.0,rapida_demo,DATOS SINTÉTICOS DE DEMOSTRACIÓN,DEMO: generado localmente,2026-10-08,"('almería', 'guadalajara')",2026,45.066081600000004,158.478012,203.5440936
Almería,Huelva,03_22_R1,500.507,5.6876,0.0,rapida_demo,DATOS SINTÉTICOS DE DEMOSTRACIÓN,DEMO: generado localmente,2026-10-08,"('almería', 'huelva')",2026,42.3428922,148.901368,191.24426019999999
Almería,Huesca,03_23_R1,769.05,8.7392,0.0,rapida_demo,DATOS SINTÉTICOS DE DEMOSTRACIÓN,DEMO: generado localmente,2026-10-08,"('almería', 'huesca')",2026,65.06163000000001,228.792256,293.853886
Almería,Jaén,03_24_R1,194.709,2.2126,0.0,rapida_demo,DATOS SINTÉTICOS DE DEMOSTRACIÓN,DEMO: generado localmente,2026-10-08,"('almería', 'jaén')",2026,16.472381400000003,57.925868,74.3982494
Almería,Logroño,03_25_R1,782.011,8.8865,0.0,rapida_demo,DATOS SINTÉTICOS DE DEMOSTRACIÓN,DEMO: generado localmente,2026-10-08,"('almería', 'logroño')",2026,66.1581306,232.64857,298.8067006
Almería,León,03_26_R1,866.272,9.844,0.0,rapida_demo,DATOS SINTÉTICOS DE DEMOSTRACIÓN,DEMO: generado localmente,2026-10-08,"('almería', 'león')",2026,73.28661120000001,257.71592,331.0025312
Almería,Lleida,03_27_R1,742.44,8.4368,0.0,rapida_demo,DATOS SINTÉTICOS DE DEMOSTRACIÓN,DEMO: generado localmente,2026-10-08,"('almería', 'lleida')",2026,62.81042400000001,220.87542399999998,283.68584799999996
Almería,Lugo,03_28_R1,1014.203,11.525,0.0,rapida_demo,DATOS SINTÉTICOS DE DEMOSTRACIÓN,DEMO: generado localmente,2026-10-08,"('almería', 'lugo')",2026,85.8015738,301.7245,387.52607379999995
Almería,Madrid,03_29_R1,514.886,5.851,0.0,rapida_demo,DATOS SINTÉTICOS DE DEMOSTRACIÓN,DEMO: generado localmente,2026-10-08,"('almería', 'madrid')",2026,43.5593556,153.17918,196.7385356
Almería,Málaga,03_30_R1,217.42,2.4707,0.0,rapida_demo,DATOS SINTÉTICOS DE DEMOSTRACIÓN,DEMO: generado localmente,2026-10-08,"('almería', 'málaga')",2026,18.393732,64.682926,83.076658
Almería,Murcia,03_31_R1,216.922,2.465,0.0,rapida_demo,DATOS SINTÉTICOS DE DEMOSTRACIÓN,DEMO: generado localmente,2026-10-08,"('almería', 'murcia')",2026,18.3516012,64.5337,82.8853012
Almería,Pamplona/Iruña,03_32_R1,835.588,9.4953,0.0,rapida_demo,DATOS SINTÉTICOS DE DEMOSTRACIÓN,DEMO: generado localmente,2026-10-08,"('almería', 'pamplona/iruña')",2026,70.6907448,248.586954,319.2776988
Almería,Ourense,03_33_R1,957.418,10.8797,0.0,rapida_demo,DATOS SINTÉTICOS DE DEMOSTRACIÓN,DEMO: generado localmente,2026-10-08,"('almería', 'ourense')",2026,80.99756280000001,284.83054599999997,365.8281088
Almería,Palencia,03_34_R1,752.091,8.5465,0.0,rapida_demo,DATOS SINTÉTICOS DE DEMOSTRACIÓN,DEMO: generado localmente,2026-10-08,"('almería', 'palencia')",2026,63.626898600000004,223.74737,287.3742686
Almería,Pontevedra,03_35_R1,1019.972,11.5906,0.0,rapida_demo,DATOS SINTÉTICOS DE DEMOSTRACIÓN,DEMO: generado localmente,2026-10-08,"('almería', 'pontevedra')",2026,86.2896312,303.441908,389.73153920000004
Almería,Salamanca,03_36_R1,669.427,7.6071,0.0,rapida_demo,DATOS SINTÉTICOS DE DEMOSTRACIÓN,DEMO: generado localmente,2026-10-08,"('almería', 'salamanca')",2026,56.63352420000001,199.153878,255.7874022
Almería,Segovia,03_37_R1,598.737,6.8038,0.0,rapida_demo,DATOS SINTÉTICOS DE DEMOSTRACIÓN,DEMO: generado localmente,2026-10-08,"('almería', 'segovia')",2026,50.6531502,178.123484,228.7766342
Almería,Sevilla,03_38_R1,398.244,4.5255,0.0,rapida_demo,DATOS SINTÉTICOS DE DEMOSTRACIÓN,DEMO: generado localmente,2026-10-08,"('almería', 'sevilla')",2026,33.69144240000001,118.47759,152.16903240000002
Almería,Soria,03_39_R1,684.255,7.7756,0.0,rapida_demo,DATOS SINTÉTICOS DE DEMOSTRACIÓN,DEMO: generado localmente,2026-10-08,"('almería', 'soria')",2026,57.887973,203.56520799999998,261.453181
Almería,Tarragona,03_40_R1,717.59,8.1544,0.0,rapida_demo,DATOS SINTÉTICOS DE DEMOSTRACIÓN,DEMO: generado localmente,2026-10-08,"('almería', 'tarragona')",2026,60.70811400000001,213.48219200000003,274.190306
Almería,Teruel,03_41_R1,508.845,5.7823,0.0,rapida_demo,DATOS SINTÉTICOS DE DEMOSTRACIÓN,DEMO: generado localmente,2026-10-08,"('almería', 'teruel')",2026,43.04828700000001,151.380614,194.42890100000002
Almería,Toledo,03_42_R1,452.311,5.1399,0.0,rapida_demo,DATOS SINTÉTICOS DE DEMOSTRACIÓN,DEMO: generado localmente,2026-10-08,"('almería', 'toledo')",2026,38.2655106,134.562582,172.8280926
Almería,Valencia,03_43_R1,431.015,4.8979,0.0,rapida_demo,DATOS SINTÉTICOS DE DEMOSTRACIÓN,DEMO: generado localmente,2026-10-08,"('almería', 'valencia')",2026,36.463869,128.227022,164.69089100000002
Almería,Valladolid,03_44_R1,711.72,8.0877,0.0,rapida_demo,DATOS SINTÉTICOS DE DEMOSTRACIÓN,DEMO: generado localmente,2026-10-08,"('almería', 'valladolid')",2026,60.211512000000006,211.735986,271.947498
Almería,Zamora,03_45_R1,738.146,8.388,0.0,rapida_demo,DATOS SINTÉTICOS DE DEMOSTRACIÓN,DEMO: generado localmente,2026-10-08,"('almería', 'zamora')",2026,62.447151600000005,219.59784,282.0449916
Almería,Zaragoza,03_46_R1,690.91,7.8512,0.0,rapida_demo,DATOS SINTÉTICOS DE DEMOSTRACIÓN,DEMO: generado localmente,2026-10-08,"('almería', 'zaragoza')",2026,58.450986,205.544416,263.995402
Oviedo,Ávila,04_05_R1,393.94,4.4766,0.0,rapida_demo,DATOS SINTÉTICOS DE DEMOSTRACIÓN,DEMO: generado localmente,2026-10-08,"('oviedo', 'ávila')",2026,33.327324000000004,117.197388,150.52471200000002
Oviedo,Badajoz,04_06_R1,633.939,7.2039,0.0,rapida_demo,DATOS SINTÉTICOS DE DEMOSTRACIÓN,DEMO: generado localmente,2026-10-08,"('badajoz', 'oviedo')",2026,53.631239400000005,188.59810199999998,242.22934139999998
Oviedo,Barcelona,04_07_R1,868.017,9.8638,0.0,rapida_demo,DATOS SINTÉTICOS DE DEMOSTRACIÓN,DEMO: generado localmente,2026-10-08,"('barcelona', 'oviedo')",2026,73.43423820000001,258.234284,331.6685222
Oviedo,Bilbao,04_08_R1,295.721,3.3605,0.0,rapida_demo,DATOS SINTÉTICOS DE DEMOSTRACIÓN,DEMO: generado localmente,2026-10-08,"('bilbao', 'oviedo')",2026,25.017996600000004,87.97789,112.9958866
Oviedo,Burgos,04_09_R1,260.293,2.9579,0.0,rapida_demo,DATOS SINTÉTICOS DE DEMOSTRACIÓN,DEMO: generado localmente,2026-10-08,"('burgos', 'oviedo')",2026,22.020787800000004,77.437822,99.4586098
Oviedo,Cáceres,04_10_R1,542.915,6.1695,0.0,rapida_demo,DATOS SINTÉTICOS DE DEMOSTRACIÓN,DEMO: generado localmente,2026-10-08,"('cáceres', 'oviedo')",2026,45.930609000000004,161.51751000000002,207.44811900000002
Oviedo,Cádiz,04_11_R1,950.652,10.8029,0.0,rapida_demo,DATOS SINTÉTICOS DE DEMOSTRACIÓN,DEMO: generado localmente,2026-10-08,"('cádiz', 'oviedo')",2026,80.42515920000001,282.81992199999996,363.24508119999996
Oviedo,Santander,04_12_R1,205.92,2.34,0.0,rapida_demo,DATOS SINTÉTICOS DE DEMOSTRACIÓN,DEMO: generado localmente,2026-10-08,"('oviedo', 'santander')",2026,17.420832,61.261199999999995,78.68203199999999
Oviedo,Castelló de la Plana/Castellón de la Plana,04_13_R1,763.508,8.6762,0.0,rapida_demo,DATOS SINTÉTICOS DE DEMOSTRACIÓN,DEMO: generado localmente,2026-10-08,"('castelló de la plana/castellón de la plana', 'oviedo')",2026,64.59277680000001,227.14291599999999,291.7356928
Oviedo,Ciudad Real,04_14_R1,640.321,7.2764,0.0,rapida_demo,DATOS SINTÉTICOS DE DEMOSTRACIÓN,DEMO: generado localmente,2026-10-08,"('ciudad real', 'oviedo')",2026,54.17115660000001,190.496152,244.6673086
Oviedo,Córdoba,04_15_R1,769.316,8.7422,0.0,rapida_demo,DATOS SINTÉTICOS DE DEMOSTRACIÓN,DEMO: generado localmente,2026-10-08,"('córdoba', 'oviedo')",2026,65.08413360000002,228.870796,293.9549296
Oviedo,A Coruña,04_16_R1,257.782,2.9293,0.0,rapida_demo,DATOS SINTÉTICOS DE DEMOSTRACIÓN,DEMO: generado localmente,2026-10-08,"('a coruña', 'oviedo')",2026,21.8083572,76.689074,98.49743120000001
Oviedo,Cuenca,04_17_R1,597.105,6.7853,0.0,rapida_demo,DATOS SINTÉTICOS DE DEMOSTRACIÓN,DEMO: generado localmente,2026-10-08,"('cuenca', 'oviedo')",2026,50.515083000000004,177.63915400000002,228.15423700000002
Oviedo,Donostia/San Sebastián,04_18_R1,390.09,4.4328,0.0,rapida_demo,DATOS SINTÉTICOS DE DEMOSTRACIÓN,DEMO: generado localmente,2026-10-08,"('donostia/san sebastián', 'oviedo')",2026,33.001614000000004,116.05070400000001,149.052318
Oviedo,Girona,04_19_R1,905.966,10.2951,0.0,rapida_demo,DATOS SINTÉTICOS DE DEMOSTRACIÓN,DEMO: generado localmente,2026-10-08,"('girona', 'oviedo')",2026,76.6447236,269.525718,346.1704416
Oviedo,Granada,04_20_R1,892.131,10.1379,0.0,rapida_demo,DATOS SINTÉTICOS DE DEMOSTRACIÓN,DEMO: generado localmente,2026-10-08,"('granada', 'oviedo')",2026,75.47428260000001,265.410222,340.8845046
Oviedo,Guadalajara,04_21_R1,469.129,5.331,0.0,rapida_demo,DATOS SINTÉTICOS DE DEMOSTRACIÓN,DEMO: generado localmente,2026-10-08,"('guadalajara', 'oviedo')",2026,39.688313400000006,139.56558,179.2538934
Oviedo,Huelva,04_22_R1,856.436,9.7322,0.0,rapida_demo,DATOS SINTÉTICOS DE DEMOSTRACIÓN,DEMO: generado localmente,2026-10-08,"('huelva', 'oviedo')",2026,72.45448560000001,254.78899600000003,327.24348160000005
Oviedo,Huesca,04_23_R1,579.991,6.5908,0.0,rapida_demo,DATOS SINTÉTICOS DE DEMOSTRACIÓN,DEMO: generado localmente,2026-10-08,"('huesca', 'oviedo')",2026,49.0672386,172.547144,221.6143826
Oviedo,Jaén,04_24_R1,807.392,9.1749,0.0,rapida_demo,DATOS SINTÉTICOS DE DEMOSTRACIÓN,DEMO: generado localmente,2026-10-08,"('jaén', 'oviedo')",2026,68.30536320000002,240.19888199999997,308.5042452
Oviedo,Logroño,04_25_R1,368.245,4.1846,0.0,rapida_demo,DATOS SINTÉTICOS DE DEMOSTRACIÓN,DEMO: generado localmente,2026-10-08,"('logroño', 'oviedo')",2026,31.153527000000004,109.55282799999999,140.706355
Oviedo,León,04_26_R1,109.544,1.2448,0.0,rapida_demo,DATOS SINTÉTICOS DE DEMOSTRACIÓN,DEMO: generado localmente,2026-10-08,"('león', 'oviedo')",2026,9.267422400000001,32.588863999999994,41.856286399999995
Oviedo,Lleida,04_27_R1,706.053,8.0233,0.0,rapida_demo,DATOS SINTÉTICOS DE DEMOSTRACIÓN,DEMO: generado localmente,2026-10-08,"('lleida', 'oviedo')",2026,59.732083800000005,210.04999400000003,269.7820778
Oviedo,Lugo,04_28_R1,180.114,2.0467,0.0,rapida_demo,DATOS SINTÉTICOS DE DEMOSTRACIÓN,DEMO: generado localmente,2026-10-08,"('lugo', 'oviedo')",2026,15.237644400000002,53.582606,68.8202504
Oviedo,Madrid,04_29_R1,465.542,5.2903,0.0,rapida_demo,DATOS SINTÉTICOS DE DEMOSTRACIÓN,DEMO: generado localmente,2026-10-08,"('madrid', 'oviedo')",2026,39.3848532,138.500054,177.88490720000001
Oviedo,Málaga,04_30_R1,935.364,10.6291,0.0,rapida_demo,DATOS SINTÉTICOS DE DEMOSTRACIÓN,DEMO: generado localmente,2026-10-08,"('málaga', 'oviedo')",2026,79.1317944,278.269838,357.4016324
Oviedo,Murcia,04_31_R1,897.182,10.1952,0.0,rapida_demo,DATOS SINTÉTICOS DE DEMOSTRACIÓN,DEMO: generado localmente,2026-10-08,"('murcia', 'oviedo')",2026,75.90159720000001,266.910336,342.8119332
Oviedo,Pamplona/Iruña,04_32_R1,432.899,4.9193,0.0,rapida_demo,DATOS SINTÉTICOS DE DEMOSTRACIÓN,DEMO: generado localmente,2026-10-08,"('oviedo', 'pamplona/iruña')",2026,36.623255400000005,128.787274,165.4105294
Oviedo,Ourense,04_33_R1,250.261,2.8439,0.0,rapida_demo,DATOS SINTÉTICOS DE DEMOSTRACIÓN,DEMO: generado localmente,2026-10-08,"('ourense', 'oviedo')",2026,21.1720806,74.45330200000001,95.62538260000001
Oviedo,Palencia,04_34_R1,230.519,2.6195,0.0,rapida_demo,DATOS SINTÉTICOS DE DEMOSTRACIÓN,DEMO: generado localmente,2026-10-08,"('oviedo', 'palencia')",2026,19.501907400000004,68.57851,88.0804174
Oviedo,Pontevedra,04_35_R1,313.145,3.5585,0.0,rapida_demo,DATOS SINTÉTICOS DE DEMOSTRACIÓN,DEMO: generado localmente,2026-10-08,"('oviedo', 'pontevedra')",2026,26.492067000000002,93.16153,119.653597
Oviedo,Salamanca,04_36_R1,333.413,3.7888,0.0,rapida_demo,DATOS SINTÉTICOS DE DEMOSTRACIÓN,DEMO: generado localmente,2026-10-08,"('oviedo', 'salamanca')",2026,28.206739800000005,99.19078400000001,127.39752380000002
Oviedo,Segovia,04_37_R1,378.961,4.3064,0.0,rapida_demo,DATOS SINTÉTICOS DE DEMOSTRACIÓN,DEMO: generado localmente,2026-10-08,"('oviedo', 'segovia')",2026,32.060100600000005,112.741552,144.8016526
Oviedo,Sevilla,04_38_R1,830.205,9.4341,0.0,rapida_demo,DATOS SINTÉTICOS DE DEMOSTRACIÓN,DEMO: generado localmente,2026-10-08,"('oviedo', 'sevilla')",2026,70.23534300000001,246.98473800000002,317.22008100000005
Oviedo,Soria,04_39_R1,411.138,4.672,0.0,rapida_demo,DATOS SINTÉTICOS DE DEMOSTRACIÓN,DEMO: generado localmente,2026-10-08,"('oviedo', 'soria')",2026,34.7822748,122.31295999999999,157.0952348
Oviedo,Tarragona,04_40_R1,793.898,9.0216,0.0,rapida_demo,DATOS SINTÉTICOS DE DEMOSTRACIÓN,DEMO: generado localmente,2026-10-08,"('oviedo', 'tarragona')",2026,67.16377080000001,236.185488,303.34925880000003
Oviedo,Teruel,04_41_R1,645.042,7.33,0.0,rapida_demo,DATOS SINTÉTICOS DE DEMOSTRACIÓN,DEMO: generado localmente,2026-10-08,"('oviedo', 'teruel')",2026,54.570553200000006,191.89939999999999,246.4699532
Oviedo,Toledo,04_42_R1,522.414,5.9365,0.0,rapida_demo,DATOS SINTÉTICOS DE DEMOSTRACIÓN,DEMO: generado localmente,2026-10-08,"('oviedo', 'toledo')",2026,44.196224400000006,155.41756999999998,199.6137944
Oviedo,Valencia,04_43_R1,785.288,8.9237,0.0,rapida_demo,DATOS SINTÉTICOS DE DEMOSTRACIÓN,DEMO: generado localmente,2026-10-08,"('oviedo', 'valencia')",2026,66.4353648,233.622466,300.05783080000003
Oviedo,Valladolid,04_44_R1,263.497,2.9943,0.0,rapida_demo,DATOS SINTÉTICOS DE DEMOSTRACIÓN,DEMO: generado localmente,2026-10-08,"('oviedo', 'valladolid')",2026,22.291846200000002,78.390774,100.6826202
Oviedo,Zamora,04_45_R1,258.252,2.9347,0.0,rapida_demo,DATOS SINTÉTICOS DE DEMOSTRACIÓN,DEMO: generado localmente,2026-10-08,"('oviedo', 'zamora')",2026,21.848119200000003,76.830446,98.6785652
Oviedo,Zaragoza,04_46_R1,561.268,6.378,0.0,rapida_demo,DATOS SINTÉTICOS DE DEMOSTRACIÓN,DEMO: generado localmente,2026-10-08,"('oviedo', 'zaragoza')",2026,47.48327280000001,166.97604,214.45931280000002
Ávila,Badajoz,05_06_R1,346.188,3.934,0.0,rapida_demo,DATOS SINTÉTICOS DE DEMOSTRACIÓN,DEMO: generado localmente,2026-10-08,"('badajoz', 'ávila')",2026,29.2875048,102.99212,132.2796248
Ávila,Barcelona,05_07_R1,728.05,8.2733,0.0,rapida_demo,DATOS SINTÉTICOS DE DEMOSTRACIÓN,DEMO: generado localmente,2026-10-08,"('barcelona', 'ávila')",2026,61.59303,216.594994,278.18802400000004
Ávila,Bilbao,05_08_R1,406.251,4.6165,0.0,rapida_demo,DATOS SINTÉTICOS DE DEMOSTRACIÓN,DEMO: generado localmente,2026-10-08,"('bilbao', 'ávila')",2026,34.3688346,120.85997,155.2288046
Ávila,Burgos,05_09_R1,256.048,2.9096,0.0,rapida_demo,DATOS SINTÉTICOS DE DEMOSTRACIÓN,DEMO: generado localmente,2026-10-08,"('burgos', 'ávila')",2026,21.661660800000003,76.173328,97.8349888
Ávila,Cáceres,05_10_R1,242.126,2.7514,0.0,rapida_demo,DATOS SINTÉTICOS DE DEMOSTRACIÓN,DEMO: generado localmente,2026-10-08,"('cáceres', 'ávila')",2026,20.483859600000002,72.031652,92.5155116
Ávila,Cádiz,05_11_R1,599.157,6.8086,0.0,rapida_demo,DATOS SINTÉTICOS DE DEMOSTRACIÓN,DEMO: generado localmente,2026-10-08,"('cádiz', 'ávila')",2026,50.68868220000001,178.249148,228.9378302
Ávila,Santander,05_12_R1,400.616,4.5525,0.0,rapida_demo,DATOS SINTÉTICOS DE DEMOSTRACIÓN,DEMO: generado localmente,2026-10-08,"('santander', 'ávila')",2026,33.8921136,119.18445,153.0765636
Ávila,Castelló de la Plana/Castellón de la Plana,05_13_R1,502.721,5.7127,0.0,rapida_demo,DATOS SINTÉTICOS DE DEMOSTRACIÓN,DEMO: generado localmente,2026-10-08,"('castelló de la plana/castellón de la plana', 'ávila')",2026,42.530196600000004,149.558486,192.0886826
Ávila,Ciudad Real,05_14_R1,246.548,2.8017,0.0,rapida_demo,DATOS SINTÉTICOS DE DEMOSTRACIÓN,DEMO: generado localmente,2026-10-08,"('ciudad real', 'ávila')",2026,20.8579608,73.348506,94.2064668
Ávila,Córdoba,05_15_R1,385.323,4.3787,0.0,rapida_demo,DATOS SINTÉTICOS DE DEMOSTRACIÓN,DEMO: generado localmente,2026-10-08,"('córdoba', 'ávila')",2026,32.598325800000005,114.634366,147.2326918
Ávila,A Coruña,05_16_R1,536.583,6.0975,0.0,rapida_demo,DATOS SINTÉTICOS DE DEMOSTRACIÓN,DEMO: generado localmente,2026-10-08,"('a coruña', 'ávila')",2026,45.3949218,159.63255,205.0274718
Ávila,Cuenca,05_17_R1,283.797,3.225,0.0,rapida_demo,DATOS SINTÉTICOS DE DEMOSTRACIÓN,DEMO: generado localmente,2026-10-08,"('cuenca', 'ávila')",2026,24.009226200000004,84.4305,108.4397262
Ávila,Donostia/San Sebastián,05_18_R1,464.499,5.2784,0.0,rapida_demo,DATOS SINTÉTICOS DE DEMOSTRACIÓN,DEMO: generado localmente,2026-10-08,"('donostia/san sebastián', 'ávila')",2026,39.29661540000001,138.188512,177.4851274
Ávila,Girona,05_19_R1,806.556,9.1654,0.0,rapida_demo,DATOS SINTÉTICOS DE DEMOSTRACIÓN,DEMO: generado localmente,2026-10-08,"('girona', 'ávila')",2026,68.23463760000001,239.950172,308.1848096
Ávila,Granada,05_20_R1,498.475,5.6645,0.0,rapida_demo,DATOS SINTÉTICOS DE DEMOSTRACIÓN,DEMO: generado localmente,2026-10-08,"('granada', 'ávila')",2026,42.17098500000001,148.29661000000002,190.46759500000002
Ávila,Guadalajara,05_21_R1,161.667,1.8371,0.0,rapida_demo,DATOS SINTÉTICOS DE DEMOSTRACIÓN,DEMO: generado localmente,2026-10-08,"('guadalajara', 'ávila')",2026,13.677028200000002,48.095278,61.7723062
Ávila,Huelva,05_22_R1,531.439,6.0391,0.0,rapida_demo,DATOS SINTÉTICOS DE DEMOSTRACIÓN,DEMO: generado localmente,2026-10-08,"('huelva', 'ávila')",2026,44.959739400000004,158.10363800000002,203.06337740000004
Ávila,Huesca,05_23_R1,492.565,5.5973,0.0,rapida_demo,DATOS SINTÉTICOS DE DEMOSTRACIÓN,DEMO: generado localmente,2026-10-08,"('huesca', 'ávila')",2026,41.670999,146.53731399999998,188.20831299999998
Ávila,Jaén,05_24_R1,413.748,4.7017,0.0,rapida_demo,DATOS SINTÉTICOS DE DEMOSTRACIÓN,DEMO: generado localmente,2026-10-08,"('jaén', 'ávila')",2026,35.0030808,123.09050599999999,158.0935868
Ávila,Logroño,05_25_R1,344.282,3.9123,0.0,rapida_demo,DATOS SINTÉTICOS DE DEMOSTRACIÓN,DEMO: generado localmente,2026-10-08,"('logroño', 'ávila')",2026,29.1262572,102.424014,131.5502712
Ávila,León,05_26_R1,284.635,3.2345,0.0,rapida_demo,DATOS SINTÉTICOS DE DEMOSTRACIÓN,DEMO: generado localmente,2026-10-08,"('león', 'ávila')",2026,24.080121000000002,84.67921,108.759331
Ávila,Lleida,05_27_R1,573.197,6.5136,0.0,rapida_demo,DATOS SINTÉTICOS DE DEMOSTRACIÓN,DEMO: generado localmente,2026-10-08,"('lleida', 'ávila')",2026,48.4924662,170.526048,219.0185142
Ávila,Lugo,05_28_R1,440.895,5.0102,0.0,rapida_demo,DATOS SINTÉTICOS DE DEMOSTRACIÓN,DEMO: generado localmente,2026-10-08,"('lugo', 'ávila')",2026,37.299717,131.167036,168.46675299999998
Ávila,Madrid,05_29_R1,111.496,1.267,0.0,rapida_demo,DATOS SINTÉTICOS DE DEMOSTRACIÓN,DEMO: generado localmente,2026-10-08,"('madrid', 'ávila')",2026,9.4325616,33.17006,42.6026216
Ávila,Málaga,05_30_R1,548.028,6.2276,0.0,rapida_demo,DATOS SINTÉTICOS DE DEMOSTRACIÓN,DEMO: generado localmente,2026-10-08,"('málaga', 'ávila')",2026,46.363168800000004,163.038568,209.4017368
Ávila,Murcia,05_31_R1,534.153,6.0699,0.0,rapida_demo,DATOS SINTÉTICOS DE DEMOSTRACIÓN,DEMO: generado localmente,2026-10-08,"('murcia', 'ávila')",2026,45.1893438,158.90998199999999,204.09932579999997
Ávila,Pamplona/Iruña,05_32_R1,436.661,4.9621,0.0,rapida_demo,DATOS SINTÉTICOS DE DEMOSTRACIÓN,DEMO: generado localmente,2026-10-08,"('pamplona/iruña', 'ávila')",2026,36.941520600000004,129.907778,166.8492986
Ávila,Ourense,05_33_R1,403.595,4.5863,0.0,rapida_demo,DATOS SINTÉTICOS DE DEMOSTRACIÓN,DEMO: generado localmente,2026-10-08,"('ourense', 'ávila')",2026,34.14413700000001,120.06933399999998,154.213471
Ávila,Palencia,05_34_R1,189.048,2.1483,0.0,rapida_demo,DATOS SINTÉTICOS DE DEMOSTRACIÓN,DEMO: generado localmente,2026-10-08,"('palencia', 'ávila')",2026,15.993460800000001,56.24249399999999,72.2359548
Ávila,Pontevedra,05_35_R1,478.938,5.4425,0.0,rapida_demo,DATOS SINTÉTICOS DE DEMOSTRACIÓN,DEMO: generado localmente,2026-10-08,"('pontevedra', 'ávila')",2026,40.518154800000005,142.48465,183.00280479999998
Ávila,Salamanca,05_36_R1,110.073,1.2508,0.0,rapida_demo,DATOS SINTÉTICOS DE DEMOSTRACIÓN,DEMO: generado localmente,2026-10-08,"('salamanca', 'ávila')",2026,9.3121758,32.745943999999994,42.05811979999999
Ávila,Segovia,05_37_R1,73.059,0.8302,0.0,rapida_demo,DATOS SINTÉTICOS DE DEMOSTRACIÓN,DEMO: generado localmente,2026-10-08,"('segovia', 'ávila')",2026,6.1807914,21.734636000000002,27.915427400000002
Ávila,Sevilla,05_38_R1,475.257,5.4006,0.0,rapida_demo,DATOS SINTÉTICOS DE DEMOSTRACIÓN,DEMO: generado localmente,2026-10-08,"('sevilla', 'ávila')",2026,40.20674220000001,141.387708,181.5944502
Ávila,Soria,05_39_R1,279.819,3.1798,0.0,rapida_demo,DATOS SINTÉTICOS DE DEMOSTRACIÓN,DEMO: generado localmente,2026-10-08,"('soria', 'ávila')",2026,23.672687400000004,83.247164,106.9198514
Ávila,Tarragona,05_40_R1,628.808,7.1455,0.0,rapida_demo,DATOS SINTÉTICOS DE DEMOSTRACIÓN,DEMO: generado localmente,2026-10-08,"('tarragona', 'ávila')",2026,53.1971568,187.06919,240.2663468
Ávila,Teruel,05_41_R1,382.108,4.3421,0.0,rapida_demo,DATOS SINTÉTICOS DE DEMOSTRACIÓN,DEMO: generado localmente,2026-10-08,"('teruel', 'ávila')",2026,32.32633680000001,113.67617800000001,146.00251480000003
Ávila,Toledo,05_42_R1,132.277,1.5031,0.0,rapida_demo,DATOS SINTÉTICOS DE DEMOSTRACIÓN,DEMO: generado localmente,2026-10-08,"('toledo', 'ávila')",2026,11.1906342,39.351158000000005,50.5417922
Ávila,Valencia,05_43_R1,488.462,5.5507,0.0,rapida_demo,DATOS SINTÉTICOS DE DEMOSTRACIÓN,DEMO: generado localmente,2026-10-08,"('valencia', 'ávila')",2026,41.32388520000001,145.317326,186.64121120000001
Ávila,Valladolid,05_44_R1,138.43,1.5731,0.0,rapida_demo,DATOS SINTÉTICOS DE DEMOSTRACIÓN,DEMO: generado localmente,2026-10-08,"('valladolid', 'ávila')",2026,11.711178000000002,41.183758,52.894936
Ávila,Zamora,05_45_R1,160.917,1.8286,0.0,rapida_demo,DATOS SINTÉTICOS DE DEMOSTRACIÓN,DEMO: generado localmente,2026-10-08,"('zamora', 'ávila')",2026,13.613578200000001,47.872748,61.4863262
Ávila,Zaragoza,05_46_R1,423.436,4.8118,0.0,rapida_demo,DATOS SINTÉTICOS DE DEMOSTRACIÓN,DEMO: generado localmente,2026-10-08,"('zaragoza', 'ávila')",2026,35.8226856,125.97292399999999,161.79560959999998
Badajoz,Barcelona,06_07_R1,1031.845,11.7255,0.0,rapida_demo,DATOS SINTÉTICOS DE DEMOSTRACIÓN,DEMO: generado localmente,2026-10-08,"('badajoz', 'barcelona')",2026,87.294087,306.97359,394.267677
Badajoz,Bilbao,06_08_R1,742.277,8.435,0.0,rapida_demo,DATOS SINTÉTICOS DE DEMOSTRACIÓN,DEMO: generado localmente,2026-10-08,"('badajoz', 'bilbao')",2026,62.79663420000001,220.8283,283.62493420000004
Badajoz,Burgos,06_09_R1,591.822,6.7253,0.0,rapida_demo,DATOS SINTÉTICOS DE DEMOSTRACIÓN,DEMO: generado localmente,2026-10-08,"('badajoz', 'burgos')",2026,50.06814120000001,176.068354,226.1364952
Badajoz,Cáceres,06_10_R1,104.895,1.192,0.0,rapida_demo,DATOS SINTÉTICOS DE DEMOSTRACIÓN,DEMO: generado localmente,2026-10-08,"('badajoz', 'cáceres')",2026,8.874117,31.20656,40.080677
Badajoz,Cádiz,06_11_R1,334.909,3.8058,0.0,rapida_demo,DATOS SINTÉTICOS DE DEMOSTRACIÓN,DEMO: generado localmente,2026-10-08,"('badajoz', 'cádiz')",2026,28.333301400000003,99.635844,127.9691454
Badajoz,Santander,06_12_R1,717.597,8.1545,0.0,rapida_demo,DATOS SINTÉTICOS DE DEMOSTRACIÓN,DEMO: generado localmente,2026-10-08,"('badajoz', 'santander')",2026,60.7087062,213.48481,274.19351620000003
Badajoz,Castelló de la Plana/Castellón de la Plana,06_13_R1,759.7,8.633,0.0,rapida_demo,DATOS SINTÉTICOS DE DEMOSTRACIÓN,DEMO: generado localmente,2026-10-08,"('badajoz', 'castelló de la plana/castellón de la plana')",2026,64.27062000000001,226.01193999999998,290.28256
Badajoz,Ciudad Real,06_14_R1,329.137,3.7402,0.0,rapida_demo,DATOS SINTÉTICOS DE DEMOSTRACIÓN,DEMO: generado localmente,2026-10-08,"('badajoz', 'ciudad real')",2026,27.8449902,97.918436,125.7634262
Badajoz,Córdoba,06_15_R1,276.017,3.1366,0.0,rapida_demo,DATOS SINTÉTICOS DE DEMOSTRACIÓN,DEMO: generado localmente,2026-10-08,"('badajoz', 'córdoba')",2026,23.3510382,82.116188,105.4672262
Badajoz,A Coruña,06_16_R1,642.016,7.2956,0.0,rapida_demo,DATOS SINTÉTICOS DE DEMOSTRACIÓN,DEMO: generado localmente,2026-10-08,"('a coruña', 'badajoz')",2026,54.3145536,190.998808,245.3133616
Badajoz,Cuenca,06_17_R1,545.216,6.1956,0.0,rapida_demo,DATOS SINTÉTICOS DE DEMOSTRACIÓN,DEMO: generado localmente,2026-10-08,"('badajoz', 'cuenca')",2026,46.12527360000001,162.200808,208.3260816
Badajoz,Donostia/San Sebastián,06_18_R1,808.261,9.1848,0.0,rapida_demo,DATOS SINTÉTICOS DE DEMOSTRACIÓN,DEMO: generado localmente,2026-10-08,"('badajoz', 'donostia/san sebastián')",2026,68.3788806,240.45806399999998,308.8369446
Badajoz,Girona,06_19_R1,1121.63,12.7458,0.0,rapida_demo,DATOS SINTÉTICOS DE DEMOSTRACIÓN,DEMO: generado localmente,2026-10-08,"('badajoz', 'girona')",2026,94.88989800000002,333.68504399999995,428.57494199999996
Badajoz,Granada,06_20_R1,438.541,4.9834,0.0,rapida_demo,DATOS SINTÉTICOS DE DEMOSTRACIÓN,DEMO: generado localmente,2026-10-08,"('badajoz', 'granada')",2026,37.1005686,130.465412,167.5659806
Badajoz,Guadalajara,06_21_R1,473.806,5.3842,0.0,rapida_demo,DATOS SINTÉTICOS DE DEMOSTRACIÓN,DEMO: generado localmente,2026-10-08,"('badajoz', 'guadalajara')",2026,40.0839876,140.958356,181.0423436
Badajoz,Huelva,06_22_R1,225.509,2.5626,0.0,rapida_demo,DATOS SINTÉTICOS DE DEMOSTRACIÓN,DEMO: generado localmente,2026-10-08,"('badajoz', 'huelva')",2026,19.0780614,67.088868,86.1669294
Badajoz,Huesca,06_23_R1,827.994,9.409,0.0,rapida_demo,DATOS SINTÉTICOS DE DEMOSTRACIÓN,DEMO: generado localmente,2026-10-08,"('badajoz', 'huesca')",2026,70.04829240000001,246.32762000000002,316.37591240000006
Badajoz,Jaén,06_24_R1,379.638,4.3141,0.0,rapida_demo,DATOS SINTÉTICOS DE DEMOSTRACIÓN,DEMO: generado localmente,2026-10-08,"('badajoz', 'jaén')",2026,32.1173748,112.94313799999999,145.0605128
Badajoz,Logroño,06_25_R1,690.255,7.8438,0.0,rapida_demo,DATOS SINTÉTICOS DE DEMOSTRACIÓN,DEMO: generado localmente,2026-10-08,"('badajoz', 'logroño')",2026,58.395573000000006,205.350684,263.746257
Badajoz,León,06_26_R1,537.343,6.1062,0.0,rapida_demo,DATOS SINTÉTICOS DE DEMOSTRACIÓN,DEMO: generado localmente,2026-10-08,"('badajoz', 'león')",2026,45.459217800000005,159.860316,205.31953380000002
Badajoz,Lleida,06_27_R1,890.667,10.1212,0.0,rapida_demo,DATOS SINTÉTICOS DE DEMOSTRACIÓN,DEMO: generado localmente,2026-10-08,"('badajoz', 'lleida')",2026,75.35042820000001,264.973016,340.3234442
Badajoz,Lugo,06_28_R1,577.481,6.5623,0.0,rapida_demo,DATOS SINTÉTICOS DE DEMOSTRACIÓN,DEMO: generado localmente,2026-10-08,"('badajoz', 'lugo')",2026,48.85489260000001,171.80101399999998,220.65590659999998
Badajoz,Madrid,06_29_R1,410.899,4.6693,0.0,rapida_demo,DATOS SINTÉTICOS DE DEMOSTRACIÓN,DEMO: generado localmente,2026-10-08,"('badajoz', 'madrid')",2026,34.7620554,122.242274,157.0043294
Badajoz,Málaga,06_30_R1,410.749,4.6676,0.0,rapida_demo,DATOS SINTÉTICOS DE DEMOSTRACIÓN,DEMO: generado localmente,2026-10-08,"('badajoz', 'málaga')",2026,34.7493654,122.19776800000001,156.9471334
Badajoz,Murcia,06_31_R1,647.757,7.3609,0.0,rapida_demo,DATOS SINTÉTICOS DE DEMOSTRACIÓN,DEMO: generado localmente,2026-10-08,"('badajoz', 'murcia')",2026,54.8002422,192.708362,247.50860419999998
Badajoz,Pamplona/Iruña,06_32_R1,782.845,8.896,0.0,rapida_demo,DATOS SINTÉTICOS DE DEMOSTRACIÓN,DEMO: generado localmente,2026-10-08,"('badajoz', 'pamplona/iruña')",2026,66.22868700000001,232.89728000000002,299.12596700000006
Badajoz,Ourense,06_33_R1,489.617,5.5638,0.0,rapida_demo,DATOS SINTÉTICOS DE DEMOSTRACIÓN,DEMO: generado localmente,2026-10-08,"('badajoz', 'ourense')",2026,41.421598200000005,145.660284,187.0818822
Badajoz,Palencia,06_34_R1,505.891,5.7488,0.0,rapida_demo,DATOS SINTÉTICOS DE DEMOSTRACIÓN,DEMO: generado localmente,2026-10-08,"('badajoz', 'palencia')",2026,42.79837860000001,150.503584,193.3019626
Badajoz,Pontevedra,06_35_R1,524.536,5.9606,0.0,rapida_demo,DATOS SINTÉTICOS DE DEMOSTRACIÓN,DEMO: generado localmente,2026-10-08,"('badajoz', 'pontevedra')",2026,44.3757456,156.048508,200.4242536
Badajoz,Salamanca,06_36_R1,321.699,3.6557,0.0,rapida_demo,DATOS SINTÉTICOS DE DEMOSTRACIÓN,DEMO: generado localmente,2026-10-08,"('badajoz', 'salamanca')",2026,27.215735400000003,95.706226,122.9219614
Badajoz,Segovia,06_37_R1,418.206,4.7523,0.0,rapida_demo,DATOS SINTÉTICOS DE DEMOSTRACIÓN,DEMO: generado localmente,2026-10-08,"('badajoz', 'segovia')",2026,35.380227600000005,124.41521399999999,159.7954416
Badajoz,Sevilla,06_38_R1,232.963,2.6473,0.0,rapida_demo,DATOS SINTÉTICOS DE DEMOSTRACIÓN,DEMO: generado localmente,2026-10-08,"('badajoz', 'sevilla')",2026,19.708669800000003,69.306314,89.01498380000001
Badajoz,Soria,06_39_R1,623.284,7.0828,0.0,rapida_demo,DATOS SINTÉTICOS DE DEMOSTRACIÓN,DEMO: generado localmente,2026-10-08,"('badajoz', 'soria')",2026,52.72982640000001,185.427704,238.1575304
Badajoz,Tarragona,06_40_R1,928.841,10.555,0.0,rapida_demo,DATOS SINTÉTICOS DE DEMOSTRACIÓN,DEMO: generado localmente,2026-10-08,"('badajoz', 'tarragona')",2026,78.57994860000001,276.3299,354.90984860000003
Badajoz,Teruel,06_41_R1,659.695,7.4965,0.0,rapida_demo,DATOS SINTÉTICOS DE DEMOSTRACIÓN,DEMO: generado localmente,2026-10-08,"('badajoz', 'teruel')",2026,55.81019700000001,196.25837,252.06856700000003
Badajoz,Toledo,06_42_R1,344.311,3.9126,0.0,rapida_demo,DATOS SINTÉTICOS DE DEMOSTRACIÓN,DEMO: generado localmente,2026-10-08,"('badajoz', 'toledo')",2026,29.1287106,102.431868,131.56057859999999
Badajoz,Valencia,06_43_R1,714.901,8.1239,0.0,rapida_demo,DATOS SINTÉTICOS DE DEMOSTRACIÓN,DEMO: generado localmente,2026-10-08,"('badajoz', 'valencia')",2026,60.4806246,212.683702,273.1643266
Badajoz,Valladolid,06_44_R1,452.854,5.1461,0.0,rapida_demo,DATOS SINTÉTICOS DE DEMOSTRACIÓN,DEMO: generado localmente,2026-10-08,"('badajoz', 'valladolid')",2026,38.3114484,134.724898,173.0363464
Badajoz,Zamora,06_45_R1,387.254,4.4006,0.0,rapida_demo,DATOS SINTÉTICOS DE DEMOSTRACIÓN,DEMO: generado localmente,2026-10-08,"('badajoz', 'zamora')",2026,32.761688400000004,115.207708,147.9693964
Badajoz,Zaragoza,06_46_R1,752.39,8.5499,0.0,rapida_demo,DATOS SINTÉTICOS DE DEMOSTRACIÓN,DEMO: generado localmente,2026-10-08,"('badajoz', 'zaragoza')",2026,63.65219400000001,223.836382,287.48857599999997
Barcelona,Bilbao,07_08_R1,585.695,6.6556,0.0,rapida_demo,DATOS SINTÉTICOS DE DEMOSTRACIÓN,DEMO: generado localmente,2026-10-08,"('barcelona', 'bilbao')",2026,49.54979700000001,174.243608,223.793405
Barcelona,Burgos,07_09_R1,622.905,7.0785,0.0,rapida_demo,DATOS SINTÉTICOS DE DEMOSTRACIÓN,DEMO: generado localmente,2026-10-08,"('barcelona', 'burgos')",2026,52.697763,185.31513,238.01289300000002
Barcelona,Cáceres,07_10_R1,942.151,10.7063,0.0,rapida_demo,DATOS SINTÉTICOS DE DEMOSTRACIÓN,DEMO: generado localmente,2026-10-08,"('barcelona', 'cáceres')",2026,79.7059746,280.290934,359.9969086
Barcelona,Cádiz,07_11_R1,1136.241,12.9118,0.0,rapida_demo,DATOS SINTÉTICOS DE DEMOSTRACIÓN,DEMO: generado localmente,2026-10-08,"('barcelona', 'cádiz')",2026,96.12598860000001,338.03092399999997,434.1569126
Barcelona,Santander,07_12_R1,678.743,7.713,0.0,rapida_demo,DATOS SINTÉTICOS DE DEMOSTRACIÓN,DEMO: generado localmente,2026-10-08,"('barcelona', 'santander')",2026,57.42165780000001,201.92634,259.34799780000003
Barcelona,Castelló de la Plana/Castellón de la Plana,07_13_R1,303.596,3.45,0.0,rapida_demo,DATOS SINTÉTICOS DE DEMOSTRACIÓN,DEMO: generado localmente,2026-10-08,"('barcelona', 'castelló de la plana/castellón de la plana')",2026,25.684221600000004,90.321,116.0052216
Barcelona,Ciudad Real,07_14_R1,728.748,8.2812,0.0,rapida_demo,DATOS SINTÉTICOS DE DEMOSTRACIÓN,DEMO: generado localmente,2026-10-08,"('barcelona', 'ciudad real')",2026,61.65208080000001,216.801816,278.4538968
Barcelona,Córdoba,07_15_R1,888.551,10.0972,0.0,rapida_demo,DATOS SINTÉTICOS DE DEMOSTRACIÓN,DEMO: generado localmente,2026-10-08,"('barcelona', 'córdoba')",2026,75.1714146,264.344696,339.5161106
Barcelona,A Coruña,07_16_R1,1119.436,12.7209,0.0,rapida_demo,DATOS SINTÉTICOS DE DEMOSTRACIÓN,DEMO: generado localmente,2026-10-08,"('a coruña', 'barcelona')",2026,94.7042856,333.033162,427.7374476
Barcelona,Cuenca,07_17_R1,488.518,5.5513,0.0,rapida_demo,DATOS SINTÉTICOS DE DEMOSTRACIÓN,DEMO: generado localmente,2026-10-08,"('barcelona', 'cuenca')",2026,41.328622800000005,145.333034,186.6616568
Barcelona,Donostia/San Sebastián,07_18_R1,505.399,5.7432,0.0,rapida_demo,DATOS SINTÉTICOS DE DEMOSTRACIÓN,DEMO: generado localmente,2026-10-08,"('barcelona', 'donostia/san sebastián')",2026,42.7567554,150.356976,193.1137314
Barcelona,Girona,07_19_R1,107.185,1.218,0.0,rapida_demo,DATOS SINTÉTICOS DE DEMOSTRACIÓN,DEMO: generado localmente,2026-10-08,"('barcelona', 'girona')",2026,9.067851000000001,31.88724,40.955090999999996
Barcelona,Granada,07_20_R1,853.029,9.6935,0.0,rapida_demo,DATOS SINTÉTICOS DE DEMOSTRACIÓN,DEMO: generado localmente,2026-10-08,"('barcelona', 'granada')",2026,72.1662534,253.77583,325.9420834
Barcelona,Guadalajara,07_21_R1,570.084,6.4782,0.0,rapida_demo,DATOS SINTÉTICOS DE DEMOSTRACIÓN,DEMO: generado localmente,2026-10-08,"('barcelona', 'guadalajara')",2026,48.2291064,169.599276,217.8283824
Barcelona,Huelva,07_22_R1,1135.764,12.9064,0.0,rapida_demo,DATOS SINTÉTICOS DE DEMOSTRACIÓN,DEMO: generado localmente,2026-10-08,"('barcelona', 'huelva')",2026,96.0856344,337.889552,433.9751864
Barcelona,Huesca,07_23_R1,288.117,3.2741,0.0,rapida_demo,DATOS SINTÉTICOS DE DEMOSTRACIÓN,DEMO: generado localmente,2026-10-08,"('barcelona', 'huesca')",2026,24.374698200000005,85.715938,110.0906362
Barcelona,Jaén,07_24_R1,813.113,9.2399,0.0,rapida_demo,DATOS SINTÉTICOS DE DEMOSTRACIÓN,DEMO: generado localmente,2026-10-08,"('barcelona', 'jaén')",2026,68.78935980000001,241.900582,310.68994180000004
Barcelona,Logroño,07_25_R1,500.553,5.6881,0.0,rapida_demo,DATOS SINTÉTICOS DE DEMOSTRACIÓN,DEMO: generado localmente,2026-10-08,"('barcelona', 'logroño')",2026,42.346783800000004,148.914458,191.2612418
Barcelona,León,07_26_R1,818.12,9.2968,0.0,rapida_demo,DATOS SINTÉTICOS DE DEMOSTRACIÓN,DEMO: generado localmente,2026-10-08,"('barcelona', 'león')",2026,69.212952,243.390224,312.60317599999996
Barcelona,Lleida,07_27_R1,164.63,1.8708,0.0,rapida_demo,DATOS SINTÉTICOS DE DEMOSTRACIÓN,DEMO: generado localmente,2026-10-08,"('barcelona', 'lleida')",2026,13.927698000000001,48.977544,62.905242
Barcelona,Lugo,07_28_R1,1026.821,11.6684,0.0,rapida_demo,DATOS SINTÉTICOS DE DEMOSTRACIÓN,DEMO: generado localmente,2026-10-08,"('barcelona', 'lugo')",2026,86.86905660000001,305.478712,392.3477686
Barcelona,Madrid,07_29_R1,630.86,7.1689,0.0,rapida_demo,DATOS SINTÉTICOS DE DEMOSTRACIÓN,DEMO: generado localmente,2026-10-08,"('barcelona', 'madrid')",2026,53.37075600000001,187.681802,241.052558
Barcelona,Málaga,07_30_R1,961.871,10.9304,0.0,rapida_demo,DATOS SINTÉTICOS DE DEMOSTRACIÓN,DEMO: generado localmente,2026-10-08,"('barcelona', 'málaga')",2026,81.3742866,286.157872,367.5321586
Barcelona,Murcia,07_31_R1,590.114,6.7058,0.0,rapida_demo,DATOS SINTÉTICOS DE DEMOSTRACIÓN,DEMO: generado localmente,2026-10-08,"('barcelona', 'murcia')",2026,49.92364440000001,175.557844,225.4814884
Barcelona,Pamplona/Iruña,07_32_R1,441.757,5.02,0.0,rapida_demo,DATOS SINTÉTICOS DE DEMOSTRACIÓN,DEMO: generado localmente,2026-10-08,"('barcelona', 'pamplona/iruña')",2026,37.3726422,131.4236,168.7962422
Barcelona,Ourense,07_33_R1,1047.265,11.9007,0.0,rapida_demo,DATOS SINTÉTICOS DE DEMOSTRACIÓN,DEMO: generado localmente,2026-10-08,"('barcelona', 'ourense')",2026,88.59861900000001,311.56032600000003,400.158945
Barcelona,Palencia,07_34_R1,701.688,7.9737,0.0,rapida_demo,DATOS SINTÉTICOS DE DEMOSTRACIÓN,DEMO: generado localmente,2026-10-08,"('barcelona', 'palencia')",2026,59.362804800000006,208.751466,268.1142708
Barcelona,Pontevedra,07_35_R1,1128.373,12.8224,0.0,rapida_demo,DATOS SINTÉTICOS DE DEMOSTRACIÓN,DEMO: generado localmente,2026-10-08,"('barcelona', 'pontevedra')",2026,95.46035580000002,335.690432,431.1507878
Barcelona,Salamanca,07_36_R1,822.113,9.3422,0.0,rapida_demo,DATOS SINTÉTICOS DE DEMOSTRACIÓN,DEMO: generado localmente,2026-10-08,"('barcelona', 'salamanca')",2026,69.55075980000001,244.578796,314.12955580000005
Barcelona,Segovia,07_37_R1,661.948,7.5221,0.0,rapida_demo,DATOS SINTÉTICOS DE DEMOSTRACIÓN,DEMO: generado localmente,2026-10-08,"('barcelona', 'segovia')",2026,56.0008008,196.928578,252.9293788
Barcelona,Sevilla,07_38_R1,1037.953,11.7949,0.0,rapida_demo,DATOS SINTÉTICOS DE DEMOSTRACIÓN,DEMO: generado localmente,2026-10-08,"('barcelona', 'sevilla')",2026,87.81082380000001,308.790482,396.6013058
Barcelona,Soria,07_39_R1,485.471,5.5167,0.0,rapida_demo,DATOS SINTÉTICOS DE DEMOSTRACIÓN,DEMO: generado localmente,2026-10-08,"('barcelona', 'soria')",2026,41.0708466,144.427206,185.49805260000002
Barcelona,Tarragona,07_40_R1,103.267,1.1735,0.0,rapida_demo,DATOS SINTÉTICOS DE DEMOSTRACIÓN,DEMO: generado localmente,2026-10-08,"('barcelona', 'tarragona')",2026,8.7363882,30.72223,39.458618200000004
Barcelona,Teruel,07_41_R1,374.293,4.2533,0.0,rapida_demo,DATOS SINTÉTICOS DE DEMOSTRACIÓN,DEMO: generado localmente,2026-10-08,"('barcelona', 'teruel')",2026,31.665187800000005,111.35139400000001,143.0165818
Barcelona,Toledo,07_42_R1,687.726,7.8151,0.0,rapida_demo,DATOS SINTÉTICOS DE DEMOSTRACIÓN,DEMO: generado localmente,2026-10-08,"('barcelona', 'toledo')",2026,58.181619600000005,204.599318,262.7809376
Barcelona,Valencia,07_43_R1,379.081,4.3077,0.0,rapida_demo,DATOS SINTÉTICOS DE DEMOSTRACIÓN,DEMO: generado localmente,2026-10-08,"('barcelona', 'valencia')",2026,32.0702526,112.77558599999999,144.84583859999998
Barcelona,Valladolid,07_44_R1,719.523,8.1764,0.0,rapida_demo,DATOS SINTÉTICOS DE DEMOSTRACIÓN,DEMO: generado localmente,2026-10-08,"('barcelona', 'valladolid')",2026,60.87164580000001,214.05815199999998,274.92979779999996
Barcelona,Zamora,07_45_R1,825.545,9.3812,0.0,rapida_demo,DATOS SINTÉTICOS DE DEMOSTRACIÓN,DEMO: generado localmente,2026-10-08,"('barcelona', 'zamora')",2026,69.84110700000001,245.599816,315.440923
Barcelona,Zaragoza,07_46_R1,320.16,3.6382,0.0,rapida_demo,DATOS SINTÉTICOS DE DEMOSTRACIÓN,DEMO: generado localmente,2026-10-08,"('barcelona', 'zaragoza')",2026,27.085536000000005,95.248076,122.333612
Bilbao,Burgos,08_09_R1,150.954,1.7154,0.0,rapida_demo,DATOS SINTÉTICOS DE DEMOSTRACIÓN,DEMO: generado localmente,2026-10-08,"('bilbao', 'burgos')",2026,12.770708400000002,44.909172,57.6798804
Bilbao,Cáceres,08_10_R1,637.708,7.2467,0.0,rapida_demo,DATOS SINTÉTICOS DE DEMOSTRACIÓN,DEMO: generado localmente,2026-10-08,"('bilbao', 'cáceres')",2026,53.950096800000004,189.718606,243.6687028
Bilbao,Cádiz,08_11_R1,1002.424,11.3912,0.0,rapida_demo,DATOS SINTÉTICOS DE DEMOSTRACIÓN,DEMO: generado localmente,2026-10-08,"('bilbao', 'cádiz')",2026,84.8050704,298.221616,383.0266864
Bilbao,Santander,08_12_R1,93.721,1.065,0.0,rapida_demo,DATOS SINTÉTICOS DE DEMOSTRACIÓN,DEMO: generado localmente,2026-10-08,"('bilbao', 'santander')",2026,7.928796600000001,27.8817,35.8104966
Bilbao,Castelló de la Plana/Castellón de la Plana,08_13_R1,545.352,6.1972,0.0,rapida_demo,DATOS SINTÉTICOS DE DEMOSTRACIÓN,DEMO: generado localmente,2026-10-08,"('bilbao', 'castelló de la plana/castellón de la plana')",2026,46.1367792,162.242696,208.3794752
Bilbao,Ciudad Real,08_14_R1,604.021,6.8639,0.0,rapida_demo,DATOS SINTÉTICOS DE DEMOSTRACIÓN,DEMO: generado localmente,2026-10-08,"('bilbao', 'ciudad real')",2026,51.100176600000005,179.696902,230.7970786
Bilbao,Córdoba,08_15_R1,772.755,8.7813,0.0,rapida_demo,DATOS SINTÉTICOS DE DEMOSTRACIÓN,DEMO: generado localmente,2026-10-08,"('bilbao', 'córdoba')",2026,65.375073,229.894434,295.269507
Bilbao,A Coruña,08_16_R1,553.501,6.2898,0.0,rapida_demo,DATOS SINTÉTICOS DE DEMOSTRACIÓN,DEMO: generado localmente,2026-10-08,"('a coruña', 'bilbao')",2026,46.826184600000005,164.66696399999998,211.49314859999998
Bilbao,Cuenca,08_17_R1,450.473,5.119,0.0,rapida_demo,DATOS SINTÉTICOS DE DEMOSTRACIÓN,DEMO: generado localmente,2026-10-08,"('bilbao', 'cuenca')",2026,38.110015800000006,134.01542,172.12543580000002
Bilbao,Donostia/San Sebastián,08_18_R1,95.202,1.0818,0.0,rapida_demo,DATOS SINTÉTICOS DE DEMOSTRACIÓN,DEMO: generado localmente,2026-10-08,"('bilbao', 'donostia/san sebastián')",2026,8.0540892,28.321524000000004,36.375613200000004
Bilbao,Girona,08_19_R1,614.123,6.9787,0.0,rapida_demo,DATOS SINTÉTICOS DE DEMOSTRACIÓN,DEMO: generado localmente,2026-10-08,"('bilbao', 'girona')",2026,51.95480580000001,182.70236599999998,234.6571718
Bilbao,Granada,08_20_R1,849.481,9.6532,0.0,rapida_demo,DATOS SINTÉTICOS DE DEMOSTRACIÓN,DEMO: generado localmente,2026-10-08,"('bilbao', 'granada')",2026,71.8660926,252.720776,324.5868686
Bilbao,Guadalajara,08_21_R1,366.506,4.1648,0.0,rapida_demo,DATOS SINTÉTICOS DE DEMOSTRACIÓN,DEMO: generado localmente,2026-10-08,"('bilbao', 'guadalajara')",2026,31.0064076,109.03446399999999,140.04087159999997
Bilbao,Huelva,08_22_R1,937.594,10.6545,0.0,rapida_demo,DATOS SINTÉTICOS DE DEMOSTRACIÓN,DEMO: generado localmente,2026-10-08,"('bilbao', 'huelva')",2026,79.32045240000001,278.93481,358.25526240000005
Bilbao,Huesca,08_23_R1,300.569,3.4156,0.0,rapida_demo,DATOS SINTÉTICOS DE DEMOSTRACIÓN,DEMO: generado localmente,2026-10-08,"('bilbao', 'huesca')",2026,25.428137400000004,89.420408,114.8485454
Bilbao,Jaén,08_24_R1,769.878,8.7486,0.0,rapida_demo,DATOS SINTÉTICOS DE DEMOSTRACIÓN,DEMO: generado localmente,2026-10-08,"('bilbao', 'jaén')",2026,65.1316788,229.03834799999998,294.17002679999996
Bilbao,Logroño,08_25_R1,121.386,1.3794,0.0,rapida_demo,DATOS SINTÉTICOS DE DEMOSTRACIÓN,DEMO: generado localmente,2026-10-08,"('bilbao', 'logroño')",2026,10.269255600000001,36.112691999999996,46.3819476
Bilbao,León,08_26_R1,285.215,3.2411,0.0,rapida_demo,DATOS SINTÉTICOS DE DEMOSTRACIÓN,DEMO: generado localmente,2026-10-08,"('bilbao', 'león')",2026,24.129189,84.851998,108.98118699999999
Bilbao,Lleida,08_27_R1,430.268,4.8894,0.0,rapida_demo,DATOS SINTÉTICOS DE DEMOSTRACIÓN,DEMO: generado localmente,2026-10-08,"('bilbao', 'lleida')",2026,36.4006728,128.004492,164.4051648
Bilbao,Lugo,08_28_R1,471.09,5.3533,0.0,rapida_demo,DATOS SINTÉTICOS DE DEMOSTRACIÓN,DEMO: generado localmente,2026-10-08,"('bilbao', 'lugo')",2026,39.854214,140.149394,180.00360799999999
Bilbao,Madrid,08_29_R1,403.386,4.5839,0.0,rapida_demo,DATOS SINTÉTICOS DE DEMOSTRACIÓN,DEMO: generado localmente,2026-10-08,"('bilbao', 'madrid')",2026,34.12645560000001,120.006502,154.1329576
Bilbao,Málaga,08_30_R1,923.285,10.4919,0.0,rapida_demo,DATOS SINTÉTICOS DE DEMOSTRACIÓN,DEMO: generado localmente,2026-10-08,"('bilbao', 'málaga')",2026,78.10991100000001,274.677942,352.787853
Bilbao,Murcia,08_31_R1,757.926,8.6128,0.0,rapida_demo,DATOS SINTÉTICOS DE DEMOSTRACIÓN,DEMO: generado localmente,2026-10-08,"('bilbao', 'murcia')",2026,64.12053960000001,225.483104,289.6036436
Bilbao,Pamplona/Iruña,08_32_R1,143.94,1.6357,0.0,rapida_demo,DATOS SINTÉTICOS DE DEMOSTRACIÓN,DEMO: generado localmente,2026-10-08,"('bilbao', 'pamplona/iruña')",2026,12.177324,42.822626,54.99995
Bilbao,Ourense,08_33_R1,520.023,5.9094,0.0,rapida_demo,DATOS SINTÉTICOS DE DEMOSTRACIÓN,DEMO: generado localmente,2026-10-08,"('bilbao', 'ourense')",2026,43.993945800000006,154.708092,198.7020378
Bilbao,Palencia,08_34_R1,239.605,2.7228,0.0,rapida_demo,DATOS SINTÉTICOS DE DEMOSTRACIÓN,DEMO: generado localmente,2026-10-08,"('bilbao', 'palencia')",2026,20.270583000000002,71.282904,91.553487
Bilbao,Pontevedra,08_35_R1,594.472,6.7554,0.0,rapida_demo,DATOS SINTÉTICOS DE DEMOSTRACIÓN,DEMO: generado localmente,2026-10-08,"('bilbao', 'pontevedra')",2026,50.29233120000001,176.856372,227.1487032
Bilbao,Salamanca,08_36_R1,426.453,4.8461,0.0,rapida_demo,DATOS SINTÉTICOS DE DEMOSTRACIÓN,DEMO: generado localmente,2026-10-08,"('bilbao', 'salamanca')",2026,36.0779238,126.870898,162.9488218
Bilbao,Segovia,08_37_R1,344.587,3.9158,0.0,rapida_demo,DATOS SINTÉTICOS DE DEMOSTRACIÓN,DEMO: generado localmente,2026-10-08,"('bilbao', 'segovia')",2026,29.1520602,102.515644,131.6677042
Bilbao,Sevilla,08_38_R1,878.943,9.988,0.0,rapida_demo,DATOS SINTÉTICOS DE DEMOSTRACIÓN,DEMO: generado localmente,2026-10-08,"('bilbao', 'sevilla')",2026,74.3585778,261.48584,335.8444178
Bilbao,Soria,08_39_R1,213.897,2.4306,0.0,rapida_demo,DATOS SINTÉTICOS DE DEMOSTRACIÓN,DEMO: generado localmente,2026-10-08,"('bilbao', 'soria')",2026,18.0956862,63.633108,81.7287942
Bilbao,Tarragona,08_40_R1,523.461,5.9484,0.0,rapida_demo,DATOS SINTÉTICOS DE DEMOSTRACIÓN,DEMO: generado localmente,2026-10-08,"('bilbao', 'tarragona')",2026,44.284800600000004,155.72911200000001,200.01391260000003
Bilbao,Teruel,08_41_R1,447.384,5.0839,0.0,rapida_demo,DATOS SINTÉTICOS DE DEMOSTRACIÓN,DEMO: generado localmente,2026-10-08,"('bilbao', 'teruel')",2026,37.848686400000005,133.096502,170.9451884
Bilbao,Toledo,08_42_R1,487.304,5.5375,0.0,rapida_demo,DATOS SINTÉTICOS DE DEMOSTRACIÓN,DEMO: generado localmente,2026-10-08,"('bilbao', 'toledo')",2026,41.225918400000005,144.97175,186.1976684
Bilbao,Valencia,08_43_R1,590.409,6.7092,0.0,rapida_demo,DATOS SINTÉTICOS DE DEMOSTRACIÓN,DEMO: generado localmente,2026-10-08,"('bilbao', 'valencia')",2026,49.9486014,175.64685599999999,225.5954574
Bilbao,Valladolid,08_44_R1,290.59,3.3022,0.0,rapida_demo,DATOS SINTÉTICOS DE DEMOSTRACIÓN,DEMO: generado localmente,2026-10-08,"('bilbao', 'valladolid')",2026,24.583914,86.451596,111.03550999999999
Bilbao,Zamora,08_45_R1,379.298,4.3102,0.0,rapida_demo,DATOS SINTÉTICOS DE DEMOSTRACIÓN,DEMO: generado localmente,2026-10-08,"('bilbao', 'zamora')",2026,32.088610800000005,112.841036,144.9296468
Bilbao,Zaragoza,08_46_R1,306.535,3.4834,0.0,rapida_demo,DATOS SINTÉTICOS DE DEMOSTRACIÓN,DEMO: generado localmente,2026-10-08,"('bilbao', 'zaragoza')",2026,25.932861000000006,91.195412,117.12827300000001
Burgos,Cáceres,09_10_R1,487.117,5.5354,0.0,rapida_demo,DATOS SINTÉTICOS DE DEMOSTRACIÓN,DEMO: generado localmente,2026-10-08,"('burgos', 'cáceres')",2026,41.210098200000004,144.916772,186.1268702
Burgos,Cádiz,09_11_R1,854.114,9.7058,0.0,rapida_demo,DATOS SINTÉTICOS DE DEMOSTRACIÓN,DEMO: generado localmente,2026-10-08,"('burgos', 'cádiz')",2026,72.25804440000002,254.097844,326.3558884
Burgos,Santander,09_12_R1,156.303,1.7762,0.0,rapida_demo,DATOS SINTÉTICOS DE DEMOSTRACIÓN,DEMO: generado localmente,2026-10-08,"('burgos', 'santander')",2026,13.223233800000001,46.500916,59.7241498
Burgos,Castelló de la Plana/Castellón de la Plana,09_13_R1,504.018,5.7275,0.0,rapida_demo,DATOS SINTÉTICOS DE DEMOSTRACIÓN,DEMO: generado localmente,2026-10-08,"('burgos', 'castelló de la plana/castellón de la plana')",2026,42.6399228,149.94595,192.5858728
Burgos,Ciudad Real,09_14_R1,467.028,5.3071,0.0,rapida_demo,DATOS SINTÉTICOS DE DEMOSTRACIÓN,DEMO: generado localmente,2026-10-08,"('burgos', 'ciudad real')",2026,39.51056880000001,138.939878,178.4504468
Burgos,Córdoba,09_15_R1,629.691,7.1556,0.0,rapida_demo,DATOS SINTÉTICOS DE DEMOSTRACIÓN,DEMO: generado localmente,2026-10-08,"('burgos', 'córdoba')",2026,53.27185860000001,187.333608,240.6054666
Burgos,A Coruña,09_16_R1,499.166,5.6723,0.0,rapida_demo,DATOS SINTÉTICOS DE DEMOSTRACIÓN,DEMO: generado localmente,2026-10-08,"('a coruña', 'burgos')",2026,42.2294436,148.500814,190.7302576
Burgos,Cuenca,09_17_R1,354.859,4.0325,0.0,rapida_demo,DATOS SINTÉTICOS DE DEMOSTRACIÓN,DEMO: generado localmente,2026-10-08,"('burgos', 'cuenca')",2026,30.0210714,105.57085,135.5919214
Burgos,Donostia/San Sebastián,09_18_R1,221.806,2.5205,0.0,rapida_demo,DATOS SINTÉTICOS DE DEMOSTRACIÓN,DEMO: generado localmente,2026-10-08,"('burgos', 'donostia/san sebastián')",2026,18.764787600000002,65.98669000000001,84.75147760000002
Burgos,Girona,09_19_R1,674.135,7.6606,0.0,rapida_demo,DATOS SINTÉTICOS DE DEMOSTRACIÓN,DEMO: generado localmente,2026-10-08,"('burgos', 'girona')",2026,57.03182100000001,200.554508,257.586329
Burgos,Granada,09_20_R1,718.167,8.161,0.0,rapida_demo,DATOS SINTÉTICOS DE DEMOSTRACIÓN,DEMO: generado localmente,2026-10-08,"('burgos', 'granada')",2026,60.75692820000001,213.65498,274.4119082
Burgos,Guadalajara,09_21_R1,243.703,2.7694,0.0,rapida_demo,DATOS SINTÉTICOS DE DEMOSTRACIÓN,DEMO: generado localmente,2026-10-08,"('burgos', 'guadalajara')",2026,20.617273800000003,72.502892,93.12016580000001
Burgos,Huelva,09_22_R1,786.994,8.9431,0.0,rapida_demo,DATOS SINTÉTICOS DE DEMOSTRACIÓN,DEMO: generado localmente,2026-10-08,"('burgos', 'huelva')",2026,66.57969240000001,234.13035799999997,300.7100504
Burgos,Huesca,09_23_R1,339.985,3.8635,0.0,rapida_demo,DATOS SINTÉTICOS DE DEMOSTRACIÓN,DEMO: generado localmente,2026-10-08,"('burgos', 'huesca')",2026,28.762731000000006,101.14643000000001,129.909161
Burgos,Jaén,09_24_R1,636.106,7.2285,0.0,rapida_demo,DATOS SINTÉTICOS DE DEMOSTRACIÓN,DEMO: generado localmente,2026-10-08,"('burgos', 'jaén')",2026,53.814567600000004,189.24213,243.0566976
Burgos,Logroño,09_25_R1,130.807,1.4864,0.0,rapida_demo,DATOS SINTÉTICOS DE DEMOSTRACIÓN,DEMO: generado localmente,2026-10-08,"('burgos', 'logroño')",2026,11.0662722,38.913951999999995,49.980224199999995
Burgos,León,09_26_R1,195.23,2.2185,0.0,rapida_demo,DATOS SINTÉTICOS DE DEMOSTRACIÓN,DEMO: generado localmente,2026-10-08,"('burgos', 'león')",2026,16.516458,58.080330000000004,74.596788
Burgos,Lleida,09_27_R1,458.482,5.21,0.0,rapida_demo,DATOS SINTÉTICOS DE DEMOSTRACIÓN,DEMO: generado localmente,2026-10-08,"('burgos', 'lleida')",2026,38.78757720000001,136.3978,175.1853772
Burgos,Lugo,09_28_R1,404.584,4.5975,0.0,rapida_demo,DATOS SINTÉTICOS DE DEMOSTRACIÓN,DEMO: generado localmente,2026-10-08,"('burgos', 'lugo')",2026,34.227806400000006,120.36255,154.59035640000002
Burgos,Madrid,09_29_R1,267.087,3.0351,0.0,rapida_demo,DATOS SINTÉTICOS DE DEMOSTRACIÓN,DEMO: generado localmente,2026-10-08,"('burgos', 'madrid')",2026,22.5955602,79.458918,102.0544782
Burgos,Málaga,09_30_R1,784.909,8.9194,0.0,rapida_demo,DATOS SINTÉTICOS DE DEMOSTRACIÓN,DEMO: generado localmente,2026-10-08,"('burgos', 'málaga')",2026,66.4033014,233.50989199999998,299.91319339999995
Burgos,Murcia,09_31_R1,664.295,7.5488,0.0,rapida_demo,DATOS SINTÉTICOS DE DEMOSTRACIÓN,DEMO: generado localmente,2026-10-08,"('burgos', 'murcia')",2026,56.199357,197.62758399999998,253.82694099999998
Burgos,Pamplona/Iruña,09_32_R1,220.829,2.5094,0.0,rapida_demo,DATOS SINTÉTICOS DE DEMOSTRACIÓN,DEMO: generado localmente,2026-10-08,"('burgos', 'pamplona/iruña')",2026,18.6821334,65.696092,84.37822539999999
Burgos,Ourense,09_33_R1,427.535,4.8583,0.0,rapida_demo,DATOS SINTÉTICOS DE DEMOSTRACIÓN,DEMO: generado localmente,2026-10-08,"('burgos', 'ourense')",2026,36.169461000000005,127.190294,163.359755
Burgos,Palencia,09_34_R1,97.043,1.1028,0.0,rapida_demo,DATOS SINTÉTICOS DE DEMOSTRACIÓN,DEMO: generado localmente,2026-10-08,"('burgos', 'palencia')",2026,8.2098378,28.871304,37.0811418
Burgos,Pontevedra,09_35_R1,507.723,5.7696,0.0,rapida_demo,DATOS SINTÉTICOS DE DEMOSTRACIÓN,DEMO: generado localmente,2026-10-08,"('burgos', 'pontevedra')",2026,42.95336580000001,151.048128,194.0014938
Burgos,Salamanca,09_36_R1,279.314,3.174,0.0,rapida_demo,DATOS SINTÉTICOS DE DEMOSTRACIÓN,DEMO: generado localmente,2026-10-08,"('burgos', 'salamanca')",2026,23.629964400000006,83.09532,106.7252844
Burgos,Segovia,09_37_R1,198.114,2.2513,0.0,rapida_demo,DATOS SINTÉTICOS DE DEMOSTRACIÓN,DEMO: generado localmente,2026-10-08,"('burgos', 'segovia')",2026,16.7604444,58.939034,75.6994784
Burgos,Sevilla,09_38_R1,730.364,8.2996,0.0,rapida_demo,DATOS SINTÉTICOS DE DEMOSTRACIÓN,DEMO: generado localmente,2026-10-08,"('burgos', 'sevilla')",2026,61.78879440000001,217.283528,279.0723224
Burgos,Soria,09_39_R1,150.904,1.7148,0.0,rapida_demo,DATOS SINTÉTICOS DE DEMOSTRACIÓN,DEMO: generado localmente,2026-10-08,"('burgos', 'soria')",2026,12.7664784,44.893464,57.659942400000006
Burgos,Tarragona,09_40_R1,541.407,6.1524,0.0,rapida_demo,DATOS SINTÉTICOS DE DEMOSTRACIÓN,DEMO: generado localmente,2026-10-08,"('burgos', 'tarragona')",2026,45.80303220000001,161.069832,206.8728642
Burgos,Teruel,09_41_R1,387.687,4.4055,0.0,rapida_demo,DATOS SINTÉTICOS DE DEMOSTRACIÓN,DEMO: generado localmente,2026-10-08,"('burgos', 'teruel')",2026,32.798320200000006,115.33599,148.13431020000002
Burgos,Toledo,09_42_R1,346.927,3.9424,0.0,rapida_demo,DATOS SINTÉTICOS DE DEMOSTRACIÓN,DEMO: generado localmente,2026-10-08,"('burgos', 'toledo')",2026,29.350024200000004,103.21203200000001,132.5620562
Burgos,Valencia,09_43_R1,530.187,6.0249,0.0,rapida_demo,DATOS SINTÉTICOS DE DEMOSTRACIÓN,DEMO: generado localmente,2026-10-08,"('burgos', 'valencia')",2026,44.85382020000001,157.73188199999998,202.5857022
Burgos,Valladolid,09_44_R1,142.792,1.6226,0.0,rapida_demo,DATOS SINTÉTICOS DE DEMOSTRACIÓN,DEMO: generado localmente,2026-10-08,"('burgos', 'valladolid')",2026,12.080203200000001,42.479668000000004,54.5598712
Burgos,Zamora,09_45_R1,241.331,2.7424,0.0,rapida_demo,DATOS SINTÉTICOS DE DEMOSTRACIÓN,DEMO: generado localmente,2026-10-08,"('burgos', 'zamora')",2026,20.4166026,71.796032,92.2126346
Burgos,Zaragoza,09_46_R1,306.889,3.4874,0.0,rapida_demo,DATOS SINTÉTICOS DE DEMOSTRACIÓN,DEMO: generado localmente,2026-10-08,"('burgos', 'zaragoza')",2026,25.962809400000005,91.300132,117.26294140000002
Cáceres,Cádiz,10_11_R1,409.416,4.6525,0.0,rapida_demo,DATOS SINTÉTICOS DE DEMOSTRACIÓN,DEMO: generado localmente,2026-10-08,"('cáceres', 'cádiz')",2026,34.636593600000005,121.80245,156.4390436
Cáceres,Santander,10_12_R1,615.078,6.9895,0.0,rapida_demo,DATOS SINTÉTICOS DE DEMOSTRACIÓN,DEMO: generado localmente,2026-10-08,"('cáceres', 'santander')",2026,52.0355988,182.98511,235.0207088
Cáceres,Castelló de la Plana/Castellón de la Plana,10_13_R1,680.647,7.7346,0.0,rapida_demo,DATOS SINTÉTICOS DE DEMOSTRACIÓN,DEMO: generado localmente,2026-10-08,"('castelló de la plana/castellón de la plana', 'cáceres')",2026,57.58273620000001,202.491828,260.0745642
Cáceres,Ciudad Real,10_14_R1,271.718,3.0877,0.0,rapida_demo,DATOS SINTÉTICOS DE DEMOSTRACIÓN,DEMO: generado localmente,2026-10-08,"('ciudad real', 'cáceres')",2026,22.987342800000004,80.83598599999999,103.8233288
Cáceres,Córdoba,10_15_R1,280.654,3.1893,0.0,rapida_demo,DATOS SINTÉTICOS DE DEMOSTRACIÓN,DEMO: generado localmente,2026-10-08,"('cáceres', 'córdoba')",2026,23.743328400000003,83.495874,107.23920240000001
Cáceres,A Coruña,10_16_R1,581.232,6.6049,0.0,rapida_demo,DATOS SINTÉTICOS DE DEMOSTRACIÓN,DEMO: generado localmente,2026-10-08,"('a coruña', 'cáceres')",2026,49.1722272,172.916282,222.0885092
Cáceres,Cuenca,10_17_R1,460.767,5.236,0.0,rapida_demo,DATOS SINTÉTICOS DE DEMOSTRACIÓN,DEMO: generado localmente,2026-10-08,"('cuenca', 'cáceres')",2026,38.9808882,137.07847999999998,176.0593682
Cáceres,Donostia/San Sebastián,10_18_R1,703.381,7.993,0.0,rapida_demo,DATOS SINTÉTICOS DE DEMOSTRACIÓN,DEMO: generado localmente,2026-10-08,"('cáceres', 'donostia/san sebastián')",2026,59.506032600000005,209.25674,268.7627726
Cáceres,Girona,10_19_R1,1028.873,11.6917,0.0,rapida_demo,DATOS SINTÉTICOS DE DEMOSTRACIÓN,DEMO: generado localmente,2026-10-08,"('cáceres', 'girona')",2026,87.0426558,306.088706,393.13136180000004
Cáceres,Granada,10_20_R1,440.019,5.0002,0.0,rapida_demo,DATOS SINTÉTICOS DE DEMOSTRACIÓN,DEMO: generado localmente,2026-10-08,"('cáceres', 'granada')",2026,37.2256074,130.905236,168.1308434
Cáceres,Guadalajara,10_21_R1,377.04,4.2845,0.0,rapida_demo,DATOS SINTÉTICOS DE DEMOSTRACIÓN,DEMO: generado localmente,2026-10-08,"('cáceres', 'guadalajara')",2026,31.897584000000005,112.16821000000002,144.065794
Cáceres,Huelva,10_22_R1,314.646,3.5755,0.0,rapida_demo,DATOS SINTÉTICOS DE DEMOSTRACIÓN,DEMO: generado localmente,2026-10-08,"('cáceres', 'huelva')",2026,26.619051600000002,93.60659,120.2256416
Cáceres,Huesca,10_23_R1,728.338,8.2766,0.0,rapida_demo,DATOS SINTÉTICOS DE DEMOSTRACIÓN,DEMO: generado localmente,2026-10-08,"('cáceres', 'huesca')",2026,61.61739480000001,216.681388,278.2987828
Cáceres,Jaén,10_24_R1,367.457,4.1757,0.0,rapida_demo,DATOS SINTÉTICOS DE DEMOSTRACIÓN,DEMO: generado localmente,2026-10-08,"('cáceres', 'jaén')",2026,31.086862200000002,109.31982599999999,140.4066882
Cáceres,Logroño,10_25_R1,585.76,6.6564,0.0,rapida_demo,DATOS SINTÉTICOS DE DEMOSTRACIÓN,DEMO: generado localmente,2026-10-08,"('cáceres', 'logroño')",2026,49.555296000000006,174.26455199999998,223.81984799999998
Cáceres,León,10_26_R1,442.068,5.0235,0.0,rapida_demo,DATOS SINTÉTICOS DE DEMOSTRACIÓN,DEMO: generado localmente,2026-10-08,"('cáceres', 'león')",2026,37.3989528,131.51523,168.9141828
Cáceres,Lleida,10_27_R1,796.502,9.0512,0.0,rapida_demo,DATOS SINTÉTICOS DE DEMOSTRACIÓN,DEMO: generado localmente,2026-10-08,"('cáceres', 'lleida')",2026,67.3840692,236.96041599999998,304.3444852
Cáceres,Lugo,10_28_R1,506.733,5.7583,0.0,rapida_demo,DATOS SINTÉTICOS DE DEMOSTRACIÓN,DEMO: generado localmente,2026-10-08,"('cáceres', 'lugo')",2026,42.8696118,150.752294,193.6219058
Cáceres,Madrid,10_29_R1,314.275,3.5713,0.0,rapida_demo,DATOS SINTÉTICOS DE DEMOSTRACIÓN,DEMO: generado localmente,2026-10-08,"('cáceres', 'madrid')",2026,26.587665,93.496634,120.084299
Cáceres,Málaga,10_30_R1,438.569,4.9837,0.0,rapida_demo,DATOS SINTÉTICOS DE DEMOSTRACIÓN,DEMO: generado localmente,2026-10-08,"('cáceres', 'málaga')",2026,37.1029374,130.473266,167.5762034
Cáceres,Murcia,10_31_R1,604.845,6.8732,0.0,rapida_demo,DATOS SINTÉTICOS DE DEMOSTRACIÓN,DEMO: generado localmente,2026-10-08,"('cáceres', 'murcia')",2026,51.16988700000001,179.940376,231.110263
Cáceres,Pamplona/Iruña,10_32_R1,678.663,7.7121,0.0,rapida_demo,DATOS SINTÉTICOS DE DEMOSTRACIÓN,DEMO: generado localmente,2026-10-08,"('cáceres', 'pamplona/iruña')",2026,57.414889800000005,201.902778,259.31766780000004
Cáceres,Ourense,10_33_R1,427.417,4.857,0.0,rapida_demo,DATOS SINTÉTICOS DE DEMOSTRACIÓN,DEMO: generado localmente,2026-10-08,"('cáceres', 'ourense')",2026,36.1594782,127.15626,163.3157382
Cáceres,Palencia,10_34_R1,402.235,4.5709,0.0,rapida_demo,DATOS SINTÉTICOS DE DEMOSTRACIÓN,DEMO: generado localmente,2026-10-08,"('cáceres', 'palencia')",2026,34.029081000000005,119.666162,153.695243
Cáceres,Pontevedra,10_35_R1,475.362,5.4018,0.0,rapida_demo,DATOS SINTÉTICOS DE DEMOSTRACIÓN,DEMO: generado localmente,2026-10-08,"('cáceres', 'pontevedra')",2026,40.215625200000005,141.41912399999998,181.6347492
Cáceres,Salamanca,10_36_R1,220.446,2.5051,0.0,rapida_demo,DATOS SINTÉTICOS DE DEMOSTRACIÓN,DEMO: generado localmente,2026-10-08,"('cáceres', 'salamanca')",2026,18.649731600000003,65.583518,84.2332496
Cáceres,Segovia,10_37_R1,314.633,3.5754,0.0,rapida_demo,DATOS SINTÉTICOS DE DEMOSTRACIÓN,DEMO: generado localmente,2026-10-08,"('cáceres', 'segovia')",2026,26.6179518,93.603972,120.2219238
Cáceres,Sevilla,10_38_R1,292.819,3.3275,0.0,rapida_demo,DATOS SINTÉTICOS DE DEMOSTRACIÓN,DEMO: generado localmente,2026-10-08,"('cáceres', 'sevilla')",2026,24.772487400000003,87.11395,111.8864374
Cáceres,Soria,10_39_R1,520.636,5.9163,0.0,rapida_demo,DATOS SINTÉTICOS DE DEMOSTRACIÓN,DEMO: generado localmente,2026-10-08,"('cáceres', 'soria')",2026,44.0458056,154.888734,198.9345396
Cáceres,Tarragona,10_40_R1,839.759,9.5427,0.0,rapida_demo,DATOS SINTÉTICOS DE DEMOSTRACIÓN,DEMO: generado localmente,2026-10-08,"('cáceres', 'tarragona')",2026,71.0436114,249.827886,320.8714974
Cáceres,Teruel,10_41_R1,573.969,6.5224,0.0,rapida_demo,DATOS SINTÉTICOS DE DEMOSTRACIÓN,DEMO: generado localmente,2026-10-08,"('cáceres', 'teruel')",2026,48.557777400000006,170.756432,219.31420939999998
Cáceres,Toledo,10_42_R1,256.614,2.9161,0.0,rapida_demo,DATOS SINTÉTICOS DE DEMOSTRACIÓN,DEMO: generado localmente,2026-10-08,"('cáceres', 'toledo')",2026,21.7095444,76.343498,98.0530424
Cáceres,Valencia,10_43_R1,643.049,7.3074,0.0,rapida_demo,DATOS SINTÉTICOS DE DEMOSTRACIÓN,DEMO: generado localmente,2026-10-08,"('cáceres', 'valencia')",2026,54.4019454,191.30773200000002,245.70967740000003
Cáceres,Valladolid,10_44_R1,348.907,3.9649,0.0,rapida_demo,DATOS SINTÉTICOS DE DEMOSTRACIÓN,DEMO: generado localmente,2026-10-08,"('cáceres', 'valladolid')",2026,29.5175322,103.80108200000001,133.3186142
Cáceres,Zamora,10_45_R1,289.7,3.292,0.0,rapida_demo,DATOS SINTÉTICOS DE DEMOSTRACIÓN,DEMO: generado localmente,2026-10-08,"('cáceres', 'zamora')",2026,24.50862,86.18455999999999,110.69317999999998
Cáceres,Zaragoza,10_46_R1,654.447,7.4369,0.0,rapida_demo,DATOS SINTÉTICOS DE DEMOSTRACIÓN,DEMO: generado localmente,2026-10-08,"('cáceres', 'zaragoza')",2026,55.366216200000004,194.698042,250.06425819999998
Cádiz,Santander,11_12_R1,999.086,11.3532,0.0,rapida_demo,DATOS SINTÉTICOS DE DEMOSTRACIÓN,DEMO: generado localmente,2026-10-08,"('cádiz', 'santander')",2026,84.52267560000001,297.226776,381.7494516
Cádiz,Castelló de la Plana/Castellón de la Plana,11_13_R1,834.446,9.4823,0.0,rapida_demo,DATOS SINTÉTICOS DE DEMOSTRACIÓN,DEMO: generado localmente,2026-10-08,"('castelló de la plana/castellón de la plana', 'cádiz')",2026,70.59413160000001,248.246614,318.8407456
Cádiz,Ciudad Real,11_14_R1,428.89,4.8737,0.0,rapida_demo,DATOS SINTÉTICOS DE DEMOSTRACIÓN,DEMO: generado localmente,2026-10-08,"('ciudad real', 'cádiz')",2026,36.284094,127.593466,163.87756000000002
Cádiz,Córdoba,11_15_R1,252.368,2.8678,0.0,rapida_demo,DATOS SINTÉTICOS DE DEMOSTRACIÓN,DEMO: generado localmente,2026-10-08,"('cádiz', 'córdoba')",2026,21.3503328,75.079004,96.4293368
Cádiz,A Coruña,11_16_R1,976.925,11.1014,0.0,rapida_demo,DATOS SINTÉTICOS DE DEMOSTRACIÓN,DEMO: generado localmente,2026-10-08,"('a coruña', 'cádiz')",2026,82.647855,290.634652,373.282507
Cádiz,Cuenca,11_17_R1,670.207,7.616,0.0,rapida_demo,DATOS SINTÉTICOS DE DEMOSTRACIÓN,DEMO: generado localmente,2026-10-08,"('cuenca', 'cádiz')",2026,56.69951220000001,199.38688,256.0863922
Cádiz,Donostia/San Sebastián,11_18_R1,1049.371,11.9247,0.0,rapida_demo,DATOS SINTÉTICOS DE DEMOSTRACIÓN,DEMO: generado localmente,2026-10-08,"('cádiz', 'donostia/san sebastián')",2026,88.77678660000002,312.188646,400.96543260000004
Cádiz,Girona,11_19_R1,1238.759,14.0768,0.0,rapida_demo,DATOS SINTÉTICOS DE DEMOSTRACIÓN,DEMO: generado localmente,2026-10-08,"('cádiz', 'girona')",2026,104.79901140000001,368.530624,473.32963540000003
Cádiz,Granada,11_20_R1,312.756,3.5541,0.0,rapida_demo,DATOS SINTÉTICOS DE DEMOSTRACIÓN,DEMO: generado localmente,2026-10-08,"('cádiz', 'granada')",2026,26.4591576,93.046338,119.5054956
Cádiz,Guadalajara,11_21_R1,663.753,7.5427,0.0,rapida_demo,DATOS SINTÉTICOS DE DEMOSTRACIÓN,DEMO: generado localmente,2026-10-08,"('cádiz', 'guadalajara')",2026,56.15350380000001,197.467886,253.6213898
Cádiz,Huelva,11_22_R1,124.646,1.4164,0.0,rapida_demo,DATOS SINTÉTICOS DE DEMOSTRACIÓN,DEMO: generado localmente,2026-10-08,"('cádiz', 'huelva')",2026,10.5450516,37.081352,47.6264036
Cádiz,Huesca,11_23_R1,1003.622,11.4048,0.0,rapida_demo,DATOS SINTÉTICOS DE DEMOSTRACIÓN,DEMO: generado localmente,2026-10-08,"('cádiz', 'huesca')",2026,84.90642120000001,298.57766399999997,383.4840852
Cádiz,Jaén,11_24_R1,326.031,3.7049,0.0,rapida_demo,DATOS SINTÉTICOS DE DEMOSTRACIÓN,DEMO: generado localmente,2026-10-08,"('cádiz', 'jaén')",2026,27.582222600000005,96.994282,124.5765046
Cádiz,Logroño,11_25_R1,922.637,10.4845,0.0,rapida_demo,DATOS SINTÉTICOS DE DEMOSTRACIÓN,DEMO: generado localmente,2026-10-08,"('cádiz', 'logroño')",2026,78.05509020000001,274.48421,352.5393002
Cádiz,León,11_26_R1,846.917,9.6241,0.0,rapida_demo,DATOS SINTÉTICOS DE DEMOSTRACIÓN,DEMO: generado localmente,2026-10-08,"('cádiz', 'león')",2026,71.64917820000001,251.95893800000002,323.60811620000004
Cádiz,Lleida,11_27_R1,1027.497,11.6761,0.0,rapida_demo,DATOS SINTÉTICOS DE DEMOSTRACIÓN,DEMO: generado localmente,2026-10-08,"('cádiz', 'lleida')",2026,86.92624620000001,305.680298,392.60654420000003
Cádiz,Lugo,11_28_R1,910.751,10.3494,0.0,rapida_demo,DATOS SINTÉTICOS DE DEMOSTRACIÓN,DEMO: generado localmente,2026-10-08,"('cádiz', 'lugo')",2026,77.0495346,270.947292,347.9968266
Cádiz,Madrid,11_29_R1,610.136,6.9334,0.0,rapida_demo,DATOS SINTÉTICOS DE DEMOSTRACIÓN,DEMO: generado localmente,2026-10-08,"('cádiz', 'madrid')",2026,51.6175056,181.516412,233.13391760000002
Cádiz,Málaga,11_30_R1,211.155,2.3995,0.0,rapida_demo,DATOS SINTÉTICOS DE DEMOSTRACIÓN,DEMO: generado localmente,2026-10-08,"('cádiz', 'málaga')",2026,17.863713,62.81891,80.682623
Cádiz,Murcia,11_31_R1,605.741,6.8834,0.0,rapida_demo,DATOS SINTÉTICOS DE DEMOSTRACIÓN,DEMO: generado localmente,2026-10-08,"('cádiz', 'murcia')",2026,51.2456886,180.207412,231.4531006
Cádiz,Pamplona/Iruña,11_32_R1,1005.285,11.4237,0.0,rapida_demo,DATOS SINTÉTICOS DE DEMOSTRACIÓN,DEMO: generado localmente,2026-10-08,"('cádiz', 'pamplona/iruña')",2026,85.047111,299.072466,384.11957700000005
Cádiz,Ourense,11_33_R1,824.376,9.3679,0.0,rapida_demo,DATOS SINTÉTICOS DE DEMOSTRACIÓN,DEMO: generado localmente,2026-10-08,"('cádiz', 'ourense')",2026,69.74220960000001,245.25162200000003,314.9938316
Cádiz,Palencia,11_34_R1,785.033,8.9208,0.0,rapida_demo,DATOS SINTÉTICOS DE DEMOSTRACIÓN,DEMO: generado localmente,2026-10-08,"('cádiz', 'palencia')",2026,66.41379180000001,233.54654399999998,299.9603358
Cádiz,Pontevedra,11_35_R1,858.28,9.7532,0.0,rapida_demo,DATOS SINTÉTICOS DE DEMOSTRACIÓN,DEMO: generado localmente,2026-10-08,"('cádiz', 'pontevedra')",2026,72.610488,255.338776,327.94926399999997
Cádiz,Salamanca,11_36_R1,620.321,7.0491,0.0,rapida_demo,DATOS SINTÉTICOS DE DEMOSTRACIÓN,DEMO: generado localmente,2026-10-08,"('cádiz', 'salamanca')",2026,52.47915660000001,184.545438,237.0245946
Cádiz,Segovia,11_37_R1,657.87,7.4758,0.0,rapida_demo,DATOS SINTÉTICOS DE DEMOSTRACIÓN,DEMO: generado localmente,2026-10-08,"('cádiz', 'segovia')",2026,55.65580200000001,195.716444,251.37224600000002
Cádiz,Sevilla,11_38_R1,123.918,1.4082,0.0,rapida_demo,DATOS SINTÉTICOS DE DEMOSTRACIÓN,DEMO: generado localmente,2026-10-08,"('cádiz', 'sevilla')",2026,10.483462800000002,36.866676,47.350138799999996
Cádiz,Soria,11_39_R1,836.123,9.5014,0.0,rapida_demo,DATOS SINTÉTICOS DE DEMOSTRACIÓN,DEMO: generado localmente,2026-10-08,"('cádiz', 'soria')",2026,70.73600580000002,248.746652,319.4826578
Cádiz,Tarragona,11_40_R1,1035.914,11.7717,0.0,rapida_demo,DATOS SINTÉTICOS DE DEMOSTRACIÓN,DEMO: generado localmente,2026-10-08,"('cádiz', 'tarragona')",2026,87.6383244,308.18310599999995,395.82143039999994
Cádiz,Teruel,11_41_R1,774.117,8.7968,0.0,rapida_demo,DATOS SINTÉTICOS DE DEMOSTRACIÓN,DEMO: generado localmente,2026-10-08,"('cádiz', 'teruel')",2026,65.4902982,230.300224,295.7905222
Cádiz,Toledo,11_42_R1,524.54,5.9607,0.0,rapida_demo,DATOS SINTÉTICOS DE DEMOSTRACIÓN,DEMO: generado localmente,2026-10-08,"('cádiz', 'toledo')",2026,44.376084,156.051126,200.42721
Cádiz,Valencia,11_43_R1,765.785,8.7021,0.0,rapida_demo,DATOS SINTÉTICOS DE DEMOSTRACIÓN,DEMO: generado localmente,2026-10-08,"('cádiz', 'valencia')",2026,64.78541100000001,227.820978,292.60638900000004
Cádiz,Valladolid,11_44_R1,731.738,8.3152,0.0,rapida_demo,DATOS SINTÉTICOS DE DEMOSTRACIÓN,DEMO: generado localmente,2026-10-08,"('cádiz', 'valladolid')",2026,61.90503480000001,217.69193600000003,279.5969708
Cádiz,Zamora,11_45_R1,693.902,7.8853,0.0,rapida_demo,DATOS SINTÉTICOS DE DEMOSTRACIÓN,DEMO: generado localmente,2026-10-08,"('cádiz', 'zamora')",2026,58.70410920000001,206.437154,265.1412632
Cádiz,Zaragoza,11_46_R1,921.023,10.4662,0.0,rapida_demo,DATOS SINTÉTICOS DE DEMOSTRACIÓN,DEMO: generado localmente,2026-10-08,"('cádiz', 'zaragoza')",2026,77.9185458,274.005116,351.9236618
Santander,Castelló de la Plana/Castellón de la Plana,12_13_R1,621.621,7.0639,0.0,rapida_demo,DATOS SINTÉTICOS DE DEMOSTRACIÓN,DEMO: generado localmente,2026-10-08,"('castelló de la plana/castellón de la plana', 'santander')",2026,52.5891366,184.932902,237.52203860000003
Santander,Ciudad Real,12_14_R1,622.46,7.0734,0.0,rapida_demo,DATOS SINTÉTICOS DE DEMOSTRACIÓN,DEMO: generado localmente,2026-10-08,"('ciudad real', 'santander')",2026,52.66011600000001,185.181612,237.84172800000002
Santander,Córdoba,12_15_R1,781.834,8.8845,0.0,rapida_demo,DATOS SINTÉTICOS DE DEMOSTRACIÓN,DEMO: generado localmente,2026-10-08,"('córdoba', 'santander')",2026,66.1431564,232.59620999999999,298.7393664
Santander,A Coruña,12_16_R1,463.104,5.2626,0.0,rapida_demo,DATOS SINTÉTICOS DE DEMOSTRACIÓN,DEMO: generado localmente,2026-10-08,"('a coruña', 'santander')",2026,39.178598400000006,137.774868,176.9534664
Santander,Cuenca,12_17_R1,501.592,5.6999,0.0,rapida_demo,DATOS SINTÉTICOS DE DEMOSTRACIÓN,DEMO: generado localmente,2026-10-08,"('cuenca', 'santander')",2026,42.4346832,149.22338200000002,191.6580652
Santander,Donostia/San Sebastián,12_18_R1,185.289,2.1056,0.0,rapida_demo,DATOS SINTÉTICOS DE DEMOSTRACIÓN,DEMO: generado localmente,2026-10-08,"('donostia/san sebastián', 'santander')",2026,15.6754494,55.124607999999995,70.8000574
Santander,Girona,12_19_R1,707.766,8.0428,0.0,rapida_demo,DATOS SINTÉTICOS DE DEMOSTRACIÓN,DEMO: generado localmente,2026-10-08,"('girona', 'santander')",2026,59.8770036,210.56050399999998,270.4375076
Santander,Granada,12_20_R1,874.286,9.9351,0.0,rapida_demo,DATOS SINTÉTICOS DE DEMOSTRACIÓN,DEMO: generado localmente,2026-10-08,"('granada', 'santander')",2026,73.96459560000001,260.100918,334.0655136
Santander,Guadalajara,12_21_R1,398.727,4.531,0.0,rapida_demo,DATOS SINTÉTICOS DE DEMOSTRACIÓN,DEMO: generado localmente,2026-10-08,"('guadalajara', 'santander')",2026,33.7323042,118.62158,152.35388419999998
Santander,Huelva,12_22_R1,924.251,10.5029,0.0,rapida_demo,DATOS SINTÉTICOS DE DEMOSTRACIÓN,DEMO: generado localmente,2026-10-08,"('huelva', 'santander')",2026,78.1916346,274.965922,353.15755659999996
Santander,Huesca,12_23_R1,392.44,4.4595,0.0,rapida_demo,DATOS SINTÉTICOS DE DEMOSTRACIÓN,DEMO: generado localmente,2026-10-08,"('huesca', 'santander')",2026,33.200424000000005,116.74971000000001,149.95013400000002
Santander,Jaén,12_24_R1,791.956,8.9995,0.0,rapida_demo,DATOS SINTÉTICOS DE DEMOSTRACIÓN,DEMO: generado localmente,2026-10-08,"('jaén', 'santander')",2026,66.9994776,235.60690999999997,302.60638759999995
Santander,Logroño,12_25_R1,196.486,2.2328,0.0,rapida_demo,DATOS SINTÉTICOS DE DEMOSTRACIÓN,DEMO: generado localmente,2026-10-08,"('logroño', 'santander')",2026,16.6227156,58.454704,75.0774196
Santander,León,12_26_R1,215.81,2.4524,0.0,rapida_demo,DATOS SINTÉTICOS DE DEMOSTRACIÓN,DEMO: generado localmente,2026-10-08,"('león', 'santander')",2026,18.257526000000002,64.20383199999999,82.46135799999999
Santander,Lleida,12_27_R1,521.827,5.9299,0.0,rapida_demo,DATOS SINTÉTICOS DE DEMOSTRACIÓN,DEMO: generado localmente,2026-10-08,"('lleida', 'santander')",2026,44.14656420000001,155.244782,199.3913462
Santander,Lugo,12_28_R1,384.431,4.3685,0.0,rapida_demo,DATOS SINTÉTICOS DE DEMOSTRACIÓN,DEMO: generado localmente,2026-10-08,"('lugo', 'santander')",2026,32.5228626,114.36733,146.8901926
Santander,Madrid,12_29_R1,423.178,4.8088,0.0,rapida_demo,DATOS SINTÉTICOS DE DEMOSTRACIÓN,DEMO: generado localmente,2026-10-08,"('madrid', 'santander')",2026,35.8008588,125.89438399999999,161.6952428
Santander,Málaga,12_30_R1,939.304,10.6739,0.0,rapida_demo,DATOS SINTÉTICOS DE DEMOSTRACIÓN,DEMO: generado localmente,2026-10-08,"('málaga', 'santander')",2026,79.46511840000001,279.442702,358.9078204
Santander,Murcia,12_31_R1,812.043,9.2278,0.0,rapida_demo,DATOS SINTÉTICOS DE DEMOSTRACIÓN,DEMO: generado localmente,2026-10-08,"('murcia', 'santander')",2026,68.6988378,241.58380400000001,310.2826418
Santander,Pamplona/Iruña,12_32_R1,237.154,2.6949,0.0,rapida_demo,DATOS SINTÉTICOS DE DEMOSTRACIÓN,DEMO: generado localmente,2026-10-08,"('pamplona/iruña', 'santander')",2026,20.063228400000003,70.552482,90.6157104
Santander,Ourense,12_33_R1,441.42,5.0161,0.0,rapida_demo,DATOS SINTÉTICOS DE DEMOSTRACIÓN,DEMO: generado localmente,2026-10-08,"('ourense', 'santander')",2026,37.344132,131.321498,168.66563
Santander,Palencia,12_34_R1,214.782,2.4407,0.0,rapida_demo,DATOS SINTÉTICOS DE DEMOSTRACIÓN,DEMO: generado localmente,2026-10-08,"('palencia', 'santander')",2026,18.1705572,63.897526,82.0680832
Santander,Pontevedra,12_35_R1,512.434,5.8231,0.0,rapida_demo,DATOS SINTÉTICOS DE DEMOSTRACIÓN,DEMO: generado localmente,2026-10-08,"('pontevedra', 'santander')",2026,43.3519164,152.448758,195.8006744
Santander,Salamanca,12_36_R1,396.02,4.5002,0.0,rapida_demo,DATOS SINTÉTICOS DE DEMOSTRACIÓN,DEMO: generado localmente,2026-10-08,"('salamanca', 'santander')",2026,33.503292,117.81523600000001,151.31852800000001
Santander,Segovia,12_37_R1,350.616,3.9843,0.0,rapida_demo,DATOS SINTÉTICOS DE DEMOSTRACIÓN,DEMO: generado localmente,2026-10-08,"('santander', 'segovia')",2026,29.6621136,104.308974,133.9710876
Santander,Sevilla,12_38_R1,875.185,9.9453,0.0,rapida_demo,DATOS SINTÉTICOS DE DEMOSTRACIÓN,DEMO: generado localmente,2026-10-08,"('santander', 'sevilla')",2026,74.040651,260.367954,334.40860499999997
Santander,Soria,12_39_R1,273.381,3.1066,0.0,rapida_demo,DATOS SINTÉTICOS DE DEMOSTRACIÓN,DEMO: generado localmente,2026-10-08,"('santander', 'soria')",2026,23.1280326,81.330788,104.4588206
Santander,Tarragona,12_40_R1,614.119,6.9786,0.0,rapida_demo,DATOS SINTÉTICOS DE DEMOSTRACIÓN,DEMO: generado localmente,2026-10-08,"('santander', 'tarragona')",2026,51.954467400000006,182.699748,234.6542154
Santander,Teruel,12_41_R1,515.727,5.8605,0.0,rapida_demo,DATOS SINTÉTICOS DE DEMOSTRACIÓN,DEMO: generado localmente,2026-10-08,"('santander', 'teruel')",2026,43.630504200000004,153.42789,197.0583942
Santander,Toledo,12_42_R1,501.688,5.701,0.0,rapida_demo,DATOS SINTÉTICOS DE DEMOSTRACIÓN,DEMO: generado localmente,2026-10-08,"('santander', 'toledo')",2026,42.442804800000005,149.25217999999998,191.6949848
Santander,Valencia,12_43_R1,659.979,7.4998,0.0,rapida_demo,DATOS SINTÉTICOS DE DEMOSTRACIÓN,DEMO: generado localmente,2026-10-08,"('santander', 'valencia')",2026,55.834223400000006,196.344764,252.1789874
Santander,Valladolid,12_44_R1,268.559,3.0518,0.0,rapida_demo,DATOS SINTÉTICOS DE DEMOSTRACIÓN,DEMO: generado localmente,2026-10-08,"('santander', 'valladolid')",2026,22.720091400000005,79.896124,102.6162154
Santander,Zamora,12_45_R1,336.908,3.8285,0.0,rapida_demo,DATOS SINTÉTICOS DE DEMOSTRACIÓN,DEMO: generado localmente,2026-10-08,"('santander', 'zamora')",2026,28.502416800000002,100.23013,128.7325468
Santander,Zaragoza,12_46_R1,391.324,4.4469,0.0,rapida_demo,DATOS SINTÉTICOS DE DEMOSTRACIÓN,DEMO: generado localmente,2026-10-08,"('santander', 'zaragoza')",2026,33.1060104,116.419842,149.52585240000002
Castelló de la Plana/Castellón de la Plana,Ciudad Real,13_14_R1,439.902,4.9989,0.0,rapida_demo,DATOS SINTÉTICOS DE DEMOSTRACIÓN,DEMO: generado localmente,2026-10-08,"('castelló de la plana/castellón de la plana', 'ciudad real')",2026,37.2157092,130.87120199999998,168.08691119999997
Castelló de la Plana/Castellón de la Plana,Córdoba,13_15_R1,589.551,6.6994,0.0,rapida_demo,DATOS SINTÉTICOS DE DEMOSTRACIÓN,DEMO: generado localmente,2026-10-08,"('castelló de la plana/castellón de la plana', 'córdoba')",2026,49.87601460000001,175.390292,225.2663066
Castelló de la Plana/Castellón de la Plana,A Coruña,13_16_R1,986.37,11.2088,0.0,rapida_demo,DATOS SINTÉTICOS DE DEMOSTRACIÓN,DEMO: generado localmente,2026-10-08,"('a coruña', 'castelló de la plana/castellón de la plana')",2026,83.44690200000001,293.446384,376.89328600000005
Castelló de la Plana/Castellón de la Plana,Cuenca,13_17_R1,223.027,2.5344,0.0,rapida_demo,DATOS SINTÉTICOS DE DEMOSTRACIÓN,DEMO: generado localmente,2026-10-08,"('castelló de la plana/castellón de la plana', 'cuenca')",2026,18.868084200000002,66.350592,85.2186762
Castelló de la Plana/Castellón de la Plana,Donostia/San Sebastián,13_18_R1,505.782,5.7475,0.0,rapida_demo,DATOS SINTÉTICOS DE DEMOSTRACIÓN,DEMO: generado localmente,2026-10-08,"('castelló de la plana/castellón de la plana', 'donostia/san sebastián')",2026,42.789157200000005,150.46955,193.2587072
Castelló de la Plana/Castellón de la Plana,Girona,13_19_R1,408.932,4.647,0.0,rapida_demo,DATOS SINTÉTICOS DE DEMOSTRACIÓN,DEMO: generado localmente,2026-10-08,"('castelló de la plana/castellón de la plana', 'girona')",2026,34.5956472,121.65846,156.25410720000002
Castelló de la Plana/Castellón de la Plana,Granada,13_20_R1,549.845,6.2482,0.0,rapida_demo,DATOS SINTÉTICOS DE DEMOSTRACIÓN,DEMO: generado localmente,2026-10-08,"('castelló de la plana/castellón de la plana', 'granada')",2026,46.516887000000004,163.577876,210.094763
Castelló de la Plana/Castellón de la Plana,Guadalajara,13_21_R1,343.677,3.9054,0.0,rapida_demo,DATOS SINTÉTICOS DE DEMOSTRACIÓN,DEMO: generado localmente,2026-10-08,"('castelló de la plana/castellón de la plana', 'guadalajara')",2026,29.075074200000003,102.24337200000001,131.3184462
Castelló de la Plana/Castellón de la Plana,Huelva,13_22_R1,840.664,9.553,0.0,rapida_demo,DATOS SINTÉTICOS DE DEMOSTRACIÓN,DEMO: generado localmente,2026-10-08,"('castelló de la plana/castellón de la plana', 'huelva')",2026,71.12017440000001,250.09754,321.21771440000003
Castelló de la Plana/Castellón de la Plana,Huesca,13_23_R1,301.988,3.4317,0.0,rapida_demo,DATOS SINTÉTICOS DE DEMOSTRACIÓN,DEMO: generado localmente,2026-10-08,"('castelló de la plana/castellón de la plana', 'huesca')",2026,25.5481848,89.84190600000001,115.39009080000001
Castelló de la Plana/Castellón de la Plana,Jaén,13_24_R1,510.077,5.7963,0.0,rapida_demo,DATOS SINTÉTICOS DE DEMOSTRACIÓN,DEMO: generado localmente,2026-10-08,"('castelló de la plana/castellón de la plana', 'jaén')",2026,43.152514200000006,151.747134,194.8996482
Castelló de la Plana/Castellón de la Plana,Logroño,13_25_R1,426.407,4.8455,0.0,rapida_demo,DATOS SINTÉTICOS DE DEMOSTRACIÓN,DEMO: generado localmente,2026-10-08,"('castelló de la plana/castellón de la plana', 'logroño')",2026,36.074032200000005,126.85519000000001,162.92922220000003
Castelló de la Plana/Castellón de la Plana,León,13_26_R1,682.465,7.7553,0.0,rapida_demo,DATOS SINTÉTICOS DE DEMOSTRACIÓN,DEMO: generado localmente,2026-10-08,"('castelló de la plana/castellón de la plana', 'león')",2026,57.73653900000001,203.033754,260.770293
Castelló de la Plana/Castellón de la Plana,Lleida,13_27_R1,236.925,2.6923,0.0,rapida_demo,DATOS SINTÉTICOS DE DEMOSTRACIÓN,DEMO: generado localmente,2026-10-08,"('castelló de la plana/castellón de la plana', 'lleida')",2026,20.043855000000004,70.484414,90.52826900000001
Castelló de la Plana/Castellón de la Plana,Lugo,13_28_R1,887.865,10.0894,0.0,rapida_demo,DATOS SINTÉTICOS DE DEMOSTRACIÓN,DEMO: generado localmente,2026-10-08,"('castelló de la plana/castellón de la plana', 'lugo')",2026,75.11337900000001,264.140492,339.253871
Castelló de la Plana/Castellón de la Plana,Madrid,13_29_R1,392.529,4.4606,0.0,rapida_demo,DATOS SINTÉTICOS DE DEMOSTRACIÓN,DEMO: generado localmente,2026-10-08,"('castelló de la plana/castellón de la plana', 'madrid')",2026,33.2079534,116.778508,149.9864614
Castelló de la Plana/Castellón de la Plana,Málaga,13_30_R1,658.372,7.4815,0.0,rapida_demo,DATOS SINTÉTICOS DE DEMOSTRACIÓN,DEMO: generado localmente,2026-10-08,"('castelló de la plana/castellón de la plana', 'málaga')",2026,55.6982712,195.86567,251.5639412
Castelló de la Plana/Castellón de la Plana,Murcia,13_31_R1,302.327,3.4355,0.0,rapida_demo,DATOS SINTÉTICOS DE DEMOSTRACIÓN,DEMO: generado localmente,2026-10-08,"('castelló de la plana/castellón de la plana', 'murcia')",2026,25.576864200000003,89.94139,115.5182542
Castelló de la Plana/Castellón de la Plana,Pamplona/Iruña,13_32_R1,427.827,4.8617,0.0,rapida_demo,DATOS SINTÉTICOS DE DEMOSTRACIÓN,DEMO: generado localmente,2026-10-08,"('castelló de la plana/castellón de la plana', 'pamplona/iruña')",2026,36.1941642,127.27930599999999,163.4734702
Castelló de la Plana/Castellón de la Plana,Ourense,13_33_R1,881.217,10.0138,0.0,rapida_demo,DATOS SINTÉTICOS DE DEMOSTRACIÓN,DEMO: generado localmente,2026-10-08,"('castelló de la plana/castellón de la plana', 'ourense')",2026,74.55095820000001,262.16128399999997,336.7122422
Castelló de la Plana/Castellón de la Plana,Palencia,13_34_R1,549.038,6.2391,0.0,rapida_demo,DATOS SINTÉTICOS DE DEMOSTRACIÓN,DEMO: generado localmente,2026-10-08,"('castelló de la plana/castellón de la plana', 'palencia')",2026,46.44861480000001,163.33963799999998,209.78825279999998
Castelló de la Plana/Castellón de la Plana,Pontevedra,13_35_R1,961.716,10.9286,0.0,rapida_demo,DATOS SINTÉTICOS DE DEMOSTRACIÓN,DEMO: generado localmente,2026-10-08,"('castelló de la plana/castellón de la plana', 'pontevedra')",2026,81.36117360000001,286.110748,367.47192160000003
Castelló de la Plana/Castellón de la Plana,Salamanca,13_36_R1,610.072,6.9326,0.0,rapida_demo,DATOS SINTÉTICOS DE DEMOSTRACIÓN,DEMO: generado localmente,2026-10-08,"('castelló de la plana/castellón de la plana', 'salamanca')",2026,51.61209120000001,181.495468,233.1075592
Castelló de la Plana/Castellón de la Plana,Segovia,13_37_R1,452.367,5.1405,0.0,rapida_demo,DATOS SINTÉTICOS DE DEMOSTRACIÓN,DEMO: generado localmente,2026-10-08,"('castelló de la plana/castellón de la plana', 'segovia')",2026,38.270248200000005,134.57829,172.8485382
Castelló de la Plana/Castellón de la Plana,Sevilla,13_38_R1,740.022,8.4093,0.0,rapida_demo,DATOS SINTÉTICOS DE DEMOSTRACIÓN,DEMO: generado localmente,2026-10-08,"('castelló de la plana/castellón de la plana', 'sevilla')",2026,62.605861200000014,220.155474,282.7613352
Castelló de la Plana/Castellón de la Plana,Soria,13_39_R1,354.972,4.0338,0.0,rapida_demo,DATOS SINTÉTICOS DE DEMOSTRACIÓN,DEMO: generado localmente,2026-10-08,"('castelló de la plana/castellón de la plana', 'soria')",2026,30.030631200000002,105.60488400000001,135.63551520000001
Castelló de la Plana/Castellón de la Plana,Tarragona,13_40_R1,208.198,2.3659,0.0,rapida_demo,DATOS SINTÉTICOS DE DEMOSTRACIÓN,DEMO: generado localmente,2026-10-08,"('castelló de la plana/castellón de la plana', 'tarragona')",2026,17.613550800000002,61.939262,79.5528128
Castelló de la Plana/Castellón de la Plana,Teruel,13_41_R1,124.057,1.4097,0.0,rapida_demo,DATOS SINTÉTICOS DE DEMOSTRACIÓN,DEMO: generado localmente,2026-10-08,"('castelló de la plana/castellón de la plana', 'teruel')",2026,10.4952222,36.905946,47.4011682
Castelló de la Plana/Castellón de la Plana,Toledo,13_42_R1,425.398,4.8341,0.0,rapida_demo,DATOS SINTÉTICOS DE DEMOSTRACIÓN,DEMO: generado localmente,2026-10-08,"('castelló de la plana/castellón de la plana', 'toledo')",2026,35.98867080000001,126.55673800000001,162.54540880000002
Castelló de la Plana/Castellón de la Plana,Valencia,13_43_R1,80.4,0.9136,0.0,rapida_demo,DATOS SINTÉTICOS DE DEMOSTRACIÓN,DEMO: generado localmente,2026-10-08,"('castelló de la plana/castellón de la plana', 'valencia')",2026,6.801840000000001,23.918048,30.719888
Castelló de la Plana/Castellón de la Plana,Valladolid,13_44_R1,544.974,6.1929,0.0,rapida_demo,DATOS SINTÉTICOS DE DEMOSTRACIÓN,DEMO: generado localmente,2026-10-08,"('castelló de la plana/castellón de la plana', 'valladolid')",2026,46.10480040000001,162.130122,208.23492240000002
Castelló de la Plana/Castellón de la Plana,Zamora,13_45_R1,636.991,7.2385,0.0,rapida_demo,DATOS SINTÉTICOS DE DEMOSTRACIÓN,DEMO: generado localmente,2026-10-08,"('castelló de la plana/castellón de la plana', 'zamora')",2026,53.889438600000005,189.50393,243.3933686
Castelló de la Plana/Castellón de la Plana,Zaragoza,13_46_R1,248.364,2.8223,0.0,rapida_demo,DATOS SINTÉTICOS DE DEMOSTRACIÓN,DEMO: generado localmente,2026-10-08,"('castelló de la plana/castellón de la plana', 'zaragoza')",2026,21.011594400000003,73.88781399999999,94.8994084
Ciudad Real,Córdoba,14_15_R1,178.555,2.029,0.0,rapida_demo,DATOS SINTÉTICOS DE DEMOSTRACIÓN,DEMO: generado localmente,2026-10-08,"('ciudad real', 'córdoba')",2026,15.105753000000002,53.11922,68.224973
Ciudad Real,A Coruña,14_16_R1,767.962,8.7268,0.0,rapida_demo,DATOS SINTÉTICOS DE DEMOSTRACIÓN,DEMO: generado localmente,2026-10-08,"('a coruña', 'ciudad real')",2026,64.96958520000001,228.46762400000003,293.43720920000004
Ciudad Real,Cuenca,14_17_R1,245.443,2.7891,0.0,rapida_demo,DATOS SINTÉTICOS DE DEMOSTRACIÓN,DEMO: generado localmente,2026-10-08,"('ciudad real', 'cuenca')",2026,20.7644778,73.018638,93.78311579999999
Ciudad Real,Donostia/San Sebastián,14_18_R1,636.079,7.2282,0.0,rapida_demo,DATOS SINTÉTICOS DE DEMOSTRACIÓN,DEMO: generado localmente,2026-10-08,"('ciudad real', 'donostia/san sebastián')",2026,53.8122834,189.234276,243.04655939999998
Ciudad Real,Girona,14_19_R1,826.283,9.3896,0.0,rapida_demo,DATOS SINTÉTICOS DE DEMOSTRACIÓN,DEMO: generado localmente,2026-10-08,"('ciudad real', 'girona')",2026,69.90354180000001,245.819728,315.7232698
Ciudad Real,Granada,14_20_R1,254.236,2.889,0.0,rapida_demo,DATOS SINTÉTICOS DE DEMOSTRACIÓN,DEMO: generado localmente,2026-10-08,"('ciudad real', 'granada')",2026,21.5083656,75.63401999999999,97.1423856
Ciudad Real,Guadalajara,14_21_R1,243.139,2.7629,0.0,rapida_demo,DATOS SINTÉTICOS DE DEMOSTRACIÓN,DEMO: generado localmente,2026-10-08,"('ciudad real', 'guadalajara')",2026,20.569559400000003,72.332722,92.9022814
Ciudad Real,Huelva,14_22_R1,408.423,4.6412,0.0,rapida_demo,DATOS SINTÉTICOS DE DEMOSTRACIÓN,DEMO: generado localmente,2026-10-08,"('ciudad real', 'huelva')",2026,34.5525858,121.50661600000001,156.0592018
Ciudad Real,Huesca,14_23_R1,574.78,6.5316,0.0,rapida_demo,DATOS SINTÉTICOS DE DEMOSTRACIÓN,DEMO: generado localmente,2026-10-08,"('ciudad real', 'huesca')",2026,48.626388000000006,170.997288,219.623676
Ciudad Real,Jaén,14_24_R1,170.279,1.935,0.0,rapida_demo,DATOS SINTÉTICOS DE DEMOSTRACIÓN,DEMO: generado localmente,2026-10-08,"('ciudad real', 'jaén')",2026,14.4056034,50.658300000000004,65.0639034
Ciudad Real,Logroño,14_25_R1,508.666,5.7803,0.0,rapida_demo,DATOS SINTÉTICOS DE DEMOSTRACIÓN,DEMO: generado localmente,2026-10-08,"('ciudad real', 'logroño')",2026,43.0331436,151.32825400000002,194.36139760000003
Ciudad Real,León,14_26_R1,531.141,6.0357,0.0,rapida_demo,DATOS SINTÉTICOS DE DEMOSTRACIÓN,DEMO: generado localmente,2026-10-08,"('ciudad real', 'león')",2026,44.9345286,158.014626,202.94915459999999
Ciudad Real,Lleida,14_27_R1,605.478,6.8804,0.0,rapida_demo,DATOS SINTÉTICOS DE DEMOSTRACIÓN,DEMO: generado localmente,2026-10-08,"('ciudad real', 'lleida')",2026,51.223438800000004,180.128872,231.3523108
Ciudad Real,Lugo,14_28_R1,676.439,7.6868,0.0,rapida_demo,DATOS SINTÉTICOS DE DEMOSTRACIÓN,DEMO: generado localmente,2026-10-08,"('ciudad real', 'lugo')",2026,57.2267394,201.240424,258.4671634
Ciudad Real,Madrid,14_29_R1,200.932,2.2833,0.0,rapida_demo,DATOS SINTÉTICOS DE DEMOSTRACIÓN,DEMO: generado localmente,2026-10-08,"('ciudad real', 'madrid')",2026,16.9988472,59.776794,76.7756412
Ciudad Real,Málaga,14_30_R1,319.265,3.628,0.0,rapida_demo,DATOS SINTÉTICOS DE DEMOSTRACIÓN,DEMO: generado localmente,2026-10-08,"('ciudad real', 'málaga')",2026,27.009819,94.98104000000001,121.990859
Ciudad Real,Murcia,14_31_R1,334.746,3.8039,0.0,rapida_demo,DATOS SINTÉTICOS DE DEMOSTRACIÓN,DEMO: generado localmente,2026-10-08,"('ciudad real', 'murcia')",2026,28.319511600000002,99.586102,127.9056136
Ciudad Real,Pamplona/Iruña,14_32_R1,584.329,6.6401,0.0,rapida_demo,DATOS SINTÉTICOS DE DEMOSTRACIÓN,DEMO: generado localmente,2026-10-08,"('ciudad real', 'pamplona/iruña')",2026,49.434233400000004,173.837818,223.2720514
Ciudad Real,Ourense,14_33_R1,623.602,7.0864,0.0,rapida_demo,DATOS SINTÉTICOS DE DEMOSTRACIÓN,DEMO: generado localmente,2026-10-08,"('ciudad real', 'ourense')",2026,52.7567292,185.521952,238.2786812
Ciudad Real,Palencia,14_34_R1,425.444,4.8346,0.0,rapida_demo,DATOS SINTÉTICOS DE DEMOSTRACIÓN,DEMO: generado localmente,2026-10-08,"('ciudad real', 'palencia')",2026,35.992562400000004,126.569828,162.5623904
Ciudad Real,Pontevedra,14_35_R1,690.223,7.8434,0.0,rapida_demo,DATOS SINTÉTICOS DE DEMOSTRACIÓN,DEMO: generado localmente,2026-10-08,"('ciudad real', 'pontevedra')",2026,58.3928658,205.340212,263.7330778
Ciudad Real,Salamanca,14_36_R1,331.559,3.7677,0.0,rapida_demo,DATOS SINTÉTICOS DE DEMOSTRACIÓN,DEMO: generado localmente,2026-10-08,"('ciudad real', 'salamanca')",2026,28.049891400000003,98.638386,126.6882774
Ciudad Real,Segovia,14_37_R1,274.009,3.1137,0.0,rapida_demo,DATOS SINTÉTICOS DE DEMOSTRACIÓN,DEMO: generado localmente,2026-10-08,"('ciudad real', 'segovia')",2026,23.181161400000004,81.516666,104.69782740000001
Ciudad Real,Sevilla,14_38_R1,316.479,3.5963,0.0,rapida_demo,DATOS SINTÉTICOS DE DEMOSTRACIÓN,DEMO: generado localmente,2026-10-08,"('ciudad real', 'sevilla')",2026,26.7741234,94.151134,120.92525739999999
Ciudad Real,Soria,14_39_R1,416.097,4.7284,0.0,rapida_demo,DATOS SINTÉTICOS DE DEMOSTRACIÓN,DEMO: generado localmente,2026-10-08,"('ciudad real', 'soria')",2026,35.2018062,123.78951199999999,158.9913182
Ciudad Real,Tarragona,14_40_R1,625.873,7.1122,0.0,rapida_demo,DATOS SINTÉTICOS DE DEMOSTRACIÓN,DEMO: generado localmente,2026-10-08,"('ciudad real', 'tarragona')",2026,52.94885580000001,186.197396,239.14625180000002
Ciudad Real,Teruel,14_41_R1,355.967,4.0451,0.0,rapida_demo,DATOS SINTÉTICOS DE DEMOSTRACIÓN,DEMO: generado localmente,2026-10-08,"('ciudad real', 'teruel')",2026,30.114808200000002,105.900718,136.0155262
Ciudad Real,Toledo,14_42_R1,121.591,1.3817,0.0,rapida_demo,DATOS SINTÉTICOS DE DEMOSTRACIÓN,DEMO: generado localmente,2026-10-08,"('ciudad real', 'toledo')",2026,10.286598600000001,36.172906,46.4595046
Ciudad Real,Valencia,14_43_R1,388.217,4.4116,0.0,rapida_demo,DATOS SINTÉTICOS DE DEMOSTRACIÓN,DEMO: generado localmente,2026-10-08,"('ciudad real', 'valencia')",2026,32.843158200000005,115.495688,148.3388462
Ciudad Real,Valladolid,14_44_R1,380.351,4.3222,0.0,rapida_demo,DATOS SINTÉTICOS DE DEMOSTRACIÓN,DEMO: generado localmente,2026-10-08,"('ciudad real', 'valladolid')",2026,32.1776946,113.15519599999999,145.33289059999998
Ciudad Real,Zamora,14_45_R1,399.739,4.5425,0.0,rapida_demo,DATOS SINTÉTICOS DE DEMOSTRACIÓN,DEMO: generado localmente,2026-10-08,"('ciudad real', 'zamora')",2026,33.8179194,118.92265,152.7405694
Ciudad Real,Zaragoza,14_46_R1,492.281,5.5941,0.0,rapida_demo,DATOS SINTÉTICOS DE DEMOSTRACIÓN,DEMO: generado localmente,2026-10-08,"('ciudad real', 'zaragoza')",2026,41.646972600000005,146.453538,188.1005106
Córdoba,A Coruña,15_16_R1,852.591,9.6885,0.0,rapida_demo,DATOS SINTÉTICOS DE DEMOSTRACIÓN,DEMO: generado localmente,2026-10-08,"('a coruña', 'córdoba')",2026,72.12919860000001,253.64493,325.7741286
Córdoba,Cuenca,15_17_R1,417.84,4.7482,0.0,rapida_demo,DATOS SINTÉTICOS DE DEMOSTRACIÓN,DEMO: generado localmente,2026-10-08,"('cuenca', 'córdoba')",2026,35.349264,124.307876,159.65714
Córdoba,Donostia/San Sebastián,15_18_R1,810.836,9.214,0.0,rapida_demo,DATOS SINTÉTICOS DE DEMOSTRACIÓN,DEMO: generado localmente,2026-10-08,"('córdoba', 'donostia/san sebastián')",2026,68.59672560000001,241.22252,309.81924560000004
Córdoba,Girona,15_19_R1,989.656,11.2461,0.0,rapida_demo,DATOS SINTÉTICOS DE DEMOSTRACIÓN,DEMO: generado localmente,2026-10-08,"('córdoba', 'girona')",2026,83.7248976,294.422898,378.1477956
Córdoba,Granada,15_20_R1,163.127,1.8537,0.0,rapida_demo,DATOS SINTÉTICOS DE DEMOSTRACIÓN,DEMO: generado localmente,2026-10-08,"('córdoba', 'granada')",2026,13.800544200000003,48.529866,62.3304102
Córdoba,Guadalajara,15_21_R1,419.397,4.7659,0.0,rapida_demo,DATOS SINTÉTICOS DE DEMOSTRACIÓN,DEMO: generado localmente,2026-10-08,"('córdoba', 'guadalajara')",2026,35.480986200000004,124.77126200000001,160.2522482
Córdoba,Huelva,15_22_R1,254.867,2.8962,0.0,rapida_demo,DATOS SINTÉTICOS DE DEMOSTRACIÓN,DEMO: generado localmente,2026-10-08,"('córdoba', 'huelva')",2026,21.5617482,75.822516,97.38426419999999
Córdoba,Huesca,15_23_R1,752.088,8.5465,0.0,rapida_demo,DATOS SINTÉTICOS DE DEMOSTRACIÓN,DEMO: generado localmente,2026-10-08,"('córdoba', 'huesca')",2026,63.6266448,223.74737,287.3740148
Córdoba,Jaén,15_24_R1,109.474,1.244,0.0,rapida_demo,DATOS SINTÉTICOS DE DEMOSTRACIÓN,DEMO: generado localmente,2026-10-08,"('córdoba', 'jaén')",2026,9.261500400000001,32.56792,41.829420400000004
Córdoba,Logroño,15_25_R1,683.333,7.7651,0.0,rapida_demo,DATOS SINTÉTICOS DE DEMOSTRACIÓN,DEMO: generado localmente,2026-10-08,"('córdoba', 'logroño')",2026,57.80997180000001,203.290318,261.10028980000004
Córdoba,León,15_26_R1,660.437,7.505,0.0,rapida_demo,DATOS SINTÉTICOS DE DEMOSTRACIÓN,DEMO: generado localmente,2026-10-08,"('córdoba', 'león')",2026,55.872970200000005,196.4809,252.3538702
Córdoba,Lleida,15_27_R1,775.645,8.8141,0.0,rapida_demo,DATOS SINTÉTICOS DE DEMOSTRACIÓN,DEMO: generado localmente,2026-10-08,"('córdoba', 'lleida')",2026,65.619567,230.753138,296.372705
Córdoba,Lugo,15_28_R1,770.477,8.7554,0.0,rapida_demo,DATOS SINTÉTICOS DE DEMOSTRACIÓN,DEMO: generado localmente,2026-10-08,"('córdoba', 'lugo')",2026,65.1823542,229.216372,294.3987262
Córdoba,Madrid,15_29_R1,371.061,4.2166,0.0,rapida_demo,DATOS SINTÉTICOS DE DEMOSTRACIÓN,DEMO: generado localmente,2026-10-08,"('córdoba', 'madrid')",2026,31.3917606,110.390588,141.7823486
Córdoba,Málaga,15_30_R1,166.772,1.8951,0.0,rapida_demo,DATOS SINTÉTICOS DE DEMOSTRACIÓN,DEMO: generado localmente,2026-10-08,"('córdoba', 'málaga')",2026,14.108911200000001,49.613718,63.7226292
Córdoba,Murcia,15_31_R1,399.91,4.5444,0.0,rapida_demo,DATOS SINTÉTICOS DE DEMOSTRACIÓN,DEMO: generado localmente,2026-10-08,"('córdoba', 'murcia')",2026,33.83238600000001,118.97239200000001,152.80477800000003
Córdoba,Pamplona/Iruña,15_32_R1,761.588,8.6544,0.0,rapida_demo,DATOS SINTÉTICOS DE DEMOSTRACIÓN,DEMO: generado localmente,2026-10-08,"('córdoba', 'pamplona/iruña')",2026,64.4303448,226.57219200000003,291.00253680000003
Córdoba,Ourense,15_33_R1,700.125,7.956,0.0,rapida_demo,DATOS SINTÉTICOS DE DEMOSTRACIÓN,DEMO: generado localmente,2026-10-08,"('córdoba', 'ourense')",2026,59.23057500000001,208.28808,267.518655
Córdoba,Palencia,15_34_R1,574.062,6.5234,0.0,rapida_demo,DATOS SINTÉTICOS DE DEMOSTRACIÓN,DEMO: generado localmente,2026-10-08,"('córdoba', 'palencia')",2026,48.565645200000006,170.782612,219.3482572
Córdoba,Pontevedra,15_35_R1,753.754,8.5654,0.0,rapida_demo,DATOS SINTÉTICOS DE DEMOSTRACIÓN,DEMO: generado localmente,2026-10-08,"('córdoba', 'pontevedra')",2026,63.76758840000001,224.242172,288.0097604
Córdoba,Salamanca,15_36_R1,438.608,4.9842,0.0,rapida_demo,DATOS SINTÉTICOS DE DEMOSTRACIÓN,DEMO: generado localmente,2026-10-08,"('córdoba', 'salamanca')",2026,37.106236800000005,130.486356,167.5925928
Córdoba,Segovia,15_37_R1,431.776,4.9065,0.0,rapida_demo,DATOS SINTÉTICOS DE DEMOSTRACIÓN,DEMO: generado localmente,2026-10-08,"('córdoba', 'segovia')",2026,36.5282496,128.45217,164.9804196
Córdoba,Sevilla,15_38_R1,150.808,1.7137,0.0,rapida_demo,DATOS SINTÉTICOS DE DEMOSTRACIÓN,DEMO: generado localmente,2026-10-08,"('córdoba', 'sevilla')",2026,12.758356800000001,44.864666,57.6230228
Córdoba,Soria,15_39_R1,592.757,6.7359,0.0,rapida_demo,DATOS SINTÉTICOS DE DEMOSTRACIÓN,DEMO: generado localmente,2026-10-08,"('córdoba', 'soria')",2026,50.1472422,176.345862,226.4931042
Córdoba,Tarragona,15_40_R1,787.168,8.9451,0.0,rapida_demo,DATOS SINTÉTICOS DE DEMOSTRACIÓN,DEMO: generado localmente,2026-10-08,"('córdoba', 'tarragona')",2026,66.5944128,234.182718,300.7771308
Córdoba,Teruel,15_41_R1,522.643,5.9391,0.0,rapida_demo,DATOS SINTÉTICOS DE DEMOSTRACIÓN,DEMO: generado localmente,2026-10-08,"('córdoba', 'teruel')",2026,44.215597800000005,155.485638,199.7012358
Córdoba,Toledo,15_42_R1,285.791,3.2476,0.0,rapida_demo,DATOS SINTÉTICOS DE DEMOSTRACIÓN,DEMO: generado localmente,2026-10-08,"('córdoba', 'toledo')",2026,24.1779186,85.022168,109.20008659999999
Córdoba,Valencia,15_43_R1,525.603,5.9728,0.0,rapida_demo,DATOS SINTÉTICOS DE DEMOSTRACIÓN,DEMO: generado localmente,2026-10-08,"('córdoba', 'valencia')",2026,44.4660138,156.367904,200.8339178
Córdoba,Valladolid,15_44_R1,523.658,5.9507,0.0,rapida_demo,DATOS SINTÉTICOS DE DEMOSTRACIÓN,DEMO: generado localmente,2026-10-08,"('córdoba', 'valladolid')",2026,44.30146680000001,155.78932600000002,200.09079280000003
Córdoba,Zamora,15_45_R1,513.57,5.836,0.0,rapida_demo,DATOS SINTÉTICOS DE DEMOSTRACIÓN,DEMO: generado localmente,2026-10-08,"('córdoba', 'zamora')",2026,43.44802200000001,152.78648,196.23450200000002
Córdoba,Zaragoza,15_46_R1,669.333,7.6061,0.0,rapida_demo,DATOS SINTÉTICOS DE DEMOSTRACIÓN,DEMO: generado localmente,2026-10-08,"('córdoba', 'zaragoza')",2026,56.6255718,199.12769799999998,255.7532698
A Coruña,Cuenca,16_17_R1,794.665,9.0303,0.0,rapida_demo,DATOS SINTÉTICOS DE DEMOSTRACIÓN,DEMO: generado localmente,2026-10-08,"('a coruña', 'cuenca')",2026,67.22865900000001,236.413254,303.641913
A Coruña,Donostia/San Sebastián,16_18_R1,647.801,7.3614,0.0,rapida_demo,DATOS SINTÉTICOS DE DEMOSTRACIÓN,DEMO: generado localmente,2026-10-08,"('a coruña', 'donostia/san sebastián')",2026,54.80396460000001,192.721452,247.5254166
A Coruña,Girona,16_19_R1,1161.784,13.2021,0.0,rapida_demo,DATOS SINTÉTICOS DE DEMOSTRACIÓN,DEMO: generado localmente,2026-10-08,"('a coruña', 'girona')",2026,98.28692640000001,345.63097799999997,443.9179044
A Coruña,Granada,16_20_R1,999.954,11.3631,0.0,rapida_demo,DATOS SINTÉTICOS DE DEMOSTRACIÓN,DEMO: generado localmente,2026-10-08,"('a coruña', 'granada')",2026,84.5961084,297.485958,382.0820664
A Coruña,Guadalajara,16_21_R1,660.434,7.5049,0.0,rapida_demo,DATOS SINTÉTICOS DE DEMOSTRACIÓN,DEMO: generado localmente,2026-10-08,"('a coruña', 'guadalajara')",2026,55.8727164,196.478282,252.3509984
A Coruña,Huelva,16_22_R1,863.61,9.8138,0.0,rapida_demo,DATOS SINTÉTICOS DE DEMOSTRACIÓN,DEMO: generado localmente,2026-10-08,"('a coruña', 'huelva')",2026,73.061406,256.92528400000003,329.98669000000007
A Coruña,Huesca,16_23_R1,832.511,9.4604,0.0,rapida_demo,DATOS SINTÉTICOS DE DEMOSTRACIÓN,DEMO: generado localmente,2026-10-08,"('a coruña', 'huesca')",2026,70.43043060000001,247.673272,318.1037026
A Coruña,Jaén,16_24_R1,918.201,10.4341,0.0,rapida_demo,DATOS SINTÉTICOS DE DEMOSTRACIÓN,DEMO: generado localmente,2026-10-08,"('a coruña', 'jaén')",2026,77.67980460000001,273.164738,350.8445426
A Coruña,Logroño,16_25_R1,619.091,7.0351,0.0,rapida_demo,DATOS SINTÉTICOS DE DEMOSTRACIÓN,DEMO: generado localmente,2026-10-08,"('a coruña', 'logroño')",2026,52.37509860000001,184.17891799999998,236.55401659999998
A Coruña,León,16_26_R1,306.378,3.4816,0.0,rapida_demo,DATOS SINTÉTICOS DE DEMOSTRACIÓN,DEMO: generado localmente,2026-10-08,"('a coruña', 'león')",2026,25.9195788,91.148288,117.06786679999999
A Coruña,Lleida,16_27_R1,955.857,10.862,0.0,rapida_demo,DATOS SINTÉTICOS DE DEMOSTRACIÓN,DEMO: generado localmente,2026-10-08,"('a coruña', 'lleida')",2026,80.86550220000001,284.36716,365.23266220000005
A Coruña,Lugo,16_28_R1,98.861,1.1234,0.0,rapida_demo,DATOS SINTÉTICOS DE DEMOSTRACIÓN,DEMO: generado localmente,2026-10-08,"('a coruña', 'lugo')",2026,8.363640600000002,29.410611999999997,37.7742526
A Coruña,Madrid,16_29_R1,636.41,7.2319,0.0,rapida_demo,DATOS SINTÉTICOS DE DEMOSTRACIÓN,DEMO: generado localmente,2026-10-08,"('a coruña', 'madrid')",2026,53.840286000000006,189.331142,243.171428
A Coruña,Málaga,16_30_R1,1016.573,11.552,0.0,rapida_demo,DATOS SINTÉTICOS DE DEMOSTRACIÓN,DEMO: generado localmente,2026-10-08,"('a coruña', 'málaga')",2026,86.0020758,302.43136,388.4334358
A Coruña,Murcia,16_31_R1,1070.375,12.1634,0.0,rapida_demo,DATOS SINTÉTICOS DE DEMOSTRACIÓN,DEMO: generado localmente,2026-10-08,"('a coruña', 'murcia')",2026,90.55372500000001,318.43781199999995,408.991537
A Coruña,Pamplona/Iruña,16_32_R1,689.346,7.8335,0.0,rapida_demo,DATOS SINTÉTICOS DE DEMOSTRACIÓN,DEMO: generado localmente,2026-10-08,"('a coruña', 'pamplona/iruña')",2026,58.31867160000001,205.08103,263.3997016
A Coruña,Ourense,16_33_R1,153.857,1.7484,0.0,rapida_demo,DATOS SINTÉTICOS DE DEMOSTRACIÓN,DEMO: generado localmente,2026-10-08,"('a coruña', 'ourense')",2026,13.016302200000002,45.773112,58.789414199999996
A Coruña,Palencia,16_34_R1,437.554,4.9722,0.0,rapida_demo,DATOS SINTÉTICOS DE DEMOSTRACIÓN,DEMO: generado localmente,2026-10-08,"('a coruña', 'palencia')",2026,37.0170684,130.17219599999999,167.18926439999998
A Coruña,Pontevedra,16_35_R1,133.062,1.5121,0.0,rapida_demo,DATOS SINTÉTICOS DE DEMOSTRACIÓN,DEMO: generado localmente,2026-10-08,"('a coruña', 'pontevedra')",2026,11.257045200000002,39.586778,50.8438232
A Coruña,Salamanca,16_36_R1,437.048,4.9665,0.0,rapida_demo,DATOS SINTÉTICOS DE DEMOSTRACIÓN,DEMO: generado localmente,2026-10-08,"('a coruña', 'salamanca')",2026,36.9742608,130.02297,166.99723079999998
A Coruña,Segovia,16_37_R1,553.878,6.2941,0.0,rapida_demo,DATOS SINTÉTICOS DE DEMOSTRACIÓN,DEMO: generado localmente,2026-10-08,"('a coruña', 'segovia')",2026,46.85807880000001,164.779538,211.63761680000002
A Coruña,Sevilla,16_38_R1,869.471,9.8804,0.0,rapida_demo,DATOS SINTÉTICOS DE DEMOSTRACIÓN,DEMO: generado localmente,2026-10-08,"('a coruña', 'sevilla')",2026,73.55724660000001,258.66887199999996,332.22611859999995
A Coruña,Soria,16_39_R1,646.88,7.3509,0.0,rapida_demo,DATOS SINTÉTICOS DE DEMOSTRACIÓN,DEMO: generado localmente,2026-10-08,"('a coruña', 'soria')",2026,54.726048000000006,192.446562,247.17261000000002
A Coruña,Tarragona,16_40_R1,1040.468,11.8235,0.0,rapida_demo,DATOS SINTÉTICOS DE DEMOSTRACIÓN,DEMO: generado localmente,2026-10-08,"('a coruña', 'tarragona')",2026,88.02359280000002,309.53923,397.5628228
A Coruña,Teruel,16_41_R1,863.447,9.8119,0.0,rapida_demo,DATOS SINTÉTICOS DE DEMOSTRACIÓN,DEMO: generado localmente,2026-10-08,"('a coruña', 'teruel')",2026,73.04761620000001,256.875542,329.9231582
A Coruña,Toledo,16_42_R1,666.861,7.578,0.0,rapida_demo,DATOS SINTÉTICOS DE DEMOSTRACIÓN,DEMO: generado localmente,2026-10-08,"('a coruña', 'toledo')",2026,56.4164406,198.39204,254.8084806
A Coruña,Valencia,16_43_R1,995.565,11.3132,0.0,rapida_demo,DATOS SINTÉTICOS DE DEMOSTRACIÓN,DEMO: generado localmente,2026-10-08,"('a coruña', 'valencia')",2026,84.22479900000002,296.179576,380.404375
A Coruña,Valladolid,16_44_R1,445.192,5.059,0.0,rapida_demo,DATOS SINTÉTICOS DE DEMOSTRACIÓN,DEMO: generado localmente,2026-10-08,"('a coruña', 'valladolid')",2026,37.663243200000004,132.44462000000001,170.10786320000003
A Coruña,Zamora,16_45_R1,375.742,4.2698,0.0,rapida_demo,DATOS SINTÉTICOS DE DEMOSTRACIÓN,DEMO: generado localmente,2026-10-08,"('a coruña', 'zamora')",2026,31.787773200000004,111.783364,143.5711372
A Coruña,Zaragoza,16_46_R1,806.016,9.1593,0.0,rapida_demo,DATOS SINTÉTICOS DE DEMOSTRACIÓN,DEMO: generado localmente,2026-10-08,"('a coruña', 'zaragoza')",2026,68.1889536,239.790474,307.9794276
Cuenca,Donostia/San Sebastián,17_18_R1,451.098,5.1261,0.0,rapida_demo,DATOS SINTÉTICOS DE DEMOSTRACIÓN,DEMO: generado localmente,2026-10-08,"('cuenca', 'donostia/san sebastián')",2026,38.16289080000001,134.201298,172.36418880000002
Cuenca,Girona,17_19_R1,582.99,6.6249,0.0,rapida_demo,DATOS SINTÉTICOS DE DEMOSTRACIÓN,DEMO: generado localmente,2026-10-08,"('cuenca', 'girona')",2026,49.32095400000001,173.439882,222.760836
Cuenca,Granada,17_20_R1,433.923,4.9309,0.0,rapida_demo,DATOS SINTÉTICOS DE DEMOSTRACIÓN,DEMO: generado localmente,2026-10-08,"('cuenca', 'granada')",2026,36.7098858,129.09096200000002,165.8008478
Cuenca,Guadalajara,17_21_R1,134.308,1.5262,0.0,rapida_demo,DATOS SINTÉTICOS DE DEMOSTRACIÓN,DEMO: generado localmente,2026-10-08,"('cuenca', 'guadalajara')",2026,11.3624568,39.955916,51.318372800000006
Cuenca,Huelva,17_22_R1,653.542,7.4266,0.0,rapida_demo,DATOS SINTÉTICOS DE DEMOSTRACIÓN,DEMO: generado localmente,2026-10-08,"('cuenca', 'huelva')",2026,55.28965320000001,194.42838799999998,249.7180412
Cuenca,Huesca,17_23_R1,338.641,3.8482,0.0,rapida_demo,DATOS SINTÉTICOS DE DEMOSTRACIÓN,DEMO: generado localmente,2026-10-08,"('cuenca', 'huesca')",2026,28.649028600000005,100.745876,129.3949046
Cuenca,Jaén,17_24_R1,368.27,4.1849,0.0,rapida_demo,DATOS SINTÉTICOS DE DEMOSTRACIÓN,DEMO: generado localmente,2026-10-08,"('cuenca', 'jaén')",2026,31.155642,109.560682,140.716324
Cuenca,Logroño,17_25_R1,333.545,3.7903,0.0,rapida_demo,DATOS SINTÉTICOS DE DEMOSTRACIÓN,DEMO: generado localmente,2026-10-08,"('cuenca', 'logroño')",2026,28.217907000000004,99.230054,127.44796099999999
Cuenca,León,17_26_R1,501.766,5.7019,0.0,rapida_demo,DATOS SINTÉTICOS DE DEMOSTRACIÓN,DEMO: generado localmente,2026-10-08,"('cuenca', 'león')",2026,42.449403600000004,149.275742,191.72514560000002
Cuenca,Lleida,17_27_R1,360.038,4.0913,0.0,rapida_demo,DATOS SINTÉTICOS DE DEMOSTRACIÓN,DEMO: generado localmente,2026-10-08,"('cuenca', 'lleida')",2026,30.459214800000005,107.110234,137.5694488
Cuenca,Lugo,17_28_R1,695.937,7.9084,0.0,rapida_demo,DATOS SINTÉTICOS DE DEMOSTRACIÓN,DEMO: generado localmente,2026-10-08,"('cuenca', 'lugo')",2026,58.87627020000001,207.041912,265.9181822
Cuenca,Madrid,17_29_R1,172.346,1.9585,0.0,rapida_demo,DATOS SINTÉTICOS DE DEMOSTRACIÓN,DEMO: generado localmente,2026-10-08,"('cuenca', 'madrid')",2026,14.580471600000001,51.273529999999994,65.85400159999999
Cuenca,Málaga,17_30_R1,528.855,6.0097,0.0,rapida_demo,DATOS SINTÉTICOS DE DEMOSTRACIÓN,DEMO: generado localmente,2026-10-08,"('cuenca', 'málaga')",2026,44.741133000000005,157.333946,202.07507900000002
Cuenca,Murcia,17_31_R1,310.475,3.5281,0.0,rapida_demo,DATOS SINTÉTICOS DE DEMOSTRACIÓN,DEMO: generado localmente,2026-10-08,"('cuenca', 'murcia')",2026,26.266185000000004,92.365658,118.631843
Cuenca,Pamplona/Iruña,17_32_R1,384.285,4.3669,0.0,rapida_demo,DATOS SINTÉTICOS DE DEMOSTRACIÓN,DEMO: generado localmente,2026-10-08,"('cuenca', 'pamplona/iruña')",2026,32.51051100000001,114.32544200000001,146.83595300000002
Cuenca,Ourense,17_33_R1,676.524,7.6878,0.0,rapida_demo,DATOS SINTÉTICOS DE DEMOSTRACIÓN,DEMO: generado localmente,2026-10-08,"('cuenca', 'ourense')",2026,57.233930400000006,201.266604,258.5005344
Cuenca,Palencia,17_34_R1,368.271,4.1849,0.0,rapida_demo,DATOS SINTÉTICOS DE DEMOSTRACIÓN,DEMO: generado localmente,2026-10-08,"('cuenca', 'palencia')",2026,31.155726600000005,109.560682,140.7164086
Cuenca,Pontevedra,17_35_R1,755.207,8.5819,0.0,rapida_demo,DATOS SINTÉTICOS DE DEMOSTRACIÓN,DEMO: generado localmente,2026-10-08,"('cuenca', 'pontevedra')",2026,63.8905122,224.674142,288.5646542
Cuenca,Salamanca,17_36_R1,393.169,4.4678,0.0,rapida_demo,DATOS SINTÉTICOS DE DEMOSTRACIÓN,DEMO: generado localmente,2026-10-08,"('cuenca', 'salamanca')",2026,33.2620974,116.96700400000002,150.22910140000002
Cuenca,Segovia,17_37_R1,243.131,2.7628,0.0,rapida_demo,DATOS SINTÉTICOS DE DEMOSTRACIÓN,DEMO: generado localmente,2026-10-08,"('cuenca', 'segovia')",2026,20.568882600000002,72.33010399999999,92.8989866
Cuenca,Sevilla,17_38_R1,561.383,6.3794,0.0,rapida_demo,DATOS SINTÉTICOS DE DEMOSTRACIÓN,DEMO: generado localmente,2026-10-08,"('cuenca', 'sevilla')",2026,47.49300180000001,167.01269200000002,214.50569380000002
Cuenca,Soria,17_39_R1,236.841,2.6914,0.0,rapida_demo,DATOS SINTÉTICOS DE DEMOSTRACIÓN,DEMO: generado localmente,2026-10-08,"('cuenca', 'soria')",2026,20.036748600000003,70.46085199999999,90.4976006
Cuenca,Tarragona,17_40_R1,385.252,4.3779,0.0,rapida_demo,DATOS SINTÉTICOS DE DEMOSTRACIÓN,DEMO: generado localmente,2026-10-08,"('cuenca', 'tarragona')",2026,32.592319200000006,114.61342200000001,147.20574120000003
Cuenca,Teruel,17_41_R1,114.599,1.3023,0.0,rapida_demo,DATOS SINTÉTICOS DE DEMOSTRACIÓN,DEMO: generado localmente,2026-10-08,"('cuenca', 'teruel')",2026,9.695075400000002,34.094214,43.7892894
Cuenca,Toledo,17_42_R1,204.216,2.3206,0.0,rapida_demo,DATOS SINTÉTICOS DE DEMOSTRACIÓN,DEMO: generado localmente,2026-10-08,"('cuenca', 'toledo')",2026,17.276673600000002,60.753308000000004,78.02998160000001
Cuenca,Valencia,17_43_R1,205.414,2.3343,0.0,rapida_demo,DATOS SINTÉTICOS DE DEMOSTRACIÓN,DEMO: generado localmente,2026-10-08,"('cuenca', 'valencia')",2026,17.3780244,61.111974,78.48999839999999
Cuenca,Valladolid,17_44_R1,349.992,3.9772,0.0,rapida_demo,DATOS SINTÉTICOS DE DEMOSTRACIÓN,DEMO: generado localmente,2026-10-08,"('cuenca', 'valladolid')",2026,29.609323200000006,104.12309599999999,133.73241919999998
Cuenca,Zamora,17_45_R1,429.084,4.876,0.0,rapida_demo,DATOS SINTÉTICOS DE DEMOSTRACIÓN,DEMO: generado localmente,2026-10-08,"('cuenca', 'zamora')",2026,36.3005064,127.65368000000001,163.95418640000003
Cuenca,Zaragoza,17_46_R1,255.859,2.9075,0.0,rapida_demo,DATOS SINTÉTICOS DE DEMOSTRACIÓN,DEMO: generado localmente,2026-10-08,"('cuenca', 'zaragoza')",2026,21.6456714,76.11835,97.7640214
Donostia/San Sebastián,Girona,18_19_R1,525.677,5.9736,0.0,rapida_demo,DATOS SINTÉTICOS DE DEMOSTRACIÓN,DEMO: generado localmente,2026-10-08,"('donostia/san sebastián', 'girona')",2026,44.47227420000001,156.388848,200.8611222
Donostia/San Sebastián,Granada,18_20_R1,871.342,9.9016,0.0,rapida_demo,DATOS SINTÉTICOS DE DEMOSTRACIÓN,DEMO: generado localmente,2026-10-08,"('donostia/san sebastián', 'granada')",2026,73.71553320000001,259.223888,332.93942119999997
Donostia/San Sebastián,Guadalajara,18_21_R1,393.038,4.4663,0.0,rapida_demo,DATOS SINTÉTICOS DE DEMOSTRACIÓN,DEMO: generado localmente,2026-10-08,"('donostia/san sebastián', 'guadalajara')",2026,33.25101480000001,116.92773400000002,150.17874880000002
Donostia/San Sebastián,Huelva,18_22_R1,993.341,11.288,0.0,rapida_demo,DATOS SINTÉTICOS DE DEMOSTRACIÓN,DEMO: generado localmente,2026-10-08,"('donostia/san sebastián', 'huelva')",2026,84.0366486,295.51984,379.55648859999997
Donostia/San Sebastián,Huesca,18_23_R1,229.892,2.6124,0.0,rapida_demo,DATOS SINTÉTICOS DE DEMOSTRACIÓN,DEMO: generado localmente,2026-10-08,"('donostia/san sebastián', 'huesca')",2026,19.4488632,68.392632,87.84149520000001
Donostia/San Sebastián,Jaén,18_24_R1,795.508,9.0399,0.0,rapida_demo,DATOS SINTÉTICOS DE DEMOSTRACIÓN,DEMO: generado localmente,2026-10-08,"('donostia/san sebastián', 'jaén')",2026,67.29997680000001,236.66458199999997,303.96455879999996
Donostia/San Sebastián,Logroño,18_25_R1,127.519,1.4491,0.0,rapida_demo,DATOS SINTÉTICOS DE DEMOSTRACIÓN,DEMO: generado localmente,2026-10-08,"('donostia/san sebastián', 'logroño')",2026,10.788107400000001,37.937438,48.7255454
Donostia/San Sebastián,León,18_26_R1,378.603,4.3023,0.0,rapida_demo,DATOS SINTÉTICOS DE DEMOSTRACIÓN,DEMO: generado localmente,2026-10-08,"('donostia/san sebastián', 'león')",2026,32.02981380000001,112.634214,144.6640278
Donostia/San Sebastián,Lleida,18_27_R1,357.774,4.0656,0.0,rapida_demo,DATOS SINTÉTICOS DE DEMOSTRACIÓN,DEMO: generado localmente,2026-10-08,"('donostia/san sebastián', 'lleida')",2026,30.267680400000003,106.43740799999999,136.7050884
Donostia/San Sebastián,Lugo,18_28_R1,566.222,6.4343,0.0,rapida_demo,DATOS SINTÉTICOS DE DEMOSTRACIÓN,DEMO: generado localmente,2026-10-08,"('donostia/san sebastián', 'lugo')",2026,47.9023812,168.449974,216.3523552
Donostia/San Sebastián,Madrid,18_29_R1,440.363,5.0041,0.0,rapida_demo,DATOS SINTÉTICOS DE DEMOSTRACIÓN,DEMO: generado localmente,2026-10-08,"('donostia/san sebastián', 'madrid')",2026,37.2547098,131.007338,168.2620478
Donostia/San Sebastián,Málaga,18_30_R1,953.15,10.8312,0.0,rapida_demo,DATOS SINTÉTICOS DE DEMOSTRACIÓN,DEMO: generado localmente,2026-10-08,"('donostia/san sebastián', 'málaga')",2026,80.63649000000001,283.56081600000005,364.197306
Donostia/San Sebastián,Murcia,18_31_R1,747.409,8.4933,0.0,rapida_demo,DATOS SINTÉTICOS DE DEMOSTRACIÓN,DEMO: generado localmente,2026-10-08,"('donostia/san sebastián', 'murcia')",2026,63.230801400000004,222.354594,285.5853954
Donostia/San Sebastián,Pamplona/Iruña,18_32_R1,78.027,0.8867,0.0,rapida_demo,DATOS SINTÉTICOS DE DEMOSTRACIÓN,DEMO: generado localmente,2026-10-08,"('donostia/san sebastián', 'pamplona/iruña')",2026,6.601084200000001,23.213806,29.8148902
Donostia/San Sebastián,Ourense,18_33_R1,614.525,6.9832,0.0,rapida_demo,DATOS SINTÉTICOS DE DEMOSTRACIÓN,DEMO: generado localmente,2026-10-08,"('donostia/san sebastián', 'ourense')",2026,51.988815,182.820176,234.808991
Donostia/San Sebastián,Palencia,18_34_R1,317.688,3.6101,0.0,rapida_demo,DATOS SINTÉTICOS DE DEMOSTRACIÓN,DEMO: generado localmente,2026-10-08,"('donostia/san sebastián', 'palencia')",2026,26.876404800000003,94.512418,121.3888228
Donostia/San Sebastián,Pontevedra,18_35_R1,689.46,7.8348,0.0,rapida_demo,DATOS SINTÉTICOS DE DEMOSTRACIÓN,DEMO: generado localmente,2026-10-08,"('donostia/san sebastián', 'pontevedra')",2026,58.32831600000001,205.11506400000002,263.44338000000005
Donostia/San Sebastián,Salamanca,18_36_R1,500.818,5.6911,0.0,rapida_demo,DATOS SINTÉTICOS DE DEMOSTRACIÓN,DEMO: generado localmente,2026-10-08,"('donostia/san sebastián', 'salamanca')",2026,42.369202800000004,148.992998,191.3622008
Donostia/San Sebastián,Segovia,18_37_R1,396.434,4.5049,0.0,rapida_demo,DATOS SINTÉTICOS DE DEMOSTRACIÓN,DEMO: generado localmente,2026-10-08,"('donostia/san sebastián', 'segovia')",2026,33.53831640000001,117.938282,151.4765984
Donostia/San Sebastián,Sevilla,18_38_R1,927.238,10.5368,0.0,rapida_demo,DATOS SINTÉTICOS DE DEMOSTRACIÓN,DEMO: generado localmente,2026-10-08,"('donostia/san sebastián', 'sevilla')",2026,78.44433480000001,275.85342399999996,354.2977588
Donostia/San Sebastián,Soria,18_39_R1,222.089,2.5237,0.0,rapida_demo,DATOS SINTÉTICOS DE DEMOSTRACIÓN,DEMO: generado localmente,2026-10-08,"('donostia/san sebastián', 'soria')",2026,18.7887294,66.070466,84.8591954
Donostia/San Sebastián,Tarragona,18_40_R1,452.782,5.1453,0.0,rapida_demo,DATOS SINTÉTICOS DE DEMOSTRACIÓN,DEMO: generado localmente,2026-10-08,"('donostia/san sebastián', 'tarragona')",2026,38.3053572,134.70395399999998,173.00931119999998
Donostia/San Sebastián,Teruel,18_41_R1,423.776,4.8156,0.0,rapida_demo,DATOS SINTÉTICOS DE DEMOSTRACIÓN,DEMO: generado localmente,2026-10-08,"('donostia/san sebastián', 'teruel')",2026,35.8514496,126.072408,161.9238576
Donostia/San Sebastián,Toledo,18_42_R1,526.177,5.9793,0.0,rapida_demo,DATOS SINTÉTICOS DE DEMOSTRACIÓN,DEMO: generado localmente,2026-10-08,"('donostia/san sebastián', 'toledo')",2026,44.514574200000006,156.538074,201.0526482
Donostia/San Sebastián,Valencia,18_43_R1,560.969,6.3747,0.0,rapida_demo,DATOS SINTÉTICOS DE DEMOSTRACIÓN,DEMO: generado localmente,2026-10-08,"('donostia/san sebastián', 'valencia')",2026,47.45797740000001,166.889646,214.3476234
Donostia/San Sebastián,Valladolid,18_44_R1,364.463,4.1416,0.0,rapida_demo,DATOS SINTÉTICOS DE DEMOSTRACIÓN,DEMO: generado localmente,2026-10-08,"('donostia/san sebastián', 'valladolid')",2026,30.833569800000006,108.42708800000001,139.26065780000002
Donostia/San Sebastián,Zamora,18_45_R1,461.238,5.2413,0.0,rapida_demo,DATOS SINTÉTICOS DE DEMOSTRACIÓN,DEMO: generado localmente,2026-10-08,"('donostia/san sebastián', 'zamora')",2026,39.02073480000001,137.217234,176.2379688
Donostia/San Sebastián,Zaragoza,18_46_R1,257.838,2.93,0.0,rapida_demo,DATOS SINTÉTICOS DE DEMOSTRACIÓN,DEMO: generado localmente,2026-10-08,"('donostia/san sebastián', 'zaragoza')",2026,21.813094800000005,76.7074,98.52049480000001
Girona,Granada,19_20_R1,958.769,10.8951,0.0,rapida_demo,DATOS SINTÉTICOS DE DEMOSTRACIÓN,DEMO: generado localmente,2026-10-08,"('girona', 'granada')",2026,81.1118574,285.23371799999995,366.3455754
Girona,Guadalajara,19_21_R1,652.978,7.4202,0.0,rapida_demo,DATOS SINTÉTICOS DE DEMOSTRACIÓN,DEMO: generado localmente,2026-10-08,"('girona', 'guadalajara')",2026,55.2419388,194.260836,249.5027748
Girona,Huelva,19_22_R1,1234.413,14.0274,0.0,rapida_demo,DATOS SINTÉTICOS DE DEMOSTRACIÓN,DEMO: generado localmente,2026-10-08,"('girona', 'huelva')",2026,104.43133980000002,367.237332,471.66867179999997
Girona,Huesca,19_23_R1,334.401,3.8,0.0,rapida_demo,DATOS SINTÉTICOS DE DEMOSTRACIÓN,DEMO: generado localmente,2026-10-08,"('girona', 'huesca')",2026,28.290324600000005,99.484,127.7743246
Girona,Jaén,19_24_R1,917.003,10.4205,0.0,rapida_demo,DATOS SINTÉTICOS DE DEMOSTRACIÓN,DEMO: generado localmente,2026-10-08,"('girona', 'jaén')",2026,77.5784538,272.80869,350.3871438
Girona,Logroño,19_25_R1,545.852,6.2029,0.0,rapida_demo,DATOS SINTÉTICOS DE DEMOSTRACIÓN,DEMO: generado localmente,2026-10-08,"('girona', 'logroño')",2026,46.179079200000004,162.391922,208.5710012
Girona,León,19_26_R1,867.436,9.8572,0.0,rapida_demo,DATOS SINTÉTICOS DE DEMOSTRACIÓN,DEMO: generado localmente,2026-10-08,"('girona', 'león')",2026,73.38508560000001,258.06149600000003,331.44658160000006
Girona,Lleida,19_27_R1,233.435,2.6527,0.0,rapida_demo,DATOS SINTÉTICOS DE DEMOSTRACIÓN,DEMO: generado localmente,2026-10-08,"('girona', 'lleida')",2026,19.748601,69.44768599999999,89.19628699999998
Girona,Lugo,19_28_R1,1072.636,12.189,0.0,rapida_demo,DATOS SINTÉTICOS DE DEMOSTRACIÓN,DEMO: generado localmente,2026-10-08,"('girona', 'lugo')",2026,90.74500560000001,319.10802,409.8530256
Girona,Madrid,19_29_R1,715.132,8.1265,0.0,rapida_demo,DATOS SINTÉTICOS DE DEMOSTRACIÓN,DEMO: generado localmente,2026-10-08,"('girona', 'madrid')",2026,60.5001672,212.75177,273.2519372
Girona,Málaga,19_30_R1,1067.22,12.1275,0.0,rapida_demo,DATOS SINTÉTICOS DE DEMOSTRACIÓN,DEMO: generado localmente,2026-10-08,"('girona', 'málaga')",2026,90.28681200000001,317.49795,407.784762
Girona,Murcia,19_31_R1,697.291,7.9238,0.0,rapida_demo,DATOS SINTÉTICOS DE DEMOSTRACIÓN,DEMO: generado localmente,2026-10-08,"('girona', 'murcia')",2026,58.99081860000001,207.445084,266.4359026
Girona,Pamplona/Iruña,19_32_R1,473.121,5.3764,0.0,rapida_demo,DATOS SINTÉTICOS DE DEMOSTRACIÓN,DEMO: generado localmente,2026-10-08,"('girona', 'pamplona/iruña')",2026,40.026036600000005,140.754152,180.7801886
Girona,Ourense,19_33_R1,1101.649,12.5187,0.0,rapida_demo,DATOS SINTÉTICOS DE DEMOSTRACIÓN,DEMO: generado localmente,2026-10-08,"('girona', 'ourense')",2026,93.1995054,327.739566,420.93907140000005
Girona,Palencia,19_34_R1,759.794,8.634,0.0,rapida_demo,DATOS SINTÉTICOS DE DEMOSTRACIÓN,DEMO: generado localmente,2026-10-08,"('girona', 'palencia')",2026,64.2785724,226.03812000000002,290.3166924
Girona,Pontevedra,19_35_R1,1181.807,13.4296,0.0,rapida_demo,DATOS SINTÉTICOS DE DEMOSTRACIÓN,DEMO: generado localmente,2026-10-08,"('girona', 'pontevedra')",2026,99.98087220000001,351.586928,451.5678002
Girona,Salamanca,19_36_R1,894.85,10.1687,0.0,rapida_demo,DATOS SINTÉTICOS DE DEMOSTRACIÓN,DEMO: generado localmente,2026-10-08,"('girona', 'salamanca')",2026,75.70431,266.216566,341.920876
Girona,Segovia,19_37_R1,737.632,8.3822,0.0,rapida_demo,DATOS SINTÉTICOS DE DEMOSTRACIÓN,DEMO: generado localmente,2026-10-08,"('girona', 'segovia')",2026,62.4036672,219.44599599999998,281.8496632
Girona,Sevilla,19_38_R1,1138.208,12.9342,0.0,rapida_demo,DATOS SINTÉTICOS DE DEMOSTRACIÓN,DEMO: generado localmente,2026-10-08,"('girona', 'sevilla')",2026,96.29239680000002,338.61735600000003,434.90975280000004
Girona,Soria,19_39_R1,548.153,6.229,0.0,rapida_demo,DATOS SINTÉTICOS DE DEMOSTRACIÓN,DEMO: generado localmente,2026-10-08,"('girona', 'soria')",2026,46.37374380000001,163.07522,209.4489638
Girona,Tarragona,19_40_R1,202.891,2.3056,0.0,rapida_demo,DATOS SINTÉTICOS DE DEMOSTRACIÓN,DEMO: generado localmente,2026-10-08,"('girona', 'tarragona')",2026,17.164578600000002,60.360608,77.5251866
Girona,Teruel,19_41_R1,470.34,5.3448,0.0,rapida_demo,DATOS SINTÉTICOS DE DEMOSTRACIÓN,DEMO: generado localmente,2026-10-08,"('girona', 'teruel')",2026,39.790764,139.926864,179.717628
Girona,Toledo,19_42_R1,777.503,8.8353,0.0,rapida_demo,DATOS SINTÉTICOS DE DEMOSTRACIÓN,DEMO: generado localmente,2026-10-08,"('girona', 'toledo')",2026,65.77675380000001,231.308154,297.0849078
Girona,Valencia,19_43_R1,485.509,5.5172,0.0,rapida_demo,DATOS SINTÉTICOS DE DEMOSTRACIÓN,DEMO: generado localmente,2026-10-08,"('girona', 'valencia')",2026,41.074061400000005,144.440296,185.5143574
Girona,Valladolid,19_44_R1,783.539,8.9039,0.0,rapida_demo,DATOS SINTÉTICOS DE DEMOSTRACIÓN,DEMO: generado localmente,2026-10-08,"('girona', 'valladolid')",2026,66.28739940000001,233.104102,299.39150140000004
Girona,Zamora,19_45_R1,891.078,10.1259,0.0,rapida_demo,DATOS SINTÉTICOS DE DEMOSTRACIÓN,DEMO: generado localmente,2026-10-08,"('girona', 'zamora')",2026,75.38519880000001,265.09606199999996,340.4812608
Girona,Zaragoza,19_46_R1,386.132,4.3879,0.0,rapida_demo,DATOS SINTÉTICOS DE DEMOSTRACIÓN,DEMO: generado localmente,2026-10-08,"('girona', 'zaragoza')",2026,32.6667672,114.87522200000001,147.54198920000002
Granada,Guadalajara,20_21_R1,483.079,5.4895,0.0,rapida_demo,DATOS SINTÉTICOS DE DEMOSTRACIÓN,DEMO: generado localmente,2026-10-08,"('granada', 'guadalajara')",2026,40.8684834,143.71510999999998,184.58359339999998
Granada,Huelva,20_22_R1,371.066,4.2167,0.0,rapida_demo,DATOS SINTÉTICOS DE DEMOSTRACIÓN,DEMO: generado localmente,2026-10-08,"('granada', 'huelva')",2026,31.392183600000003,110.393206,141.7853896
Granada,Huesca,20_23_R1,769.911,8.749,0.0,rapida_demo,DATOS SINTÉTICOS DE DEMOSTRACIÓN,DEMO: generado localmente,2026-10-08,"('granada', 'huesca')",2026,65.1344706,229.04882,294.1832906
Granada,Jaén,20_24_R1,84.741,0.963,0.0,rapida_demo,DATOS SINTÉTICOS DE DEMOSTRACIÓN,DEMO: generado localmente,2026-10-08,"('granada', 'jaén')",2026,7.1690886,25.21134,32.3804286
Granada,Logroño,20_25_R1,745.878,8.4759,0.0,rapida_demo,DATOS SINTÉTICOS DE DEMOSTRACIÓN,DEMO: generado localmente,2026-10-08,"('granada', 'logroño')",2026,63.10127880000001,221.899062,285.0003408
Granada,León,20_26_R1,782.635,8.8936,0.0,rapida_demo,DATOS SINTÉTICOS DE DEMOSTRACIÓN,DEMO: generado localmente,2026-10-08,"('granada', 'león')",2026,66.210921,232.83444799999998,299.045369
Granada,Lleida,20_27_R1,765.878,8.7032,0.0,rapida_demo,DATOS SINTÉTICOS DE DEMOSTRACIÓN,DEMO: generado localmente,2026-10-08,"('granada', 'lleida')",2026,64.79327880000001,227.84977600000002,292.6430548
Granada,Lugo,20_28_R1,913.484,10.3805,0.0,rapida_demo,DATOS SINTÉTICOS DE DEMOSTRACIÓN,DEMO: generado localmente,2026-10-08,"('granada', 'lugo')",2026,77.28074640000001,271.76149,349.0422364
Granada,Madrid,20_29_R1,451.111,5.1263,0.0,rapida_demo,DATOS SINTÉTICOS DE DEMOSTRACIÓN,DEMO: generado localmente,2026-10-08,"('granada', 'madrid')",2026,38.163990600000005,134.20653399999998,172.37052459999998
Granada,Málaga,20_30_R1,110.473,1.2554,0.0,rapida_demo,DATOS SINTÉTICOS DE DEMOSTRACIÓN,DEMO: generado localmente,2026-10-08,"('granada', 'málaga')",2026,9.3460158,32.866372,42.2123878
Granada,Murcia,20_31_R1,294.243,3.3437,0.0,rapida_demo,DATOS SINTÉTICOS DE DEMOSTRACIÓN,DEMO: generado localmente,2026-10-08,"('granada', 'murcia')",2026,24.8929578,87.538066,112.4310238
Granada,Pamplona/Iruña,20_32_R1,811.58,9.2225,0.0,rapida_demo,DATOS SINTÉTICOS DE DEMOSTRACIÓN,DEMO: generado localmente,2026-10-08,"('granada', 'pamplona/iruña')",2026,68.65966800000001,241.44505,310.10471800000005
Granada,Ourense,20_33_R1,849.634,9.6549,0.0,rapida_demo,DATOS SINTÉTICOS DE DEMOSTRACIÓN,DEMO: generado localmente,2026-10-08,"('granada', 'ourense')",2026,71.8790364,252.76528199999998,324.6443184
Granada,Palencia,20_34_R1,679.679,7.7236,0.0,rapida_demo,DATOS SINTÉTICOS DE DEMOSTRACIÓN,DEMO: generado localmente,2026-10-08,"('granada', 'palencia')",2026,57.5008434,202.203848,259.7046914
Granada,Pontevedra,20_35_R1,907.701,10.3148,0.0,rapida_demo,DATOS SINTÉTICOS DE DEMOSTRACIÓN,DEMO: generado localmente,2026-10-08,"('granada', 'pontevedra')",2026,76.79150460000001,270.041464,346.8329686
Granada,Salamanca,20_36_R1,572.083,6.5009,0.0,rapida_demo,DATOS SINTÉTICOS DE DEMOSTRACIÓN,DEMO: generado localmente,2026-10-08,"('granada', 'salamanca')",2026,48.3982218,170.193562,218.59178379999997
Granada,Segovia,20_37_R1,527.931,5.9992,0.0,rapida_demo,DATOS SINTÉTICOS DE DEMOSTRACIÓN,DEMO: generado localmente,2026-10-08,"('granada', 'segovia')",2026,44.66296260000001,157.059056,201.7220186
Granada,Sevilla,20_38_R1,266.62,3.0298,0.0,rapida_demo,DATOS SINTÉTICOS DE DEMOSTRACIÓN,DEMO: generado localmente,2026-10-08,"('granada', 'sevilla')",2026,22.556052,79.32016399999999,101.876216
Granada,Soria,20_39_R1,649.303,7.3784,0.0,rapida_demo,DATOS SINTÉTICOS DE DEMOSTRACIÓN,DEMO: generado localmente,2026-10-08,"('granada', 'soria')",2026,54.93103380000001,193.166512,248.09754580000003
Granada,Tarragona,20_40_R1,757.395,8.6068,0.0,rapida_demo,DATOS SINTÉTICOS DE DEMOSTRACIÓN,DEMO: generado localmente,2026-10-08,"('granada', 'tarragona')",2026,64.07561700000001,225.326024,289.401641
Granada,Teruel,20_41_R1,516.586,5.8703,0.0,rapida_demo,DATOS SINTÉTICOS DE DEMOSTRACIÓN,DEMO: generado localmente,2026-10-08,"('granada', 'teruel')",2026,43.70317560000001,153.68445400000002,197.38762960000003
Granada,Toledo,20_42_R1,375.683,4.2691,0.0,rapida_demo,DATOS SINTÉTICOS DE DEMOSTRACIÓN,DEMO: generado localmente,2026-10-08,"('granada', 'toledo')",2026,31.782781800000002,111.76503799999999,143.54781979999998
Granada,Valencia,20_43_R1,474.488,5.3919,0.0,rapida_demo,DATOS SINTÉTICOS DE DEMOSTRACIÓN,DEMO: generado localmente,2026-10-08,"('granada', 'valencia')",2026,40.14168480000001,141.159942,181.3016268
Granada,Valladolid,20_44_R1,634.145,7.2062,0.0,rapida_demo,DATOS SINTÉTICOS DE DEMOSTRACIÓN,DEMO: generado localmente,2026-10-08,"('granada', 'valladolid')",2026,53.648667,188.65831599999999,242.306983
Granada,Zamora,20_45_R1,644.52,7.3241,0.0,rapida_demo,DATOS SINTÉTICOS DE DEMOSTRACIÓN,DEMO: generado localmente,2026-10-08,"('granada', 'zamora')",2026,54.526392,191.744938,246.27132999999998
Granada,Zaragoza,20_46_R1,687.993,7.8181,0.0,rapida_demo,DATOS SINTÉTICOS DE DEMOSTRACIÓN,DEMO: generado localmente,2026-10-08,"('granada', 'zaragoza')",2026,58.20420780000001,204.67785800000001,262.8820658
Guadalajara,Huelva,21_22_R1,622.356,7.0722,0.0,rapida_demo,DATOS SINTÉTICOS DE DEMOSTRACIÓN,DEMO: generado localmente,2026-10-08,"('guadalajara', 'huelva')",2026,52.651317600000006,185.150196,237.8015136
Guadalajara,Huesca,21_23_R1,355.802,4.0432,0.0,rapida_demo,DATOS SINTÉTICOS DE DEMOSTRACIÓN,DEMO: generado localmente,2026-10-08,"('guadalajara', 'huesca')",2026,30.100849200000006,105.85097599999999,135.9518252
Guadalajara,Jaén,21_24_R1,404.389,4.5953,0.0,rapida_demo,DATOS SINTÉTICOS DE DEMOSTRACIÓN,DEMO: generado localmente,2026-10-08,"('guadalajara', 'jaén')",2026,34.211309400000005,120.304954,154.5162634
Guadalajara,Logroño,21_25_R1,265.757,3.02,0.0,rapida_demo,DATOS SINTÉTICOS DE DEMOSTRACIÓN,DEMO: generado localmente,2026-10-08,"('guadalajara', 'logroño')",2026,22.483042200000003,79.0636,101.5466422
Guadalajara,León,21_26_R1,370.2,4.2068,0.0,rapida_demo,DATOS SINTÉTICOS DE DEMOSTRACIÓN,DEMO: generado localmente,2026-10-08,"('guadalajara', 'león')",2026,31.318920000000002,110.13402400000001,141.452944
Guadalajara,Lleida,21_27_R1,419.964,4.7723,0.0,rapida_demo,DATOS SINTÉTICOS DE DEMOSTRACIÓN,DEMO: generado localmente,2026-10-08,"('guadalajara', 'lleida')",2026,35.5289544,124.93881400000001,160.4677684
Guadalajara,Lugo,21_28_R1,561.748,6.3835,0.0,rapida_demo,DATOS SINTÉTICOS DE DEMOSTRACIÓN,DEMO: generado localmente,2026-10-08,"('guadalajara', 'lugo')",2026,47.52388080000001,167.12002999999999,214.6439108
Guadalajara,Madrid,21_29_R1,62.936,0.7152,0.0,rapida_demo,DATOS SINTÉTICOS DE DEMOSTRACIÓN,DEMO: generado localmente,2026-10-08,"('guadalajara', 'madrid')",2026,5.3243856,18.723936,24.048321599999998
Guadalajara,Málaga,21_30_R1,560.504,6.3694,0.0,rapida_demo,DATOS SINTÉTICOS DE DEMOSTRACIÓN,DEMO: generado localmente,2026-10-08,"('guadalajara', 'málaga')",2026,47.418638400000006,166.750892,214.16953039999999
Guadalajara,Murcia,21_31_R1,428.554,4.8699,0.0,rapida_demo,DATOS SINTÉTICOS DE DEMOSTRACIÓN,DEMO: generado localmente,2026-10-08,"('guadalajara', 'murcia')",2026,36.255668400000005,127.493982,163.7496504
Guadalajara,Pamplona/Iruña,21_32_R1,342.317,3.89,0.0,rapida_demo,DATOS SINTÉTICOS DE DEMOSTRACIÓN,DEMO: generado localmente,2026-10-08,"('guadalajara', 'pamplona/iruña')",2026,28.960018200000004,101.8402,130.8002182
Guadalajara,Ourense,21_33_R1,543.117,6.1718,0.0,rapida_demo,DATOS SINTÉTICOS DE DEMOSTRACIÓN,DEMO: generado localmente,2026-10-08,"('guadalajara', 'ourense')",2026,45.947698200000005,161.577724,207.52542219999998
Guadalajara,Palencia,21_34_R1,238.682,2.7123,0.0,rapida_demo,DATOS SINTÉTICOS DE DEMOSTRACIÓN,DEMO: generado localmente,2026-10-08,"('guadalajara', 'palencia')",2026,20.192497200000002,71.008014,91.20051120000001
Guadalajara,Pontevedra,21_35_R1,622.352,7.0722,0.0,rapida_demo,DATOS SINTÉTICOS DE DEMOSTRACIÓN,DEMO: generado localmente,2026-10-08,"('guadalajara', 'pontevedra')",2026,52.6509792,185.150196,237.8011752
Guadalajara,Salamanca,21_36_R1,266.658,3.0302,0.0,rapida_demo,DATOS SINTÉTICOS DE DEMOSTRACIÓN,DEMO: generado localmente,2026-10-08,"('guadalajara', 'salamanca')",2026,22.559266800000003,79.330636,101.8899028
Guadalajara,Segovia,21_37_R1,109.901,1.2489,0.0,rapida_demo,DATOS SINTÉTICOS DE DEMOSTRACIÓN,DEMO: generado localmente,2026-10-08,"('guadalajara', 'segovia')",2026,9.2976246,32.696202,41.9938266
Guadalajara,Sevilla,21_38_R1,544.584,6.1885,0.0,rapida_demo,DATOS SINTÉTICOS DE DEMOSTRACIÓN,DEMO: generado localmente,2026-10-08,"('guadalajara', 'sevilla')",2026,46.0718064,162.01493000000002,208.0867364
Guadalajara,Soria,21_39_R1,173.361,1.97,0.0,rapida_demo,DATOS SINTÉTICOS DE DEMOSTRACIÓN,DEMO: generado localmente,2026-10-08,"('guadalajara', 'soria')",2026,14.6663406,51.5746,66.2409406
Guadalajara,Tarragona,21_40_R1,469.485,5.3351,0.0,rapida_demo,DATOS SINTÉTICOS DE DEMOSTRACIÓN,DEMO: generado localmente,2026-10-08,"('guadalajara', 'tarragona')",2026,39.718431,139.67291799999998,179.391349
Guadalajara,Teruel,21_41_R1,221.393,2.5158,0.0,rapida_demo,DATOS SINTÉTICOS DE DEMOSTRACIÓN,DEMO: generado localmente,2026-10-08,"('guadalajara', 'teruel')",2026,18.7298478,65.863644,84.5934918
Guadalajara,Toledo,21_42_R1,141.245,1.6051,0.0,rapida_demo,DATOS SINTÉTICOS DE DEMOSTRACIÓN,DEMO: generado localmente,2026-10-08,"('guadalajara', 'toledo')",2026,11.949327000000002,42.021518,53.970845000000004
Guadalajara,Valencia,21_43_R1,338.026,3.8412,0.0,rapida_demo,DATOS SINTÉTICOS DE DEMOSTRACIÓN,DEMO: generado localmente,2026-10-08,"('guadalajara', 'valencia')",2026,28.596999600000004,100.562616,129.1596156
Guadalajara,Valladolid,21_44_R1,216.241,2.4573,0.0,rapida_demo,DATOS SINTÉTICOS DE DEMOSTRACIÓN,DEMO: generado localmente,2026-10-08,"('guadalajara', 'valladolid')",2026,18.293988600000002,64.332114,82.62610260000001
Guadalajara,Zamora,21_45_R1,296.132,3.3651,0.0,rapida_demo,DATOS SINTÉTICOS DE DEMOSTRACIÓN,DEMO: generado localmente,2026-10-08,"('guadalajara', 'zamora')",2026,25.0527672,88.09831799999999,113.1510852
Guadalajara,Zaragoza,21_46_R1,278.659,3.1666,0.0,rapida_demo,DATOS SINTÉTICOS DE DEMOSTRACIÓN,DEMO: generado localmente,2026-10-08,"('guadalajara', 'zaragoza')",2026,23.5745514,82.90158799999999,106.4761394
Huelva,Huesca,22_23_R1,974.157,11.07,0.0,rapida_demo,DATOS SINTÉTICOS DE DEMOSTRACIÓN,DEMO: generado localmente,2026-10-08,"('huelva', 'huesca')",2026,82.41368220000001,289.81260000000003,372.2262822
Huelva,Jaén,22_24_R1,355.332,4.0379,0.0,rapida_demo,DATOS SINTÉTICOS DE DEMOSTRACIÓN,DEMO: generado localmente,2026-10-08,"('huelva', 'jaén')",2026,30.061087200000003,105.71222199999998,135.77330919999997
Huelva,Logroño,22_25_R1,869.134,9.8765,0.0,rapida_demo,DATOS SINTÉTICOS DE DEMOSTRACIÓN,DEMO: generado localmente,2026-10-08,"('huelva', 'logroño')",2026,73.52873640000001,258.56677,332.09550640000003
Huelva,León,22_26_R1,756.682,8.5987,0.0,rapida_demo,DATOS SINTÉTICOS DE DEMOSTRACIÓN,DEMO: generado localmente,2026-10-08,"('huelva', 'león')",2026,64.0152972,225.11396599999998,289.12926319999997
Huelva,Lleida,22_27_R1,1013.446,11.5164,0.0,rapida_demo,DATOS SINTÉTICOS DE DEMOSTRACIÓN,DEMO: generado localmente,2026-10-08,"('huelva', 'lleida')",2026,85.73753160000001,301.49935200000004,387.23688360000006
Huelva,Lugo,22_28_R1,802.281,9.1168,0.0,rapida_demo,DATOS SINTÉTICOS DE DEMOSTRACIÓN,DEMO: generado localmente,2026-10-08,"('huelva', 'lugo')",2026,67.8729726,238.677824,306.5507966
Huelva,Madrid,22_29_R1,563.471,6.4031,0.0,rapida_demo,DATOS SINTÉTICOS DE DEMOSTRACIÓN,DEMO: generado localmente,2026-10-08,"('huelva', 'madrid')",2026,47.66964660000001,167.633158,215.3028046
Huelva,Málaga,22_30_R1,291.09,3.3078,0.0,rapida_demo,DATOS SINTÉTICOS DE DEMOSTRACIÓN,DEMO: generado localmente,2026-10-08,"('huelva', 'málaga')",2026,24.626214,86.598204,111.224418
Huelva,Murcia,22_31_R1,648.48,7.3691,0.0,rapida_demo,DATOS SINTÉTICOS DE DEMOSTRACIÓN,DEMO: generado localmente,2026-10-08,"('huelva', 'murcia')",2026,54.861408000000004,192.92303800000002,247.78444600000003
Huelva,Pamplona/Iruña,22_32_R1,956.825,10.873,0.0,rapida_demo,DATOS SINTÉTICOS DE DEMOSTRACIÓN,DEMO: generado localmente,2026-10-08,"('huelva', 'pamplona/iruña')",2026,80.94739500000001,284.65513999999996,365.602535
Huelva,Ourense,22_33_R1,712.654,8.0983,0.0,rapida_demo,DATOS SINTÉTICOS DE DEMOSTRACIÓN,DEMO: generado localmente,2026-10-08,"('huelva', 'ourense')",2026,60.29052840000001,212.013494,272.3040224
Huelva,Palencia,22_34_R1,709.603,8.0637,0.0,rapida_demo,DATOS SINTÉTICOS DE DEMOSTRACIÓN,DEMO: generado localmente,2026-10-08,"('huelva', 'palencia')",2026,60.0324138,211.10766600000002,271.1400798
Huelva,Pontevedra,22_35_R1,741.762,8.4291,0.0,rapida_demo,DATOS SINTÉTICOS DE DEMOSTRACIÓN,DEMO: generado localmente,2026-10-08,"('huelva', 'pontevedra')",2026,62.7530652,220.673838,283.42690319999997
Huelva,Salamanca,22_36_R1,533.833,6.0663,0.0,rapida_demo,DATOS SINTÉTICOS DE DEMOSTRACIÓN,DEMO: generado localmente,2026-10-08,"('huelva', 'salamanca')",2026,45.1622718,158.815734,203.9780058
Huelva,Segovia,22_37_R1,596.985,6.7839,0.0,rapida_demo,DATOS SINTÉTICOS DE DEMOSTRACIÓN,DEMO: generado localmente,2026-10-08,"('huelva', 'segovia')",2026,50.504931000000006,177.602502,228.107433
Huelva,Sevilla,22_38_R1,107.154,1.2177,0.0,rapida_demo,DATOS SINTÉTICOS DE DEMOSTRACIÓN,DEMO: generado localmente,2026-10-08,"('huelva', 'sevilla')",2026,9.0652284,31.879386,40.9446144
Huelva,Soria,22_39_R1,789.495,8.9715,0.0,rapida_demo,DATOS SINTÉTICOS DE DEMOSTRACIÓN,DEMO: generado localmente,2026-10-08,"('huelva', 'soria')",2026,66.79127700000001,234.87387,301.66514700000005
Huelva,Tarragona,22_40_R1,1033.287,11.7419,0.0,rapida_demo,DATOS SINTÉTICOS DE DEMOSTRACIÓN,DEMO: generado localmente,2026-10-08,"('huelva', 'tarragona')",2026,87.41608020000001,307.402942,394.8190222
Huelva,Teruel,22_41_R1,764.255,8.6847,0.0,rapida_demo,DATOS SINTÉTICOS DE DEMOSTRACIÓN,DEMO: generado localmente,2026-10-08,"('huelva', 'teruel')",2026,64.655973,227.365446,292.021419
Huelva,Toledo,22_42_R1,481.208,5.4683,0.0,rapida_demo,DATOS SINTÉTICOS DE DEMOSTRACIÓN,DEMO: generado localmente,2026-10-08,"('huelva', 'toledo')",2026,40.710196800000006,143.16009400000002,183.87029080000002
Huelva,Valencia,22_43_R1,779.278,8.8554,0.0,rapida_demo,DATOS SINTÉTICOS DE DEMOSTRACIÓN,DEMO: generado localmente,2026-10-08,"('huelva', 'valencia')",2026,65.92691880000001,231.83437199999997,297.7612908
Huelva,Valladolid,22_44_R1,655.79,7.4522,0.0,rapida_demo,DATOS SINTÉTICOS DE DEMOSTRACIÓN,DEMO: generado localmente,2026-10-08,"('huelva', 'valladolid')",2026,55.479834000000004,195.09859600000001,250.57843000000003
Huelva,Zamora,22_45_R1,604.31,6.8672,0.0,rapida_demo,DATOS SINTÉTICOS DE DEMOSTRACIÓN,DEMO: generado localmente,2026-10-08,"('huelva', 'zamora')",2026,51.124626,179.783296,230.907922
Huelva,Zaragoza,22_46_R1,893.217,10.1502,0.0,rapida_demo,DATOS SINTÉTICOS DE DEMOSTRACIÓN,DEMO: generado localmente,2026-10-08,"('huelva', 'zaragoza')",2026,75.5661582,265.732236,341.2983942
Huesca,Jaén,23_24_R1,706.816,8.032,0.0,rapida_demo,DATOS SINTÉTICOS DE DEMOSTRACIÓN,DEMO: generado localmente,2026-10-08,"('huesca', 'jaén')",2026,59.79663360000001,210.27776,270.0743936
Huesca,Logroño,23_25_R1,213.536,2.4265,0.0,rapida_demo,DATOS SINTÉTICOS DE DEMOSTRACIÓN,DEMO: generado localmente,2026-10-08,"('huesca', 'logroño')",2026,18.0651456,63.525769999999994,81.59091559999999
Huesca,León,23_26_R1,534.125,6.0696,0.0,rapida_demo,DATOS SINTÉTICOS DE DEMOSTRACIÓN,DEMO: generado localmente,2026-10-08,"('huesca', 'león')",2026,45.186975000000004,158.902128,204.08910300000002
Huesca,Lleida,23_27_R1,129.743,1.4743,0.0,rapida_demo,DATOS SINTÉTICOS DE DEMOSTRACIÓN,DEMO: generado localmente,2026-10-08,"('huesca', 'lleida')",2026,10.9762578,38.597173999999995,49.573431799999994
Huesca,Lugo,23_28_R1,741.155,8.4222,0.0,rapida_demo,DATOS SINTÉTICOS DE DEMOSTRACIÓN,DEMO: generado localmente,2026-10-08,"('huesca', 'lugo')",2026,62.701713000000005,220.493196,283.194909
Huesca,Madrid,23_29_R1,418.101,4.7511,0.0,rapida_demo,DATOS SINTÉTICOS DE DEMOSTRACIÓN,DEMO: generado localmente,2026-10-08,"('huesca', 'madrid')",2026,35.3713446,124.383798,159.7551426
Huesca,Málaga,23_30_R1,867.249,9.8551,0.0,rapida_demo,DATOS SINTÉTICOS DE DEMOSTRACIÓN,DEMO: generado localmente,2026-10-08,"('huesca', 'málaga')",2026,73.3692654,258.006518,331.37578340000005
Huesca,Murcia,23_31_R1,582.884,6.6237,0.0,rapida_demo,DATOS SINTÉTICOS DE DEMOSTRACIÓN,DEMO: generado localmente,2026-10-08,"('huesca', 'murcia')",2026,49.31198640000001,173.408466,222.7204524
Huesca,Pamplona/Iruña,23_32_R1,157.847,1.7937,0.0,rapida_demo,DATOS SINTÉTICOS DE DEMOSTRACIÓN,DEMO: generado localmente,2026-10-08,"('huesca', 'pamplona/iruña')",2026,13.353856200000003,46.959066,60.3129222
Huesca,Ourense,23_33_R1,767.371,8.7201,0.0,rapida_demo,DATOS SINTÉTICOS DE DEMOSTRACIÓN,DEMO: generado localmente,2026-10-08,"('huesca', 'ourense')",2026,64.9195866,228.29221800000002,293.21180460000005
Huesca,Palencia,23_34_R1,425.786,4.8385,0.0,rapida_demo,DATOS SINTÉTICOS DE DEMOSTRACIÓN,DEMO: generado localmente,2026-10-08,"('huesca', 'palencia')",2026,36.0214956,126.67192999999999,162.69342559999998
Huesca,Pontevedra,23_35_R1,847.701,9.633,0.0,rapida_demo,DATOS SINTÉTICOS DE DEMOSTRACIÓN,DEMO: generado localmente,2026-10-08,"('huesca', 'pontevedra')",2026,71.7155046,252.19194,323.90744459999996
Huesca,Salamanca,23_36_R1,570.329,6.481,0.0,rapida_demo,DATOS SINTÉTICOS DE DEMOSTRACIÓN,DEMO: generado localmente,2026-10-08,"('huesca', 'salamanca')",2026,48.2498334,169.67257999999998,217.92241339999998
Huesca,Segovia,23_37_R1,420.342,4.7766,0.0,rapida_demo,DATOS SINTÉTICOS DE DEMOSTRACIÓN,DEMO: generado localmente,2026-10-08,"('huesca', 'segovia')",2026,35.5609332,125.051388,160.6123212
Huesca,Sevilla,23_38_R1,889.737,10.1106,0.0,rapida_demo,DATOS SINTÉTICOS DE DEMOSTRACIÓN,DEMO: generado localmente,2026-10-08,"('huesca', 'sevilla')",2026,75.2717502,264.695508,339.9672582
Huesca,Soria,23_39_R1,218.812,2.4865,0.0,rapida_demo,DATOS SINTÉTICOS DE DEMOSTRACIÓN,DEMO: generado localmente,2026-10-08,"('huesca', 'soria')",2026,18.511495200000002,65.09657,83.6080652
Huesca,Tarragona,23_40_R1,223.782,2.543,0.0,rapida_demo,DATOS SINTÉTICOS DE DEMOSTRACIÓN,DEMO: generado localmente,2026-10-08,"('huesca', 'tarragona')",2026,18.931957200000003,66.57574,85.5076972
Huesca,Teruel,23_41_R1,260.245,2.9573,0.0,rapida_demo,DATOS SINTÉTICOS DE DEMOSTRACIÓN,DEMO: generado localmente,2026-10-08,"('huesca', 'teruel')",2026,22.016727000000003,77.422114,99.438841
Huesca,Toledo,23_42_R1,494.591,5.6204,0.0,rapida_demo,DATOS SINTÉTICOS DE DEMOSTRACIÓN,DEMO: generado localmente,2026-10-08,"('huesca', 'toledo')",2026,41.8423986,147.142072,188.9844706
Huesca,Valencia,23_43_R1,371.229,4.2185,0.0,rapida_demo,DATOS SINTÉTICOS DE DEMOSTRACIÓN,DEMO: generado localmente,2026-10-08,"('huesca', 'valencia')",2026,31.4059734,110.44032999999999,141.84630339999998
Huesca,Valladolid,23_44_R1,451.982,5.1362,0.0,rapida_demo,DATOS SINTÉTICOS DE DEMOSTRACIÓN,DEMO: generado localmente,2026-10-08,"('huesca', 'valladolid')",2026,38.23767720000001,134.465716,172.7033932
Huesca,Zamora,23_45_R1,559.853,6.362,0.0,rapida_demo,DATOS SINTÉTICOS DE DEMOSTRACIÓN,DEMO: generado localmente,2026-10-08,"('huesca', 'zamora')",2026,47.3635638,166.55716,213.92072380000002
Huesca,Zaragoza,23_46_R1,82.95,0.9426,0.0,rapida_demo,DATOS SINTÉTICOS DE DEMOSTRACIÓN,DEMO: generado localmente,2026-10-08,"('huesca', 'zaragoza')",2026,7.017570000000001,24.677267999999998,31.694837999999997
Jaén,Logroño,24_25_R1,669.093,7.6033,0.0,rapida_demo,DATOS SINTÉTICOS DE DEMOSTRACIÓN,DEMO: generado localmente,2026-10-08,"('jaén', 'logroño')",2026,56.6052678,199.054394,255.6596618
Jaén,León,24_26_R1,697.899,7.9307,0.0,rapida_demo,DATOS SINTÉTICOS DE DEMOSTRACIÓN,DEMO: generado localmente,2026-10-08,"('jaén', 'león')",2026,59.04225540000001,207.625726,266.6679814
Jaén,Lleida,24_27_R1,713.673,8.1099,0.0,rapida_demo,DATOS SINTÉTICOS DE DEMOSTRACIÓN,DEMO: generado localmente,2026-10-08,"('jaén', 'lleida')",2026,60.376735800000006,212.317182,272.6939178
Jaén,Lugo,24_28_R1,830.69,9.4397,0.0,rapida_demo,DATOS SINTÉTICOS DE DEMOSTRACIÓN,DEMO: generado localmente,2026-10-08,"('jaén', 'lugo')",2026,70.27637400000002,247.131346,317.40772000000004
Jaén,Madrid,24_29_R1,369.106,4.1944,0.0,rapida_demo,DATOS SINTÉTICOS DE DEMOSTRACIÓN,DEMO: generado localmente,2026-10-08,"('jaén', 'madrid')",2026,31.226367600000003,109.809392,141.0357596
Jaén,Málaga,24_30_R1,160.742,1.8266,0.0,rapida_demo,DATOS SINTÉTICOS DE DEMOSTRACIÓN,DEMO: generado localmente,2026-10-08,"('jaén', 'málaga')",2026,13.5987732,47.820388,61.419161200000005
Jaén,Murcia,24_31_R1,293.489,3.3351,0.0,rapida_demo,DATOS SINTÉTICOS DE DEMOSTRACIÓN,DEMO: generado localmente,2026-10-08,"('jaén', 'murcia')",2026,24.8291694,87.31291800000001,112.14208740000001
Jaén,Pamplona/Iruña,24_32_R1,738.34,8.3902,0.0,rapida_demo,DATOS SINTÉTICOS DE DEMOSTRACIÓN,DEMO: generado localmente,2026-10-08,"('jaén', 'pamplona/iruña')",2026,62.46356400000001,219.655436,282.119
Jaén,Ourense,24_33_R1,768.83,8.7367,0.0,rapida_demo,DATOS SINTÉTICOS DE DEMOSTRACIÓN,DEMO: generado localmente,2026-10-08,"('jaén', 'ourense')",2026,65.043018,228.726806,293.769824
Jaén,Palencia,24_34_R1,595.515,6.7672,0.0,rapida_demo,DATOS SINTÉTICOS DE DEMOSTRACIÓN,DEMO: generado localmente,2026-10-08,"('jaén', 'palencia')",2026,50.380569,177.16529599999998,227.545865
Jaén,Pontevedra,24_35_R1,828.795,9.4181,0.0,rapida_demo,DATOS SINTÉTICOS DE DEMOSTRACIÓN,DEMO: generado localmente,2026-10-08,"('jaén', 'pontevedra')",2026,70.116057,246.56585800000002,316.681915
Jaén,Salamanca,24_36_R1,488.272,5.5486,0.0,rapida_demo,DATOS SINTÉTICOS DE DEMOSTRACIÓN,DEMO: generado localmente,2026-10-08,"('jaén', 'salamanca')",2026,41.3078112,145.262348,186.5701592
Jaén,Segovia,24_37_R1,444.278,5.0486,0.0,rapida_demo,DATOS SINTÉTICOS DE DEMOSTRACIÓN,DEMO: generado localmente,2026-10-08,"('jaén', 'segovia')",2026,37.58591880000001,132.172348,169.7582668
Jaén,Sevilla,24_38_R1,248.298,2.8216,0.0,rapida_demo,DATOS SINTÉTICOS DE DEMOSTRACIÓN,DEMO: generado localmente,2026-10-08,"('jaén', 'sevilla')",2026,21.006010800000002,73.869488,94.8754988
Jaén,Soria,24_39_R1,573.533,6.5174,0.0,rapida_demo,DATOS SINTÉTICOS DE DEMOSTRACIÓN,DEMO: generado localmente,2026-10-08,"('jaén', 'soria')",2026,48.52089180000001,170.625532,219.1464238
Jaén,Tarragona,24_40_R1,714.228,8.1162,0.0,rapida_demo,DATOS SINTÉTICOS DE DEMOSTRACIÓN,DEMO: generado localmente,2026-10-08,"('jaén', 'tarragona')",2026,60.4236888,212.482116,272.9058048
Jaén,Teruel,24_41_R1,460.759,5.2359,0.0,rapida_demo,DATOS SINTÉTICOS DE DEMOSTRACIÓN,DEMO: generado localmente,2026-10-08,"('jaén', 'teruel')",2026,38.9802114,137.075862,176.0560734
Jaén,Toledo,24_42_R1,291.869,3.3167,0.0,rapida_demo,DATOS SINTÉTICOS DE DEMOSTRACIÓN,DEMO: generado localmente,2026-10-08,"('jaén', 'toledo')",2026,24.692117400000004,86.831206,111.5233234
Jaén,Valencia,24_43_R1,439.954,4.9995,0.0,rapida_demo,DATOS SINTÉTICOS DE DEMOSTRACIÓN,DEMO: generado localmente,2026-10-08,"('jaén', 'valencia')",2026,37.2201084,130.88691,168.10701840000002
Jaén,Valladolid,24_44_R1,549.614,6.2456,0.0,rapida_demo,DATOS SINTÉTICOS DE DEMOSTRACIÓN,DEMO: generado localmente,2026-10-08,"('jaén', 'valladolid')",2026,46.49734440000001,163.509808,210.0071524
Jaén,Zamora,24_45_R1,560.293,6.367,0.0,rapida_demo,DATOS SINTÉTICOS DE DEMOSTRACIÓN,DEMO: generado localmente,2026-10-08,"('jaén', 'zamora')",2026,47.4007878,166.68806,214.0888478
Jaén,Zaragoza,24_46_R1,624.112,7.0922,0.0,rapida_demo,DATOS SINTÉTICOS DE DEMOSTRACIÓN,DEMO: generado localmente,2026-10-08,"('jaén', 'zaragoza')",2026,52.7998752,185.673796,238.4736712
Logroño,León,25_26_R1,321.614,3.6547,0.0,rapida_demo,DATOS SINTÉTICOS DE DEMOSTRACIÓN,DEMO: generado localmente,2026-10-08,"('león', 'logroño')",2026,27.2085444,95.680046,122.8885904
Logroño,Lleida,25_27_R1,337.862,3.8393,0.0,rapida_demo,DATOS SINTÉTICOS DE DEMOSTRACIÓN,DEMO: generado localmente,2026-10-08,"('lleida', 'logroño')",2026,28.583125200000005,100.512874,129.0959992
Logroño,Lugo,25_28_R1,527.678,5.9963,0.0,rapida_demo,DATOS SINTÉTICOS DE DEMOSTRACIÓN,DEMO: generado localmente,2026-10-08,"('logroño', 'lugo')",2026,44.641558800000006,156.98313399999998,201.6246928
Logroño,Madrid,25_29_R1,313.063,3.5575,0.0,rapida_demo,DATOS SINTÉTICOS DE DEMOSTRACIÓN,DEMO: generado localmente,2026-10-08,"('logroño', 'madrid')",2026,26.485129800000003,93.13535,119.6204798
Logroño,Málaga,25_30_R1,826.157,9.3881,0.0,rapida_demo,DATOS SINTÉTICOS DE DEMOSTRACIÓN,DEMO: generado localmente,2026-10-08,"('logroño', 'málaga')",2026,69.89288220000002,245.78045799999998,315.6733402
Logroño,Murcia,25_31_R1,638.359,7.2541,0.0,rapida_demo,DATOS SINTÉTICOS DE DEMOSTRACIÓN,DEMO: generado localmente,2026-10-08,"('logroño', 'murcia')",2026,54.00517140000001,189.912338,243.91750940000003
Logroño,Pamplona/Iruña,25_32_R1,94.863,1.078,0.0,rapida_demo,DATOS SINTÉTICOS DE DEMOSTRACIÓN,DEMO: generado localmente,2026-10-08,"('logroño', 'pamplona/iruña')",2026,8.0254098,28.22204,36.2474498
Logroño,Ourense,25_33_R1,556.992,6.3295,0.0,rapida_demo,DATOS SINTÉTICOS DE DEMOSTRACIÓN,DEMO: generado localmente,2026-10-08,"('logroño', 'ourense')",2026,47.1215232,165.70631,212.8278332
Logroño,Palencia,25_34_R1,224.541,2.5516,0.0,rapida_demo,DATOS SINTÉTICOS DE DEMOSTRACIÓN,DEMO: generado localmente,2026-10-08,"('logroño', 'palencia')",2026,18.9961686,66.800888,85.7970566
Logroño,Pontevedra,25_35_R1,636.545,7.2335,0.0,rapida_demo,DATOS SINTÉTICOS DE DEMOSTRACIÓN,DEMO: generado localmente,2026-10-08,"('logroño', 'pontevedra')",2026,53.851707000000005,189.37303,243.224737
Logroño,Salamanca,25_36_R1,394.215,4.4797,0.0,rapida_demo,DATOS SINTÉTICOS DE DEMOSTRACIÓN,DEMO: generado localmente,2026-10-08,"('logroño', 'salamanca')",2026,33.350589,117.278546,150.62913500000002
Logroño,Segovia,25_37_R1,273.776,3.1111,0.0,rapida_demo,DATOS SINTÉTICOS DE DEMOSTRACIÓN,DEMO: generado localmente,2026-10-08,"('logroño', 'segovia')",2026,23.161449600000005,81.448598,104.6100476
Logroño,Sevilla,25_38_R1,800.877,9.1009,0.0,rapida_demo,DATOS SINTÉTICOS DE DEMOSTRACIÓN,DEMO: generado localmente,2026-10-08,"('logroño', 'sevilla')",2026,67.7541942,238.26156199999997,306.01575619999994
Logroño,Soria,25_39_R1,97.784,1.1112,0.0,rapida_demo,DATOS SINTÉTICOS DE DEMOSTRACIÓN,DEMO: generado localmente,2026-10-08,"('logroño', 'soria')",2026,8.272526400000002,29.091216,37.3637424
Logroño,Tarragona,25_40_R1,426.13,4.8424,0.0,rapida_demo,DATOS SINTÉTICOS DE DEMOSTRACIÓN,DEMO: generado localmente,2026-10-08,"('logroño', 'tarragona')",2026,36.050598,126.77403199999999,162.82462999999998
Logroño,Teruel,25_41_R1,326.042,3.705,0.0,rapida_demo,DATOS SINTÉTICOS DE DEMOSTRACIÓN,DEMO: generado localmente,2026-10-08,"('logroño', 'teruel')",2026,27.5831532,96.9969,124.5800532
Logroño,Toledo,25_42_R1,398.898,4.5329,0.0,rapida_demo,DATOS SINTÉTICOS DE DEMOSTRACIÓN,DEMO: generado localmente,2026-10-08,"('logroño', 'toledo')",2026,33.74677080000001,118.67132199999999,152.4180928
Logroño,Valencia,25_43_R1,469.296,5.3329,0.0,rapida_demo,DATOS SINTÉTICOS DE DEMOSTRACIÓN,DEMO: generado localmente,2026-10-08,"('logroño', 'valencia')",2026,39.7024416,139.61532200000002,179.31776360000003
Logroño,Valladolid,25_44_R1,261.943,2.9766,0.0,rapida_demo,DATOS SINTÉTICOS DE DEMOSTRACIÓN,DEMO: generado localmente,2026-10-08,"('logroño', 'valladolid')",2026,22.1603778,77.927388,100.0877658
Logroño,Zamora,25_45_R1,366.977,4.1702,0.0,rapida_demo,DATOS SINTÉTICOS DE DEMOSTRACIÓN,DEMO: generado localmente,2026-10-08,"('logroño', 'zamora')",2026,31.0462542,109.175836,140.2220902
Logroño,Zaragoza,25_46_R1,196.597,2.2341,0.0,rapida_demo,DATOS SINTÉTICOS DE DEMOSTRACIÓN,DEMO: generado localmente,2026-10-08,"('logroño', 'zaragoza')",2026,16.632106200000003,58.488738000000005,75.12084420000001
León,Lleida,26_27_R1,653.711,7.4285,0.0,rapida_demo,DATOS SINTÉTICOS DE DEMOSTRACIÓN,DEMO: generado localmente,2026-10-08,"('león', 'lleida')",2026,55.30395060000001,194.47813,249.7820806
León,Lugo,26_28_R1,210.025,2.3867,0.0,rapida_demo,DATOS SINTÉTICOS DE DEMOSTRACIÓN,DEMO: generado localmente,2026-10-08,"('león', 'lugo')",2026,17.768115,62.483805999999994,80.251921
León,Madrid,26_29_R1,360.641,4.0982,0.0,rapida_demo,DATOS SINTÉTICOS DE DEMOSTRACIÓN,DEMO: generado localmente,2026-10-08,"('león', 'madrid')",2026,30.510228600000005,107.29087600000001,137.80110460000003
León,Málaga,26_30_R1,826.256,9.3893,0.0,rapida_demo,DATOS SINTÉTICOS DE DEMOSTRACIÓN,DEMO: generado localmente,2026-10-08,"('león', 'málaga')",2026,69.90125760000001,245.81187400000002,315.7131316
León,Murcia,26_31_R1,795.54,9.0402,0.0,rapida_demo,DATOS SINTÉTICOS DE DEMOSTRACIÓN,DEMO: generado localmente,2026-10-08,"('león', 'murcia')",2026,67.302684,236.672436,303.97512
León,Pamplona/Iruña,26_32_R1,402.509,4.574,0.0,rapida_demo,DATOS SINTÉTICOS DE DEMOSTRACIÓN,DEMO: generado localmente,2026-10-08,"('león', 'pamplona/iruña')",2026,34.052261400000006,119.74731999999999,153.7995814
León,Ourense,26_33_R1,237.559,2.6995,0.0,rapida_demo,DATOS SINTÉTICOS DE DEMOSTRACIÓN,DEMO: generado localmente,2026-10-08,"('león', 'ourense')",2026,20.097491400000003,70.67291,90.7704014
León,Palencia,26_34_R1,134.559,1.5291,0.0,rapida_demo,DATOS SINTÉTICOS DE DEMOSTRACIÓN,DEMO: generado localmente,2026-10-08,"('león', 'palencia')",2026,11.383691400000002,40.031838,51.415529400000004
León,Pontevedra,26_35_R1,315.622,3.5866,0.0,rapida_demo,DATOS SINTÉTICOS DE DEMOSTRACIÓN,DEMO: generado localmente,2026-10-08,"('león', 'pontevedra')",2026,26.701621200000005,93.897188,120.5988092
León,Salamanca,26_36_R1,227.044,2.58,0.0,rapida_demo,DATOS SINTÉTICOS DE DEMOSTRACIÓN,DEMO: generado localmente,2026-10-08,"('león', 'salamanca')",2026,19.207922400000005,67.5444,86.7523224
León,Segovia,26_37_R1,273.853,3.112,0.0,rapida_demo,DATOS SINTÉTICOS DE DEMOSTRACIÓN,DEMO: generado localmente,2026-10-08,"('león', 'segovia')",2026,23.167963800000003,81.47216,104.6401238
León,Sevilla,26_38_R1,725.396,8.2431,0.0,rapida_demo,DATOS SINTÉTICOS DE DEMOSTRACIÓN,DEMO: generado localmente,2026-10-08,"('león', 'sevilla')",2026,61.3685016,215.804358,277.17285960000004
León,Soria,26_39_R1,340.675,3.8713,0.0,rapida_demo,DATOS SINTÉTICOS DE DEMOSTRACIÓN,DEMO: generado localmente,2026-10-08,"('león', 'soria')",2026,28.821105000000003,101.350634,130.171739
León,Tarragona,26_40_R1,735.985,8.3635,0.0,rapida_demo,DATOS SINTÉTICOS DE DEMOSTRACIÓN,DEMO: generado localmente,2026-10-08,"('león', 'tarragona')",2026,62.264331000000006,218.95643,281.22076100000004
León,Teruel,26_41_R1,560.692,6.3715,0.0,rapida_demo,DATOS SINTÉTICOS DE DEMOSTRACIÓN,DEMO: generado localmente,2026-10-08,"('león', 'teruel')",2026,47.43454320000001,166.80587,214.2404132
León,Toledo,26_42_R1,413.961,4.7041,0.0,rapida_demo,DATOS SINTÉTICOS DE DEMOSTRACIÓN,DEMO: generado localmente,2026-10-08,"('león', 'toledo')",2026,35.021100600000004,123.153338,158.1744386
León,Valencia,26_43_R1,696.811,7.9183,0.0,rapida_demo,DATOS SINTÉTICOS DE DEMOSTRACIÓN,DEMO: generado localmente,2026-10-08,"('león', 'valencia')",2026,58.950210600000005,207.301094,266.2513046
León,Valladolid,26_44_R1,157.651,1.7915,0.0,rapida_demo,DATOS SINTÉTICOS DE DEMOSTRACIÓN,DEMO: generado localmente,2026-10-08,"('león', 'valladolid')",2026,13.337274600000002,46.90147,60.238744600000004
León,Zamora,26_45_R1,153.063,1.7394,0.0,rapida_demo,DATOS SINTÉTICOS DE DEMOSTRACIÓN,DEMO: generado localmente,2026-10-08,"('león', 'zamora')",2026,12.9491298,45.537492,58.4866218
León,Zaragoza,26_46_R1,501.479,5.6986,0.0,rapida_demo,DATOS SINTÉTICOS DE DEMOSTRACIÓN,DEMO: generado localmente,2026-10-08,"('león', 'zaragoza')",2026,42.425123400000004,149.189348,191.6144714
Lleida,Lugo,27_28_R1,862.701,9.8034,0.0,rapida_demo,DATOS SINTÉTICOS DE DEMOSTRACIÓN,DEMO: generado localmente,2026-10-08,"('lleida', 'lugo')",2026,72.98450460000001,256.653012,329.6375166
Lleida,Madrid,27_29_R1,482.376,5.4815,0.0,rapida_demo,DATOS SINTÉTICOS DE DEMOSTRACIÓN,DEMO: generado localmente,2026-10-08,"('lleida', 'madrid')",2026,40.8090096,143.50566999999998,184.31467959999998
Lleida,Málaga,27_30_R1,870.271,9.8894,0.0,rapida_demo,DATOS SINTÉTICOS DE DEMOSTRACIÓN,DEMO: generado localmente,2026-10-08,"('lleida', 'málaga')",2026,73.62492660000001,258.904492,332.5294186
Lleida,Murcia,27_31_R1,538.43,6.1185,0.0,rapida_demo,DATOS SINTÉTICOS DE DEMOSTRACIÓN,DEMO: generado localmente,2026-10-08,"('lleida', 'murcia')",2026,45.551178,160.18233,205.733508
Lleida,Pamplona/Iruña,27_32_R1,287.484,3.2669,0.0,rapida_demo,DATOS SINTÉTICOS DE DEMOSTRACIÓN,DEMO: generado localmente,2026-10-08,"('lleida', 'pamplona/iruña')",2026,24.3211464,85.52744200000001,109.84858840000001
Lleida,Ourense,27_33_R1,882.68,10.0305,0.0,rapida_demo,DATOS SINTÉTICOS DE DEMOSTRACIÓN,DEMO: generado localmente,2026-10-08,"('lleida', 'ourense')",2026,74.674728,262.59848999999997,337.273218
Lleida,Palencia,27_34_R1,537.254,6.1052,0.0,rapida_demo,DATOS SINTÉTICOS DE DEMOSTRACIÓN,DEMO: generado localmente,2026-10-08,"('lleida', 'palencia')",2026,45.45168840000001,159.834136,205.28582440000002
Lleida,Pontevedra,27_35_R1,963.762,10.9518,0.0,rapida_demo,DATOS SINTÉTICOS DE DEMOSTRACIÓN,DEMO: generado localmente,2026-10-08,"('lleida', 'pontevedra')",2026,81.53426520000001,286.718124,368.2523892
Lleida,Salamanca,27_36_R1,662.96,7.5336,0.0,rapida_demo,DATOS SINTÉTICOS DE DEMOSTRACIÓN,DEMO: generado localmente,2026-10-08,"('lleida', 'salamanca')",2026,56.08641600000001,197.229648,253.316064
Lleida,Segovia,27_37_R1,504.675,5.7349,0.0,rapida_demo,DATOS SINTÉTICOS DE DEMOSTRACIÓN,DEMO: generado localmente,2026-10-08,"('lleida', 'segovia')",2026,42.695505000000004,150.139682,192.835187
Lleida,Sevilla,27_38_R1,921.072,10.4667,0.0,rapida_demo,DATOS SINTÉTICOS DE DEMOSTRACIÓN,DEMO: generado localmente,2026-10-08,"('lleida', 'sevilla')",2026,77.9226912,274.01820599999996,351.9408972
Lleida,Soria,27_39_R1,321.457,3.6529,0.0,rapida_demo,DATOS SINTÉTICOS DE DEMOSTRACIÓN,DEMO: generado localmente,2026-10-08,"('lleida', 'soria')",2026,27.195262200000002,95.632922,122.8281842
Lleida,Tarragona,27_40_R1,95.186,1.0817,0.0,rapida_demo,DATOS SINTÉTICOS DE DEMOSTRACIÓN,DEMO: generado localmente,2026-10-08,"('lleida', 'tarragona')",2026,8.052735600000002,28.318906000000002,36.371641600000004
Lleida,Teruel,27_41_R1,253.669,2.8826,0.0,rapida_demo,DATOS SINTÉTICOS DE DEMOSTRACIÓN,DEMO: generado localmente,2026-10-08,"('lleida', 'teruel')",2026,21.4603974,75.466468,96.92686540000001
Lleida,Toledo,27_42_R1,547.407,6.2205,0.0,rapida_demo,DATOS SINTÉTICOS DE DEMOSTRACIÓN,DEMO: generado localmente,2026-10-08,"('lleida', 'toledo')",2026,46.31063220000001,162.85269,209.1633222
Lleida,Valencia,27_43_R1,316.412,3.5956,0.0,rapida_demo,DATOS SINTÉTICOS DE DEMOSTRACIÓN,DEMO: generado localmente,2026-10-08,"('lleida', 'valencia')",2026,26.768455200000002,94.132808,120.9012632
Lleida,Valladolid,27_44_R1,556.284,6.3214,0.0,rapida_demo,DATOS SINTÉTICOS DE DEMOSTRACIÓN,DEMO: generado localmente,2026-10-08,"('lleida', 'valladolid')",2026,47.0616264,165.494252,212.55587839999998
Lleida,Zamora,27_45_R1,662.928,7.5333,0.0,rapida_demo,DATOS SINTÉTICOS DE DEMOSTRACIÓN,DEMO: generado localmente,2026-10-08,"('lleida', 'zamora')",2026,56.083708800000004,197.221794,253.3055028
Lleida,Zaragoza,27_46_R1,156.349,1.7767,0.0,rapida_demo,DATOS SINTÉTICOS DE DEMOSTRACIÓN,DEMO: generado localmente,2026-10-08,"('lleida', 'zaragoza')",2026,13.2271254,46.514005999999995,59.74113139999999
Lugo,Madrid,28_29_R1,538.77,6.1224,0.0,rapida_demo,DATOS SINTÉTICOS DE DEMOSTRACIÓN,DEMO: generado localmente,2026-10-08,"('lugo', 'madrid')",2026,45.579942,160.28443199999998,205.864374
Lugo,Málaga,28_30_R1,936.053,10.637,0.0,rapida_demo,DATOS SINTÉTICOS DE DEMOSTRACIÓN,DEMO: generado localmente,2026-10-08,"('lugo', 'málaga')",2026,79.19008380000001,278.47666,357.6667438
Lugo,Murcia,28_31_R1,973.766,11.0655,0.0,rapida_demo,DATOS SINTÉTICOS DE DEMOSTRACIÓN,DEMO: generado localmente,2026-10-08,"('lugo', 'murcia')",2026,82.3806036,289.69479,372.0753936
Lugo,Pamplona/Iruña,28_32_R1,602.198,6.8432,0.0,rapida_demo,DATOS SINTÉTICOS DE DEMOSTRACIÓN,DEMO: generado localmente,2026-10-08,"('lugo', 'pamplona/iruña')",2026,50.945950800000006,179.154976,230.10092680000002
Lugo,Ourense,28_33_R1,98.899,1.1239,0.0,rapida_demo,DATOS SINTÉTICOS DE DEMOSTRACIÓN,DEMO: generado localmente,2026-10-08,"('lugo', 'ourense')",2026,8.3668554,29.423702,37.7905574
Lugo,Palencia,28_34_R1,339.387,3.8567,0.0,rapida_demo,DATOS SINTÉTICOS DE DEMOSTRACIÓN,DEMO: generado localmente,2026-10-08,"('lugo', 'palencia')",2026,28.712140200000004,100.968406,129.6805462
Lugo,Pontevedra,28_35_R1,137.371,1.561,0.0,rapida_demo,DATOS SINTÉTICOS DE DEMOSTRACIÓN,DEMO: generado localmente,2026-10-08,"('lugo', 'pontevedra')",2026,11.621586600000002,40.86698,52.4885666
Lugo,Salamanca,28_36_R1,344.888,3.9192,0.0,rapida_demo,DATOS SINTÉTICOS DE DEMOSTRACIÓN,DEMO: generado localmente,2026-10-08,"('lugo', 'salamanca')",2026,29.1775248,102.604656,131.7821808
Lugo,Segovia,28_37_R1,455.61,5.1774,0.0,rapida_demo,DATOS SINTÉTICOS DE DEMOSTRACIÓN,DEMO: generado localmente,2026-10-08,"('lugo', 'segovia')",2026,38.544606,135.544332,174.08893799999998
Lugo,Sevilla,28_38_R1,798.678,9.0759,0.0,rapida_demo,DATOS SINTÉTICOS DE DEMOSTRACIÓN,DEMO: generado localmente,2026-10-08,"('lugo', 'sevilla')",2026,67.5681588,237.607062,305.17522080000003
Lugo,Soria,28_39_R1,550.591,6.2567,0.0,rapida_demo,DATOS SINTÉTICOS DE DEMOSTRACIÓN,DEMO: generado localmente,2026-10-08,"('lugo', 'soria')",2026,46.5799986,163.800406,210.38040460000002
Lugo,Tarragona,28_40_R1,945.844,10.7482,0.0,rapida_demo,DATOS SINTÉTICOS DE DEMOSTRACIÓN,DEMO: generado localmente,2026-10-08,"('lugo', 'tarragona')",2026,80.01840240000001,281.387876,361.4062784
Lugo,Teruel,28_41_R1,764.803,8.6909,0.0,rapida_demo,DATOS SINTÉTICOS DE DEMOSTRACIÓN,DEMO: generado localmente,2026-10-08,"('lugo', 'teruel')",2026,64.7023338,227.52776199999997,292.23009579999996
Lugo,Toledo,28_42_R1,572.131,6.5015,0.0,rapida_demo,DATOS SINTÉTICOS DE DEMOSTRACIÓN,DEMO: generado localmente,2026-10-08,"('lugo', 'toledo')",2026,48.4022826,170.20927,218.6115526
Lugo,Valencia,28_43_R1,896.704,10.1898,0.0,rapida_demo,DATOS SINTÉTICOS DE DEMOSTRACIÓN,DEMO: generado localmente,2026-10-08,"('lugo', 'valencia')",2026,75.86115840000001,266.768964,342.6301224
Lugo,Valladolid,28_44_R1,346.348,3.9358,0.0,rapida_demo,DATOS SINTÉTICOS DE DEMOSTRACIÓN,DEMO: generado localmente,2026-10-08,"('lugo', 'valladolid')",2026,29.301040800000003,103.039244,132.3402848
Lugo,Zamora,28_45_R1,280.06,3.1825,0.0,rapida_demo,DATOS SINTÉTICOS DE DEMOSTRACIÓN,DEMO: generado localmente,2026-10-08,"('lugo', 'zamora')",2026,23.693076,83.31785,107.01092600000001
Lugo,Zaragoza,28_46_R1,711.306,8.083,0.0,rapida_demo,DATOS SINTÉTICOS DE DEMOSTRACIÓN,DEMO: generado localmente,2026-10-08,"('lugo', 'zaragoza')",2026,60.17648760000001,211.61294,271.7894276
Madrid,Málaga,29_30_R1,520.068,5.9099,0.0,rapida_demo,DATOS SINTÉTICOS DE DEMOSTRACIÓN,DEMO: generado localmente,2026-10-08,"('madrid', 'málaga')",2026,43.9977528,154.721182,198.7189348
Madrid,Murcia,29_31_R1,436.691,4.9624,0.0,rapida_demo,DATOS SINTÉTICOS DE DEMOSTRACIÓN,DEMO: generado localmente,2026-10-08,"('madrid', 'murcia')",2026,36.9440586,129.915632,166.8596906
Madrid,Pamplona/Iruña,29_32_R1,395.574,4.4952,0.0,rapida_demo,DATOS SINTÉTICOS DE DEMOSTRACIÓN,DEMO: generado localmente,2026-10-08,"('madrid', 'pamplona/iruña')",2026,33.4655604,117.68433599999999,151.1498964
Madrid,Ourense,29_33_R1,510.086,5.7964,0.0,rapida_demo,DATOS SINTÉTICOS DE DEMOSTRACIÓN,DEMO: generado localmente,2026-10-08,"('madrid', 'ourense')",2026,43.15327560000001,151.749752,194.9030276
Madrid,Palencia,29_34_R1,238.111,2.7058,0.0,rapida_demo,DATOS SINTÉTICOS DE DEMOSTRACIÓN,DEMO: generado localmente,2026-10-08,"('madrid', 'palencia')",2026,20.1441906,70.837844,90.9820346
Madrid,Pontevedra,29_35_R1,587.183,6.6725,0.0,rapida_demo,DATOS SINTÉTICOS DE DEMOSTRACIÓN,DEMO: generado localmente,2026-10-08,"('madrid', 'pontevedra')",2026,49.67568180000001,174.68605,224.3617318
Madrid,Salamanca,29_36_R1,221.23,2.514,0.0,rapida_demo,DATOS SINTÉTICOS DE DEMOSTRACIÓN,DEMO: generado localmente,2026-10-08,"('madrid', 'salamanca')",2026,18.716058,65.81652,84.532578
Madrid,Segovia,29_37_R1,86.798,0.9863,0.0,rapida_demo,DATOS SINTÉTICOS DE DEMOSTRACIÓN,DEMO: generado localmente,2026-10-08,"('madrid', 'segovia')",2026,7.343110800000001,25.821334,33.1644448
Madrid,Sevilla,29_38_R1,489.278,5.56,0.0,rapida_demo,DATOS SINTÉTICOS DE DEMOSTRACIÓN,DEMO: generado localmente,2026-10-08,"('madrid', 'sevilla')",2026,41.392918800000004,145.5608,186.9537188
Madrid,Soria,29_39_R1,226.804,2.5773,0.0,rapida_demo,DATOS SINTÉTICOS DE DEMOSTRACIÓN,DEMO: generado localmente,2026-10-08,"('madrid', 'soria')",2026,19.1876184,67.473714,86.6613324
Madrid,Tarragona,29_40_R1,529.564,6.0178,0.0,rapida_demo,DATOS SINTÉTICOS DE DEMOSTRACIÓN,DEMO: generado localmente,2026-10-08,"('madrid', 'tarragona')",2026,44.8011144,157.546004,202.3471184
Madrid,Teruel,29_41_R1,273.776,3.1111,0.0,rapida_demo,DATOS SINTÉTICOS DE DEMOSTRACIÓN,DEMO: generado localmente,2026-10-08,"('madrid', 'teruel')",2026,23.161449600000005,81.448598,104.6100476
Madrid,Toledo,29_42_R1,85.836,0.9754,0.0,rapida_demo,DATOS SINTÉTICOS DE DEMOSTRACIÓN,DEMO: generado localmente,2026-10-08,"('madrid', 'toledo')",2026,7.261725600000001,25.535972,32.7976976
Madrid,Valencia,29_43_R1,377.01,4.2842,0.0,rapida_demo,DATOS SINTÉTICOS DE DEMOSTRACIÓN,DEMO: generado localmente,2026-10-08,"('madrid', 'valencia')",2026,31.895046,112.16035600000001,144.05540200000002
Madrid,Valladolid,29_44_R1,202.994,2.3068,0.0,rapida_demo,DATOS SINTÉTICOS DE DEMOSTRACIÓN,DEMO: generado localmente,2026-10-08,"('madrid', 'valladolid')",2026,17.1732924,60.392024,77.5653164
Madrid,Zamora,29_45_R1,263.168,2.9905,0.0,rapida_demo,DATOS SINTÉTICOS DE DEMOSTRACIÓN,DEMO: generado localmente,2026-10-08,"('madrid', 'zamora')",2026,22.264012800000003,78.29129,100.5553028
Madrid,Zaragoza,29_46_R1,341.51,3.8808,0.0,rapida_demo,DATOS SINTÉTICOS DE DEMOSTRACIÓN,DEMO: generado localmente,2026-10-08,"('madrid', 'zaragoza')",2026,28.891746,101.59934399999999,130.49108999999999
Málaga,Murcia,30_31_R1,403.137,4.5811,0.0,rapida_demo,DATOS SINTÉTICOS DE DEMOSTRACIÓN,DEMO: generado localmente,2026-10-08,"('murcia', 'málaga')",2026,34.1053902,119.933198,154.0385882
Málaga,Pamplona/Iruña,30_32_R1,897.674,10.2008,0.0,rapida_demo,DATOS SINTÉTICOS DE DEMOSTRACIÓN,DEMO: generado localmente,2026-10-08,"('málaga', 'pamplona/iruña')",2026,75.9432204,267.056944,343.0001644
Málaga,Ourense,30_33_R1,863.435,9.8118,0.0,rapida_demo,DATOS SINTÉTICOS DE DEMOSTRACIÓN,DEMO: generado localmente,2026-10-08,"('málaga', 'ourense')",2026,73.04660100000001,256.872924,329.919525
Málaga,Palencia,30_34_R1,735.504,8.358,0.0,rapida_demo,DATOS SINTÉTICOS DE DEMOSTRACIÓN,DEMO: generado localmente,2026-10-08,"('málaga', 'palencia')",2026,62.223638400000006,218.81244,281.0360784
Málaga,Pontevedra,30_35_R1,913.926,10.3855,0.0,rapida_demo,DATOS SINTÉTICOS DE DEMOSTRACIÓN,DEMO: generado localmente,2026-10-08,"('málaga', 'pontevedra')",2026,77.31813960000001,271.89239000000003,349.21052960000003
Málaga,Salamanca,30_36_R1,605.327,6.8787,0.0,rapida_demo,DATOS SINTÉTICOS DE DEMOSTRACIÓN,DEMO: generado localmente,2026-10-08,"('málaga', 'salamanca')",2026,51.210664200000004,180.08436600000002,231.2950302
Málaga,Segovia,30_37_R1,588.826,6.6912,0.0,rapida_demo,DATOS SINTÉTICOS DE DEMOSTRACIÓN,DEMO: generado localmente,2026-10-08,"('málaga', 'segovia')",2026,49.814679600000005,175.175616,224.9902956
Málaga,Sevilla,30_38_R1,198.308,2.2535,0.0,rapida_demo,DATOS SINTÉTICOS DE DEMOSTRACIÓN,DEMO: generado localmente,2026-10-08,"('málaga', 'sevilla')",2026,16.7768568,58.996629999999996,75.7734868
Málaga,Soria,30_39_R1,731.64,8.3141,0.0,rapida_demo,DATOS SINTÉTICOS DE DEMOSTRACIÓN,DEMO: generado localmente,2026-10-08,"('málaga', 'soria')",2026,61.896744000000005,217.663138,279.559882
Málaga,Tarragona,30_40_R1,865.295,9.8329,0.0,rapida_demo,DATOS SINTÉTICOS DE DEMOSTRACIÓN,DEMO: generado localmente,2026-10-08,"('málaga', 'tarragona')",2026,73.203957,257.425322,330.629279
Málaga,Teruel,30_41_R1,618.686,7.0305,0.0,rapida_demo,DATOS SINTÉTICOS DE DEMOSTRACIÓN,DEMO: generado localmente,2026-10-08,"('málaga', 'teruel')",2026,52.340835600000005,184.05849,236.3993256
Málaga,Toledo,30_42_R1,437.983,4.9771,0.0,rapida_demo,DATOS SINTÉTICOS DE DEMOSTRACIÓN,DEMO: generado localmente,2026-10-08,"('málaga', 'toledo')",2026,37.053361800000005,130.300478,167.3538398
Málaga,Valencia,30_43_R1,583.941,6.6357,0.0,rapida_demo,DATOS SINTÉTICOS DE DEMOSTRACIÓN,DEMO: generado localmente,2026-10-08,"('málaga', 'valencia')",2026,49.40140860000001,173.722626,223.12403460000002
Málaga,Valladolid,30_44_R1,686.384,7.7998,0.0,rapida_demo,DATOS SINTÉTICOS DE DEMOSTRACIÓN,DEMO: generado localmente,2026-10-08,"('málaga', 'valladolid')",2026,58.068086400000006,204.198764,262.2668504
Málaga,Zamora,30_45_R1,680.211,7.7297,0.0,rapida_demo,DATOS SINTÉTICOS DE DEMOSTRACIÓN,DEMO: generado localmente,2026-10-08,"('málaga', 'zamora')",2026,57.54585060000001,202.363546,259.90939660000004
Málaga,Zaragoza,30_46_R1,784.631,8.9163,0.0,rapida_demo,DATOS SINTÉTICOS DE DEMOSTRACIÓN,DEMO: generado localmente,2026-10-08,"('málaga', 'zaragoza')",2026,66.3797826,233.428734,299.80851659999996
Murcia,Pamplona/Iruña,31_32_R1,674.246,7.6619,0.0,rapida_demo,DATOS SINTÉTICOS DE DEMOSTRACIÓN,DEMO: generado localmente,2026-10-08,"('murcia', 'pamplona/iruña')",2026,57.041211600000004,200.588542,257.6297536
Murcia,Ourense,31_33_R1,936.236,10.639,0.0,rapida_demo,DATOS SINTÉTICOS DE DEMOSTRACIÓN,DEMO: generado localmente,2026-10-08,"('murcia', 'ourense')",2026,79.20556560000001,278.52902,357.7345856
Murcia,Palencia,31_34_R1,666.693,7.5761,0.0,rapida_demo,DATOS SINTÉTICOS DE DEMOSTRACIÓN,DEMO: generado localmente,2026-10-08,"('murcia', 'palencia')",2026,56.402227800000006,198.342298,254.74452580000002
Murcia,Pontevedra,31_35_R1,1008.748,11.463,0.0,rapida_demo,DATOS SINTÉTICOS DE DEMOSTRACIÓN,DEMO: generado localmente,2026-10-08,"('murcia', 'pontevedra')",2026,85.34008080000001,300.10134,385.4414208
Murcia,Salamanca,31_36_R1,638.877,7.26,0.0,rapida_demo,DATOS SINTÉTICOS DE DEMOSTRACIÓN,DEMO: generado localmente,2026-10-08,"('murcia', 'salamanca')",2026,54.0489942,190.0668,244.1157942
Murcia,Segovia,31_37_R1,522.697,5.9397,0.0,rapida_demo,DATOS SINTÉTICOS DE DEMOSTRACIÓN,DEMO: generado localmente,2026-10-08,"('murcia', 'segovia')",2026,44.2201662,155.501346,199.7215122
Murcia,Sevilla,31_38_R1,541.333,6.1515,0.0,rapida_demo,DATOS SINTÉTICOS DE DEMOSTRACIÓN,DEMO: generado localmente,2026-10-08,"('murcia', 'sevilla')",2026,45.7967718,161.04627000000002,206.84304180000004
Murcia,Soria,31_39_R1,544.244,6.1846,0.0,rapida_demo,DATOS SINTÉTICOS DE DEMOSTRACIÓN,DEMO: generado localmente,2026-10-08,"('murcia', 'soria')",2026,46.043042400000004,161.912828,207.95587039999998
Murcia,Tarragona,31_40_R1,504.975,5.7384,0.0,rapida_demo,DATOS SINTÉTICOS DE DEMOSTRACIÓN,DEMO: generado localmente,2026-10-08,"('murcia', 'tarragona')",2026,42.72088500000001,150.231312,192.952197
Murcia,Teruel,31_41_R1,328.046,3.7278,0.0,rapida_demo,DATOS SINTÉTICOS DE DEMOSTRACIÓN,DEMO: generado localmente,2026-10-08,"('murcia', 'teruel')",2026,27.752691600000002,97.59380399999999,125.3464956
Murcia,Toledo,31_42_R1,407.135,4.6265,0.0,rapida_demo,DATOS SINTÉTICOS DE DEMOSTRACIÓN,DEMO: generado localmente,2026-10-08,"('murcia', 'toledo')",2026,34.443621,121.12177,155.565391
Murcia,Valencia,31_43_R1,222.146,2.5244,0.0,rapida_demo,DATOS SINTÉTICOS DE DEMOSTRACIÓN,DEMO: generado localmente,2026-10-08,"('murcia', 'valencia')",2026,18.7935516,66.088792,84.8823436
Murcia,Valladolid,31_44_R1,638.346,7.2539,0.0,rapida_demo,DATOS SINTÉTICOS DE DEMOSTRACIÓN,DEMO: generado localmente,2026-10-08,"('murcia', 'valladolid')",2026,54.0040716,189.90710199999998,243.91117359999998
Murcia,Zamora,31_45_R1,694.698,7.8943,0.0,rapida_demo,DATOS SINTÉTICOS DE DEMOSTRACIÓN,DEMO: generado localmente,2026-10-08,"('murcia', 'zamora')",2026,58.771450800000004,206.672774,265.44422480000003
Murcia,Zaragoza,31_46_R1,511.202,5.8091,0.0,rapida_demo,DATOS SINTÉTICOS DE DEMOSTRACIÓN,DEMO: generado localmente,2026-10-08,"('murcia', 'zaragoza')",2026,43.2476892,152.082238,195.3299272
Pamplona/Iruña,Ourense,32_33_R1,639.944,7.2721,0.0,rapida_demo,DATOS SINTÉTICOS DE DEMOSTRACIÓN,DEMO: generado localmente,2026-10-08,"('ourense', 'pamplona/iruña')",2026,54.1392624,190.383578,244.5228404
Pamplona/Iruña,Palencia,32_34_R1,316.911,3.6013,0.0,rapida_demo,DATOS SINTÉTICOS DE DEMOSTRACIÓN,DEMO: generado localmente,2026-10-08,"('palencia', 'pamplona/iruña')",2026,26.8106706,94.28203400000001,121.09270460000002
Pamplona/Iruña,Pontevedra,32_35_R1,717.954,8.1586,0.0,rapida_demo,DATOS SINTÉTICOS DE DEMOSTRACIÓN,DEMO: generado localmente,2026-10-08,"('pamplona/iruña', 'pontevedra')",2026,60.7389084,213.59214799999998,274.33105639999997
Pamplona/Iruña,Salamanca,32_36_R1,489.075,5.5577,0.0,rapida_demo,DATOS SINTÉTICOS DE DEMOSTRACIÓN,DEMO: generado localmente,2026-10-08,"('pamplona/iruña', 'salamanca')",2026,41.375745,145.500586,186.876331
Pamplona/Iruña,Segovia,32_37_R1,365.018,4.1479,0.0,rapida_demo,DATOS SINTÉTICOS DE DEMOSTRACIÓN,DEMO: generado localmente,2026-10-08,"('pamplona/iruña', 'segovia')",2026,30.8805228,108.592022,139.4725448
Pamplona/Iruña,Sevilla,32_38_R1,884.843,10.055,0.0,rapida_demo,DATOS SINTÉTICOS DE DEMOSTRACIÓN,DEMO: generado localmente,2026-10-08,"('pamplona/iruña', 'sevilla')",2026,74.8577178,263.2399,338.09761779999997
Pamplona/Iruña,Soria,32_39_R1,169.193,1.9226,0.0,rapida_demo,DATOS SINTÉTICOS DE DEMOSTRACIÓN,DEMO: generado localmente,2026-10-08,"('pamplona/iruña', 'soria')",2026,14.313727800000002,50.333668,64.6473958
Pamplona/Iruña,Tarragona,32_40_R1,381.582,4.3362,0.0,rapida_demo,DATOS SINTÉTICOS DE DEMOSTRACIÓN,DEMO: generado localmente,2026-10-08,"('pamplona/iruña', 'tarragona')",2026,32.281837200000005,113.521716,145.8035532
Pamplona/Iruña,Teruel,32_41_R1,348.501,3.9602,0.0,rapida_demo,DATOS SINTÉTICOS DE DEMOSTRACIÓN,DEMO: generado localmente,2026-10-08,"('pamplona/iruña', 'teruel')",2026,29.4831846,103.67803599999999,133.16122059999998
Pamplona/Iruña,Toledo,32_42_R1,480.825,5.4639,0.0,rapida_demo,DATOS SINTÉTICOS DE DEMOSTRACIÓN,DEMO: generado localmente,2026-10-08,"('pamplona/iruña', 'toledo')",2026,40.677795,143.04490199999998,183.72269699999998
Pamplona/Iruña,Valencia,32_43_R1,483.95,5.4994,0.0,rapida_demo,DATOS SINTÉTICOS DE DEMOSTRACIÓN,DEMO: generado localmente,2026-10-08,"('pamplona/iruña', 'valencia')",2026,40.942170000000004,143.974292,184.916462
Pamplona/Iruña,Valladolid,32_44_R1,356.354,4.0495,0.0,rapida_demo,DATOS SINTÉTICOS DE DEMOSTRACIÓN,DEMO: generado localmente,2026-10-08,"('pamplona/iruña', 'valladolid')",2026,30.1475484,106.01591,136.1634584
Pamplona/Iruña,Zamora,32_45_R1,460.433,5.2322,0.0,rapida_demo,DATOS SINTÉTICOS DE DEMOSTRACIÓN,DEMO: generado localmente,2026-10-08,"('pamplona/iruña', 'zamora')",2026,38.952631800000006,136.978996,175.9316278
Pamplona/Iruña,Zaragoza,32_46_R1,179.811,2.0433,0.0,rapida_demo,DATOS SINTÉTICOS DE DEMOSTRACIÓN,DEMO: generado localmente,2026-10-08,"('pamplona/iruña', 'zaragoza')",2026,15.212010600000003,53.493593999999995,68.7056046
Ourense,Palencia,33_34_R1,346.059,3.9325,0.0,rapida_demo,DATOS SINTÉTICOS DE DEMOSTRACIÓN,DEMO: generado localmente,2026-10-08,"('ourense', 'palencia')",2026,29.276591400000004,102.95285,132.2294414
Ourense,Pontevedra,33_35_R1,81.501,0.9261,0.0,rapida_demo,DATOS SINTÉTICOS DE DEMOSTRACIÓN,DEMO: generado localmente,2026-10-08,"('ourense', 'pontevedra')",2026,6.894984600000001,24.245298000000002,31.140282600000003
Ourense,Salamanca,33_36_R1,297.433,3.3799,0.0,rapida_demo,DATOS SINTÉTICOS DE DEMOSTRACIÓN,DEMO: generado localmente,2026-10-08,"('ourense', 'salamanca')",2026,25.162831800000003,88.485782,113.6486138
Ourense,Segovia,33_37_R1,433.461,4.9257,0.0,rapida_demo,DATOS SINTÉTICOS DE DEMOSTRACIÓN,DEMO: generado localmente,2026-10-08,"('ourense', 'segovia')",2026,36.67080060000001,128.954826,165.6256266
Ourense,Sevilla,33_38_R1,715.874,8.1349,0.0,rapida_demo,DATOS SINTÉTICOS DE DEMOSTRACIÓN,DEMO: generado localmente,2026-10-08,"('ourense', 'sevilla')",2026,60.56294040000001,212.971682,273.5346224
Ourense,Soria,33_39_R1,562.876,6.3963,0.0,rapida_demo,DATOS SINTÉTICOS DE DEMOSTRACIÓN,DEMO: generado localmente,2026-10-08,"('ourense', 'soria')",2026,47.6193096,167.455134,215.0744436
Ourense,Tarragona,33_40_R1,960.395,10.9136,0.0,rapida_demo,DATOS SINTÉTICOS DE DEMOSTRACIÓN,DEMO: generado localmente,2026-10-08,"('ourense', 'tarragona')",2026,81.24941700000001,285.718048,366.967465
Ourense,Teruel,33_41_R1,757.162,8.6041,0.0,rapida_demo,DATOS SINTÉTICOS DE DEMOSTRACIÓN,DEMO: generado localmente,2026-10-08,"('ourense', 'teruel')",2026,64.05590520000001,225.25533800000002,289.31124320000004
Ourense,Toledo,33_42_R1,529.42,6.0161,0.0,rapida_demo,DATOS SINTÉTICOS DE DEMOSTRACIÓN,DEMO: generado localmente,2026-10-08,"('ourense', 'toledo')",2026,44.788932,157.501498,202.29043000000001
Ourense,Valencia,33_43_R1,881.14,10.013,0.0,rapida_demo,DATOS SINTÉTICOS DE DEMOSTRACIÓN,DEMO: generado localmente,2026-10-08,"('ourense', 'valencia')",2026,74.54444400000001,262.14034,336.684784
Ourense,Valladolid,33_44_R1,337.471,3.8349,0.0,rapida_demo,DATOS SINTÉTICOS DE DEMOSTRACIÓN,DEMO: generado localmente,2026-10-08,"('ourense', 'valladolid')",2026,28.5500466,100.397682,128.9477286
Ourense,Zamora,33_45_R1,247.558,2.8132,0.0,rapida_demo,DATOS SINTÉTICOS DE DEMOSTRACIÓN,DEMO: generado localmente,2026-10-08,"('ourense', 'zamora')",2026,20.9434068,73.649576,94.5929828
Ourense,Zaragoza,33_46_R1,727.639,8.2686,0.0,rapida_demo,DATOS SINTÉTICOS DE DEMOSTRACIÓN,DEMO: generado localmente,2026-10-08,"('ourense', 'zaragoza')",2026,61.558259400000004,216.47194799999997,278.0302074
Palencia,Pontevedra,34_35_R1,427.446,4.8573,0.0,rapida_demo,DATOS SINTÉTICOS DE DEMOSTRACIÓN,DEMO: generado localmente,2026-10-08,"('palencia', 'pontevedra')",2026,36.1619316,127.16411400000001,163.32604560000001
Palencia,Salamanca,34_36_R1,187.038,2.1254,0.0,rapida_demo,DATOS SINTÉTICOS DE DEMOSTRACIÓN,DEMO: generado localmente,2026-10-08,"('palencia', 'salamanca')",2026,15.823414800000002,55.642972,71.46638680000001
Palencia,Segovia,34_37_R1,153.427,1.7435,0.0,rapida_demo,DATOS SINTÉTICOS DE DEMOSTRACIÓN,DEMO: generado localmente,2026-10-08,"('palencia', 'segovia')",2026,12.979924200000001,45.64483,58.6247542
Palencia,Sevilla,34_38_R1,661.206,7.5137,0.0,rapida_demo,DATOS SINTÉTICOS DE DEMOSTRACIÓN,DEMO: generado localmente,2026-10-08,"('palencia', 'sevilla')",2026,55.938027600000005,196.708666,252.6466936
Palencia,Soria,34_39_R1,216.817,2.4638,0.0,rapida_demo,DATOS SINTÉTICOS DE DEMOSTRACIÓN,DEMO: generado localmente,2026-10-08,"('palencia', 'soria')",2026,18.342718200000004,64.502284,82.84500220000001
Palencia,Tarragona,34_40_R1,614.379,6.9816,0.0,rapida_demo,DATOS SINTÉTICOS DE DEMOSTRACIÓN,DEMO: generado localmente,2026-10-08,"('palencia', 'tarragona')",2026,51.97646340000001,182.778288,234.7547514
Palencia,Teruel,34_41_R1,426.671,4.8485,0.0,rapida_demo,DATOS SINTÉTICOS DE DEMOSTRACIÓN,DEMO: generado localmente,2026-10-08,"('palencia', 'teruel')",2026,36.0963666,126.93372999999998,163.03009659999998
Palencia,Toledo,34_42_R1,304.183,3.4566,0.0,rapida_demo,DATOS SINTÉTICOS DE DEMOSTRACIÓN,DEMO: generado localmente,2026-10-08,"('palencia', 'toledo')",2026,25.733881800000002,90.493788,116.2276698
Palencia,Valencia,34_43_R1,562.253,6.3892,0.0,rapida_demo,DATOS SINTÉTICOS DE DEMOSTRACIÓN,DEMO: generado localmente,2026-10-08,"('palencia', 'valencia')",2026,47.56660380000001,167.26925599999998,214.83585979999998
Palencia,Valladolid,34_44_R1,53.813,0.6115,0.0,rapida_demo,DATOS SINTÉTICOS DE DEMOSTRACIÓN,DEMO: generado localmente,2026-10-08,"('palencia', 'valladolid')",2026,4.552579800000001,16.00907,20.5616498
Palencia,Zamora,34_45_R1,144.289,1.6397,0.0,rapida_demo,DATOS SINTÉTICOS DE DEMOSTRACIÓN,DEMO: generado localmente,2026-10-08,"('palencia', 'zamora')",2026,12.2068494,42.927346,55.134195399999996
Palencia,Zaragoza,34_46_R1,381.739,4.3379,0.0,rapida_demo,DATOS SINTÉTICOS DE DEMOSTRACIÓN,DEMO: generado localmente,2026-10-08,"('palencia', 'zaragoza')",2026,32.295119400000004,113.56622200000001,145.86134140000001
Pontevedra,Salamanca,35_36_R1,370.638,4.2118,0.0,rapida_demo,DATOS SINTÉTICOS DE DEMOSTRACIÓN,DEMO: generado localmente,2026-10-08,"('pontevedra', 'salamanca')",2026,31.355974800000002,110.26492400000001,141.62089880000002
Pontevedra,Segovia,35_37_R1,512.499,5.8239,0.0,rapida_demo,DATOS SINTÉTICOS DE DEMOSTRACIÓN,DEMO: generado localmente,2026-10-08,"('pontevedra', 'segovia')",2026,43.35741540000001,152.469702,195.82711740000002
Pontevedra,Sevilla,35_38_R1,755.774,8.5883,0.0,rapida_demo,DATOS SINTÉTICOS DE DEMOSTRACIÓN,DEMO: generado localmente,2026-10-08,"('pontevedra', 'sevilla')",2026,63.9384804,224.84169400000002,288.7801744
Pontevedra,Soria,35_39_R1,644.249,7.321,0.0,rapida_demo,DATOS SINTÉTICOS DE DEMOSTRACIÓN,DEMO: generado localmente,2026-10-08,"('pontevedra', 'soria')",2026,54.50346540000001,191.66378,246.1672454
Pontevedra,Tarragona,35_40_R1,1041.816,11.8388,0.0,rapida_demo,DATOS SINTÉTICOS DE DEMOSTRACIÓN,DEMO: generado localmente,2026-10-08,"('pontevedra', 'tarragona')",2026,88.13763360000002,309.93978400000003,398.07741760000005
Pontevedra,Teruel,35_41_R1,837.663,9.5189,0.0,rapida_demo,DATOS SINTÉTICOS DE DEMOSTRACIÓN,DEMO: generado localmente,2026-10-08,"('pontevedra', 'teruel')",2026,70.8662898,249.204802,320.0710918
Pontevedra,Toledo,35_42_R1,601.638,6.8368,0.0,rapida_demo,DATOS SINTÉTICOS DE DEMOSTRACIÓN,DEMO: generado localmente,2026-10-08,"('pontevedra', 'toledo')",2026,50.898574800000006,178.987424,229.8859988
Pontevedra,Valencia,35_43_R1,960.216,10.9115,0.0,rapida_demo,DATOS SINTÉTICOS DE DEMOSTRACIÓN,DEMO: generado localmente,2026-10-08,"('pontevedra', 'valencia')",2026,81.23427360000001,285.66307,366.8973436
Pontevedra,Valladolid,35_44_R1,418.664,4.7575,0.0,rapida_demo,DATOS SINTÉTICOS DE DEMOSTRACIÓN,DEMO: generado localmente,2026-10-08,"('pontevedra', 'valladolid')",2026,35.4189744,124.55135,159.9703244
Pontevedra,Zamora,35_45_R1,326.244,3.7073,0.0,rapida_demo,DATOS SINTÉTICOS DE DEMOSTRACIÓN,DEMO: generado localmente,2026-10-08,"('pontevedra', 'zamora')",2026,27.600242400000006,97.057114,124.6573564
Pontevedra,Zaragoza,35_46_R1,808.901,9.1921,0.0,rapida_demo,DATOS SINTÉTICOS DE DEMOSTRACIÓN,DEMO: generado localmente,2026-10-08,"('pontevedra', 'zaragoza')",2026,68.4330246,240.649178,309.0822026
Salamanca,Segovia,36_37_R1,161.597,1.8363,0.0,rapida_demo,DATOS SINTÉTICOS DE DEMOSTRACIÓN,DEMO: generado localmente,2026-10-08,"('salamanca', 'segovia')",2026,13.671106200000002,48.074334,61.745440200000004
Salamanca,Sevilla,36_38_R1,498.437,5.6641,0.0,rapida_demo,DATOS SINTÉTICOS DE DEMOSTRACIÓN,DEMO: generado localmente,2026-10-08,"('salamanca', 'sevilla')",2026,42.16777020000001,148.286138,190.4539082
Salamanca,Soria,36_39_R1,351.672,3.9963,0.0,rapida_demo,DATOS SINTÉTICOS DE DEMOSTRACIÓN,DEMO: generado localmente,2026-10-08,"('salamanca', 'soria')",2026,29.751451200000005,104.62313400000001,134.3745852
Salamanca,Tarragona,36_40_R1,725.335,8.2424,0.0,rapida_demo,DATOS SINTÉTICOS DE DEMOSTRACIÓN,DEMO: generado localmente,2026-10-08,"('salamanca', 'tarragona')",2026,61.36334100000001,215.786032,277.149373
Salamanca,Teruel,36_41_R1,488.034,5.5458,0.0,rapida_demo,DATOS SINTÉTICOS DE DEMOSTRACIÓN,DEMO: generado localmente,2026-10-08,"('salamanca', 'teruel')",2026,41.2876764,145.189044,186.4767204
Salamanca,Toledo,36_42_R1,231.993,2.6363,0.0,rapida_demo,DATOS SINTÉTICOS DE DEMOSTRACIÓN,DEMO: generado localmente,2026-10-08,"('salamanca', 'toledo')",2026,19.626607800000002,69.018334,88.6449418
Salamanca,Valencia,36_43_R1,598.203,6.7978,0.0,rapida_demo,DATOS SINTÉTICOS DE DEMOSTRACIÓN,DEMO: generado localmente,2026-10-08,"('salamanca', 'valencia')",2026,50.6079738,177.96640399999998,228.57437779999998
Salamanca,Valladolid,36_44_R1,136.552,1.5517,0.0,rapida_demo,DATOS SINTÉTICOS DE DEMOSTRACIÓN,DEMO: generado localmente,2026-10-08,"('salamanca', 'valladolid')",2026,11.5522992,40.623506,52.1758052
Salamanca,Zamora,36_45_R1,75.34,0.8561,0.0,rapida_demo,DATOS SINTÉTICOS DE DEMOSTRACIÓN,DEMO: generado localmente,2026-10-08,"('salamanca', 'zamora')",2026,6.373764000000001,22.412698,28.786462
Salamanca,Zaragoza,36_46_R1,508.774,5.7815,0.0,rapida_demo,DATOS SINTÉTICOS DE DEMOSTRACIÓN,DEMO: generado localmente,2026-10-08,"('salamanca', 'zaragoza')",2026,43.0422804,151.35967,194.4019504
Segovia,Sevilla,37_38_R1,534.496,6.0738,0.0,rapida_demo,DATOS SINTÉTICOS DE DEMOSTRACIÓN,DEMO: generado localmente,2026-10-08,"('segovia', 'sevilla')",2026,45.2183616,159.01208400000002,204.23044560000002
Segovia,Soria,37_39_R1,206.761,2.3496,0.0,rapida_demo,DATOS SINTÉTICOS DE DEMOSTRACIÓN,DEMO: generado localmente,2026-10-08,"('segovia', 'soria')",2026,17.4919806,61.512528,79.00450860000001
Segovia,Tarragona,37_40_R1,564.288,6.4124,0.0,rapida_demo,DATOS SINTÉTICOS DE DEMOSTRACIÓN,DEMO: generado localmente,2026-10-08,"('segovia', 'tarragona')",2026,47.738764800000006,167.876632,215.6153968
Segovia,Teruel,37_41_R1,329.067,3.7394,0.0,rapida_demo,DATOS SINTÉTICOS DE DEMOSTRACIÓN,DEMO: generado localmente,2026-10-08,"('segovia', 'teruel')",2026,27.839068200000003,97.897492,125.7365602
Segovia,Toledo,37_42_R1,152.429,1.7322,0.0,rapida_demo,DATOS SINTÉTICOS DE DEMOSTRACIÓN,DEMO: generado localmente,2026-10-08,"('segovia', 'toledo')",2026,12.895493400000001,45.348996,58.2444894
Segovia,Valencia,37_43_R1,447.75,5.0881,0.0,rapida_demo,DATOS SINTÉTICOS DE DEMOSTRACIÓN,DEMO: generado localmente,2026-10-08,"('segovia', 'valencia')",2026,37.879650000000005,133.206458,171.086108
Segovia,Valladolid,37_44_R1,116.202,1.3205,0.0,rapida_demo,DATOS SINTÉTICOS DE DEMOSTRACIÓN,DEMO: generado localmente,2026-10-08,"('segovia', 'valladolid')",2026,9.8306892,34.57069,44.4013792
Segovia,Zamora,37_45_R1,186.258,2.1166,0.0,rapida_demo,DATOS SINTÉTICOS DE DEMOSTRACIÓN,DEMO: generado localmente,2026-10-08,"('segovia', 'zamora')",2026,15.757426800000003,55.412588,71.1700148
Segovia,Zaragoza,37_46_R1,352.904,4.0103,0.0,rapida_demo,DATOS SINTÉTICOS DE DEMOSTRACIÓN,DEMO: generado localmente,2026-10-08,"('segovia', 'zaragoza')",2026,29.855678400000002,104.989654,134.84533240000002
Sevilla,Soria,38_39_R1,715.895,8.1352,0.0,rapida_demo,DATOS SINTÉTICOS DE DEMOSTRACIÓN,DEMO: generado localmente,2026-10-08,"('sevilla', 'soria')",2026,60.564717,212.97953599999997,273.54425299999997
Sevilla,Tarragona,38_40_R1,936.121,10.6377,0.0,rapida_demo,DATOS SINTÉTICOS DE DEMOSTRACIÓN,DEMO: generado localmente,2026-10-08,"('sevilla', 'tarragona')",2026,79.1958366,278.49498600000004,357.69082260000005
Sevilla,Teruel,38_41_R1,669.396,7.6068,0.0,rapida_demo,DATOS SINTÉTICOS DE DEMOSTRACIÓN,DEMO: generado localmente,2026-10-08,"('sevilla', 'teruel')",2026,56.6309016,199.14602399999998,255.77692559999997
Sevilla,Toledo,38_42_R1,404.184,4.593,0.0,rapida_demo,DATOS SINTÉTICOS DE DEMOSTRACIÓN,DEMO: generado localmente,2026-10-08,"('sevilla', 'toledo')",2026,34.19396640000001,120.24474,154.4387064
Sevilla,Valencia,38_43_R1,676.402,7.6864,0.0,rapida_demo,DATOS SINTÉTICOS DE DEMOSTRACIÓN,DEMO: generado localmente,2026-10-08,"('sevilla', 'valencia')",2026,57.22360920000001,201.229952,258.4535612
Sevilla,Valladolid,38_44_R1,607.972,6.9088,0.0,rapida_demo,DATOS SINTÉTICOS DE DEMOSTRACIÓN,DEMO: generado localmente,2026-10-08,"('sevilla', 'valladolid')",2026,51.434431200000006,180.872384,232.30681520000002
Sevilla,Zamora,38_45_R1,572.612,6.507,0.0,rapida_demo,DATOS SINTÉTICOS DE DEMOSTRACIÓN,DEMO: generado localmente,2026-10-08,"('sevilla', 'zamora')",2026,48.4429752,170.35325999999998,218.79623519999998
Sevilla,Zaragoza,38_46_R1,807.682,9.1782,0.0,rapida_demo,DATOS SINTÉTICOS DE DEMOSTRACIÓN,DEMO: generado localmente,2026-10-08,"('sevilla', 'zaragoza')",2026,68.3298972,240.285276,308.6151732
Soria,Tarragona,39_40_R1,397.645,4.5187,0.0,rapida_demo,DATOS SINTÉTICOS DE DEMOSTRACIÓN,DEMO: generado localmente,2026-10-08,"('soria', 'tarragona')",2026,33.640767000000004,118.299566,151.940333
Soria,Teruel,39_41_R1,243.157,2.7631,0.0,rapida_demo,DATOS SINTÉTICOS DE DEMOSTRACIÓN,DEMO: generado localmente,2026-10-08,"('soria', 'teruel')",2026,20.571082200000003,72.337958,92.9090402
Soria,Toledo,39_42_R1,311.754,3.5427,0.0,rapida_demo,DATOS SINTÉTICOS DE DEMOSTRACIÓN,DEMO: generado localmente,2026-10-08,"('soria', 'toledo')",2026,26.374388400000004,92.747886,119.1222744
Soria,Valencia,39_43_R1,387.346,4.4017,0.0,rapida_demo,DATOS SINTÉTICOS DE DEMOSTRACIÓN,DEMO: generado localmente,2026-10-08,"('soria', 'valencia')",2026,32.7694716,115.23650599999999,148.0059776
Soria,Valladolid,39_44_R1,235.484,2.676,0.0,rapida_demo,DATOS SINTÉTICOS DE DEMOSTRACIÓN,DEMO: generado localmente,2026-10-08,"('soria', 'valladolid')",2026,19.921946400000003,70.05768,89.9796264
Soria,Zamora,39_45_R1,342.925,3.8969,0.0,rapida_demo,DATOS SINTÉTICOS DE DEMOSTRACIÓN,DEMO: generado localmente,2026-10-08,"('soria', 'zamora')",2026,29.011455000000005,102.020842,131.032297
Soria,Zaragoza,39_46_R1,165.311,1.8785,0.0,rapida_demo,DATOS SINTÉTICOS DE DEMOSTRACIÓN,DEMO: generado localmente,2026-10-08,"('soria', 'zaragoza')",2026,13.985310600000002,49.17913,63.164440600000006
Tarragona,Teruel,40_41_R1,271.049,3.0801,0.0,rapida_demo,DATOS SINTÉTICOS DE DEMOSTRACIÓN,DEMO: generado localmente,2026-10-08,"('tarragona', 'teruel')",2026,22.9307454,80.637018,103.56776339999999
Tarragona,Toledo,40_42_R1,584.861,6.6461,0.0,rapida_demo,DATOS SINTÉTICOS DE DEMOSTRACIÓN,DEMO: generado localmente,2026-10-08,"('tarragona', 'toledo')",2026,49.479240600000004,173.99489799999998,223.47413859999997
Tarragona,Valencia,40_43_R1,286.971,3.261,0.0,rapida_demo,DATOS SINTÉTICOS DE DEMOSTRACIÓN,DEMO: generado localmente,2026-10-08,"('tarragona', 'valencia')",2026,24.277746600000004,85.37298,109.6507266
Tarragona,Valladolid,40_44_R1,628.206,7.1387,0.0,rapida_demo,DATOS SINTÉTICOS DE DEMOSTRACIÓN,DEMO: generado localmente,2026-10-08,"('tarragona', 'valladolid')",2026,53.14622760000001,186.891166,240.0373936
Tarragona,Zamora,40_45_R1,732.719,8.3263,0.0,rapida_demo,DATOS SINTÉTICOS DE DEMOSTRACIÓN,DEMO: generado localmente,2026-10-08,"('tarragona', 'zamora')",2026,61.98802740000001,217.982534,279.9705614
Tarragona,Zaragoza,40_46_R1,234.542,2.6652,0.0,rapida_demo,DATOS SINTÉTICOS DE DEMOSTRACIÓN,DEMO: generado localmente,2026-10-08,"('tarragona', 'zaragoza')",2026,19.842253200000002,69.774936,89.6171892
Teruel,Toledo,41_42_R1,317.446,3.6073,0.0,rapida_demo,DATOS SINTÉTICOS DE DEMOSTRACIÓN,DEMO: generado localmente,2026-10-08,"('teruel', 'toledo')",2026,26.855931600000005,94.439114,121.29504560000001
Teruel,Valencia,41_43_R1,144.269,1.6394,0.0,rapida_demo,DATOS SINTÉTICOS DE DEMOSTRACIÓN,DEMO: generado localmente,2026-10-08,"('teruel', 'valencia')",2026,12.205157400000001,42.919492,55.124649399999996
Teruel,Valladolid,41_44_R1,421.097,4.7852,0.0,rapida_demo,DATOS SINTÉTICOS DE DEMOSTRACIÓN,DEMO: generado localmente,2026-10-08,"('teruel', 'valladolid')",2026,35.6248062,125.276536,160.9013422
Teruel,Zamora,41_45_R1,513.114,5.8308,0.0,rapida_demo,DATOS SINTÉTICOS DE DEMOSTRACIÓN,DEMO: generado localmente,2026-10-08,"('teruel', 'zamora')",2026,43.409444400000005,152.650344,196.0597884
Teruel,Zaragoza,41_46_R1,184.05,2.0915,0.0,rapida_demo,DATOS SINTÉTICOS DE DEMOSTRACIÓN,DEMO: generado localmente,2026-10-08,"('teruel', 'zaragoza')",2026,15.570630000000003,54.755469999999995,70.3261
Toledo,Valencia,42_43_R1,393.972,4.477,0.0,rapida_demo,DATOS SINTÉTICOS DE DEMOSTRACIÓN,DEMO: generado localmente,2026-10-08,"('toledo', 'valencia')",2026,33.3300312,117.20786000000001,150.53789120000002
Toledo,Valladolid,42_44_R1,260.388,2.959,0.0,rapida_demo,DATOS SINTÉTICOS DE DEMOSTRACIÓN,DEMO: generado localmente,2026-10-08,"('toledo', 'valladolid')",2026,22.0288248,77.46662,99.4954448
Toledo,Zamora,42_45_R1,292.164,3.32,0.0,rapida_demo,DATOS SINTÉTICOS DE DEMOSTRACIÓN,DEMO: generado localmente,2026-10-08,"('toledo', 'zamora')",2026,24.7170744,86.9176,111.6346744
Toledo,Zaragoza,42_46_R1,415.193,4.7181,0.0,rapida_demo,DATOS SINTÉTICOS DE DEMOSTRACIÓN,DEMO: generado localmente,2026-10-08,"('toledo', 'zaragoza')",2026,35.1253278,123.51985799999999,158.64518579999998
Valencia,Valladolid,43_44_R1,550.478,6.2554,0.0,rapida_demo,DATOS SINTÉTICOS DE DEMOSTRACIÓN,DEMO: generado localmente,2026-10-08,"('valencia', 'valladolid')",2026,46.5704388,163.766372,210.3368108
Valencia,Zamora,43_45_R1,633.979,7.2043,0.0,rapida_demo,DATOS SINTÉTICOS DE DEMOSTRACIÓN,DEMO: generado localmente,2026-10-08,"('valencia', 'zamora')",2026,53.63462340000001,188.608574,242.2431974
Valencia,Zaragoza,43_46_R1,308.432,3.5049,0.0,rapida_demo,DATOS SINTÉTICOS DE DEMOSTRACIÓN,DEMO: generado localmente,2026-10-08,"('valencia', 'zaragoza')",2026,26.093347200000004,91.75828200000001,117.85162920000002
Valladolid,Zamora,44_45_R1,107.876,1.2259,0.0,rapida_demo,DATOS SINTÉTICOS DE DEMOSTRACIÓN,DEMO: generado localmente,2026-10-08,"('valladolid', 'zamora')",2026,9.1263096,32.094062,41.2203716
Valladolid,Zaragoza,44_46_R1,399.938,4.5447,0.0,rapida_demo,DATOS SINTÉTICOS DE DEMOSTRACIÓN,DEMO: generado localmente,2026-10-08,"('valladolid', 'zaragoza')",2026,33.8347548,118.980246,152.8150008
Zamora,Zaragoza,45_46_R1,506.684,5.7578,0.0,rapida_demo,DATOS SINTÉTICOS DE DEMOSTRACIÓN,DEMO: generado localmente,2026-10-08,"('zamora', 'zaragoza')",2026,42.86546640000001,150.739204,193.6046704
