origen,destino,route_id,distance_km,time_h,toll_eur,route_type,route_description,source,source_date
Vitoria-Gasteiz,Albacete,00_01_R1,542.042,6.4162,0.0,rapida_demo,DATOS SINTÉTICOS DE DEMOSTRACIÓN,DEMO: generado localmente,2026-10-08
Vitoria-Gasteiz,Albacete,00_01_R2,531.201,7.094,7.2,mixta_demo,DATOS SINTÉTICOS DE DEMOSTRACIÓN,DEMO: generado localmente,2026-10-08
Vitoria-Gasteiz,Albacete,00_01_R3,525.781,7.8241,0.0,economica_demo,DATOS SINTÉTICOS DE DEMOSTRACIÓN,DEMO: generado localmente,2026-10-08
Vitoria-Gasteiz,Alacant/Alicante,00_02_R1,666.976,7.8951,0.0,rapida_demo,DATOS SINTÉTICOS DE DEMOSTRACIÓN,DEMO: generado localmente,2026-10-08
Vitoria-Gasteiz,Alacant/Alicante,00_02_R2,653.637,8.7291,7.2,mixta_demo,DATOS SINTÉTICOS DE DEMOSTRACIÓN,DEMO: generado localmente,2026-10-08
Vitoria-Gasteiz,Alacant/Alicante,00_02_R3,646.967,9.6275,0.0,economica_demo,DATOS SINTÉTICOS DE DEMOSTRACIÓN,DEMO: generado localmente,2026-10-08
Vitoria-Gasteiz,Almería,00_03_R1,835.18,9.8861,0.0,rapida_demo,DATOS SINTÉTICOS DE DEMOSTRACIÓN,DEMO: generado localmente,2026-10-08
Vitoria-Gasteiz,Almería,00_03_R2,818.476,10.9305,7.2,mixta_demo,DATOS SINTÉTICOS DE DEMOSTRACIÓN,DEMO: generado localmente,2026-10-08
Vitoria-Gasteiz,Almería,00_03_R3,810.124,12.0554,0.0,economica_demo,DATOS SINTÉTICOS DE DEMOSTRACIÓN,DEMO: generado localmente,2026-10-08
Vitoria-Gasteiz,Oviedo,00_04_R1,329.73,3.9031,0.0,rapida_demo,DATOS SINTÉTICOS DE DEMOSTRACIÓN,DEMO: generado localmente,2026-10-08
Vitoria-Gasteiz,Oviedo,00_04_R2,323.135,4.3154,7.2,mixta_demo,DATOS SINTÉTICOS DE DEMOSTRACIÓN,DEMO: generado localmente,2026-10-08
Vitoria-Gasteiz,Oviedo,00_04_R3,319.838,4.7595,0.0,economica_demo,DATOS SINTÉTICOS DE DEMOSTRACIÓN,DEMO: generado localmente,2026-10-08
Vitoria-Gasteiz,Ávila,00_05_R1,369.931,4.3789,0.0,rapida_demo,DATOS SINTÉTICOS DE DEMOSTRACIÓN,DEMO: generado localmente,2026-10-08
Vitoria-Gasteiz,Ávila,00_05_R2,362.532,4.8415,7.2,mixta_demo,DATOS SINTÉTICOS DE DEMOSTRACIÓN,DEMO: generado localmente,2026-10-08
Vitoria-Gasteiz,Ávila,00_05_R3,358.833,5.3398,0.0,economica_demo,DATOS SINTÉTICOS DE DEMOSTRACIÓN,DEMO: generado localmente,2026-10-08
Vitoria-Gasteiz,Badajoz,00_06_R1,712.687,8.4362,0.0,rapida_demo,DATOS SINTÉTICOS DE DEMOSTRACIÓN,DEMO: generado localmente,2026-10-08
Vitoria-Gasteiz,Badajoz,00_06_R2,698.434,9.3274,7.2,mixta_demo,DATOS SINTÉTICOS DE DEMOSTRACIÓN,DEMO: generado localmente,2026-10-08
Vitoria-Gasteiz,Badajoz,00_06_R3,691.307,10.2873,0.0,economica_demo,DATOS SINTÉTICOS DE DEMOSTRACIÓN,DEMO: generado localmente,2026-10-08
Vitoria-Gasteiz,Barcelona,00_07_R1,539.783,6.3895,0.0,rapida_demo,DATOS SINTÉTICOS DE DEMOSTRACIÓN,DEMO: generado localmente,2026-10-08
Vitoria-Gasteiz,Barcelona,00_07_R2,528.987,7.0645,7.2,mixta_demo,DATOS SINTÉTICOS DE DEMOSTRACIÓN,DEMO: generado localmente,2026-10-08
Vitoria-Gasteiz,Barcelona,00_07_R3,523.589,7.7915,0.0,economica_demo,DATOS SINTÉTICOS DE DEMOSTRACIÓN,DEMO: generado localmente,2026-10-08
Vitoria-Gasteiz,Bilbao,00_08_R1,63.374,0.7502,0.0,rapida_demo,DATOS SINTÉTICOS DE DEMOSTRACIÓN,DEMO: generado localmente,2026-10-08
Vitoria-Gasteiz,Bilbao,00_08_R2,62.106,0.8294,7.2,mixta_demo,DATOS SINTÉTICOS DE DEMOSTRACIÓN,DEMO: generado localmente,2026-10-08
Vitoria-Gasteiz,Bilbao,00_08_R3,61.472,0.9148,0.0,economica_demo,DATOS SINTÉTICOS DE DEMOSTRACIÓN,DEMO: generado localmente,2026-10-08
Vitoria-Gasteiz,Burgos,00_09_R1,126.708,1.4999,0.0,rapida_demo,DATOS SINTÉTICOS DE DEMOSTRACIÓN,DEMO: generado localmente,2026-10-08
Vitoria-Gasteiz,Burgos,00_09_R2,124.173,1.6583,7.2,mixta_demo,DATOS SINTÉTICOS DE DEMOSTRACIÓN,DEMO: generado localmente,2026-10-08
Vitoria-Gasteiz,Burgos,00_09_R3,122.906,1.829,0.0,economica_demo,DATOS SINTÉTICOS DE DEMOSTRACIÓN,DEMO: generado localmente,2026-10-08
Vitoria-Gasteiz,Cáceres,00_10_R1,607.793,7.1945,0.0,rapida_demo,DATOS SINTÉTICOS DE DEMOSTRACIÓN,DEMO: generado localmente,2026-10-08
Vitoria-Gasteiz,Cáceres,00_10_R2,595.637,7.9546,7.2,mixta_demo,DATOS SINTÉTICOS DE DEMOSTRACIÓN,DEMO: generado localmente,2026-10-08
Vitoria-Gasteiz,Cáceres,00_10_R3,589.559,8.7732,0.0,economica_demo,DATOS SINTÉTICOS DE DEMOSTRACIÓN,DEMO: generado localmente,2026-10-08
Vitoria-Gasteiz,Cádiz,00_11_R1,959.408,11.3566,0.0,rapida_demo,DATOS SINTÉTICOS DE DEMOSTRACIÓN,DEMO: generado localmente,2026-10-08
Vitoria-Gasteiz,Cádiz,00_11_R2,940.22,12.5564,7.2,mixta_demo,DATOS SINTÉTICOS DE DEMOSTRACIÓN,DEMO: generado localmente,2026-10-08
Vitoria-Gasteiz,Cádiz,00_11_R3,930.626,13.8486,0.0,economica_demo,DATOS SINTÉTICOS DE DEMOSTRACIÓN,DEMO: generado localmente,2026-10-08
Vitoria-Gasteiz,Santander,00_12_R1,143.616,1.7,0.0,rapida_demo,DATOS SINTÉTICOS DE DEMOSTRACIÓN,DEMO: generado localmente,2026-10-08
Vitoria-Gasteiz,Santander,00_12_R2,140.743,1.8796,7.2,mixta_demo,DATOS SINTÉTICOS DE DEMOSTRACIÓN,DEMO: generado localmente,2026-10-08
Vitoria-Gasteiz,Santander,00_12_R3,139.307,2.073,0.0,economica_demo,DATOS SINTÉTICOS DE DEMOSTRACIÓN,DEMO: generado localmente,2026-10-08
Vitoria-Gasteiz,Castelló de la Plana/Castellón de la Plana,00_13_R1,483.176,5.7194,0.0,rapida_demo,DATOS SINTÉTICOS DE DEMOSTRACIÓN,DEMO: generado localmente,2026-10-08
Vitoria-Gasteiz,Castelló de la Plana/Castellón de la Plana,00_13_R2,473.513,6.3236,7.2,mixta_demo,DATOS SINTÉTICOS DE DEMOSTRACIÓN,DEMO: generado localmente,2026-10-08
Vitoria-Gasteiz,Castelló de la Plana/Castellón de la Plana,00_13_R3,468.681,6.9744,0.0,economica_demo,DATOS SINTÉTICOS DE DEMOSTRACIÓN,DEMO: generado localmente,2026-10-08
Vitoria-Gasteiz,Ciudad Real,00_14_R1,552.74,6.5429,0.0,rapida_demo,DATOS SINTÉTICOS DE DEMOSTRACIÓN,DEMO: generado localmente,2026-10-08
Vitoria-Gasteiz,Ciudad Real,00_14_R2,541.686,7.234,7.2,mixta_demo,DATOS SINTÉTICOS DE DEMOSTRACIÓN,DEMO: generado localmente,2026-10-08
Vitoria-Gasteiz,Ciudad Real,00_14_R3,536.158,7.9785,0.0,economica_demo,DATOS SINTÉTICOS DE DEMOSTRACIÓN,DEMO: generado localmente,2026-10-08
Vitoria-Gasteiz,Córdoba,00_15_R1,724.664,8.5779,0.0,rapida_demo,DATOS SINTÉTICOS DE DEMOSTRACIÓN,DEMO: generado localmente,2026-10-08
Vitoria-Gasteiz,Córdoba,00_15_R2,710.171,9.4841,7.2,mixta_demo,DATOS SINTÉTICOS DE DEMOSTRACIÓN,DEMO: generado localmente,2026-10-08
Vitoria-Gasteiz,Córdoba,00_15_R3,702.924,10.4602,0.0,economica_demo,DATOS SINTÉTICOS DE DEMOSTRACIÓN,DEMO: generado localmente,2026-10-08
Vitoria-Gasteiz,A Coruña,00_16_R1,585.219,6.9273,0.0,rapida_demo,DATOS SINTÉTICOS DE DEMOSTRACIÓN,DEMO: generado localmente,2026-10-08
Vitoria-Gasteiz,A Coruña,00_16_R2,573.515,7.6591,7.2,mixta_demo,DATOS SINTÉTICOS DE DEMOSTRACIÓN,DEMO: generado localmente,2026-10-08
Vitoria-Gasteiz,A Coruña,00_16_R3,567.663,8.4474,0.0,economica_demo,DATOS SINTÉTICOS DE DEMOSTRACIÓN,DEMO: generado localmente,2026-10-08
Vitoria-Gasteiz,Cuenca,00_17_R1,388.989,4.6045,0.0,rapida_demo,DATOS SINTÉTICOS DE DEMOSTRACIÓN,DEMO: generado localmente,2026-10-08
Vitoria-Gasteiz,Cuenca,00_17_R2,381.21,5.0909,7.2,mixta_demo,DATOS SINTÉTICOS DE DEMOSTRACIÓN,DEMO: generado localmente,2026-10-08
Vitoria-Gasteiz,Cuenca,00_17_R3,377.32,5.6149,0.0,economica_demo,DATOS SINTÉTICOS DE DEMOSTRACIÓN,DEMO: generado localmente,2026-10-08
Vitoria-Gasteiz,Donostia/San Sebastián,00_18_R1,95.977,1.1361,0.0,rapida_demo,DATOS SINTÉTICOS DE DEMOSTRACIÓN,DEMO: generado localmente,2026-10-08
Vitoria-Gasteiz,Donostia/San Sebastián,00_18_R2,94.057,1.2561,7.2,mixta_demo,DATOS SINTÉTICOS DE DEMOSTRACIÓN,DEMO: generado localmente,2026-10-08
Vitoria-Gasteiz,Donostia/San Sebastián,00_18_R3,93.098,1.3854,0.0,economica_demo,DATOS SINTÉTICOS DE DEMOSTRACIÓN,DEMO: generado localmente,2026-10-08
Vitoria-Gasteiz,Girona,00_19_R1,576.614,6.8254,0.0,rapida_demo,DATOS SINTÉTICOS DE DEMOSTRACIÓN,DEMO: generado localmente,2026-10-08
Vitoria-Gasteiz,Girona,00_19_R2,565.081,7.5465,7.2,mixta_demo,DATOS SINTÉTICOS DE DEMOSTRACIÓN,DEMO: generado localmente,2026-10-08
Vitoria-Gasteiz,Girona,00_19_R3,559.315,8.3231,0.0,economica_demo,DATOS SINTÉTICOS DE DEMOSTRACIÓN,DEMO: generado localmente,2026-10-08
Vitoria-Gasteiz,Granada,00_20_R1,794.574,9.4055,0.0,rapida_demo,DATOS SINTÉTICOS DE DEMOSTRACIÓN,DEMO: generado localmente,2026-10-08
Vitoria-Gasteiz,Granada,00_20_R2,778.683,10.3991,7.2,mixta_demo,DATOS SINTÉTICOS DE DEMOSTRACIÓN,DEMO: generado localmente,2026-10-08
Vitoria-Gasteiz,Granada,00_20_R3,770.737,11.4693,0.0,economica_demo,DATOS SINTÉTICOS DE DEMOSTRACIÓN,DEMO: generado localmente,2026-10-08
Vitoria-Gasteiz,Guadalajara,00_21_R1,311.877,3.6917,0.0,rapida_demo,DATOS SINTÉTICOS DE DEMOSTRACIÓN,DEMO: generado localmente,2026-10-08
Vitoria-Gasteiz,Guadalajara,00_21_R2,305.639,4.0817,7.2,mixta_demo,DATOS SINTÉTICOS DE DEMOSTRACIÓN,DEMO: generado localmente,2026-10-08
Vitoria-Gasteiz,Guadalajara,00_21_R3,302.52,4.5018,0.0,economica_demo,DATOS SINTÉTICOS DE DEMOSTRACIÓN,DEMO: generado localmente,2026-10-08
Vitoria-Gasteiz,Huelva,00_22_R1,900.162,10.6553,0.0,rapida_demo,DATOS SINTÉTICOS DE DEMOSTRACIÓN,DEMO: generado localmente,2026-10-08
Vitoria-Gasteiz,Huelva,00_22_R2,882.159,11.781,7.2,mixta_demo,DATOS SINTÉTICOS DE DEMOSTRACIÓN,DEMO: generado localmente,2026-10-08
Vitoria-Gasteiz,Huelva,00_22_R3,873.157,12.9934,0.0,economica_demo,DATOS SINTÉTICOS DE DEMOSTRACIÓN,DEMO: generado localmente,2026-10-08
Vitoria-Gasteiz,Huesca,00_23_R1,251.863,2.9813,0.0,rapida_demo,DATOS SINTÉTICOS DE DEMOSTRACIÓN,DEMO: generado localmente,2026-10-08
Vitoria-Gasteiz,Huesca,00_23_R2,246.826,3.2963,7.2,mixta_demo,DATOS SINTÉTICOS DE DEMOSTRACIÓN,DEMO: generado localmente,2026-10-08
Vitoria-Gasteiz,Huesca,00_23_R3,244.307,3.6355,0.0,economica_demo,DATOS SINTÉTICOS DE DEMOSTRACIÓN,DEMO: generado localmente,2026-10-08
Vitoria-Gasteiz,Jaén,00_24_R1,716.26,8.4785,0.0,rapida_demo,DATOS SINTÉTICOS DE DEMOSTRACIÓN,DEMO: generado localmente,2026-10-08
Vitoria-Gasteiz,Jaén,00_24_R2,701.935,9.3741,7.2,mixta_demo,DATOS SINTÉTICOS DE DEMOSTRACIÓN,DEMO: generado localmente,2026-10-08
Vitoria-Gasteiz,Jaén,00_24_R3,694.772,10.3389,0.0,economica_demo,DATOS SINTÉTICOS DE DEMOSTRACIÓN,DEMO: generado localmente,2026-10-08
Vitoria-Gasteiz,Logroño,00_25_R1,58.015,0.6867,0.0,rapida_demo,DATOS SINTÉTICOS DE DEMOSTRACIÓN,DEMO: generado localmente,2026-10-08
Vitoria-Gasteiz,Logroño,00_25_R2,56.855,0.7593,7.2,mixta_demo,DATOS SINTÉTICOS DE DEMOSTRACIÓN,DEMO: generado localmente,2026-10-08
Vitoria-Gasteiz,Logroño,00_25_R3,56.274,0.8374,0.0,economica_demo,DATOS SINTÉTICOS DE DEMOSTRACIÓN,DEMO: generado localmente,2026-10-08
Vitoria-Gasteiz,León,00_26_R1,298.32,3.5312,0.0,rapida_demo,DATOS SINTÉTICOS DE DEMOSTRACIÓN,DEMO: generado localmente,2026-10-08
Vitoria-Gasteiz,León,00_26_R2,292.353,3.9043,7.2,mixta_demo,DATOS SINTÉTICOS DE DEMOSTRACIÓN,DEMO: generado localmente,2026-10-08
Vitoria-Gasteiz,León,00_26_R3,289.37,4.3061,0.0,economica_demo,DATOS SINTÉTICOS DE DEMOSTRACIÓN,DEMO: generado localmente,2026-10-08
Vitoria-Gasteiz,Lleida,00_27_R1,380.237,4.5009,0.0,rapida_demo,DATOS SINTÉTICOS DE DEMOSTRACIÓN,DEMO: generado localmente,2026-10-08
Vitoria-Gasteiz,Lleida,00_27_R2,372.632,4.9764,7.2,mixta_demo,DATOS SINTÉTICOS DE DEMOSTRACIÓN,DEMO: generado localmente,2026-10-08
Vitoria-Gasteiz,Lleida,00_27_R3,368.83,5.4885,0.0,economica_demo,DATOS SINTÉTICOS DE DEMOSTRACIÓN,DEMO: generado localmente,2026-10-08
Vitoria-Gasteiz,Lugo,00_28_R1,497.429,5.8881,0.0,rapida_demo,DATOS SINTÉTICOS DE DEMOSTRACIÓN,DEMO: generado localmente,2026-10-08
Vitoria-Gasteiz,Lugo,00_28_R2,487.48,6.5102,7.2,mixta_demo,DATOS SINTÉTICOS DE DEMOSTRACIÓN,DEMO: generado localmente,2026-10-08
Vitoria-Gasteiz,Lugo,00_28_R3,482.506,7.1801,0.0,economica_demo,DATOS SINTÉTICOS DE DEMOSTRACIÓN,DEMO: generado localmente,2026-10-08
Vitoria-Gasteiz,Madrid,00_29_R1,353.675,4.1865,0.0,rapida_demo,DATOS SINTÉTICOS DE DEMOSTRACIÓN,DEMO: generado localmente,2026-10-08
Vitoria-Gasteiz,Madrid,00_29_R2,346.602,4.6288,7.2,mixta_demo,DATOS SINTÉTICOS DE DEMOSTRACIÓN,DEMO: generado localmente,2026-10-08
Vitoria-Gasteiz,Madrid,00_29_R3,343.065,5.1051,0.0,economica_demo,DATOS SINTÉTICOS DE DEMOSTRACIÓN,DEMO: generado localmente,2026-10-08
Vitoria-Gasteiz,Málaga,00_30_R1,871.6,10.3172,0.0,rapida_demo,DATOS SINTÉTICOS DE DEMOSTRACIÓN,DEMO: generado localmente,2026-10-08
Vitoria-Gasteiz,Málaga,00_30_R2,854.168,11.4072,7.2,mixta_demo,DATOS SINTÉTICOS DE DEMOSTRACIÓN,DEMO: generado localmente,2026-10-08
Vitoria-Gasteiz,Málaga,00_30_R3,845.452,12.5811,0.0,economica_demo,DATOS SINTÉTICOS DE DEMOSTRACIÓN,DEMO: generado localmente,2026-10-08
Vitoria-Gasteiz,Murcia,00_31_R1,695.361,8.2311,0.0,rapida_demo,DATOS SINTÉTICOS DE DEMOSTRACIÓN,DEMO: generado localmente,2026-10-08
Vitoria-Gasteiz,Murcia,00_31_R2,681.454,9.1006,7.2,mixta_demo,DATOS SINTÉTICOS DE DEMOSTRACIÓN,DEMO: generado localmente,2026-10-08
Vitoria-Gasteiz,Murcia,00_31_R3,674.5,10.0372,0.0,economica_demo,DATOS SINTÉTICOS DE DEMOSTRACIÓN,DEMO: generado localmente,2026-10-08
Vitoria-Gasteiz,Pamplona/Iruña,00_32_R1,104.85,1.2411,0.0,rapida_demo,DATOS SINTÉTICOS DE DEMOSTRACIÓN,DEMO: generado localmente,2026-10-08
Vitoria-Gasteiz,Pamplona/Iruña,00_32_R2,102.753,1.3722,7.2,mixta_demo,DATOS SINTÉTICOS DE DEMOSTRACIÓN,DEMO: generado localmente,2026-10-08
Vitoria-Gasteiz,Pamplona/Iruña,00_32_R3,101.705,1.5135,0.0,economica_demo,DATOS SINTÉTICOS DE DEMOSTRACIÓN,DEMO: generado localmente,2026-10-08
Vitoria-Gasteiz,Ourense,00_33_R1,535.876,6.3432,0.0,rapida_demo,DATOS SINTÉTICOS DE DEMOSTRACIÓN,DEMO: generado localmente,2026-10-08
Vitoria-Gasteiz,Ourense,00_33_R2,525.158,7.0133,7.2,mixta_demo,DATOS SINTÉTICOS DE DEMOSTRACIÓN,DEMO: generado localmente,2026-10-08
Vitoria-Gasteiz,Ourense,00_33_R3,519.799,7.7351,0.0,economica_demo,DATOS SINTÉTICOS DE DEMOSTRACIÓN,DEMO: generado localmente,2026-10-08
Vitoria-Gasteiz,Palencia,00_34_R1,223.429,2.6448,0.0,rapida_demo,DATOS SINTÉTICOS DE DEMOSTRACIÓN,DEMO: generado localmente,2026-10-08
Vitoria-Gasteiz,Palencia,00_34_R2,218.96,2.9241,7.2,mixta_demo,DATOS SINTÉTICOS DE DEMOSTRACIÓN,DEMO: generado localmente,2026-10-08
Vitoria-Gasteiz,Palencia,00_34_R3,216.726,3.2251,0.0,economica_demo,DATOS SINTÉTICOS DE DEMOSTRACIÓN,DEMO: generado localmente,2026-10-08
Vitoria-Gasteiz,Pontevedra,00_35_R1,613.467,7.2617,0.0,rapida_demo,DATOS SINTÉTICOS DE DEMOSTRACIÓN,DEMO: generado localmente,2026-10-08
Vitoria-Gasteiz,Pontevedra,00_35_R2,601.198,8.0288,7.2,mixta_demo,DATOS SINTÉTICOS DE DEMOSTRACIÓN,DEMO: generado localmente,2026-10-08
Vitoria-Gasteiz,Pontevedra,00_35_R3,595.063,8.8551,0.0,economica_demo,DATOS SINTÉTICOS DE DEMOSTRACIÓN,DEMO: generado localmente,2026-10-08
Vitoria-Gasteiz,Salamanca,00_36_R1,405.077,4.7949,0.0,rapida_demo,DATOS SINTÉTICOS DE DEMOSTRACIÓN,DEMO: generado localmente,2026-10-08
Vitoria-Gasteiz,Salamanca,00_36_R2,396.975,5.3015,7.2,mixta_demo,DATOS SINTÉTICOS DE DEMOSTRACIÓN,DEMO: generado localmente,2026-10-08
Vitoria-Gasteiz,Salamanca,00_36_R3,392.925,5.8471,0.0,economica_demo,DATOS SINTÉTICOS DE DEMOSTRACIÓN,DEMO: generado localmente,2026-10-08
Vitoria-Gasteiz,Segovia,00_37_R1,303.353,3.5908,0.0,rapida_demo,DATOS SINTÉTICOS DE DEMOSTRACIÓN,DEMO: generado localmente,2026-10-08
Vitoria-Gasteiz,Segovia,00_37_R2,297.286,3.9702,7.2,mixta_demo,DATOS SINTÉTICOS DE DEMOSTRACIÓN,DEMO: generado localmente,2026-10-08
Vitoria-Gasteiz,Segovia,00_37_R3,294.252,4.3788,0.0,economica_demo,DATOS SINTÉTICOS DE DEMOSTRACIÓN,DEMO: generado localmente,2026-10-08
Vitoria-Gasteiz,Sevilla,00_38_R1,836.621,9.9032,0.0,rapida_demo,DATOS SINTÉTICOS DE DEMOSTRACIÓN,DEMO: generado localmente,2026-10-08
Vitoria-Gasteiz,Sevilla,00_38_R2,819.889,10.9494,7.2,mixta_demo,DATOS SINTÉTICOS DE DEMOSTRACIÓN,DEMO: generado localmente,2026-10-08
Vitoria-Gasteiz,Sevilla,00_38_R3,811.523,12.0762,0.0,economica_demo,DATOS SINTÉTICOS DE DEMOSTRACIÓN,DEMO: generado localmente,2026-10-08
Vitoria-Gasteiz,Soria,00_39_R1,152.154,1.8011,0.0,rapida_demo,DATOS SINTÉTICOS DE DEMOSTRACIÓN,DEMO: generado localmente,2026-10-08
Vitoria-Gasteiz,Soria,00_39_R2,149.111,1.9913,7.2,mixta_demo,DATOS SINTÉTICOS DE DEMOSTRACIÓN,DEMO: generado localmente,2026-10-08
Vitoria-Gasteiz,Soria,00_39_R3,147.589,2.1963,0.0,economica_demo,DATOS SINTÉTICOS DE DEMOSTRACIÓN,DEMO: generado localmente,2026-10-08
Vitoria-Gasteiz,Tarragona,00_40_R1,471.479,5.581,0.0,rapida_demo,DATOS SINTÉTICOS DE DEMOSTRACIÓN,DEMO: generado localmente,2026-10-08
Vitoria-Gasteiz,Tarragona,00_40_R2,462.05,6.1705,7.2,mixta_demo,DATOS SINTÉTICOS DE DEMOSTRACIÓN,DEMO: generado localmente,2026-10-08
Vitoria-Gasteiz,Tarragona,00_40_R3,457.335,6.8056,0.0,economica_demo,DATOS SINTÉTICOS DE DEMOSTRACIÓN,DEMO: generado localmente,2026-10-08
Vitoria-Gasteiz,Teruel,00_41_R1,384.042,4.5459,0.0,rapida_demo,DATOS SINTÉTICOS DE DEMOSTRACIÓN,DEMO: generado localmente,2026-10-08
Vitoria-Gasteiz,Teruel,00_41_R2,376.361,5.0262,7.2,mixta_demo,DATOS SINTÉTICOS DE DEMOSTRACIÓN,DEMO: generado localmente,2026-10-08
Vitoria-Gasteiz,Teruel,00_41_R3,372.52,5.5435,0.0,economica_demo,DATOS SINTÉTICOS DE DEMOSTRACIÓN,DEMO: generado localmente,2026-10-08
Vitoria-Gasteiz,Toledo,00_42_R1,438.938,5.1958,0.0,rapida_demo,DATOS SINTÉTICOS DE DEMOSTRACIÓN,DEMO: generado localmente,2026-10-08
Vitoria-Gasteiz,Toledo,00_42_R2,430.159,5.7446,7.2,mixta_demo,DATOS SINTÉTICOS DE DEMOSTRACIÓN,DEMO: generado localmente,2026-10-08
Vitoria-Gasteiz,Toledo,00_42_R3,425.769,6.3359,0.0,economica_demo,DATOS SINTÉTICOS DE DEMOSTRACIÓN,DEMO: generado localmente,2026-10-08
Vitoria-Gasteiz,Valencia,00_43_R1,527.188,6.2404,0.0,rapida_demo,DATOS SINTÉTICOS DE DEMOSTRACIÓN,DEMO: generado localmente,2026-10-08
Vitoria-Gasteiz,Valencia,00_43_R2,516.645,6.8996,7.2,mixta_demo,DATOS SINTÉTICOS DE DEMOSTRACIÓN,DEMO: generado localmente,2026-10-08
Vitoria-Gasteiz,Valencia,00_43_R3,511.373,7.6097,0.0,economica_demo,DATOS SINTÉTICOS DE DEMOSTRACIÓN,DEMO: generado localmente,2026-10-08
Vitoria-Gasteiz,Valladolid,00_44_R1,268.905,3.1831,0.0,rapida_demo,DATOS SINTÉTICOS DE DEMOSTRACIÓN,DEMO: generado localmente,2026-10-08
Vitoria-Gasteiz,Valladolid,00_44_R2,263.527,3.5193,7.2,mixta_demo,DATOS SINTÉTICOS DE DEMOSTRACIÓN,DEMO: generado localmente,2026-10-08
Vitoria-Gasteiz,Valladolid,00_44_R3,260.838,3.8815,0.0,economica_demo,DATOS SINTÉTICOS DE DEMOSTRACIÓN,DEMO: generado localmente,2026-10-08
Vitoria-Gasteiz,Zamora,00_45_R1,367.59,4.3512,0.0,rapida_demo,DATOS SINTÉTICOS DE DEMOSTRACIÓN,DEMO: generado localmente,2026-10-08
Vitoria-Gasteiz,Zamora,00_45_R2,360.238,4.8109,7.2,mixta_demo,DATOS SINTÉTICOS DE DEMOSTRACIÓN,DEMO: generado localmente,2026-10-08
Vitoria-Gasteiz,Zamora,00_45_R3,356.562,5.306,0.0,economica_demo,DATOS SINTÉTICOS DE DEMOSTRACIÓN,DEMO: generado localmente,2026-10-08
Vitoria-Gasteiz,Zaragoza,00_46_R1,247.965,2.9352,0.0,rapida_demo,DATOS SINTÉTICOS DE DEMOSTRACIÓN,DEMO: generado localmente,2026-10-08
Vitoria-Gasteiz,Zaragoza,00_46_R2,243.006,3.2453,7.2,mixta_demo,DATOS SINTÉTICOS DE DEMOSTRACIÓN,DEMO: generado localmente,2026-10-08
Vitoria-Gasteiz,Zaragoza,00_46_R3,240.526,3.5793,0.0,economica_demo,DATOS SINTÉTICOS DE DEMOSTRACIÓN,DEMO: generado localmente,2026-10-08
Albacete,Alacant/Alicante,01_02_R1,174.426,2.0647,0.0,rapida_demo,DATOS SINTÉTICOS DE DEMOSTRACIÓN,DEMO: generado localmente,2026-10-08
Albacete,Alacant/Alicante,01_02_R2,170.938,2.2828,7.2,mixta_demo,DATOS SINTÉTICOS DE DEMOSTRACIÓN,DEMO: generado localmente,2026-10-08
Albacete,Alacant/Alicante,01_02_R3,169.194,2.5178,0.0,economica_demo,DATOS SINTÉTICOS DE DEMOSTRACIÓN,DEMO: generado localmente,2026-10-08
Albacete,Almería,01_03_R1,307.092,3.6351,0.0,rapida_demo,DATOS SINTÉTICOS DE DEMOSTRACIÓN,DEMO: generado localmente,2026-10-08
Albacete,Almería,01_03_R2,300.951,4.0191,7.2,mixta_demo,DATOS SINTÉTICOS DE DEMOSTRACIÓN,DEMO: generado localmente,2026-10-08
Albacete,Almería,01_03_R3,297.88,4.4327,0.0,economica_demo,DATOS SINTÉTICOS DE DEMOSTRACIÓN,DEMO: generado localmente,2026-10-08
Albacete,Oviedo,01_04_R1,736.089,8.7132,0.0,rapida_demo,DATOS SINTÉTICOS DE DEMOSTRACIÓN,DEMO: generado localmente,2026-10-08
Albacete,Oviedo,01_04_R2,721.367,9.6336,7.2,mixta_demo,DATOS SINTÉTICOS DE DEMOSTRACIÓN,DEMO: generado localmente,2026-10-08
Albacete,Oviedo,01_04_R3,714.006,10.6251,0.0,economica_demo,DATOS SINTÉTICOS DE DEMOSTRACIÓN,DEMO: generado localmente,2026-10-08
Albacete,Ávila,01_05_R1,381.366,4.5143,0.0,rapida_demo,DATOS SINTÉTICOS DE DEMOSTRACIÓN,DEMO: generado localmente,2026-10-08
Albacete,Ávila,01_05_R2,373.739,4.9912,7.2,mixta_demo,DATOS SINTÉTICOS DE DEMOSTRACIÓN,DEMO: generado localmente,2026-10-08
Albacete,Ávila,01_05_R3,369.925,5.5048,0.0,economica_demo,DATOS SINTÉTICOS DE DEMOSTRACIÓN,DEMO: generado localmente,2026-10-08
Albacete,Badajoz,01_06_R1,553.063,6.5467,0.0,rapida_demo,DATOS SINTÉTICOS DE DEMOSTRACIÓN,DEMO: generado localmente,2026-10-08
Albacete,Badajoz,01_06_R2,542.002,7.2383,7.2,mixta_demo,DATOS SINTÉTICOS DE DEMOSTRACIÓN,DEMO: generado localmente,2026-10-08
Albacete,Badajoz,01_06_R3,536.471,7.9832,0.0,economica_demo,DATOS SINTÉTICOS DE DEMOSTRACIÓN,DEMO: generado localmente,2026-10-08
Albacete,Barcelona,01_07_R1,541.543,6.4103,0.0,rapida_demo,DATOS SINTÉTICOS DE DEMOSTRACIÓN,DEMO: generado localmente,2026-10-08
Albacete,Barcelona,01_07_R2,530.713,7.0875,7.2,mixta_demo,DATOS SINTÉTICOS DE DEMOSTRACIÓN,DEMO: generado localmente,2026-10-08
Albacete,Barcelona,01_07_R3,525.297,7.8169,0.0,economica_demo,DATOS SINTÉTICOS DE DEMOSTRACIÓN,DEMO: generado localmente,2026-10-08
Albacete,Bilbao,01_08_R1,603.662,7.1456,0.0,rapida_demo,DATOS SINTÉTICOS DE DEMOSTRACIÓN,DEMO: generado localmente,2026-10-08
Albacete,Bilbao,01_08_R2,591.588,7.9005,7.2,mixta_demo,DATOS SINTÉTICOS DE DEMOSTRACIÓN,DEMO: generado localmente,2026-10-08
Albacete,Bilbao,01_08_R3,585.552,8.7136,0.0,economica_demo,DATOS SINTÉTICOS DE DEMOSTRACIÓN,DEMO: generado localmente,2026-10-08
Albacete,Burgos,01_09_R1,503.937,5.9652,0.0,rapida_demo,DATOS SINTÉTICOS DE DEMOSTRACIÓN,DEMO: generado localmente,2026-10-08
Albacete,Burgos,01_09_R2,493.858,6.5953,7.2,mixta_demo,DATOS SINTÉTICOS DE DEMOSTRACIÓN,DEMO: generado localmente,2026-10-08
Albacete,Burgos,01_09_R3,488.819,7.2741,0.0,economica_demo,DATOS SINTÉTICOS DE DEMOSTRACIÓN,DEMO: generado localmente,2026-10-08
Albacete,Cáceres,01_10_R1,490.674,5.8082,0.0,rapida_demo,DATOS SINTÉTICOS DE DEMOSTRACIÓN,DEMO: generado localmente,2026-10-08
Albacete,Cáceres,01_10_R2,480.86,6.4217,7.2,mixta_demo,DATOS SINTÉTICOS DE DEMOSTRACIÓN,DEMO: generado localmente,2026-10-08
Albacete,Cáceres,01_10_R3,475.954,7.0826,0.0,economica_demo,DATOS SINTÉTICOS DE DEMOSTRACIÓN,DEMO: generado localmente,2026-10-08
Albacete,Cádiz,01_11_R1,595.917,7.0539,0.0,rapida_demo,DATOS SINTÉTICOS DE DEMOSTRACIÓN,DEMO: generado localmente,2026-10-08
Albacete,Cádiz,01_11_R2,583.999,7.7991,7.2,mixta_demo,DATOS SINTÉTICOS DE DEMOSTRACIÓN,DEMO: generado localmente,2026-10-08
Albacete,Cádiz,01_11_R3,578.04,8.6018,0.0,economica_demo,DATOS SINTÉTICOS DE DEMOSTRACIÓN,DEMO: generado localmente,2026-10-08
Albacete,Santander,01_12_R1,653.472,7.7352,0.0,rapida_demo,DATOS SINTÉTICOS DE DEMOSTRACIÓN,DEMO: generado localmente,2026-10-08
Albacete,Santander,01_12_R2,640.402,8.5524,7.2,mixta_demo,DATOS SINTÉTICOS DE DEMOSTRACIÓN,DEMO: generado localmente,2026-10-08
Albacete,Santander,01_12_R3,633.867,9.4326,0.0,economica_demo,DATOS SINTÉTICOS DE DEMOSTRACIÓN,DEMO: generado localmente,2026-10-08
Albacete,Castelló de la Plana/Castellón de la Plana,01_13_R1,238.638,2.8248,0.0,rapida_demo,DATOS SINTÉTICOS DE DEMOSTRACIÓN,DEMO: generado localmente,2026-10-08
Albacete,Castelló de la Plana/Castellón de la Plana,01_13_R2,233.865,3.1232,7.2,mixta_demo,DATOS SINTÉTICOS DE DEMOSTRACIÓN,DEMO: generado localmente,2026-10-08
Albacete,Castelló de la Plana/Castellón de la Plana,01_13_R3,231.478,3.4446,0.0,economica_demo,DATOS SINTÉTICOS DE DEMOSTRACIÓN,DEMO: generado localmente,2026-10-08
Albacete,Ciudad Real,01_14_R1,223.932,2.6507,0.0,rapida_demo,DATOS SINTÉTICOS DE DEMOSTRACIÓN,DEMO: generado localmente,2026-10-08
Albacete,Ciudad Real,01_14_R2,219.453,2.9307,7.2,mixta_demo,DATOS SINTÉTICOS DE DEMOSTRACIÓN,DEMO: generado localmente,2026-10-08
Albacete,Ciudad Real,01_14_R3,217.214,3.2324,0.0,economica_demo,DATOS SINTÉTICOS DE DEMOSTRACIÓN,DEMO: generado localmente,2026-10-08
Albacete,Córdoba,01_15_R1,353.44,4.1837,0.0,rapida_demo,DATOS SINTÉTICOS DE DEMOSTRACIÓN,DEMO: generado localmente,2026-10-08
Albacete,Córdoba,01_15_R2,346.372,4.6257,7.2,mixta_demo,DATOS SINTÉTICOS DE DEMOSTRACIÓN,DEMO: generado localmente,2026-10-08
Albacete,Córdoba,01_15_R3,342.837,5.1017,0.0,economica_demo,DATOS SINTÉTICOS DE DEMOSTRACIÓN,DEMO: generado localmente,2026-10-08
Albacete,A Coruña,01_16_R1,914.836,10.829,0.0,rapida_demo,DATOS SINTÉTICOS DE DEMOSTRACIÓN,DEMO: generado localmente,2026-10-08
Albacete,A Coruña,01_16_R2,896.539,11.973,7.2,mixta_demo,DATOS SINTÉTICOS DE DEMOSTRACIÓN,DEMO: generado localmente,2026-10-08
Albacete,A Coruña,01_16_R3,887.391,13.2052,0.0,economica_demo,DATOS SINTÉTICOS DE DEMOSTRACIÓN,DEMO: generado localmente,2026-10-08
Albacete,Cuenca,01_17_R1,153.202,1.8135,0.0,rapida_demo,DATOS SINTÉTICOS DE DEMOSTRACIÓN,DEMO: generado localmente,2026-10-08
Albacete,Cuenca,01_17_R2,150.138,2.005,7.2,mixta_demo,DATOS SINTÉTICOS DE DEMOSTRACIÓN,DEMO: generado localmente,2026-10-08
Albacete,Cuenca,01_17_R3,148.606,2.2114,0.0,economica_demo,DATOS SINTÉTICOS DE DEMOSTRACIÓN,DEMO: generado localmente,2026-10-08
Albacete,Donostia/San Sebastián,01_18_R1,601.355,7.1183,0.0,rapida_demo,DATOS SINTÉTICOS DE DEMOSTRACIÓN,DEMO: generado localmente,2026-10-08
Albacete,Donostia/San Sebastián,01_18_R2,589.328,7.8703,7.2,mixta_demo,DATOS SINTÉTICOS DE DEMOSTRACIÓN,DEMO: generado localmente,2026-10-08
Albacete,Donostia/San Sebastián,01_18_R3,583.315,8.6803,0.0,economica_demo,DATOS SINTÉTICOS DE DEMOSTRACIÓN,DEMO: generado localmente,2026-10-08
Albacete,Girona,01_19_R1,645.692,7.6431,0.0,rapida_demo,DATOS SINTÉTICOS DE DEMOSTRACIÓN,DEMO: generado localmente,2026-10-08
Albacete,Girona,01_19_R2,632.778,8.4506,7.2,mixta_demo,DATOS SINTÉTICOS DE DEMOSTRACIÓN,DEMO: generado localmente,2026-10-08
Albacete,Girona,01_19_R3,626.321,9.3203,0.0,economica_demo,DATOS SINTÉTICOS DE DEMOSTRACIÓN,DEMO: generado localmente,2026-10-08
Albacete,Granada,01_20_R1,316.978,3.7521,0.0,rapida_demo,DATOS SINTÉTICOS DE DEMOSTRACIÓN,DEMO: generado localmente,2026-10-08
Albacete,Granada,01_20_R2,310.638,4.1485,7.2,mixta_demo,DATOS SINTÉTICOS DE DEMOSTRACIÓN,DEMO: generado localmente,2026-10-08
Albacete,Granada,01_20_R3,307.468,4.5754,0.0,economica_demo,DATOS SINTÉTICOS DE DEMOSTRACIÓN,DEMO: generado localmente,2026-10-08
Albacete,Guadalajara,01_21_R1,267.225,3.1632,0.0,rapida_demo,DATOS SINTÉTICOS DE DEMOSTRACIÓN,DEMO: generado localmente,2026-10-08
Albacete,Guadalajara,01_21_R2,261.881,3.4973,7.2,mixta_demo,DATOS SINTÉTICOS DE DEMOSTRACIÓN,DEMO: generado localmente,2026-10-08
Albacete,Guadalajara,01_21_R3,259.209,3.8573,0.0,economica_demo,DATOS SINTÉTICOS DE DEMOSTRACIÓN,DEMO: generado localmente,2026-10-08
Albacete,Huelva,01_22_R1,607.065,7.1859,0.0,rapida_demo,DATOS SINTÉTICOS DE DEMOSTRACIÓN,DEMO: generado localmente,2026-10-08
Albacete,Huelva,01_22_R2,594.923,7.945,7.2,mixta_demo,DATOS SINTÉTICOS DE DEMOSTRACIÓN,DEMO: generado localmente,2026-10-08
Albacete,Huelva,01_22_R3,588.853,8.7627,0.0,economica_demo,DATOS SINTÉTICOS DE DEMOSTRACIÓN,DEMO: generado localmente,2026-10-08
Albacete,Huesca,01_23_R1,462.965,5.4802,0.0,rapida_demo,DATOS SINTÉTICOS DE DEMOSTRACIÓN,DEMO: generado localmente,2026-10-08
Albacete,Huesca,01_23_R2,453.706,6.0591,7.2,mixta_demo,DATOS SINTÉTICOS DE DEMOSTRACIÓN,DEMO: generado localmente,2026-10-08
Albacete,Huesca,01_23_R3,449.076,6.6827,0.0,economica_demo,DATOS SINTÉTICOS DE DEMOSTRACIÓN,DEMO: generado localmente,2026-10-08
Albacete,Jaén,01_24_R1,271.579,3.2147,0.0,rapida_demo,DATOS SINTÉTICOS DE DEMOSTRACIÓN,DEMO: generado localmente,2026-10-08
Albacete,Jaén,01_24_R2,266.148,3.5543,7.2,mixta_demo,DATOS SINTÉTICOS DE DEMOSTRACIÓN,DEMO: generado localmente,2026-10-08
Albacete,Jaén,01_24_R3,263.432,3.9201,0.0,economica_demo,DATOS SINTÉTICOS DE DEMOSTRACIÓN,DEMO: generado localmente,2026-10-08
Albacete,Logroño,01_25_R1,486.227,5.7555,0.0,rapida_demo,DATOS SINTÉTICOS DE DEMOSTRACIÓN,DEMO: generado localmente,2026-10-08
Albacete,Logroño,01_25_R2,476.502,6.3635,7.2,mixta_demo,DATOS SINTÉTICOS DE DEMOSTRACIÓN,DEMO: generado localmente,2026-10-08
Albacete,Logroño,01_25_R3,471.64,7.0185,0.0,economica_demo,DATOS SINTÉTICOS DE DEMOSTRACIÓN,DEMO: generado localmente,2026-10-08
Albacete,León,01_26_R1,635.213,7.5191,0.0,rapida_demo,DATOS SINTÉTICOS DE DEMOSTRACIÓN,DEMO: generado localmente,2026-10-08
Albacete,León,01_26_R2,622.509,8.3134,7.2,mixta_demo,DATOS SINTÉTICOS DE DEMOSTRACIÓN,DEMO: generado localmente,2026-10-08
Albacete,León,01_26_R3,616.157,9.169,0.0,economica_demo,DATOS SINTÉTICOS DE DEMOSTRACIÓN,DEMO: generado localmente,2026-10-08
Albacete,Lleida,01_27_R1,449.071,5.3157,0.0,rapida_demo,DATOS SINTÉTICOS DE DEMOSTRACIÓN,DEMO: generado localmente,2026-10-08
Albacete,Lleida,01_27_R2,440.09,5.8773,7.2,mixta_demo,DATOS SINTÉTICOS DE DEMOSTRACIÓN,DEMO: generado localmente,2026-10-08
Albacete,Lleida,01_27_R3,435.599,6.4821,0.0,economica_demo,DATOS SINTÉTICOS DE DEMOSTRACIÓN,DEMO: generado localmente,2026-10-08
Albacete,Lugo,01_28_R1,817.394,9.6756,0.0,rapida_demo,DATOS SINTÉTICOS DE DEMOSTRACIÓN,DEMO: generado localmente,2026-10-08
Albacete,Lugo,01_28_R2,801.046,10.6977,7.2,mixta_demo,DATOS SINTÉTICOS DE DEMOSTRACIÓN,DEMO: generado localmente,2026-10-08
Albacete,Lugo,01_28_R3,792.872,11.7987,0.0,economica_demo,DATOS SINTÉTICOS DE DEMOSTRACIÓN,DEMO: generado localmente,2026-10-08
Albacete,Madrid,01_29_R1,278.679,3.2988,0.0,rapida_demo,DATOS SINTÉTICOS DE DEMOSTRACIÓN,DEMO: generado localmente,2026-10-08
Albacete,Madrid,01_29_R2,273.106,3.6472,7.2,mixta_demo,DATOS SINTÉTICOS DE DEMOSTRACIÓN,DEMO: generado localmente,2026-10-08
Albacete,Madrid,01_29_R3,270.319,4.0226,0.0,economica_demo,DATOS SINTÉTICOS DE DEMOSTRACIÓN,DEMO: generado localmente,2026-10-08
Albacete,Málaga,01_30_R1,422.981,5.0069,0.0,rapida_demo,DATOS SINTÉTICOS DE DEMOSTRACIÓN,DEMO: generado localmente,2026-10-08
Albacete,Málaga,01_30_R2,414.521,5.5358,7.2,mixta_demo,DATOS SINTÉTICOS DE DEMOSTRACIÓN,DEMO: generado localmente,2026-10-08
Albacete,Málaga,01_30_R3,410.291,6.1055,0.0,economica_demo,DATOS SINTÉTICOS DE DEMOSTRACIÓN,DEMO: generado localmente,2026-10-08
Albacete,Murcia,01_31_R1,161.372,1.9102,0.0,rapida_demo,DATOS SINTÉTICOS DE DEMOSTRACIÓN,DEMO: generado localmente,2026-10-08
Albacete,Murcia,01_31_R2,158.145,2.112,7.2,mixta_demo,DATOS SINTÉTICOS DE DEMOSTRACIÓN,DEMO: generado localmente,2026-10-08
Albacete,Murcia,01_31_R3,156.531,2.3293,0.0,economica_demo,DATOS SINTÉTICOS DE DEMOSTRACIÓN,DEMO: generado localmente,2026-10-08
Albacete,Pamplona/Iruña,01_32_R1,531.756,6.2945,0.0,rapida_demo,DATOS SINTÉTICOS DE DEMOSTRACIÓN,DEMO: generado localmente,2026-10-08
Albacete,Pamplona/Iruña,01_32_R2,521.121,6.9594,7.2,mixta_demo,DATOS SINTÉTICOS DE DEMOSTRACIÓN,DEMO: generado localmente,2026-10-08
Albacete,Pamplona/Iruña,01_32_R3,515.804,7.6757,0.0,economica_demo,DATOS SINTÉTICOS DE DEMOSTRACIÓN,DEMO: generado localmente,2026-10-08
Albacete,Ourense,01_33_R1,784.961,9.2917,0.0,rapida_demo,DATOS SINTÉTICOS DE DEMOSTRACIÓN,DEMO: generado localmente,2026-10-08
Albacete,Ourense,01_33_R2,769.262,10.2733,7.2,mixta_demo,DATOS SINTÉTICOS DE DEMOSTRACIÓN,DEMO: generado localmente,2026-10-08
Albacete,Ourense,01_33_R3,761.412,11.3305,0.0,economica_demo,DATOS SINTÉTICOS DE DEMOSTRACIÓN,DEMO: generado localmente,2026-10-08
Albacete,Palencia,01_34_R1,505.57,5.9845,0.0,rapida_demo,DATOS SINTÉTICOS DE DEMOSTRACIÓN,DEMO: generado localmente,2026-10-08
Albacete,Palencia,01_34_R2,495.459,6.6167,7.2,mixta_demo,DATOS SINTÉTICOS DE DEMOSTRACIÓN,DEMO: generado localmente,2026-10-08
Albacete,Palencia,01_34_R3,490.403,7.2977,0.0,economica_demo,DATOS SINTÉTICOS DE DEMOSTRACIÓN,DEMO: generado localmente,2026-10-08
Albacete,Pontevedra,01_35_R1,859.78,10.1773,0.0,rapida_demo,DATOS SINTÉTICOS DE DEMOSTRACIÓN,DEMO: generado localmente,2026-10-08
Albacete,Pontevedra,01_35_R2,842.585,11.2525,7.2,mixta_demo,DATOS SINTÉTICOS DE DEMOSTRACIÓN,DEMO: generado localmente,2026-10-08
Albacete,Pontevedra,01_35_R3,833.987,12.4105,0.0,economica_demo,DATOS SINTÉTICOS DE DEMOSTRACIÓN,DEMO: generado localmente,2026-10-08
Albacete,Salamanca,01_36_R1,489.221,5.791,0.0,rapida_demo,DATOS SINTÉTICOS DE DEMOSTRACIÓN,DEMO: generado localmente,2026-10-08
Albacete,Salamanca,01_36_R2,479.437,6.4027,7.2,mixta_demo,DATOS SINTÉTICOS DE DEMOSTRACIÓN,DEMO: generado localmente,2026-10-08
Albacete,Salamanca,01_36_R3,474.544,7.0617,0.0,economica_demo,DATOS SINTÉTICOS DE DEMOSTRACIÓN,DEMO: generado localmente,2026-10-08
Albacete,Segovia,01_37_R1,363.544,4.3033,0.0,rapida_demo,DATOS SINTÉTICOS DE DEMOSTRACIÓN,DEMO: generado localmente,2026-10-08
Albacete,Segovia,01_37_R2,356.273,4.7579,7.2,mixta_demo,DATOS SINTÉTICOS DE DEMOSTRACIÓN,DEMO: generado localmente,2026-10-08
Albacete,Segovia,01_37_R3,352.638,5.2476,0.0,economica_demo,DATOS SINTÉTICOS DE DEMOSTRACIÓN,DEMO: generado localmente,2026-10-08
Albacete,Sevilla,01_38_R1,504.248,5.9688,0.0,rapida_demo,DATOS SINTÉTICOS DE DEMOSTRACIÓN,DEMO: generado localmente,2026-10-08
Albacete,Sevilla,01_38_R2,494.163,6.5994,7.2,mixta_demo,DATOS SINTÉTICOS DE DEMOSTRACIÓN,DEMO: generado localmente,2026-10-08
Albacete,Sevilla,01_38_R3,489.121,7.2786,0.0,economica_demo,DATOS SINTÉTICOS DE DEMOSTRACIÓN,DEMO: generado localmente,2026-10-08
Albacete,Soria,01_39_R1,389.936,4.6157,0.0,rapida_demo,DATOS SINTÉTICOS DE DEMOSTRACIÓN,DEMO: generado localmente,2026-10-08
Albacete,Soria,01_39_R2,382.137,5.1033,7.2,mixta_demo,DATOS SINTÉTICOS DE DEMOSTRACIÓN,DEMO: generado localmente,2026-10-08
Albacete,Soria,01_39_R3,378.238,5.6285,0.0,economica_demo,DATOS SINTÉTICOS DE DEMOSTRACIÓN,DEMO: generado localmente,2026-10-08
Albacete,Tarragona,01_40_R1,443.108,5.2451,0.0,rapida_demo,DATOS SINTÉTICOS DE DEMOSTRACIÓN,DEMO: generado localmente,2026-10-08
Albacete,Tarragona,01_40_R2,434.246,5.7992,7.2,mixta_demo,DATOS SINTÉTICOS DE DEMOSTRACIÓN,DEMO: generado localmente,2026-10-08
Albacete,Tarragona,01_40_R3,429.815,6.3961,0.0,economica_demo,DATOS SINTÉTICOS DE DEMOSTRACIÓN,DEMO: generado localmente,2026-10-08
Albacete,Teruel,01_41_R1,203.646,2.4106,0.0,rapida_demo,DATOS SINTÉTICOS DE DEMOSTRACIÓN,DEMO: generado localmente,2026-10-08
Albacete,Teruel,01_41_R2,199.573,2.6652,7.2,mixta_demo,DATOS SINTÉTICOS DE DEMOSTRACIÓN,DEMO: generado localmente,2026-10-08
Albacete,Teruel,01_41_R3,197.537,2.9395,0.0,economica_demo,DATOS SINTÉTICOS DE DEMOSTRACIÓN,DEMO: generado localmente,2026-10-08
Albacete,Toledo,01_42_R1,261.83,3.0993,0.0,rapida_demo,DATOS SINTÉTICOS DE DEMOSTRACIÓN,DEMO: generado localmente,2026-10-08
Albacete,Toledo,01_42_R2,256.594,3.4267,7.2,mixta_demo,DATOS SINTÉTICOS DE DEMOSTRACIÓN,DEMO: generado localmente,2026-10-08
Albacete,Toledo,01_42_R3,253.976,3.7794,0.0,economica_demo,DATOS SINTÉTICOS DE DEMOSTRACIÓN,DEMO: generado localmente,2026-10-08
Albacete,Valencia,01_43_R1,172.237,2.0388,0.0,rapida_demo,DATOS SINTÉTICOS DE DEMOSTRACIÓN,DEMO: generado localmente,2026-10-08
Albacete,Valencia,01_43_R2,168.792,2.2542,7.2,mixta_demo,DATOS SINTÉTICOS DE DEMOSTRACIÓN,DEMO: generado localmente,2026-10-08
Albacete,Valencia,01_43_R3,167.07,2.4862,0.0,economica_demo,DATOS SINTÉTICOS DE DEMOSTRACIÓN,DEMO: generado localmente,2026-10-08
Albacete,Valladolid,01_44_R1,478.488,5.6639,0.0,rapida_demo,DATOS SINTÉTICOS DE DEMOSTRACIÓN,DEMO: generado localmente,2026-10-08
Albacete,Valladolid,01_44_R2,468.919,6.2623,7.2,mixta_demo,DATOS SINTÉTICOS DE DEMOSTRACIÓN,DEMO: generado localmente,2026-10-08
Albacete,Valladolid,01_44_R3,464.134,6.9068,0.0,economica_demo,DATOS SINTÉTICOS DE DEMOSTRACIÓN,DEMO: generado localmente,2026-10-08
Albacete,Zamora,01_45_R1,540.182,6.3942,0.0,rapida_demo,DATOS SINTÉTICOS DE DEMOSTRACIÓN,DEMO: generado localmente,2026-10-08
Albacete,Zamora,01_45_R2,529.378,7.0697,7.2,mixta_demo,DATOS SINTÉTICOS DE DEMOSTRACIÓN,DEMO: generado localmente,2026-10-08
Albacete,Zamora,01_45_R3,523.977,7.7973,0.0,economica_demo,DATOS SINTÉTICOS DE DEMOSTRACIÓN,DEMO: generado localmente,2026-10-08
Albacete,Zaragoza,01_46_R1,383.985,4.5453,0.0,rapida_demo,DATOS SINTÉTICOS DE DEMOSTRACIÓN,DEMO: generado localmente,2026-10-08
Albacete,Zaragoza,01_46_R2,376.305,5.0254,7.2,mixta_demo,DATOS SINTÉTICOS DE DEMOSTRACIÓN,DEMO: generado localmente,2026-10-08
Albacete,Zaragoza,01_46_R3,372.465,5.5426,0.0,economica_demo,DATOS SINTÉTICOS DE DEMOSTRACIÓN,DEMO: generado localmente,2026-10-08
Alacant/Alicante,Almería,02_03_R1,302.682,3.5829,0.0,rapida_demo,DATOS SINTÉTICOS DE DEMOSTRACIÓN,DEMO: generado localmente,2026-10-08
Alacant/Alicante,Almería,02_03_R2,296.628,3.9614,7.2,mixta_demo,DATOS SINTÉTICOS DE DEMOSTRACIÓN,DEMO: generado localmente,2026-10-08
Alacant/Alicante,Almería,02_03_R3,293.601,4.3691,0.0,economica_demo,DATOS SINTÉTICOS DE DEMOSTRACIÓN,DEMO: generado localmente,2026-10-08
Alacant/Alicante,Oviedo,02_04_R1,896.16,10.608,0.0,rapida_demo,DATOS SINTÉTICOS DE DEMOSTRACIÓN,DEMO: generado localmente,2026-10-08
Alacant/Alicante,Oviedo,02_04_R2,878.237,11.7286,7.2,mixta_demo,DATOS SINTÉTICOS DE DEMOSTRACIÓN,DEMO: generado localmente,2026-10-08
Alacant/Alicante,Oviedo,02_04_R3,869.275,12.9356,0.0,economica_demo,DATOS SINTÉTICOS DE DEMOSTRACIÓN,DEMO: generado localmente,2026-10-08
Alacant/Alicante,Ávila,02_05_R1,554.811,6.5674,0.0,rapida_demo,DATOS SINTÉTICOS DE DEMOSTRACIÓN,DEMO: generado localmente,2026-10-08
Alacant/Alicante,Ávila,02_05_R2,543.715,7.2611,7.2,mixta_demo,DATOS SINTÉTICOS DE DEMOSTRACIÓN,DEMO: generado localmente,2026-10-08
Alacant/Alicante,Ávila,02_05_R3,538.166,8.0084,0.0,economica_demo,DATOS SINTÉTICOS DE DEMOSTRACIÓN,DEMO: generado localmente,2026-10-08
Alacant/Alicante,Badajoz,02_06_R1,708.424,8.3857,0.0,rapida_demo,DATOS SINTÉTICOS DE DEMOSTRACIÓN,DEMO: generado localmente,2026-10-08
Alacant/Alicante,Badajoz,02_06_R2,694.256,9.2716,7.2,mixta_demo,DATOS SINTÉTICOS DE DEMOSTRACIÓN,DEMO: generado localmente,2026-10-08
Alacant/Alicante,Badajoz,02_06_R3,687.171,10.2258,0.0,economica_demo,DATOS SINTÉTICOS DE DEMOSTRACIÓN,DEMO: generado localmente,2026-10-08
Alacant/Alicante,Barcelona,02_07_R1,508.513,6.0193,0.0,rapida_demo,DATOS SINTÉTICOS DE DEMOSTRACIÓN,DEMO: generado localmente,2026-10-08
Alacant/Alicante,Barcelona,02_07_R2,498.343,6.6552,7.2,mixta_demo,DATOS SINTÉTICOS DE DEMOSTRACIÓN,DEMO: generado localmente,2026-10-08
Alacant/Alicante,Barcelona,02_07_R3,493.258,7.3401,0.0,economica_demo,DATOS SINTÉTICOS DE DEMOSTRACIÓN,DEMO: generado localmente,2026-10-08
Alacant/Alicante,Bilbao,02_08_R1,730.288,8.6445,0.0,rapida_demo,DATOS SINTÉTICOS DE DEMOSTRACIÓN,DEMO: generado localmente,2026-10-08
Alacant/Alicante,Bilbao,02_08_R2,715.683,9.5577,7.2,mixta_demo,DATOS SINTÉTICOS DE DEMOSTRACIÓN,DEMO: generado localmente,2026-10-08
Alacant/Alicante,Bilbao,02_08_R3,708.38,10.5414,0.0,economica_demo,DATOS SINTÉTICOS DE DEMOSTRACIÓN,DEMO: generado localmente,2026-10-08
Alacant/Alicante,Burgos,02_09_R1,651.643,7.7136,0.0,rapida_demo,DATOS SINTÉTICOS DE DEMOSTRACIÓN,DEMO: generado localmente,2026-10-08
Alacant/Alicante,Burgos,02_09_R2,638.611,8.5285,7.2,mixta_demo,DATOS SINTÉTICOS DE DEMOSTRACIÓN,DEMO: generado localmente,2026-10-08
Alacant/Alicante,Burgos,02_09_R3,632.094,9.4062,0.0,economica_demo,DATOS SINTÉTICOS DE DEMOSTRACIÓN,DEMO: generado localmente,2026-10-08
Alacant/Alicante,Cáceres,02_10_R1,656.001,7.7652,0.0,rapida_demo,DATOS SINTÉTICOS DE DEMOSTRACIÓN,DEMO: generado localmente,2026-10-08
Alacant/Alicante,Cáceres,02_10_R2,642.881,8.5855,7.2,mixta_demo,DATOS SINTÉTICOS DE DEMOSTRACIÓN,DEMO: generado localmente,2026-10-08
Alacant/Alicante,Cáceres,02_10_R3,636.321,9.4691,0.0,economica_demo,DATOS SINTÉTICOS DE DEMOSTRACIÓN,DEMO: generado localmente,2026-10-08
Alacant/Alicante,Cádiz,02_11_R1,689.089,8.1568,0.0,rapida_demo,DATOS SINTÉTICOS DE DEMOSTRACIÓN,DEMO: generado localmente,2026-10-08
Alacant/Alicante,Cádiz,02_11_R2,675.307,9.0185,7.2,mixta_demo,DATOS SINTÉTICOS DE DEMOSTRACIÓN,DEMO: generado localmente,2026-10-08
Alacant/Alicante,Cádiz,02_11_R3,668.416,9.9467,0.0,economica_demo,DATOS SINTÉTICOS DE DEMOSTRACIÓN,DEMO: generado localmente,2026-10-08
Alacant/Alicante,Santander,02_12_R1,792.372,9.3794,0.0,rapida_demo,DATOS SINTÉTICOS DE DEMOSTRACIÓN,DEMO: generado localmente,2026-10-08
Alacant/Alicante,Santander,02_12_R2,776.525,10.3703,7.2,mixta_demo,DATOS SINTÉTICOS DE DEMOSTRACIÓN,DEMO: generado localmente,2026-10-08
Alacant/Alicante,Santander,02_12_R3,768.601,11.4375,0.0,economica_demo,DATOS SINTÉTICOS DE DEMOSTRACIÓN,DEMO: generado localmente,2026-10-08
Alacant/Alicante,Castelló de la Plana/Castellón de la Plana,02_13_R1,233.006,2.7581,0.0,rapida_demo,DATOS SINTÉTICOS DE DEMOSTRACIÓN,DEMO: generado localmente,2026-10-08
Alacant/Alicante,Castelló de la Plana/Castellón de la Plana,02_13_R2,228.346,3.0495,7.2,mixta_demo,DATOS SINTÉTICOS DE DEMOSTRACIÓN,DEMO: generado localmente,2026-10-08
Alacant/Alicante,Castelló de la Plana/Castellón de la Plana,02_13_R3,226.016,3.3633,0.0,economica_demo,DATOS SINTÉTICOS DE DEMOSTRACIÓN,DEMO: generado localmente,2026-10-08
Alacant/Alicante,Ciudad Real,02_14_R1,384.499,4.5514,0.0,rapida_demo,DATOS SINTÉTICOS DE DEMOSTRACIÓN,DEMO: generado localmente,2026-10-08
Alacant/Alicante,Ciudad Real,02_14_R2,376.809,5.0322,7.2,mixta_demo,DATOS SINTÉTICOS DE DEMOSTRACIÓN,DEMO: generado localmente,2026-10-08
Alacant/Alicante,Ciudad Real,02_14_R3,372.964,5.5501,0.0,economica_demo,DATOS SINTÉTICOS DE DEMOSTRACIÓN,DEMO: generado localmente,2026-10-08
Alacant/Alicante,Córdoba,02_15_R1,473.96,5.6103,0.0,rapida_demo,DATOS SINTÉTICOS DE DEMOSTRACIÓN,DEMO: generado localmente,2026-10-08
Alacant/Alicante,Córdoba,02_15_R2,464.481,6.203,7.2,mixta_demo,DATOS SINTÉTICOS DE DEMOSTRACIÓN,DEMO: generado localmente,2026-10-08
Alacant/Alicante,Córdoba,02_15_R3,459.741,6.8414,0.0,economica_demo,DATOS SINTÉTICOS DE DEMOSTRACIÓN,DEMO: generado localmente,2026-10-08
Alacant/Alicante,A Coruña,02_16_R1,1085.53,12.8496,0.0,rapida_demo,DATOS SINTÉTICOS DE DEMOSTRACIÓN,DEMO: generado localmente,2026-10-08
Alacant/Alicante,A Coruña,02_16_R2,1063.82,14.207,7.2,mixta_demo,DATOS SINTÉTICOS DE DEMOSTRACIÓN,DEMO: generado localmente,2026-10-08
Alacant/Alicante,A Coruña,02_16_R3,1052.964,15.6691,0.0,economica_demo,DATOS SINTÉTICOS DE DEMOSTRACIÓN,DEMO: generado localmente,2026-10-08
Alacant/Alicante,Cuenca,02_17_R1,299.181,3.5414,0.0,rapida_demo,DATOS SINTÉTICOS DE DEMOSTRACIÓN,DEMO: generado localmente,2026-10-08
Alacant/Alicante,Cuenca,02_17_R2,293.197,3.9156,7.2,mixta_demo,DATOS SINTÉTICOS DE DEMOSTRACIÓN,DEMO: generado localmente,2026-10-08
Alacant/Alicante,Cuenca,02_17_R3,290.206,4.3185,0.0,economica_demo,DATOS SINTÉTICOS DE DEMOSTRACIÓN,DEMO: generado localmente,2026-10-08
Alacant/Alicante,Donostia/San Sebastián,02_18_R1,709.489,8.3983,0.0,rapida_demo,DATOS SINTÉTICOS DE DEMOSTRACIÓN,DEMO: generado localmente,2026-10-08
Alacant/Alicante,Donostia/San Sebastián,02_18_R2,695.299,9.2855,7.2,mixta_demo,DATOS SINTÉTICOS DE DEMOSTRACIÓN,DEMO: generado localmente,2026-10-08
Alacant/Alicante,Donostia/San Sebastián,02_18_R3,688.204,10.2411,0.0,economica_demo,DATOS SINTÉTICOS DE DEMOSTRACIÓN,DEMO: generado localmente,2026-10-08
Alacant/Alicante,Girona,02_19_R1,615.498,7.2857,0.0,rapida_demo,DATOS SINTÉTICOS DE DEMOSTRACIÓN,DEMO: generado localmente,2026-10-08
Alacant/Alicante,Girona,02_19_R2,603.188,8.0554,7.2,mixta_demo,DATOS SINTÉTICOS DE DEMOSTRACIÓN,DEMO: generado localmente,2026-10-08
Alacant/Alicante,Girona,02_19_R3,597.033,8.8844,0.0,economica_demo,DATOS SINTÉTICOS DE DEMOSTRACIÓN,DEMO: generado localmente,2026-10-08
Alacant/Alicante,Granada,02_20_R1,379.225,4.4889,0.0,rapida_demo,DATOS SINTÉTICOS DE DEMOSTRACIÓN,DEMO: generado localmente,2026-10-08
Alacant/Alicante,Granada,02_20_R2,371.64,4.9631,7.2,mixta_demo,DATOS SINTÉTICOS DE DEMOSTRACIÓN,DEMO: generado localmente,2026-10-08
Alacant/Alicante,Granada,02_20_R3,367.848,5.4739,0.0,economica_demo,DATOS SINTÉTICOS DE DEMOSTRACIÓN,DEMO: generado localmente,2026-10-08
Alacant/Alicante,Guadalajara,02_21_R1,429.113,5.0795,0.0,rapida_demo,DATOS SINTÉTICOS DE DEMOSTRACIÓN,DEMO: generado localmente,2026-10-08
Alacant/Alicante,Guadalajara,02_21_R2,420.531,5.6161,7.2,mixta_demo,DATOS SINTÉTICOS DE DEMOSTRACIÓN,DEMO: generado localmente,2026-10-08
Alacant/Alicante,Guadalajara,02_21_R3,416.24,6.194,0.0,economica_demo,DATOS SINTÉTICOS DE DEMOSTRACIÓN,DEMO: generado localmente,2026-10-08
Alacant/Alicante,Huelva,02_22_R1,726.144,8.5955,0.0,rapida_demo,DATOS SINTÉTICOS DE DEMOSTRACIÓN,DEMO: generado localmente,2026-10-08
Alacant/Alicante,Huelva,02_22_R2,711.622,9.5035,7.2,mixta_demo,DATOS SINTÉTICOS DE DEMOSTRACIÓN,DEMO: generado localmente,2026-10-08
Alacant/Alicante,Huelva,02_22_R3,704.36,10.4815,0.0,economica_demo,DATOS SINTÉTICOS DE DEMOSTRACIÓN,DEMO: generado localmente,2026-10-08
Alacant/Alicante,Huesca,02_23_R1,527.581,6.245,0.0,rapida_demo,DATOS SINTÉTICOS DE DEMOSTRACIÓN,DEMO: generado localmente,2026-10-08
Alacant/Alicante,Huesca,02_23_R2,517.03,6.9048,7.2,mixta_demo,DATOS SINTÉTICOS DE DEMOSTRACIÓN,DEMO: generado localmente,2026-10-08
Alacant/Alicante,Huesca,02_23_R3,511.754,7.6154,0.0,economica_demo,DATOS SINTÉTICOS DE DEMOSTRACIÓN,DEMO: generado localmente,2026-10-08
Alacant/Alicante,Jaén,02_24_R1,371.075,4.3925,0.0,rapida_demo,DATOS SINTÉTICOS DE DEMOSTRACIÓN,DEMO: generado localmente,2026-10-08
Alacant/Alicante,Jaén,02_24_R2,363.654,4.8565,7.2,mixta_demo,DATOS SINTÉTICOS DE DEMOSTRACIÓN,DEMO: generado localmente,2026-10-08
Alacant/Alicante,Jaén,02_24_R3,359.943,5.3563,0.0,economica_demo,DATOS SINTÉTICOS DE DEMOSTRACIÓN,DEMO: generado localmente,2026-10-08
Alacant/Alicante,Logroño,02_25_R1,609.069,7.2096,0.0,rapida_demo,DATOS SINTÉTICOS DE DEMOSTRACIÓN,DEMO: generado localmente,2026-10-08
Alacant/Alicante,Logroño,02_25_R2,596.888,7.9713,7.2,mixta_demo,DATOS SINTÉTICOS DE DEMOSTRACIÓN,DEMO: generado localmente,2026-10-08
Alacant/Alicante,Logroño,02_25_R3,590.797,8.7916,0.0,economica_demo,DATOS SINTÉTICOS DE DEMOSTRACIÓN,DEMO: generado localmente,2026-10-08
Alacant/Alicante,León,02_26_R1,799.259,9.4609,0.0,rapida_demo,DATOS SINTÉTICOS DE DEMOSTRACIÓN,DEMO: generado localmente,2026-10-08
Alacant/Alicante,León,02_26_R2,783.274,10.4604,7.2,mixta_demo,DATOS SINTÉTICOS DE DEMOSTRACIÓN,DEMO: generado localmente,2026-10-08
Alacant/Alicante,León,02_26_R3,775.281,11.5369,0.0,economica_demo,DATOS SINTÉTICOS DE DEMOSTRACIÓN,DEMO: generado localmente,2026-10-08
Alacant/Alicante,Lleida,02_27_R1,469.488,5.5574,0.0,rapida_demo,DATOS SINTÉTICOS DE DEMOSTRACIÓN,DEMO: generado localmente,2026-10-08
Alacant/Alicante,Lleida,02_27_R2,460.098,6.1445,7.2,mixta_demo,DATOS SINTÉTICOS DE DEMOSTRACIÓN,DEMO: generado localmente,2026-10-08
Alacant/Alicante,Lleida,02_27_R3,455.404,6.7768,0.0,economica_demo,DATOS SINTÉTICOS DE DEMOSTRACIÓN,DEMO: generado localmente,2026-10-08
Alacant/Alicante,Lugo,02_28_R1,987.506,11.6892,0.0,rapida_demo,DATOS SINTÉTICOS DE DEMOSTRACIÓN,DEMO: generado localmente,2026-10-08
Alacant/Alicante,Lugo,02_28_R2,967.756,12.9241,7.2,mixta_demo,DATOS SINTÉTICOS DE DEMOSTRACIÓN,DEMO: generado localmente,2026-10-08
Alacant/Alicante,Lugo,02_28_R3,957.881,14.2542,0.0,economica_demo,DATOS SINTÉTICOS DE DEMOSTRACIÓN,DEMO: generado localmente,2026-10-08
Alacant/Alicante,Madrid,02_29_R1,449.444,5.3201,0.0,rapida_demo,DATOS SINTÉTICOS DE DEMOSTRACIÓN,DEMO: generado localmente,2026-10-08
Alacant/Alicante,Madrid,02_29_R2,440.455,5.8821,7.2,mixta_demo,DATOS SINTÉTICOS DE DEMOSTRACIÓN,DEMO: generado localmente,2026-10-08
Alacant/Alicante,Madrid,02_29_R3,435.96,6.4875,0.0,economica_demo,DATOS SINTÉTICOS DE DEMOSTRACIÓN,DEMO: generado localmente,2026-10-08
Alacant/Alicante,Málaga,02_30_R1,488.816,5.7862,0.0,rapida_demo,DATOS SINTÉTICOS DE DEMOSTRACIÓN,DEMO: generado localmente,2026-10-08
Alacant/Alicante,Málaga,02_30_R2,479.04,6.3974,7.2,mixta_demo,DATOS SINTÉTICOS DE DEMOSTRACIÓN,DEMO: generado localmente,2026-10-08
Alacant/Alicante,Málaga,02_30_R3,474.152,7.0558,0.0,economica_demo,DATOS SINTÉTICOS DE DEMOSTRACIÓN,DEMO: generado localmente,2026-10-08
Alacant/Alicante,Murcia,02_31_R1,86.933,1.029,0.0,rapida_demo,DATOS SINTÉTICOS DE DEMOSTRACIÓN,DEMO: generado localmente,2026-10-08
Alacant/Alicante,Murcia,02_31_R2,85.194,1.1377,7.2,mixta_demo,DATOS SINTÉTICOS DE DEMOSTRACIÓN,DEMO: generado localmente,2026-10-08
Alacant/Alicante,Murcia,02_31_R3,84.325,1.2548,0.0,economica_demo,DATOS SINTÉTICOS DE DEMOSTRACIÓN,DEMO: generado localmente,2026-10-08
Alacant/Alicante,Pamplona/Iruña,02_32_R1,633.741,7.5017,0.0,rapida_demo,DATOS SINTÉTICOS DE DEMOSTRACIÓN,DEMO: generado localmente,2026-10-08
Alacant/Alicante,Pamplona/Iruña,02_32_R2,621.066,8.2941,7.2,mixta_demo,DATOS SINTÉTICOS DE DEMOSTRACIÓN,DEMO: generado localmente,2026-10-08
Alacant/Alicante,Pamplona/Iruña,02_32_R3,614.728,9.1477,0.0,economica_demo,DATOS SINTÉTICOS DE DEMOSTRACIÓN,DEMO: generado localmente,2026-10-08
Alacant/Alicante,Ourense,02_33_R1,958.212,11.3425,0.0,rapida_demo,DATOS SINTÉTICOS DE DEMOSTRACIÓN,DEMO: generado localmente,2026-10-08
Alacant/Alicante,Ourense,02_33_R2,939.048,12.5407,7.2,mixta_demo,DATOS SINTÉTICOS DE DEMOSTRACIÓN,DEMO: generado localmente,2026-10-08
Alacant/Alicante,Ourense,02_33_R3,929.466,13.8313,0.0,economica_demo,DATOS SINTÉTICOS DE DEMOSTRACIÓN,DEMO: generado localmente,2026-10-08
Alacant/Alicante,Palencia,02_34_R1,666.708,7.8919,0.0,rapida_demo,DATOS SINTÉTICOS DE DEMOSTRACIÓN,DEMO: generado localmente,2026-10-08
Alacant/Alicante,Palencia,02_34_R2,653.374,8.7256,7.2,mixta_demo,DATOS SINTÉTICOS DE DEMOSTRACIÓN,DEMO: generado localmente,2026-10-08
Alacant/Alicante,Palencia,02_34_R3,646.707,9.6236,0.0,economica_demo,DATOS SINTÉTICOS DE DEMOSTRACIÓN,DEMO: generado localmente,2026-10-08
Alacant/Alicante,Pontevedra,02_35_R1,1033.633,12.2352,0.0,rapida_demo,DATOS SINTÉTICOS DE DEMOSTRACIÓN,DEMO: generado localmente,2026-10-08
Alacant/Alicante,Pontevedra,02_35_R2,1012.96,13.5278,7.2,mixta_demo,DATOS SINTÉTICOS DE DEMOSTRACIÓN,DEMO: generado localmente,2026-10-08
Alacant/Alicante,Pontevedra,02_35_R3,1002.624,14.92,0.0,economica_demo,DATOS SINTÉTICOS DE DEMOSTRACIÓN,DEMO: generado localmente,2026-10-08
Alacant/Alicante,Salamanca,02_36_R1,663.265,7.8511,0.0,rapida_demo,DATOS SINTÉTICOS DE DEMOSTRACIÓN,DEMO: generado localmente,2026-10-08
Alacant/Alicante,Salamanca,02_36_R2,649.999,8.6805,7.2,mixta_demo,DATOS SINTÉTICOS DE DEMOSTRACIÓN,DEMO: generado localmente,2026-10-08
Alacant/Alicante,Salamanca,02_36_R3,643.367,9.5739,0.0,economica_demo,DATOS SINTÉTICOS DE DEMOSTRACIÓN,DEMO: generado localmente,2026-10-08
Alacant/Alicante,Segovia,02_37_R1,531.998,6.2973,0.0,rapida_demo,DATOS SINTÉTICOS DE DEMOSTRACIÓN,DEMO: generado localmente,2026-10-08
Alacant/Alicante,Segovia,02_37_R2,521.358,6.9626,7.2,mixta_demo,DATOS SINTÉTICOS DE DEMOSTRACIÓN,DEMO: generado localmente,2026-10-08
Alacant/Alicante,Segovia,02_37_R3,516.039,7.6791,0.0,economica_demo,DATOS SINTÉTICOS DE DEMOSTRACIÓN,DEMO: generado localmente,2026-10-08
Alacant/Alicante,Sevilla,02_38_R1,619.273,7.3304,0.0,rapida_demo,DATOS SINTÉTICOS DE DEMOSTRACIÓN,DEMO: generado localmente,2026-10-08
Alacant/Alicante,Sevilla,02_38_R2,606.888,8.1048,7.2,mixta_demo,DATOS SINTÉTICOS DE DEMOSTRACIÓN,DEMO: generado localmente,2026-10-08
Alacant/Alicante,Sevilla,02_38_R3,600.695,8.9389,0.0,economica_demo,DATOS SINTÉTICOS DE DEMOSTRACIÓN,DEMO: generado localmente,2026-10-08
Alacant/Alicante,Soria,02_39_R1,519.729,6.1521,0.0,rapida_demo,DATOS SINTÉTICOS DE DEMOSTRACIÓN,DEMO: generado localmente,2026-10-08
Alacant/Alicante,Soria,02_39_R2,509.335,6.802,7.2,mixta_demo,DATOS SINTÉTICOS DE DEMOSTRACIÓN,DEMO: generado localmente,2026-10-08
Alacant/Alicante,Soria,02_39_R3,504.137,7.502,0.0,economica_demo,DATOS SINTÉTICOS DE DEMOSTRACIÓN,DEMO: generado localmente,2026-10-08
Alacant/Alicante,Tarragona,02_40_R1,427.62,5.0618,0.0,rapida_demo,DATOS SINTÉTICOS DE DEMOSTRACIÓN,DEMO: generado localmente,2026-10-08
Alacant/Alicante,Tarragona,02_40_R2,419.067,5.5965,7.2,mixta_demo,DATOS SINTÉTICOS DE DEMOSTRACIÓN,DEMO: generado localmente,2026-10-08
Alacant/Alicante,Tarragona,02_40_R3,414.791,6.1725,0.0,economica_demo,DATOS SINTÉTICOS DE DEMOSTRACIÓN,DEMO: generado localmente,2026-10-08
Alacant/Alicante,Teruel,02_41_R1,285.791,3.3829,0.0,rapida_demo,DATOS SINTÉTICOS DE DEMOSTRACIÓN,DEMO: generado localmente,2026-10-08
Alacant/Alicante,Teruel,02_41_R2,280.076,3.7403,7.2,mixta_demo,DATOS SINTÉTICOS DE DEMOSTRACIÓN,DEMO: generado localmente,2026-10-08
Alacant/Alicante,Teruel,02_41_R3,277.218,4.1253,0.0,economica_demo,DATOS SINTÉTICOS DE DEMOSTRACIÓN,DEMO: generado localmente,2026-10-08
Alacant/Alicante,Toledo,02_42_R1,436.118,5.1624,0.0,rapida_demo,DATOS SINTÉTICOS DE DEMOSTRACIÓN,DEMO: generado localmente,2026-10-08
Alacant/Alicante,Toledo,02_42_R2,427.396,5.7077,7.2,mixta_demo,DATOS SINTÉTICOS DE DEMOSTRACIÓN,DEMO: generado localmente,2026-10-08
Alacant/Alicante,Toledo,02_42_R3,423.035,6.2952,0.0,economica_demo,DATOS SINTÉTICOS DE DEMOSTRACIÓN,DEMO: generado localmente,2026-10-08
Alacant/Alicante,Valencia,02_43_R1,156.715,1.8551,0.0,rapida_demo,DATOS SINTÉTICOS DE DEMOSTRACIÓN,DEMO: generado localmente,2026-10-08
Alacant/Alicante,Valencia,02_43_R2,153.581,2.051,7.2,mixta_demo,DATOS SINTÉTICOS DE DEMOSTRACIÓN,DEMO: generado localmente,2026-10-08
Alacant/Alicante,Valencia,02_43_R3,152.014,2.2621,0.0,economica_demo,DATOS SINTÉTICOS DE DEMOSTRACIÓN,DEMO: generado localmente,2026-10-08
Alacant/Alicante,Valladolid,02_44_R1,644.682,7.6312,0.0,rapida_demo,DATOS SINTÉTICOS DE DEMOSTRACIÓN,DEMO: generado localmente,2026-10-08
Alacant/Alicante,Valladolid,02_44_R2,631.788,8.4373,7.2,mixta_demo,DATOS SINTÉTICOS DE DEMOSTRACIÓN,DEMO: generado localmente,2026-10-08
Alacant/Alicante,Valladolid,02_44_R3,625.341,9.3057,0.0,economica_demo,DATOS SINTÉTICOS DE DEMOSTRACIÓN,DEMO: generado localmente,2026-10-08
Alacant/Alicante,Zamora,02_45_R1,712.348,8.4322,0.0,rapida_demo,DATOS SINTÉTICOS DE DEMOSTRACIÓN,DEMO: generado localmente,2026-10-08
Alacant/Alicante,Zamora,02_45_R2,698.101,9.3229,7.2,mixta_demo,DATOS SINTÉTICOS DE DEMOSTRACIÓN,DEMO: generado localmente,2026-10-08
Alacant/Alicante,Zamora,02_45_R3,690.978,10.2824,0.0,economica_demo,DATOS SINTÉTICOS DE DEMOSTRACIÓN,DEMO: generado localmente,2026-10-08
Alacant/Alicante,Zaragoza,02_46_R1,462.12,5.4702,0.0,rapida_demo,DATOS SINTÉTICOS DE DEMOSTRACIÓN,DEMO: generado localmente,2026-10-08
Alacant/Alicante,Zaragoza,02_46_R2,452.877,6.048,7.2,mixta_demo,DATOS SINTÉTICOS DE DEMOSTRACIÓN,DEMO: generado localmente,2026-10-08
Alacant/Alicante,Zaragoza,02_46_R3,448.256,6.6705,0.0,economica_demo,DATOS SINTÉTICOS DE DEMOSTRACIÓN,DEMO: generado localmente,2026-10-08
Almería,Oviedo,03_04_R1,974.59,11.5363,0.0,rapida_demo,DATOS SINTÉTICOS DE DEMOSTRACIÓN,DEMO: generado localmente,2026-10-08
Almería,Oviedo,03_04_R2,955.098,12.755,7.2,mixta_demo,DATOS SINTÉTICOS DE DEMOSTRACIÓN,DEMO: generado localmente,2026-10-08
Almería,Oviedo,03_04_R3,945.352,14.0677,0.0,economica_demo,DATOS SINTÉTICOS DE DEMOSTRACIÓN,DEMO: generado localmente,2026-10-08
Almería,Ávila,03_05_R1,583.028,6.9014,0.0,rapida_demo,DATOS SINTÉTICOS DE DEMOSTRACIÓN,DEMO: generado localmente,2026-10-08
Almería,Ávila,03_05_R2,571.367,7.6304,7.2,mixta_demo,DATOS SINTÉTICOS DE DEMOSTRACIÓN,DEMO: generado localmente,2026-10-08
Almería,Ávila,03_05_R3,565.537,8.4157,0.0,economica_demo,DATOS SINTÉTICOS DE DEMOSTRACIÓN,DEMO: generado localmente,2026-10-08
Almería,Badajoz,03_06_R1,569.441,6.7405,0.0,rapida_demo,DATOS SINTÉTICOS DE DEMOSTRACIÓN,DEMO: generado localmente,2026-10-08
Almería,Badajoz,03_06_R2,558.052,7.4526,7.2,mixta_demo,DATOS SINTÉTICOS DE DEMOSTRACIÓN,DEMO: generado localmente,2026-10-08
Almería,Badajoz,03_06_R3,552.357,8.2196,0.0,economica_demo,DATOS SINTÉTICOS DE DEMOSTRACIÓN,DEMO: generado localmente,2026-10-08
Almería,Barcelona,03_07_R1,805.67,9.5368,0.0,rapida_demo,DATOS SINTÉTICOS DE DEMOSTRACIÓN,DEMO: generado localmente,2026-10-08
Almería,Barcelona,03_07_R2,789.557,10.5443,7.2,mixta_demo,DATOS SINTÉTICOS DE DEMOSTRACIÓN,DEMO: generado localmente,2026-10-08
Almería,Barcelona,03_07_R3,781.5,11.6295,0.0,economica_demo,DATOS SINTÉTICOS DE DEMOSTRACIÓN,DEMO: generado localmente,2026-10-08
Almería,Bilbao,03_08_R1,894.222,10.585,0.0,rapida_demo,DATOS SINTÉTICOS DE DEMOSTRACIÓN,DEMO: generado localmente,2026-10-08
Almería,Bilbao,03_08_R2,876.337,11.7032,7.2,mixta_demo,DATOS SINTÉTICOS DE DEMOSTRACIÓN,DEMO: generado localmente,2026-10-08
Almería,Bilbao,03_08_R3,867.395,12.9077,0.0,economica_demo,DATOS SINTÉTICOS DE DEMOSTRACIÓN,DEMO: generado localmente,2026-10-08
Almería,Burgos,03_09_R1,775.855,9.1839,0.0,rapida_demo,DATOS SINTÉTICOS DE DEMOSTRACIÓN,DEMO: generado localmente,2026-10-08
Almería,Burgos,03_09_R2,760.338,10.1541,7.2,mixta_demo,DATOS SINTÉTICOS DE DEMOSTRACIÓN,DEMO: generado localmente,2026-10-08
Almería,Burgos,03_09_R3,752.579,11.1991,0.0,economica_demo,DATOS SINTÉTICOS DE DEMOSTRACIÓN,DEMO: generado localmente,2026-10-08
Almería,Cáceres,03_10_R1,562.166,6.6544,0.0,rapida_demo,DATOS SINTÉTICOS DE DEMOSTRACIÓN,DEMO: generado localmente,2026-10-08
Almería,Cáceres,03_10_R2,550.922,7.3574,7.2,mixta_demo,DATOS SINTÉTICOS DE DEMOSTRACIÓN,DEMO: generado localmente,2026-10-08
Almería,Cáceres,03_10_R3,545.301,8.1146,0.0,economica_demo,DATOS SINTÉTICOS DE DEMOSTRACIÓN,DEMO: generado localmente,2026-10-08
Almería,Cádiz,03_11_R1,428.529,5.0726,0.0,rapida_demo,DATOS SINTÉTICOS DE DEMOSTRACIÓN,DEMO: generado localmente,2026-10-08
Almería,Cádiz,03_11_R2,419.959,5.6084,7.2,mixta_demo,DATOS SINTÉTICOS DE DEMOSTRACIÓN,DEMO: generado localmente,2026-10-08
Almería,Cádiz,03_11_R3,415.674,6.1856,0.0,economica_demo,DATOS SINTÉTICOS DE DEMOSTRACIÓN,DEMO: generado localmente,2026-10-08
Almería,Santander,03_12_R1,931.391,11.025,0.0,rapida_demo,DATOS SINTÉTICOS DE DEMOSTRACIÓN,DEMO: generado localmente,2026-10-08
Almería,Santander,03_12_R2,912.764,12.1897,7.2,mixta_demo,DATOS SINTÉTICOS DE DEMOSTRACIÓN,DEMO: generado localmente,2026-10-08
Almería,Santander,03_12_R3,903.45,13.4442,0.0,economica_demo,DATOS SINTÉTICOS DE DEMOSTRACIÓN,DEMO: generado localmente,2026-10-08
Almería,Castelló de la Plana/Castellón de la Plana,03_13_R1,511.052,6.0494,0.0,rapida_demo,DATOS SINTÉTICOS DE DEMOSTRACIÓN,DEMO: generado localmente,2026-10-08
Almería,Castelló de la Plana/Castellón de la Plana,03_13_R2,500.831,6.6884,7.2,mixta_demo,DATOS SINTÉTICOS DE DEMOSTRACIÓN,DEMO: generado localmente,2026-10-08
Almería,Castelló de la Plana/Castellón de la Plana,03_13_R3,495.72,7.3768,0.0,economica_demo,DATOS SINTÉTICOS DE DEMOSTRACIÓN,DEMO: generado localmente,2026-10-08
Almería,Ciudad Real,03_14_R1,338.412,4.0058,0.0,rapida_demo,DATOS SINTÉTICOS DE DEMOSTRACIÓN,DEMO: generado localmente,2026-10-08
Almería,Ciudad Real,03_14_R2,331.644,4.429,7.2,mixta_demo,DATOS SINTÉTICOS DE DEMOSTRACIÓN,DEMO: generado localmente,2026-10-08
Almería,Ciudad Real,03_14_R3,328.26,4.8848,0.0,economica_demo,DATOS SINTÉTICOS DE DEMOSTRACIÓN,DEMO: generado localmente,2026-10-08
Almería,Córdoba,03_15_R1,293.489,3.4741,0.0,rapida_demo,DATOS SINTÉTICOS DE DEMOSTRACIÓN,DEMO: generado localmente,2026-10-08
Almería,Córdoba,03_15_R2,287.619,3.8411,7.2,mixta_demo,DATOS SINTÉTICOS DE DEMOSTRACIÓN,DEMO: generado localmente,2026-10-08
Almería,Córdoba,03_15_R3,284.684,4.2364,0.0,economica_demo,DATOS SINTÉTICOS DE DEMOSTRACIÓN,DEMO: generado localmente,2026-10-08
Almería,A Coruña,03_16_R1,1104.457,13.0736,0.0,rapida_demo,DATOS SINTÉTICOS DE DEMOSTRACIÓN,DEMO: generado localmente,2026-10-08
Almería,A Coruña,03_16_R2,1082.368,14.4547,7.2,mixta_demo,DATOS SINTÉTICOS DE DEMOSTRACIÓN,DEMO: generado localmente,2026-10-08
Almería,A Coruña,03_16_R3,1071.323,15.9423,0.0,economica_demo,DATOS SINTÉTICOS DE DEMOSTRACIÓN,DEMO: generado localmente,2026-10-08
Almería,Cuenca,03_17_R1,451.521,5.3447,0.0,rapida_demo,DATOS SINTÉTICOS DE DEMOSTRACIÓN,DEMO: generado localmente,2026-10-08
Almería,Cuenca,03_17_R2,442.491,5.9093,7.2,mixta_demo,DATOS SINTÉTICOS DE DEMOSTRACIÓN,DEMO: generado localmente,2026-10-08
Almería,Cuenca,03_17_R3,437.976,6.5175,0.0,economica_demo,DATOS SINTÉTICOS DE DEMOSTRACIÓN,DEMO: generado localmente,2026-10-08
Almería,Donostia/San Sebastián,03_18_R1,902.327,10.681,0.0,rapida_demo,DATOS SINTÉTICOS DE DEMOSTRACIÓN,DEMO: generado localmente,2026-10-08
Almería,Donostia/San Sebastián,03_18_R2,884.28,11.8093,7.2,mixta_demo,DATOS SINTÉTICOS DE DEMOSTRACIÓN,DEMO: generado localmente,2026-10-08
Almería,Donostia/San Sebastián,03_18_R3,875.257,13.0247,0.0,economica_demo,DATOS SINTÉTICOS DE DEMOSTRACIÓN,DEMO: generado localmente,2026-10-08
Almería,Girona,03_19_R1,912.83,10.8053,0.0,rapida_demo,DATOS SINTÉTICOS DE DEMOSTRACIÓN,DEMO: generado localmente,2026-10-08
Almería,Girona,03_19_R2,894.573,11.9468,7.2,mixta_demo,DATOS SINTÉTICOS DE DEMOSTRACIÓN,DEMO: generado localmente,2026-10-08
Almería,Girona,03_19_R3,885.445,13.1763,0.0,economica_demo,DATOS SINTÉTICOS DE DEMOSTRACIÓN,DEMO: generado localmente,2026-10-08
Almería,Granada,03_20_R1,133.853,1.5844,0.0,rapida_demo,DATOS SINTÉTICOS DE DEMOSTRACIÓN,DEMO: generado localmente,2026-10-08
Almería,Granada,03_20_R2,131.176,1.7518,7.2,mixta_demo,DATOS SINTÉTICOS DE DEMOSTRACIÓN,DEMO: generado localmente,2026-10-08
Almería,Granada,03_20_R3,129.838,1.9321,0.0,economica_demo,DATOS SINTÉTICOS DE DEMOSTRACIÓN,DEMO: generado localmente,2026-10-08
Almería,Guadalajara,03_21_R1,532.696,6.3056,0.0,rapida_demo,DATOS SINTÉTICOS DE DEMOSTRACIÓN,DEMO: generado localmente,2026-10-08
Almería,Guadalajara,03_21_R2,522.042,6.9717,7.2,mixta_demo,DATOS SINTÉTICOS DE DEMOSTRACIÓN,DEMO: generado localmente,2026-10-08
Almería,Guadalajara,03_21_R3,516.715,7.6892,0.0,economica_demo,DATOS SINTÉTICOS DE DEMOSTRACIÓN,DEMO: generado localmente,2026-10-08
Almería,Huelva,03_22_R1,500.507,5.9246,0.0,rapida_demo,DATOS SINTÉTICOS DE DEMOSTRACIÓN,DEMO: generado localmente,2026-10-08
Almería,Huelva,03_22_R2,490.497,6.5504,7.2,mixta_demo,DATOS SINTÉTICOS DE DEMOSTRACIÓN,DEMO: generado localmente,2026-10-08
Almería,Huelva,03_22_R3,485.492,7.2246,0.0,economica_demo,DATOS SINTÉTICOS DE DEMOSTRACIÓN,DEMO: generado localmente,2026-10-08
Almería,Huesca,03_23_R1,769.05,9.1033,0.0,rapida_demo,DATOS SINTÉTICOS DE DEMOSTRACIÓN,DEMO: generado localmente,2026-10-08
Almería,Huesca,03_23_R2,753.669,10.065,7.2,mixta_demo,DATOS SINTÉTICOS DE DEMOSTRACIÓN,DEMO: generado localmente,2026-10-08
Almería,Huesca,03_23_R3,745.978,11.1009,0.0,economica_demo,DATOS SINTÉTICOS DE DEMOSTRACIÓN,DEMO: generado localmente,2026-10-08
Almería,Jaén,03_24_R1,194.709,2.3048,0.0,rapida_demo,DATOS SINTÉTICOS DE DEMOSTRACIÓN,DEMO: generado localmente,2026-10-08
Almería,Jaén,03_24_R2,190.815,2.5483,7.2,mixta_demo,DATOS SINTÉTICOS DE DEMOSTRACIÓN,DEMO: generado localmente,2026-10-08
Almería,Jaén,03_24_R3,188.868,2.8105,0.0,economica_demo,DATOS SINTÉTICOS DE DEMOSTRACIÓN,DEMO: generado localmente,2026-10-08
Almería,Logroño,03_25_R1,782.011,9.2568,0.0,rapida_demo,DATOS SINTÉTICOS DE DEMOSTRACIÓN,DEMO: generado localmente,2026-10-08
Almería,Logroño,03_25_R2,766.371,10.2347,7.2,mixta_demo,DATOS SINTÉTICOS DE DEMOSTRACIÓN,DEMO: generado localmente,2026-10-08
Almería,Logroño,03_25_R3,758.551,11.288,0.0,economica_demo,DATOS SINTÉTICOS DE DEMOSTRACIÓN,DEMO: generado localmente,2026-10-08
Almería,León,03_26_R1,866.272,10.2542,0.0,rapida_demo,DATOS SINTÉTICOS DE DEMOSTRACIÓN,DEMO: generado localmente,2026-10-08
Almería,León,03_26_R2,848.947,11.3374,7.2,mixta_demo,DATOS SINTÉTICOS DE DEMOSTRACIÓN,DEMO: generado localmente,2026-10-08
Almería,León,03_26_R3,840.284,12.5042,0.0,economica_demo,DATOS SINTÉTICOS DE DEMOSTRACIÓN,DEMO: generado localmente,2026-10-08
Almería,Lleida,03_27_R1,742.44,8.7884,0.0,rapida_demo,DATOS SINTÉTICOS DE DEMOSTRACIÓN,DEMO: generado localmente,2026-10-08
Almería,Lleida,03_27_R2,727.592,9.7168,7.2,mixta_demo,DATOS SINTÉTICOS DE DEMOSTRACIÓN,DEMO: generado localmente,2026-10-08
Almería,Lleida,03_27_R3,720.167,10.7168,0.0,economica_demo,DATOS SINTÉTICOS DE DEMOSTRACIÓN,DEMO: generado localmente,2026-10-08
Almería,Lugo,03_28_R1,1014.203,12.0052,0.0,rapida_demo,DATOS SINTÉTICOS DE DEMOSTRACIÓN,DEMO: generado localmente,2026-10-08
Almería,Lugo,03_28_R2,993.919,13.2735,7.2,mixta_demo,DATOS SINTÉTICOS DE DEMOSTRACIÓN,DEMO: generado localmente,2026-10-08
Almería,Lugo,03_28_R3,983.777,14.6395,0.0,economica_demo,DATOS SINTÉTICOS DE DEMOSTRACIÓN,DEMO: generado localmente,2026-10-08
Almería,Madrid,03_29_R1,514.886,6.0948,0.0,rapida_demo,DATOS SINTÉTICOS DE DEMOSTRACIÓN,DEMO: generado localmente,2026-10-08
Almería,Madrid,03_29_R2,504.589,6.7386,7.2,mixta_demo,DATOS SINTÉTICOS DE DEMOSTRACIÓN,DEMO: generado localmente,2026-10-08
Almería,Madrid,03_29_R3,499.44,7.4321,0.0,economica_demo,DATOS SINTÉTICOS DE DEMOSTRACIÓN,DEMO: generado localmente,2026-10-08
Almería,Málaga,03_30_R1,217.42,2.5736,0.0,rapida_demo,DATOS SINTÉTICOS DE DEMOSTRACIÓN,DEMO: generado localmente,2026-10-08
Almería,Málaga,03_30_R2,213.072,2.8455,7.2,mixta_demo,DATOS SINTÉTICOS DE DEMOSTRACIÓN,DEMO: generado localmente,2026-10-08
Almería,Málaga,03_30_R3,210.897,3.1384,0.0,economica_demo,DATOS SINTÉTICOS DE DEMOSTRACIÓN,DEMO: generado localmente,2026-10-08
Almería,Murcia,03_31_R1,216.922,2.5677,0.0,rapida_demo,DATOS SINTÉTICOS DE DEMOSTRACIÓN,DEMO: generado localmente,2026-10-08
Almería,Murcia,03_31_R2,212.584,2.839,7.2,mixta_demo,DATOS SINTÉTICOS DE DEMOSTRACIÓN,DEMO: generado localmente,2026-10-08
Almería,Murcia,03_31_R3,210.414,3.1312,0.0,economica_demo,DATOS SINTÉTICOS DE DEMOSTRACIÓN,DEMO: generado localmente,2026-10-08
Almería,Pamplona/Iruña,03_32_R1,835.588,9.891,0.0,rapida_demo,DATOS SINTÉTICOS DE DEMOSTRACIÓN,DEMO: generado localmente,2026-10-08
Almería,Pamplona/Iruña,03_32_R2,818.876,10.9358,7.2,mixta_demo,DATOS SINTÉTICOS DE DEMOSTRACIÓN,DEMO: generado localmente,2026-10-08
Almería,Pamplona/Iruña,03_32_R3,810.52,12.0613,0.0,economica_demo,DATOS SINTÉTICOS DE DEMOSTRACIÓN,DEMO: generado localmente,2026-10-08
Almería,Ourense,03_33_R1,957.418,11.3331,0.0,rapida_demo,DATOS SINTÉTICOS DE DEMOSTRACIÓN,DEMO: generado localmente,2026-10-08
Almería,Ourense,03_33_R2,938.269,12.5303,7.2,mixta_demo,DATOS SINTÉTICOS DE DEMOSTRACIÓN,DEMO: generado localmente,2026-10-08
Almería,Ourense,03_33_R3,928.695,13.8199,0.0,economica_demo,DATOS SINTÉTICOS DE DEMOSTRACIÓN,DEMO: generado localmente,2026-10-08
Almería,Palencia,03_34_R1,752.091,8.9026,0.0,rapida_demo,DATOS SINTÉTICOS DE DEMOSTRACIÓN,DEMO: generado localmente,2026-10-08
Almería,Palencia,03_34_R2,737.049,9.8431,7.2,mixta_demo,DATOS SINTÉTICOS DE DEMOSTRACIÓN,DEMO: generado localmente,2026-10-08
Almería,Palencia,03_34_R3,729.529,10.8561,0.0,economica_demo,DATOS SINTÉTICOS DE DEMOSTRACIÓN,DEMO: generado localmente,2026-10-08
Almería,Pontevedra,03_35_R1,1019.972,12.0735,0.0,rapida_demo,DATOS SINTÉTICOS DE DEMOSTRACIÓN,DEMO: generado localmente,2026-10-08
Almería,Pontevedra,03_35_R2,999.572,13.349,7.2,mixta_demo,DATOS SINTÉTICOS DE DEMOSTRACIÓN,DEMO: generado localmente,2026-10-08
Almería,Pontevedra,03_35_R3,989.373,14.7228,0.0,economica_demo,DATOS SINTÉTICOS DE DEMOSTRACIÓN,DEMO: generado localmente,2026-10-08
Almería,Salamanca,03_36_R1,669.427,7.9241,0.0,rapida_demo,DATOS SINTÉTICOS DE DEMOSTRACIÓN,DEMO: generado localmente,2026-10-08
Almería,Salamanca,03_36_R2,656.038,8.7612,7.2,mixta_demo,DATOS SINTÉTICOS DE DEMOSTRACIÓN,DEMO: generado localmente,2026-10-08
Almería,Salamanca,03_36_R3,649.344,9.6629,0.0,economica_demo,DATOS SINTÉTICOS DE DEMOSTRACIÓN,DEMO: generado localmente,2026-10-08
Almería,Segovia,03_37_R1,598.737,7.0873,0.0,rapida_demo,DATOS SINTÉTICOS DE DEMOSTRACIÓN,DEMO: generado localmente,2026-10-08
Almería,Segovia,03_37_R2,586.762,7.836,7.2,mixta_demo,DATOS SINTÉTICOS DE DEMOSTRACIÓN,DEMO: generado localmente,2026-10-08
Almería,Segovia,03_37_R3,580.775,8.6425,0.0,economica_demo,DATOS SINTÉTICOS DE DEMOSTRACIÓN,DEMO: generado localmente,2026-10-08
Almería,Sevilla,03_38_R1,398.244,4.7141,0.0,rapida_demo,DATOS SINTÉTICOS DE DEMOSTRACIÓN,DEMO: generado localmente,2026-10-08
Almería,Sevilla,03_38_R2,390.279,5.2121,7.2,mixta_demo,DATOS SINTÉTICOS DE DEMOSTRACIÓN,DEMO: generado localmente,2026-10-08
Almería,Sevilla,03_38_R3,386.296,5.7485,0.0,economica_demo,DATOS SINTÉTICOS DE DEMOSTRACIÓN,DEMO: generado localmente,2026-10-08
Almería,Soria,03_39_R1,684.255,8.0996,0.0,rapida_demo,DATOS SINTÉTICOS DE DEMOSTRACIÓN,DEMO: generado localmente,2026-10-08
Almería,Soria,03_39_R2,670.57,8.9553,7.2,mixta_demo,DATOS SINTÉTICOS DE DEMOSTRACIÓN,DEMO: generado localmente,2026-10-08
Almería,Soria,03_39_R3,663.727,9.8769,0.0,economica_demo,DATOS SINTÉTICOS DE DEMOSTRACIÓN,DEMO: generado localmente,2026-10-08
Almería,Tarragona,03_40_R1,717.59,8.4942,0.0,rapida_demo,DATOS SINTÉTICOS DE DEMOSTRACIÓN,DEMO: generado localmente,2026-10-08
Almería,Tarragona,03_40_R2,703.238,9.3915,7.2,mixta_demo,DATOS SINTÉTICOS DE DEMOSTRACIÓN,DEMO: generado localmente,2026-10-08
Almería,Tarragona,03_40_R3,696.062,10.3581,0.0,economica_demo,DATOS SINTÉTICOS DE DEMOSTRACIÓN,DEMO: generado localmente,2026-10-08
Almería,Teruel,03_41_R1,508.845,6.0233,0.0,rapida_demo,DATOS SINTÉTICOS DE DEMOSTRACIÓN,DEMO: generado localmente,2026-10-08
Almería,Teruel,03_41_R2,498.668,6.6596,7.2,mixta_demo,DATOS SINTÉTICOS DE DEMOSTRACIÓN,DEMO: generado localmente,2026-10-08
Almería,Teruel,03_41_R3,493.579,7.3449,0.0,economica_demo,DATOS SINTÉTICOS DE DEMOSTRACIÓN,DEMO: generado localmente,2026-10-08
Almería,Toledo,03_42_R1,452.311,5.3541,0.0,rapida_demo,DATOS SINTÉTICOS DE DEMOSTRACIÓN,DEMO: generado localmente,2026-10-08
Almería,Toledo,03_42_R2,443.265,5.9197,7.2,mixta_demo,DATOS SINTÉTICOS DE DEMOSTRACIÓN,DEMO: generado localmente,2026-10-08
Almería,Toledo,03_42_R3,438.742,6.5289,0.0,economica_demo,DATOS SINTÉTICOS DE DEMOSTRACIÓN,DEMO: generado localmente,2026-10-08
Almería,Valencia,03_43_R1,431.015,5.102,0.0,rapida_demo,DATOS SINTÉTICOS DE DEMOSTRACIÓN,DEMO: generado localmente,2026-10-08
Almería,Valencia,03_43_R2,422.394,5.6409,7.2,mixta_demo,DATOS SINTÉTICOS DE DEMOSTRACIÓN,DEMO: generado localmente,2026-10-08
Almería,Valencia,03_43_R3,418.084,6.2215,0.0,economica_demo,DATOS SINTÉTICOS DE DEMOSTRACIÓN,DEMO: generado localmente,2026-10-08
Almería,Valladolid,03_44_R1,711.72,8.4247,0.0,rapida_demo,DATOS SINTÉTICOS DE DEMOSTRACIÓN,DEMO: generado localmente,2026-10-08
Almería,Valladolid,03_44_R2,697.485,9.3147,7.2,mixta_demo,DATOS SINTÉTICOS DE DEMOSTRACIÓN,DEMO: generado localmente,2026-10-08
Almería,Valladolid,03_44_R3,690.368,10.2733,0.0,economica_demo,DATOS SINTÉTICOS DE DEMOSTRACIÓN,DEMO: generado localmente,2026-10-08
Almería,Zamora,03_45_R1,738.146,8.7375,0.0,rapida_demo,DATOS SINTÉTICOS DE DEMOSTRACIÓN,DEMO: generado localmente,2026-10-08
Almería,Zamora,03_45_R2,723.383,9.6606,7.2,mixta_demo,DATOS SINTÉTICOS DE DEMOSTRACIÓN,DEMO: generado localmente,2026-10-08
Almería,Zamora,03_45_R3,716.002,10.6548,0.0,economica_demo,DATOS SINTÉTICOS DE DEMOSTRACIÓN,DEMO: generado localmente,2026-10-08
Almería,Zaragoza,03_46_R1,690.91,8.1784,0.0,rapida_demo,DATOS SINTÉTICOS DE DEMOSTRACIÓN,DEMO: generado localmente,2026-10-08
Almería,Zaragoza,03_46_R2,677.092,9.0424,7.2,mixta_demo,DATOS SINTÉTICOS DE DEMOSTRACIÓN,DEMO: generado localmente,2026-10-08
Almería,Zaragoza,03_46_R3,670.183,9.973,0.0,economica_demo,DATOS SINTÉTICOS DE DEMOSTRACIÓN,DEMO: generado localmente,2026-10-08
Oviedo,Ávila,04_05_R1,393.94,4.6631,0.0,rapida_demo,DATOS SINTÉTICOS DE DEMOSTRACIÓN,DEMO: generado localmente,2026-10-08
Oviedo,Ávila,04_05_R2,386.061,5.1557,7.2,mixta_demo,DATOS SINTÉTICOS DE DEMOSTRACIÓN,DEMO: generado localmente,2026-10-08
Oviedo,Ávila,04_05_R3,382.122,5.6863,0.0,economica_demo,DATOS SINTÉTICOS DE DEMOSTRACIÓN,DEMO: generado localmente,2026-10-08
Oviedo,Badajoz,04_06_R1,633.939,7.504,0.0,rapida_demo,DATOS SINTÉTICOS DE DEMOSTRACIÓN,DEMO: generado localmente,2026-10-08
Oviedo,Badajoz,04_06_R2,621.261,8.2968,7.2,mixta_demo,DATOS SINTÉTICOS DE DEMOSTRACIÓN,DEMO: generado localmente,2026-10-08
Oviedo,Badajoz,04_06_R3,614.921,9.1506,0.0,economica_demo,DATOS SINTÉTICOS DE DEMOSTRACIÓN,DEMO: generado localmente,2026-10-08
Oviedo,Barcelona,04_07_R1,868.017,10.2748,0.0,rapida_demo,DATOS SINTÉTICOS DE DEMOSTRACIÓN,DEMO: generado localmente,2026-10-08
Oviedo,Barcelona,04_07_R2,850.656,11.3603,7.2,mixta_demo,DATOS SINTÉTICOS DE DEMOSTRACIÓN,DEMO: generado localmente,2026-10-08
Oviedo,Barcelona,04_07_R3,841.976,12.5294,0.0,economica_demo,DATOS SINTÉTICOS DE DEMOSTRACIÓN,DEMO: generado localmente,2026-10-08
Oviedo,Bilbao,04_08_R1,295.721,3.5005,0.0,rapida_demo,DATOS SINTÉTICOS DE DEMOSTRACIÓN,DEMO: generado localmente,2026-10-08
Oviedo,Bilbao,04_08_R2,289.807,3.8703,7.2,mixta_demo,DATOS SINTÉTICOS DE DEMOSTRACIÓN,DEMO: generado localmente,2026-10-08
Oviedo,Bilbao,04_08_R3,286.849,4.2686,0.0,economica_demo,DATOS SINTÉTICOS DE DEMOSTRACIÓN,DEMO: generado localmente,2026-10-08
Oviedo,Burgos,04_09_R1,260.293,3.0811,0.0,rapida_demo,DATOS SINTÉTICOS DE DEMOSTRACIÓN,DEMO: generado localmente,2026-10-08
Oviedo,Burgos,04_09_R2,255.087,3.4066,7.2,mixta_demo,DATOS SINTÉTICOS DE DEMOSTRACIÓN,DEMO: generado localmente,2026-10-08
Oviedo,Burgos,04_09_R3,252.484,3.7572,0.0,economica_demo,DATOS SINTÉTICOS DE DEMOSTRACIÓN,DEMO: generado localmente,2026-10-08
Oviedo,Cáceres,04_10_R1,542.915,6.4266,0.0,rapida_demo,DATOS SINTÉTICOS DE DEMOSTRACIÓN,DEMO: generado localmente,2026-10-08
Oviedo,Cáceres,04_10_R2,532.057,7.1055,7.2,mixta_demo,DATOS SINTÉTICOS DE DEMOSTRACIÓN,DEMO: generado localmente,2026-10-08
Oviedo,Cáceres,04_10_R3,526.628,7.8367,0.0,economica_demo,DATOS SINTÉTICOS DE DEMOSTRACIÓN,DEMO: generado localmente,2026-10-08
Oviedo,Cádiz,04_11_R1,950.652,11.253,0.0,rapida_demo,DATOS SINTÉTICOS DE DEMOSTRACIÓN,DEMO: generado localmente,2026-10-08
Oviedo,Cádiz,04_11_R2,931.639,12.4418,7.2,mixta_demo,DATOS SINTÉTICOS DE DEMOSTRACIÓN,DEMO: generado localmente,2026-10-08
Oviedo,Cádiz,04_11_R3,922.132,13.7222,0.0,economica_demo,DATOS SINTÉTICOS DE DEMOSTRACIÓN,DEMO: generado localmente,2026-10-08
Oviedo,Santander,04_12_R1,205.92,2.4375,0.0,rapida_demo,DATOS SINTÉTICOS DE DEMOSTRACIÓN,DEMO: generado localmente,2026-10-08
Oviedo,Santander,04_12_R2,201.801,2.695,7.2,mixta_demo,DATOS SINTÉTICOS DE DEMOSTRACIÓN,DEMO: generado localmente,2026-10-08
Oviedo,Santander,04_12_R3,199.742,2.9724,0.0,economica_demo,DATOS SINTÉTICOS DE DEMOSTRACIÓN,DEMO: generado localmente,2026-10-08
Oviedo,Castelló de la Plana/Castellón de la Plana,04_13_R1,763.508,9.0377,0.0,rapida_demo,DATOS SINTÉTICOS DE DEMOSTRACIÓN,DEMO: generado localmente,2026-10-08
Oviedo,Castelló de la Plana/Castellón de la Plana,04_13_R2,748.238,9.9925,7.2,mixta_demo,DATOS SINTÉTICOS DE DEMOSTRACIÓN,DEMO: generado localmente,2026-10-08
Oviedo,Castelló de la Plana/Castellón de la Plana,04_13_R3,740.603,11.0209,0.0,economica_demo,DATOS SINTÉTICOS DE DEMOSTRACIÓN,DEMO: generado localmente,2026-10-08
Oviedo,Ciudad Real,04_14_R1,640.321,7.5796,0.0,rapida_demo,DATOS SINTÉTICOS DE DEMOSTRACIÓN,DEMO: generado localmente,2026-10-08
Oviedo,Ciudad Real,04_14_R2,627.515,8.3803,7.2,mixta_demo,DATOS SINTÉTICOS DE DEMOSTRACIÓN,DEMO: generado localmente,2026-10-08
Oviedo,Ciudad Real,04_14_R3,621.112,9.2427,0.0,economica_demo,DATOS SINTÉTICOS DE DEMOSTRACIÓN,DEMO: generado localmente,2026-10-08
Oviedo,Córdoba,04_15_R1,769.316,9.1065,0.0,rapida_demo,DATOS SINTÉTICOS DE DEMOSTRACIÓN,DEMO: generado localmente,2026-10-08
Oviedo,Córdoba,04_15_R2,753.929,10.0685,7.2,mixta_demo,DATOS SINTÉTICOS DE DEMOSTRACIÓN,DEMO: generado localmente,2026-10-08
Oviedo,Córdoba,04_15_R3,746.236,11.1047,0.0,economica_demo,DATOS SINTÉTICOS DE DEMOSTRACIÓN,DEMO: generado localmente,2026-10-08
Oviedo,A Coruña,04_16_R1,257.782,3.0514,0.0,rapida_demo,DATOS SINTÉTICOS DE DEMOSTRACIÓN,DEMO: generado localmente,2026-10-08
Oviedo,A Coruña,04_16_R2,252.627,3.3738,7.2,mixta_demo,DATOS SINTÉTICOS DE DEMOSTRACIÓN,DEMO: generado localmente,2026-10-08
Oviedo,A Coruña,04_16_R3,250.049,3.721,0.0,economica_demo,DATOS SINTÉTICOS DE DEMOSTRACIÓN,DEMO: generado localmente,2026-10-08
Oviedo,Cuenca,04_17_R1,597.105,7.068,0.0,rapida_demo,DATOS SINTÉTICOS DE DEMOSTRACIÓN,DEMO: generado localmente,2026-10-08
Oviedo,Cuenca,04_17_R2,585.163,7.8147,7.2,mixta_demo,DATOS SINTÉTICOS DE DEMOSTRACIÓN,DEMO: generado localmente,2026-10-08
Oviedo,Cuenca,04_17_R3,579.192,8.6189,0.0,economica_demo,DATOS SINTÉTICOS DE DEMOSTRACIÓN,DEMO: generado localmente,2026-10-08
Oviedo,Donostia/San Sebastián,04_18_R1,390.09,4.6175,0.0,rapida_demo,DATOS SINTÉTICOS DE DEMOSTRACIÓN,DEMO: generado localmente,2026-10-08
Oviedo,Donostia/San Sebastián,04_18_R2,382.289,5.1053,7.2,mixta_demo,DATOS SINTÉTICOS DE DEMOSTRACIÓN,DEMO: generado localmente,2026-10-08
Oviedo,Donostia/San Sebastián,04_18_R3,378.388,5.6308,0.0,economica_demo,DATOS SINTÉTICOS DE DEMOSTRACIÓN,DEMO: generado localmente,2026-10-08
Oviedo,Girona,04_19_R1,905.966,10.724,0.0,rapida_demo,DATOS SINTÉTICOS DE DEMOSTRACIÓN,DEMO: generado localmente,2026-10-08
Oviedo,Girona,04_19_R2,887.847,11.8569,7.2,mixta_demo,DATOS SINTÉTICOS DE DEMOSTRACIÓN,DEMO: generado localmente,2026-10-08
Oviedo,Girona,04_19_R3,878.787,13.0772,0.0,economica_demo,DATOS SINTÉTICOS DE DEMOSTRACIÓN,DEMO: generado localmente,2026-10-08
Oviedo,Granada,04_20_R1,892.131,10.5603,0.0,rapida_demo,DATOS SINTÉTICOS DE DEMOSTRACIÓN,DEMO: generado localmente,2026-10-08
Oviedo,Granada,04_20_R2,874.288,11.6759,7.2,mixta_demo,DATOS SINTÉTICOS DE DEMOSTRACIÓN,DEMO: generado localmente,2026-10-08
Oviedo,Granada,04_20_R3,865.367,12.8775,0.0,economica_demo,DATOS SINTÉTICOS DE DEMOSTRACIÓN,DEMO: generado localmente,2026-10-08
Oviedo,Guadalajara,04_21_R1,469.129,5.5531,0.0,rapida_demo,DATOS SINTÉTICOS DE DEMOSTRACIÓN,DEMO: generado localmente,2026-10-08
Oviedo,Guadalajara,04_21_R2,459.746,6.1398,7.2,mixta_demo,DATOS SINTÉTICOS DE DEMOSTRACIÓN,DEMO: generado localmente,2026-10-08
Oviedo,Guadalajara,04_21_R3,455.055,6.7717,0.0,economica_demo,DATOS SINTÉTICOS DE DEMOSTRACIÓN,DEMO: generado localmente,2026-10-08
Oviedo,Huelva,04_22_R1,856.436,10.1377,0.0,rapida_demo,DATOS SINTÉTICOS DE DEMOSTRACIÓN,DEMO: generado localmente,2026-10-08
Oviedo,Huelva,04_22_R2,839.307,11.2087,7.2,mixta_demo,DATOS SINTÉTICOS DE DEMOSTRACIÓN,DEMO: generado localmente,2026-10-08
Oviedo,Huelva,04_22_R3,830.743,12.3622,0.0,economica_demo,DATOS SINTÉTICOS DE DEMOSTRACIÓN,DEMO: generado localmente,2026-10-08
Oviedo,Huesca,04_23_R1,579.991,6.8654,0.0,rapida_demo,DATOS SINTÉTICOS DE DEMOSTRACIÓN,DEMO: generado localmente,2026-10-08
Oviedo,Huesca,04_23_R2,568.391,7.5907,7.2,mixta_demo,DATOS SINTÉTICOS DE DEMOSTRACIÓN,DEMO: generado localmente,2026-10-08
Oviedo,Huesca,04_23_R3,562.591,8.3719,0.0,economica_demo,DATOS SINTÉTICOS DE DEMOSTRACIÓN,DEMO: generado localmente,2026-10-08
Oviedo,Jaén,04_24_R1,807.392,9.5572,0.0,rapida_demo,DATOS SINTÉTICOS DE DEMOSTRACIÓN,DEMO: generado localmente,2026-10-08
Oviedo,Jaén,04_24_R2,791.244,10.5668,7.2,mixta_demo,DATOS SINTÉTICOS DE DEMOSTRACIÓN,DEMO: generado localmente,2026-10-08
Oviedo,Jaén,04_24_R3,783.17,11.6543,0.0,economica_demo,DATOS SINTÉTICOS DE DEMOSTRACIÓN,DEMO: generado localmente,2026-10-08
Oviedo,Logroño,04_25_R1,368.245,4.359,0.0,rapida_demo,DATOS SINTÉTICOS DE DEMOSTRACIÓN,DEMO: generado localmente,2026-10-08
Oviedo,Logroño,04_25_R2,360.88,4.8194,7.2,mixta_demo,DATOS SINTÉTICOS DE DEMOSTRACIÓN,DEMO: generado localmente,2026-10-08
Oviedo,Logroño,04_25_R3,357.197,5.3154,0.0,economica_demo,DATOS SINTÉTICOS DE DEMOSTRACIÓN,DEMO: generado localmente,2026-10-08
Oviedo,León,04_26_R1,109.544,1.2967,0.0,rapida_demo,DATOS SINTÉTICOS DE DEMOSTRACIÓN,DEMO: generado localmente,2026-10-08
Oviedo,León,04_26_R2,107.353,1.4337,7.2,mixta_demo,DATOS SINTÉTICOS DE DEMOSTRACIÓN,DEMO: generado localmente,2026-10-08
Oviedo,León,04_26_R3,106.257,1.5812,0.0,economica_demo,DATOS SINTÉTICOS DE DEMOSTRACIÓN,DEMO: generado localmente,2026-10-08
Oviedo,Lleida,04_27_R1,706.053,8.3576,0.0,rapida_demo,DATOS SINTÉTICOS DE DEMOSTRACIÓN,DEMO: generado localmente,2026-10-08
Oviedo,Lleida,04_27_R2,691.932,9.2405,7.2,mixta_demo,DATOS SINTÉTICOS DE DEMOSTRACIÓN,DEMO: generado localmente,2026-10-08
Oviedo,Lleida,04_27_R3,684.872,10.1915,0.0,economica_demo,DATOS SINTÉTICOS DE DEMOSTRACIÓN,DEMO: generado localmente,2026-10-08
Oviedo,Lugo,04_28_R1,180.114,2.132,0.0,rapida_demo,DATOS SINTÉTICOS DE DEMOSTRACIÓN,DEMO: generado localmente,2026-10-08
Oviedo,Lugo,04_28_R2,176.511,2.3573,7.2,mixta_demo,DATOS SINTÉTICOS DE DEMOSTRACIÓN,DEMO: generado localmente,2026-10-08
Oviedo,Lugo,04_28_R3,174.71,2.5999,0.0,economica_demo,DATOS SINTÉTICOS DE DEMOSTRACIÓN,DEMO: generado localmente,2026-10-08
Oviedo,Madrid,04_29_R1,465.542,5.5107,0.0,rapida_demo,DATOS SINTÉTICOS DE DEMOSTRACIÓN,DEMO: generado localmente,2026-10-08
Oviedo,Madrid,04_29_R2,456.231,6.0928,7.2,mixta_demo,DATOS SINTÉTICOS DE DEMOSTRACIÓN,DEMO: generado localmente,2026-10-08
Oviedo,Madrid,04_29_R3,451.576,6.7199,0.0,economica_demo,DATOS SINTÉTICOS DE DEMOSTRACIÓN,DEMO: generado localmente,2026-10-08
Oviedo,Málaga,04_30_R1,935.364,11.072,0.0,rapida_demo,DATOS SINTÉTICOS DE DEMOSTRACIÓN,DEMO: generado localmente,2026-10-08
Oviedo,Málaga,04_30_R2,916.657,12.2417,7.2,mixta_demo,DATOS SINTÉTICOS DE DEMOSTRACIÓN,DEMO: generado localmente,2026-10-08
Oviedo,Málaga,04_30_R3,907.303,13.5015,0.0,economica_demo,DATOS SINTÉTICOS DE DEMOSTRACIÓN,DEMO: generado localmente,2026-10-08
Oviedo,Murcia,04_31_R1,897.182,10.62,0.0,rapida_demo,DATOS SINTÉTICOS DE DEMOSTRACIÓN,DEMO: generado localmente,2026-10-08
Oviedo,Murcia,04_31_R2,879.238,11.742,7.2,mixta_demo,DATOS SINTÉTICOS DE DEMOSTRACIÓN,DEMO: generado localmente,2026-10-08
Oviedo,Murcia,04_31_R3,870.266,12.9504,0.0,economica_demo,DATOS SINTÉTICOS DE DEMOSTRACIÓN,DEMO: generado localmente,2026-10-08
Oviedo,Pamplona/Iruña,04_32_R1,432.899,5.1243,0.0,rapida_demo,DATOS SINTÉTICOS DE DEMOSTRACIÓN,DEMO: generado localmente,2026-10-08
Oviedo,Pamplona/Iruña,04_32_R2,424.241,5.6656,7.2,mixta_demo,DATOS SINTÉTICOS DE DEMOSTRACIÓN,DEMO: generado localmente,2026-10-08
Oviedo,Pamplona/Iruña,04_32_R3,419.912,6.2487,0.0,economica_demo,DATOS SINTÉTICOS DE DEMOSTRACIÓN,DEMO: generado localmente,2026-10-08
Oviedo,Ourense,04_33_R1,250.261,2.9624,0.0,rapida_demo,DATOS SINTÉTICOS DE DEMOSTRACIÓN,DEMO: generado localmente,2026-10-08
Oviedo,Ourense,04_33_R2,245.256,3.2753,7.2,mixta_demo,DATOS SINTÉTICOS DE DEMOSTRACIÓN,DEMO: generado localmente,2026-10-08
Oviedo,Ourense,04_33_R3,242.753,3.6124,0.0,economica_demo,DATOS SINTÉTICOS DE DEMOSTRACIÓN,DEMO: generado localmente,2026-10-08
Oviedo,Palencia,04_34_R1,230.519,2.7287,0.0,rapida_demo,DATOS SINTÉTICOS DE DEMOSTRACIÓN,DEMO: generado localmente,2026-10-08
Oviedo,Palencia,04_34_R2,225.909,3.0169,7.2,mixta_demo,DATOS SINTÉTICOS DE DEMOSTRACIÓN,DEMO: generado localmente,2026-10-08
Oviedo,Palencia,04_34_R3,223.604,3.3274,0.0,economica_demo,DATOS SINTÉTICOS DE DEMOSTRACIÓN,DEMO: generado localmente,2026-10-08
Oviedo,Pontevedra,04_35_R1,313.145,3.7067,0.0,rapida_demo,DATOS SINTÉTICOS DE DEMOSTRACIÓN,DEMO: generado localmente,2026-10-08
Oviedo,Pontevedra,04_35_R2,306.882,4.0983,7.2,mixta_demo,DATOS SINTÉTICOS DE DEMOSTRACIÓN,DEMO: generado localmente,2026-10-08
Oviedo,Pontevedra,04_35_R3,303.75,4.5201,0.0,economica_demo,DATOS SINTÉTICOS DE DEMOSTRACIÓN,DEMO: generado localmente,2026-10-08
Oviedo,Salamanca,04_36_R1,333.413,3.9467,0.0,rapida_demo,DATOS SINTÉTICOS DE DEMOSTRACIÓN,DEMO: generado localmente,2026-10-08
Oviedo,Salamanca,04_36_R2,326.745,4.3636,7.2,mixta_demo,DATOS SINTÉTICOS DE DEMOSTRACIÓN,DEMO: generado localmente,2026-10-08
Oviedo,Salamanca,04_36_R3,323.411,4.8127,0.0,economica_demo,DATOS SINTÉTICOS DE DEMOSTRACIÓN,DEMO: generado localmente,2026-10-08
Oviedo,Segovia,04_37_R1,378.961,4.4858,0.0,rapida_demo,DATOS SINTÉTICOS DE DEMOSTRACIÓN,DEMO: generado localmente,2026-10-08
Oviedo,Segovia,04_37_R2,371.381,4.9597,7.2,mixta_demo,DATOS SINTÉTICOS DE DEMOSTRACIÓN,DEMO: generado localmente,2026-10-08
Oviedo,Segovia,04_37_R3,367.592,5.4701,0.0,economica_demo,DATOS SINTÉTICOS DE DEMOSTRACIÓN,DEMO: generado localmente,2026-10-08
Oviedo,Sevilla,04_38_R1,830.205,9.8272,0.0,rapida_demo,DATOS SINTÉTICOS DE DEMOSTRACIÓN,DEMO: generado localmente,2026-10-08
Oviedo,Sevilla,04_38_R2,813.601,10.8654,7.2,mixta_demo,DATOS SINTÉTICOS DE DEMOSTRACIÓN,DEMO: generado localmente,2026-10-08
Oviedo,Sevilla,04_38_R3,805.299,11.9836,0.0,economica_demo,DATOS SINTÉTICOS DE DEMOSTRACIÓN,DEMO: generado localmente,2026-10-08
Oviedo,Soria,04_39_R1,411.138,4.8667,0.0,rapida_demo,DATOS SINTÉTICOS DE DEMOSTRACIÓN,DEMO: generado localmente,2026-10-08
Oviedo,Soria,04_39_R2,402.916,5.3808,7.2,mixta_demo,DATOS SINTÉTICOS DE DEMOSTRACIÓN,DEMO: generado localmente,2026-10-08
Oviedo,Soria,04_39_R3,398.804,5.9346,0.0,economica_demo,DATOS SINTÉTICOS DE DEMOSTRACIÓN,DEMO: generado localmente,2026-10-08
Oviedo,Tarragona,04_40_R1,793.898,9.3975,0.0,rapida_demo,DATOS SINTÉTICOS DE DEMOSTRACIÓN,DEMO: generado localmente,2026-10-08
Oviedo,Tarragona,04_40_R2,778.02,10.3902,7.2,mixta_demo,DATOS SINTÉTICOS DE DEMOSTRACIÓN,DEMO: generado localmente,2026-10-08
Oviedo,Tarragona,04_40_R3,770.081,11.4595,0.0,economica_demo,DATOS SINTÉTICOS DE DEMOSTRACIÓN,DEMO: generado localmente,2026-10-08
Oviedo,Teruel,04_41_R1,645.042,7.6354,0.0,rapida_demo,DATOS SINTÉTICOS DE DEMOSTRACIÓN,DEMO: generado localmente,2026-10-08
Oviedo,Teruel,04_41_R2,632.141,8.4421,7.2,mixta_demo,DATOS SINTÉTICOS DE DEMOSTRACIÓN,DEMO: generado localmente,2026-10-08
Oviedo,Teruel,04_41_R3,625.691,9.3109,0.0,economica_demo,DATOS SINTÉTICOS DE DEMOSTRACIÓN,DEMO: generado localmente,2026-10-08
Oviedo,Toledo,04_42_R1,522.414,6.1839,0.0,rapida_demo,DATOS SINTÉTICOS DE DEMOSTRACIÓN,DEMO: generado localmente,2026-10-08
Oviedo,Toledo,04_42_R2,511.966,6.8372,7.2,mixta_demo,DATOS SINTÉTICOS DE DEMOSTRACIÓN,DEMO: generado localmente,2026-10-08
Oviedo,Toledo,04_42_R3,506.742,7.5408,0.0,economica_demo,DATOS SINTÉTICOS DE DEMOSTRACIÓN,DEMO: generado localmente,2026-10-08
Oviedo,Valencia,04_43_R1,785.288,9.2956,0.0,rapida_demo,DATOS SINTÉTICOS DE DEMOSTRACIÓN,DEMO: generado localmente,2026-10-08
Oviedo,Valencia,04_43_R2,769.582,10.2775,7.2,mixta_demo,DATOS SINTÉTICOS DE DEMOSTRACIÓN,DEMO: generado localmente,2026-10-08
Oviedo,Valencia,04_43_R3,761.729,11.3353,0.0,economica_demo,DATOS SINTÉTICOS DE DEMOSTRACIÓN,DEMO: generado localmente,2026-10-08
Oviedo,Valladolid,04_44_R1,263.497,3.119,0.0,rapida_demo,DATOS SINTÉTICOS DE DEMOSTRACIÓN,DEMO: generado localmente,2026-10-08
Oviedo,Valladolid,04_44_R2,258.227,3.4485,7.2,mixta_demo,DATOS SINTÉTICOS DE DEMOSTRACIÓN,DEMO: generado localmente,2026-10-08
Oviedo,Valladolid,04_44_R3,255.592,3.8035,0.0,economica_demo,DATOS SINTÉTICOS DE DEMOSTRACIÓN,DEMO: generado localmente,2026-10-08
Oviedo,Zamora,04_45_R1,258.252,3.057,0.0,rapida_demo,DATOS SINTÉTICOS DE DEMOSTRACIÓN,DEMO: generado localmente,2026-10-08
Oviedo,Zamora,04_45_R2,253.087,3.3799,7.2,mixta_demo,DATOS SINTÉTICOS DE DEMOSTRACIÓN,DEMO: generado localmente,2026-10-08
Oviedo,Zamora,04_45_R3,250.504,3.7277,0.0,economica_demo,DATOS SINTÉTICOS DE DEMOSTRACIÓN,DEMO: generado localmente,2026-10-08
Oviedo,Zaragoza,04_46_R1,561.268,6.6438,0.0,rapida_demo,DATOS SINTÉTICOS DE DEMOSTRACIÓN,DEMO: generado localmente,2026-10-08
Oviedo,Zaragoza,04_46_R2,550.042,7.3457,7.2,mixta_demo,DATOS SINTÉTICOS DE DEMOSTRACIÓN,DEMO: generado localmente,2026-10-08
Oviedo,Zaragoza,04_46_R3,544.43,8.1016,0.0,economica_demo,DATOS SINTÉTICOS DE DEMOSTRACIÓN,DEMO: generado localmente,2026-10-08
Ávila,Badajoz,05_06_R1,346.188,4.0979,0.0,rapida_demo,DATOS SINTÉTICOS DE DEMOSTRACIÓN,DEMO: generado localmente,2026-10-08
Ávila,Badajoz,05_06_R2,339.264,4.5308,7.2,mixta_demo,DATOS SINTÉTICOS DE DEMOSTRACIÓN,DEMO: generado localmente,2026-10-08
Ávila,Badajoz,05_06_R3,335.802,4.9971,0.0,economica_demo,DATOS SINTÉTICOS DE DEMOSTRACIÓN,DEMO: generado localmente,2026-10-08
Ávila,Barcelona,05_07_R1,728.05,8.618,0.0,rapida_demo,DATOS SINTÉTICOS DE DEMOSTRACIÓN,DEMO: generado localmente,2026-10-08
Ávila,Barcelona,05_07_R2,713.489,9.5284,7.2,mixta_demo,DATOS SINTÉTICOS DE DEMOSTRACIÓN,DEMO: generado localmente,2026-10-08
Ávila,Barcelona,05_07_R3,706.208,10.5091,0.0,economica_demo,DATOS SINTÉTICOS DE DEMOSTRACIÓN,DEMO: generado localmente,2026-10-08
Ávila,Bilbao,05_08_R1,406.251,4.8088,0.0,rapida_demo,DATOS SINTÉTICOS DE DEMOSTRACIÓN,DEMO: generado localmente,2026-10-08
Ávila,Bilbao,05_08_R2,398.126,5.3169,7.2,mixta_demo,DATOS SINTÉTICOS DE DEMOSTRACIÓN,DEMO: generado localmente,2026-10-08
Ávila,Bilbao,05_08_R3,394.064,5.864,0.0,economica_demo,DATOS SINTÉTICOS DE DEMOSTRACIÓN,DEMO: generado localmente,2026-10-08
Ávila,Burgos,05_09_R1,256.048,3.0309,0.0,rapida_demo,DATOS SINTÉTICOS DE DEMOSTRACIÓN,DEMO: generado localmente,2026-10-08
Ávila,Burgos,05_09_R2,250.927,3.3511,7.2,mixta_demo,DATOS SINTÉTICOS DE DEMOSTRACIÓN,DEMO: generado localmente,2026-10-08
Ávila,Burgos,05_09_R3,248.367,3.6959,0.0,economica_demo,DATOS SINTÉTICOS DE DEMOSTRACIÓN,DEMO: generado localmente,2026-10-08
Ávila,Cáceres,05_10_R1,242.126,2.8661,0.0,rapida_demo,DATOS SINTÉTICOS DE DEMOSTRACIÓN,DEMO: generado localmente,2026-10-08
Ávila,Cáceres,05_10_R2,237.283,3.1688,7.2,mixta_demo,DATOS SINTÉTICOS DE DEMOSTRACIÓN,DEMO: generado localmente,2026-10-08
Ávila,Cáceres,05_10_R3,234.862,3.495,0.0,economica_demo,DATOS SINTÉTICOS DE DEMOSTRACIÓN,DEMO: generado localmente,2026-10-08
Ávila,Cádiz,05_11_R1,599.157,7.0923,0.0,rapida_demo,DATOS SINTÉTICOS DE DEMOSTRACIÓN,DEMO: generado localmente,2026-10-08
Ávila,Cádiz,05_11_R2,587.173,7.8415,7.2,mixta_demo,DATOS SINTÉTICOS DE DEMOSTRACIÓN,DEMO: generado localmente,2026-10-08
Ávila,Cádiz,05_11_R3,581.182,8.6485,0.0,economica_demo,DATOS SINTÉTICOS DE DEMOSTRACIÓN,DEMO: generado localmente,2026-10-08
Ávila,Santander,05_12_R1,400.616,4.7421,0.0,rapida_demo,DATOS SINTÉTICOS DE DEMOSTRACIÓN,DEMO: generado localmente,2026-10-08
Ávila,Santander,05_12_R2,392.603,5.2431,7.2,mixta_demo,DATOS SINTÉTICOS DE DEMOSTRACIÓN,DEMO: generado localmente,2026-10-08
Ávila,Santander,05_12_R3,388.597,5.7827,0.0,economica_demo,DATOS SINTÉTICOS DE DEMOSTRACIÓN,DEMO: generado localmente,2026-10-08
Ávila,Castelló de la Plana/Castellón de la Plana,05_13_R1,502.721,5.9508,0.0,rapida_demo,DATOS SINTÉTICOS DE DEMOSTRACIÓN,DEMO: generado localmente,2026-10-08
Ávila,Castelló de la Plana/Castellón de la Plana,05_13_R2,492.667,6.5794,7.2,mixta_demo,DATOS SINTÉTICOS DE DEMOSTRACIÓN,DEMO: generado localmente,2026-10-08
Ávila,Castelló de la Plana/Castellón de la Plana,05_13_R3,487.64,7.2565,0.0,economica_demo,DATOS SINTÉTICOS DE DEMOSTRACIÓN,DEMO: generado localmente,2026-10-08
Ávila,Ciudad Real,05_14_R1,246.548,2.9184,0.0,rapida_demo,DATOS SINTÉTICOS DE DEMOSTRACIÓN,DEMO: generado localmente,2026-10-08
Ávila,Ciudad Real,05_14_R2,241.617,3.2267,7.2,mixta_demo,DATOS SINTÉTICOS DE DEMOSTRACIÓN,DEMO: generado localmente,2026-10-08
Ávila,Ciudad Real,05_14_R3,239.152,3.5588,0.0,economica_demo,DATOS SINTÉTICOS DE DEMOSTRACIÓN,DEMO: generado localmente,2026-10-08
Ávila,Córdoba,05_15_R1,385.323,4.5611,0.0,rapida_demo,DATOS SINTÉTICOS DE DEMOSTRACIÓN,DEMO: generado localmente,2026-10-08
Ávila,Córdoba,05_15_R2,377.617,5.043,7.2,mixta_demo,DATOS SINTÉTICOS DE DEMOSTRACIÓN,DEMO: generado localmente,2026-10-08
Ávila,Córdoba,05_15_R3,373.764,5.562,0.0,economica_demo,DATOS SINTÉTICOS DE DEMOSTRACIÓN,DEMO: generado localmente,2026-10-08
Ávila,A Coruña,05_16_R1,536.583,6.3516,0.0,rapida_demo,DATOS SINTÉTICOS DE DEMOSTRACIÓN,DEMO: generado localmente,2026-10-08
Ávila,A Coruña,05_16_R2,525.851,7.0226,7.2,mixta_demo,DATOS SINTÉTICOS DE DEMOSTRACIÓN,DEMO: generado localmente,2026-10-08
Ávila,A Coruña,05_16_R3,520.485,7.7453,0.0,economica_demo,DATOS SINTÉTICOS DE DEMOSTRACIÓN,DEMO: generado localmente,2026-10-08
Ávila,Cuenca,05_17_R1,283.797,3.3593,0.0,rapida_demo,DATOS SINTÉTICOS DE DEMOSTRACIÓN,DEMO: generado localmente,2026-10-08
Ávila,Cuenca,05_17_R2,278.121,3.7142,7.2,mixta_demo,DATOS SINTÉTICOS DE DEMOSTRACIÓN,DEMO: generado localmente,2026-10-08
Ávila,Cuenca,05_17_R3,275.283,4.0965,0.0,economica_demo,DATOS SINTÉTICOS DE DEMOSTRACIÓN,DEMO: generado localmente,2026-10-08
Ávila,Donostia/San Sebastián,05_18_R1,464.499,5.4983,0.0,rapida_demo,DATOS SINTÉTICOS DE DEMOSTRACIÓN,DEMO: generado localmente,2026-10-08
Ávila,Donostia/San Sebastián,05_18_R2,455.209,6.0792,7.2,mixta_demo,DATOS SINTÉTICOS DE DEMOSTRACIÓN,DEMO: generado localmente,2026-10-08
Ávila,Donostia/San Sebastián,05_18_R3,450.564,6.7048,0.0,economica_demo,DATOS SINTÉTICOS DE DEMOSTRACIÓN,DEMO: generado localmente,2026-10-08
Ávila,Girona,05_19_R1,806.556,9.5473,0.0,rapida_demo,DATOS SINTÉTICOS DE DEMOSTRACIÓN,DEMO: generado localmente,2026-10-08
Ávila,Girona,05_19_R2,790.425,10.5559,7.2,mixta_demo,DATOS SINTÉTICOS DE DEMOSTRACIÓN,DEMO: generado localmente,2026-10-08
Ávila,Girona,05_19_R3,782.359,11.6423,0.0,economica_demo,DATOS SINTÉTICOS DE DEMOSTRACIÓN,DEMO: generado localmente,2026-10-08
Ávila,Granada,05_20_R1,498.475,5.9005,0.0,rapida_demo,DATOS SINTÉTICOS DE DEMOSTRACIÓN,DEMO: generado localmente,2026-10-08
Ávila,Granada,05_20_R2,488.505,6.5238,7.2,mixta_demo,DATOS SINTÉTICOS DE DEMOSTRACIÓN,DEMO: generado localmente,2026-10-08
Ávila,Granada,05_20_R3,483.52,7.1952,0.0,economica_demo,DATOS SINTÉTICOS DE DEMOSTRACIÓN,DEMO: generado localmente,2026-10-08
Ávila,Guadalajara,05_21_R1,161.667,1.9137,0.0,rapida_demo,DATOS SINTÉTICOS DE DEMOSTRACIÓN,DEMO: generado localmente,2026-10-08
Ávila,Guadalajara,05_21_R2,158.434,2.1158,7.2,mixta_demo,DATOS SINTÉTICOS DE DEMOSTRACIÓN,DEMO: generado localmente,2026-10-08
Ávila,Guadalajara,05_21_R3,156.817,2.3336,0.0,economica_demo,DATOS SINTÉTICOS DE DEMOSTRACIÓN,DEMO: generado localmente,2026-10-08
Ávila,Huelva,05_22_R1,531.439,6.2907,0.0,rapida_demo,DATOS SINTÉTICOS DE DEMOSTRACIÓN,DEMO: generado localmente,2026-10-08
Ávila,Huelva,05_22_R2,520.81,6.9553,7.2,mixta_demo,DATOS SINTÉTICOS DE DEMOSTRACIÓN,DEMO: generado localmente,2026-10-08
Ávila,Huelva,05_22_R3,515.496,7.6711,0.0,economica_demo,DATOS SINTÉTICOS DE DEMOSTRACIÓN,DEMO: generado localmente,2026-10-08
Ávila,Huesca,05_23_R1,492.565,5.8306,0.0,rapida_demo,DATOS SINTÉTICOS DE DEMOSTRACIÓN,DEMO: generado localmente,2026-10-08
Ávila,Huesca,05_23_R2,482.714,6.4465,7.2,mixta_demo,DATOS SINTÉTICOS DE DEMOSTRACIÓN,DEMO: generado localmente,2026-10-08
Ávila,Huesca,05_23_R3,477.788,7.1099,0.0,economica_demo,DATOS SINTÉTICOS DE DEMOSTRACIÓN,DEMO: generado localmente,2026-10-08
Ávila,Jaén,05_24_R1,413.748,4.8976,0.0,rapida_demo,DATOS SINTÉTICOS DE DEMOSTRACIÓN,DEMO: generado localmente,2026-10-08
Ávila,Jaén,05_24_R2,405.473,5.415,7.2,mixta_demo,DATOS SINTÉTICOS DE DEMOSTRACIÓN,DEMO: generado localmente,2026-10-08
Ávila,Jaén,05_24_R3,401.335,5.9723,0.0,economica_demo,DATOS SINTÉTICOS DE DEMOSTRACIÓN,DEMO: generado localmente,2026-10-08
Ávila,Logroño,05_25_R1,344.282,4.0753,0.0,rapida_demo,DATOS SINTÉTICOS DE DEMOSTRACIÓN,DEMO: generado localmente,2026-10-08
Ávila,Logroño,05_25_R2,337.397,4.5058,7.2,mixta_demo,DATOS SINTÉTICOS DE DEMOSTRACIÓN,DEMO: generado localmente,2026-10-08
Ávila,Logroño,05_25_R3,333.954,4.9695,0.0,economica_demo,DATOS SINTÉTICOS DE DEMOSTRACIÓN,DEMO: generado localmente,2026-10-08
Ávila,León,05_26_R1,284.635,3.3693,0.0,rapida_demo,DATOS SINTÉTICOS DE DEMOSTRACIÓN,DEMO: generado localmente,2026-10-08
Ávila,León,05_26_R2,278.942,3.7252,7.2,mixta_demo,DATOS SINTÉTICOS DE DEMOSTRACIÓN,DEMO: generado localmente,2026-10-08
Ávila,León,05_26_R3,276.096,4.1086,0.0,economica_demo,DATOS SINTÉTICOS DE DEMOSTRACIÓN,DEMO: generado localmente,2026-10-08
Ávila,Lleida,05_27_R1,573.197,6.785,0.0,rapida_demo,DATOS SINTÉTICOS DE DEMOSTRACIÓN,DEMO: generado localmente,2026-10-08
Ávila,Lleida,05_27_R2,561.733,7.5018,7.2,mixta_demo,DATOS SINTÉTICOS DE DEMOSTRACIÓN,DEMO: generado localmente,2026-10-08
Ávila,Lleida,05_27_R3,556.001,8.2738,0.0,economica_demo,DATOS SINTÉTICOS DE DEMOSTRACIÓN,DEMO: generado localmente,2026-10-08
Ávila,Lugo,05_28_R1,440.895,5.2189,0.0,rapida_demo,DATOS SINTÉTICOS DE DEMOSTRACIÓN,DEMO: generado localmente,2026-10-08
Ávila,Lugo,05_28_R2,432.077,5.7703,7.2,mixta_demo,DATOS SINTÉTICOS DE DEMOSTRACIÓN,DEMO: generado localmente,2026-10-08
Ávila,Lugo,05_28_R3,427.668,6.3641,0.0,economica_demo,DATOS SINTÉTICOS DE DEMOSTRACIÓN,DEMO: generado localmente,2026-10-08
Ávila,Madrid,05_29_R1,111.496,1.3198,0.0,rapida_demo,DATOS SINTÉTICOS DE DEMOSTRACIÓN,DEMO: generado localmente,2026-10-08
Ávila,Madrid,05_29_R2,109.266,1.4592,7.2,mixta_demo,DATOS SINTÉTICOS DE DEMOSTRACIÓN,DEMO: generado localmente,2026-10-08
Ávila,Madrid,05_29_R3,108.152,1.6094,0.0,economica_demo,DATOS SINTÉTICOS DE DEMOSTRACIÓN,DEMO: generado localmente,2026-10-08
Ávila,Málaga,05_30_R1,548.028,6.4871,0.0,rapida_demo,DATOS SINTÉTICOS DE DEMOSTRACIÓN,DEMO: generado localmente,2026-10-08
Ávila,Málaga,05_30_R2,537.067,7.1724,7.2,mixta_demo,DATOS SINTÉTICOS DE DEMOSTRACIÓN,DEMO: generado localmente,2026-10-08
Ávila,Málaga,05_30_R3,531.587,7.9105,0.0,economica_demo,DATOS SINTÉTICOS DE DEMOSTRACIÓN,DEMO: generado localmente,2026-10-08
Ávila,Murcia,05_31_R1,534.153,6.3228,0.0,rapida_demo,DATOS SINTÉTICOS DE DEMOSTRACIÓN,DEMO: generado localmente,2026-10-08
Ávila,Murcia,05_31_R2,523.47,6.9908,7.2,mixta_demo,DATOS SINTÉTICOS DE DEMOSTRACIÓN,DEMO: generado localmente,2026-10-08
Ávila,Murcia,05_31_R3,518.128,7.7102,0.0,economica_demo,DATOS SINTÉTICOS DE DEMOSTRACIÓN,DEMO: generado localmente,2026-10-08
Ávila,Pamplona/Iruña,05_32_R1,436.661,5.1688,0.0,rapida_demo,DATOS SINTÉTICOS DE DEMOSTRACIÓN,DEMO: generado localmente,2026-10-08
Ávila,Pamplona/Iruña,05_32_R2,427.927,5.7148,7.2,mixta_demo,DATOS SINTÉTICOS DE DEMOSTRACIÓN,DEMO: generado localmente,2026-10-08
Ávila,Pamplona/Iruña,05_32_R3,423.561,6.303,0.0,economica_demo,DATOS SINTÉTICOS DE DEMOSTRACIÓN,DEMO: generado localmente,2026-10-08
Ávila,Ourense,05_33_R1,403.595,4.7774,0.0,rapida_demo,DATOS SINTÉTICOS DE DEMOSTRACIÓN,DEMO: generado localmente,2026-10-08
Ávila,Ourense,05_33_R2,395.523,5.2821,7.2,mixta_demo,DATOS SINTÉTICOS DE DEMOSTRACIÓN,DEMO: generado localmente,2026-10-08
Ávila,Ourense,05_33_R3,391.487,5.8257,0.0,economica_demo,DATOS SINTÉTICOS DE DEMOSTRACIÓN,DEMO: generado localmente,2026-10-08
Ávila,Palencia,05_34_R1,189.048,2.2378,0.0,rapida_demo,DATOS SINTÉTICOS DE DEMOSTRACIÓN,DEMO: generado localmente,2026-10-08
Ávila,Palencia,05_34_R2,185.267,2.4742,7.2,mixta_demo,DATOS SINTÉTICOS DE DEMOSTRACIÓN,DEMO: generado localmente,2026-10-08
Ávila,Palencia,05_34_R3,183.377,2.7288,0.0,economica_demo,DATOS SINTÉTICOS DE DEMOSTRACIÓN,DEMO: generado localmente,2026-10-08
Ávila,Pontevedra,05_35_R1,478.938,5.6692,0.0,rapida_demo,DATOS SINTÉTICOS DE DEMOSTRACIÓN,DEMO: generado localmente,2026-10-08
Ávila,Pontevedra,05_35_R2,469.359,6.2682,7.2,mixta_demo,DATOS SINTÉTICOS DE DEMOSTRACIÓN,DEMO: generado localmente,2026-10-08
Ávila,Pontevedra,05_35_R3,464.57,6.9132,0.0,economica_demo,DATOS SINTÉTICOS DE DEMOSTRACIÓN,DEMO: generado localmente,2026-10-08
Ávila,Salamanca,05_36_R1,110.073,1.3029,0.0,rapida_demo,DATOS SINTÉTICOS DE DEMOSTRACIÓN,DEMO: generado localmente,2026-10-08
Ávila,Salamanca,05_36_R2,107.871,1.4406,7.2,mixta_demo,DATOS SINTÉTICOS DE DEMOSTRACIÓN,DEMO: generado localmente,2026-10-08
Ávila,Salamanca,05_36_R3,106.771,1.5888,0.0,economica_demo,DATOS SINTÉTICOS DE DEMOSTRACIÓN,DEMO: generado localmente,2026-10-08
Ávila,Segovia,05_37_R1,73.059,0.8648,0.0,rapida_demo,DATOS SINTÉTICOS DE DEMOSTRACIÓN,DEMO: generado localmente,2026-10-08
Ávila,Segovia,05_37_R2,71.597,0.9562,7.2,mixta_demo,DATOS SINTÉTICOS DE DEMOSTRACIÓN,DEMO: generado localmente,2026-10-08
Ávila,Segovia,05_37_R3,70.867,1.0546,0.0,economica_demo,DATOS SINTÉTICOS DE DEMOSTRACIÓN,DEMO: generado localmente,2026-10-08
Ávila,Sevilla,05_38_R1,475.257,5.6257,0.0,rapida_demo,DATOS SINTÉTICOS DE DEMOSTRACIÓN,DEMO: generado localmente,2026-10-08
Ávila,Sevilla,05_38_R2,465.752,6.22,7.2,mixta_demo,DATOS SINTÉTICOS DE DEMOSTRACIÓN,DEMO: generado localmente,2026-10-08
Ávila,Sevilla,05_38_R3,460.999,6.8601,0.0,economica_demo,DATOS SINTÉTICOS DE DEMOSTRACIÓN,DEMO: generado localmente,2026-10-08
Ávila,Soria,05_39_R1,279.819,3.3123,0.0,rapida_demo,DATOS SINTÉTICOS DE DEMOSTRACIÓN,DEMO: generado localmente,2026-10-08
Ávila,Soria,05_39_R2,274.223,3.6622,7.2,mixta_demo,DATOS SINTÉTICOS DE DEMOSTRACIÓN,DEMO: generado localmente,2026-10-08
Ávila,Soria,05_39_R3,271.425,4.0391,0.0,economica_demo,DATOS SINTÉTICOS DE DEMOSTRACIÓN,DEMO: generado localmente,2026-10-08
Ávila,Tarragona,05_40_R1,628.808,7.4433,0.0,rapida_demo,DATOS SINTÉTICOS DE DEMOSTRACIÓN,DEMO: generado localmente,2026-10-08
Ávila,Tarragona,05_40_R2,616.232,8.2296,7.2,mixta_demo,DATOS SINTÉTICOS DE DEMOSTRACIÓN,DEMO: generado localmente,2026-10-08
Ávila,Tarragona,05_40_R3,609.944,9.0765,0.0,economica_demo,DATOS SINTÉTICOS DE DEMOSTRACIÓN,DEMO: generado localmente,2026-10-08
Ávila,Teruel,05_41_R1,382.108,4.5231,0.0,rapida_demo,DATOS SINTÉTICOS DE DEMOSTRACIÓN,DEMO: generado localmente,2026-10-08
Ávila,Teruel,05_41_R2,374.466,5.0009,7.2,mixta_demo,DATOS SINTÉTICOS DE DEMOSTRACIÓN,DEMO: generado localmente,2026-10-08
Ávila,Teruel,05_41_R3,370.645,5.5156,0.0,economica_demo,DATOS SINTÉTICOS DE DEMOSTRACIÓN,DEMO: generado localmente,2026-10-08
Ávila,Toledo,05_42_R1,132.277,1.5658,0.0,rapida_demo,DATOS SINTÉTICOS DE DEMOSTRACIÓN,DEMO: generado localmente,2026-10-08
Ávila,Toledo,05_42_R2,129.631,1.7312,7.2,mixta_demo,DATOS SINTÉTICOS DE DEMOSTRACIÓN,DEMO: generado localmente,2026-10-08
Ávila,Toledo,05_42_R3,128.308,1.9093,0.0,economica_demo,DATOS SINTÉTICOS DE DEMOSTRACIÓN,DEMO: generado localmente,2026-10-08
Ávila,Valencia,05_43_R1,488.462,5.782,0.0,rapida_demo,DATOS SINTÉTICOS DE DEMOSTRACIÓN,DEMO: generado localmente,2026-10-08
Ávila,Valencia,05_43_R2,478.693,6.3928,7.2,mixta_demo,DATOS SINTÉTICOS DE DEMOSTRACIÓN,DEMO: generado localmente,2026-10-08
Ávila,Valencia,05_43_R3,473.808,7.0507,0.0,economica_demo,DATOS SINTÉTICOS DE DEMOSTRACIÓN,DEMO: generado localmente,2026-10-08
Ávila,Valladolid,05_44_R1,138.43,1.6386,0.0,rapida_demo,DATOS SINTÉTICOS DE DEMOSTRACIÓN,DEMO: generado localmente,2026-10-08
Ávila,Valladolid,05_44_R2,135.661,1.8117,7.2,mixta_demo,DATOS SINTÉTICOS DE DEMOSTRACIÓN,DEMO: generado localmente,2026-10-08
Ávila,Valladolid,05_44_R3,134.277,1.9982,0.0,economica_demo,DATOS SINTÉTICOS DE DEMOSTRACIÓN,DEMO: generado localmente,2026-10-08
Ávila,Zamora,05_45_R1,160.917,1.9048,0.0,rapida_demo,DATOS SINTÉTICOS DE DEMOSTRACIÓN,DEMO: generado localmente,2026-10-08
Ávila,Zamora,05_45_R2,157.698,2.106,7.2,mixta_demo,DATOS SINTÉTICOS DE DEMOSTRACIÓN,DEMO: generado localmente,2026-10-08
Ávila,Zamora,05_45_R3,156.089,2.3228,0.0,economica_demo,DATOS SINTÉTICOS DE DEMOSTRACIÓN,DEMO: generado localmente,2026-10-08
Ávila,Zaragoza,05_46_R1,423.436,5.0123,0.0,rapida_demo,DATOS SINTÉTICOS DE DEMOSTRACIÓN,DEMO: generado localmente,2026-10-08
Ávila,Zaragoza,05_46_R2,414.968,5.5418,7.2,mixta_demo,DATOS SINTÉTICOS DE DEMOSTRACIÓN,DEMO: generado localmente,2026-10-08
Ávila,Zaragoza,05_46_R3,410.733,6.1121,0.0,economica_demo,DATOS SINTÉTICOS DE DEMOSTRACIÓN,DEMO: generado localmente,2026-10-08
Badajoz,Barcelona,06_07_R1,1031.845,12.2141,0.0,rapida_demo,DATOS SINTÉTICOS DE DEMOSTRACIÓN,DEMO: generado localmente,2026-10-08
Badajoz,Barcelona,06_07_R2,1011.209,13.5044,7.2,mixta_demo,DATOS SINTÉTICOS DE DEMOSTRACIÓN,DEMO: generado localmente,2026-10-08
Badajoz,Barcelona,06_07_R3,1000.89,14.8942,0.0,economica_demo,DATOS SINTÉTICOS DE DEMOSTRACIÓN,DEMO: generado localmente,2026-10-08
Badajoz,Bilbao,06_08_R1,742.277,8.7864,0.0,rapida_demo,DATOS SINTÉTICOS DE DEMOSTRACIÓN,DEMO: generado localmente,2026-10-08
Badajoz,Bilbao,06_08_R2,727.431,9.7146,7.2,mixta_demo,DATOS SINTÉTICOS DE DEMOSTRACIÓN,DEMO: generado localmente,2026-10-08
Badajoz,Bilbao,06_08_R3,720.008,10.7144,0.0,economica_demo,DATOS SINTÉTICOS DE DEMOSTRACIÓN,DEMO: generado localmente,2026-10-08
Badajoz,Burgos,06_09_R1,591.822,7.0055,0.0,rapida_demo,DATOS SINTÉTICOS DE DEMOSTRACIÓN,DEMO: generado localmente,2026-10-08
Badajoz,Burgos,06_09_R2,579.986,7.7455,7.2,mixta_demo,DATOS SINTÉTICOS DE DEMOSTRACIÓN,DEMO: generado localmente,2026-10-08
Badajoz,Burgos,06_09_R3,574.068,8.5427,0.0,economica_demo,DATOS SINTÉTICOS DE DEMOSTRACIÓN,DEMO: generado localmente,2026-10-08
Badajoz,Cáceres,06_10_R1,104.895,1.2417,0.0,rapida_demo,DATOS SINTÉTICOS DE DEMOSTRACIÓN,DEMO: generado localmente,2026-10-08
Badajoz,Cáceres,06_10_R2,102.797,1.3728,7.2,mixta_demo,DATOS SINTÉTICOS DE DEMOSTRACIÓN,DEMO: generado localmente,2026-10-08
Badajoz,Cáceres,06_10_R3,101.748,1.5141,0.0,economica_demo,DATOS SINTÉTICOS DE DEMOSTRACIÓN,DEMO: generado localmente,2026-10-08
Badajoz,Cádiz,06_11_R1,334.909,3.9644,0.0,rapida_demo,DATOS SINTÉTICOS DE DEMOSTRACIÓN,DEMO: generado localmente,2026-10-08
Badajoz,Cádiz,06_11_R2,328.211,4.3832,7.2,mixta_demo,DATOS SINTÉTICOS DE DEMOSTRACIÓN,DEMO: generado localmente,2026-10-08
Badajoz,Cádiz,06_11_R3,324.861,4.8342,0.0,economica_demo,DATOS SINTÉTICOS DE DEMOSTRACIÓN,DEMO: generado localmente,2026-10-08
Badajoz,Santander,06_12_R1,717.597,8.4943,0.0,rapida_demo,DATOS SINTÉTICOS DE DEMOSTRACIÓN,DEMO: generado localmente,2026-10-08
Badajoz,Santander,06_12_R2,703.245,9.3916,7.2,mixta_demo,DATOS SINTÉTICOS DE DEMOSTRACIÓN,DEMO: generado localmente,2026-10-08
Badajoz,Santander,06_12_R3,696.069,10.3582,0.0,economica_demo,DATOS SINTÉTICOS DE DEMOSTRACIÓN,DEMO: generado localmente,2026-10-08
Badajoz,Castelló de la Plana/Castellón de la Plana,06_13_R1,759.7,8.9927,0.0,rapida_demo,DATOS SINTÉTICOS DE DEMOSTRACIÓN,DEMO: generado localmente,2026-10-08
Badajoz,Castelló de la Plana/Castellón de la Plana,06_13_R2,744.506,9.9427,7.2,mixta_demo,DATOS SINTÉTICOS DE DEMOSTRACIÓN,DEMO: generado localmente,2026-10-08
Badajoz,Castelló de la Plana/Castellón de la Plana,06_13_R3,736.909,10.9659,0.0,economica_demo,DATOS SINTÉTICOS DE DEMOSTRACIÓN,DEMO: generado localmente,2026-10-08
Badajoz,Ciudad Real,06_14_R1,329.137,3.896,0.0,rapida_demo,DATOS SINTÉTICOS DE DEMOSTRACIÓN,DEMO: generado localmente,2026-10-08
Badajoz,Ciudad Real,06_14_R2,322.555,4.3076,7.2,mixta_demo,DATOS SINTÉTICOS DE DEMOSTRACIÓN,DEMO: generado localmente,2026-10-08
Badajoz,Ciudad Real,06_14_R3,319.263,4.7509,0.0,economica_demo,DATOS SINTÉTICOS DE DEMOSTRACIÓN,DEMO: generado localmente,2026-10-08
Badajoz,Córdoba,06_15_R1,276.017,3.2673,0.0,rapida_demo,DATOS SINTÉTICOS DE DEMOSTRACIÓN,DEMO: generado localmente,2026-10-08
Badajoz,Córdoba,06_15_R2,270.497,3.6124,7.2,mixta_demo,DATOS SINTÉTICOS DE DEMOSTRACIÓN,DEMO: generado localmente,2026-10-08
Badajoz,Córdoba,06_15_R3,267.737,3.9842,0.0,economica_demo,DATOS SINTÉTICOS DE DEMOSTRACIÓN,DEMO: generado localmente,2026-10-08
Badajoz,A Coruña,06_16_R1,642.016,7.5996,0.0,rapida_demo,DATOS SINTÉTICOS DE DEMOSTRACIÓN,DEMO: generado localmente,2026-10-08
Badajoz,A Coruña,06_16_R2,629.176,8.4025,7.2,mixta_demo,DATOS SINTÉTICOS DE DEMOSTRACIÓN,DEMO: generado localmente,2026-10-08
Badajoz,A Coruña,06_16_R3,622.756,9.2672,0.0,economica_demo,DATOS SINTÉTICOS DE DEMOSTRACIÓN,DEMO: generado localmente,2026-10-08
Badajoz,Cuenca,06_17_R1,545.216,6.4538,0.0,rapida_demo,DATOS SINTÉTICOS DE DEMOSTRACIÓN,DEMO: generado localmente,2026-10-08
Badajoz,Cuenca,06_17_R2,534.312,7.1356,7.2,mixta_demo,DATOS SINTÉTICOS DE DEMOSTRACIÓN,DEMO: generado localmente,2026-10-08
Badajoz,Cuenca,06_17_R3,528.86,7.8699,0.0,economica_demo,DATOS SINTÉTICOS DE DEMOSTRACIÓN,DEMO: generado localmente,2026-10-08
Badajoz,Donostia/San Sebastián,06_18_R1,808.261,9.5675,0.0,rapida_demo,DATOS SINTÉTICOS DE DEMOSTRACIÓN,DEMO: generado localmente,2026-10-08
Badajoz,Donostia/San Sebastián,06_18_R2,792.096,10.5782,7.2,mixta_demo,DATOS SINTÉTICOS DE DEMOSTRACIÓN,DEMO: generado localmente,2026-10-08
Badajoz,Donostia/San Sebastián,06_18_R3,784.014,11.6669,0.0,economica_demo,DATOS SINTÉTICOS DE DEMOSTRACIÓN,DEMO: generado localmente,2026-10-08
Badajoz,Girona,06_19_R1,1121.63,13.2769,0.0,rapida_demo,DATOS SINTÉTICOS DE DEMOSTRACIÓN,DEMO: generado localmente,2026-10-08
Badajoz,Girona,06_19_R2,1099.198,14.6795,7.2,mixta_demo,DATOS SINTÉTICOS DE DEMOSTRACIÓN,DEMO: generado localmente,2026-10-08
Badajoz,Girona,06_19_R3,1087.981,16.1902,0.0,economica_demo,DATOS SINTÉTICOS DE DEMOSTRACIÓN,DEMO: generado localmente,2026-10-08
Badajoz,Granada,06_20_R1,438.541,5.1911,0.0,rapida_demo,DATOS SINTÉTICOS DE DEMOSTRACIÓN,DEMO: generado localmente,2026-10-08
Badajoz,Granada,06_20_R2,429.77,5.7395,7.2,mixta_demo,DATOS SINTÉTICOS DE DEMOSTRACIÓN,DEMO: generado localmente,2026-10-08
Badajoz,Granada,06_20_R3,425.385,6.3301,0.0,economica_demo,DATOS SINTÉTICOS DE DEMOSTRACIÓN,DEMO: generado localmente,2026-10-08
Badajoz,Guadalajara,06_21_R1,473.806,5.6085,0.0,rapida_demo,DATOS SINTÉTICOS DE DEMOSTRACIÓN,DEMO: generado localmente,2026-10-08
Badajoz,Guadalajara,06_21_R2,464.329,6.201,7.2,mixta_demo,DATOS SINTÉTICOS DE DEMOSTRACIÓN,DEMO: generado localmente,2026-10-08
Badajoz,Guadalajara,06_21_R3,459.591,6.8392,0.0,economica_demo,DATOS SINTÉTICOS DE DEMOSTRACIÓN,DEMO: generado localmente,2026-10-08
Badajoz,Huelva,06_22_R1,225.509,2.6694,0.0,rapida_demo,DATOS SINTÉTICOS DE DEMOSTRACIÓN,DEMO: generado localmente,2026-10-08
Badajoz,Huelva,06_22_R2,220.999,2.9514,7.2,mixta_demo,DATOS SINTÉTICOS DE DEMOSTRACIÓN,DEMO: generado localmente,2026-10-08
Badajoz,Huelva,06_22_R3,218.744,3.2551,0.0,economica_demo,DATOS SINTÉTICOS DE DEMOSTRACIÓN,DEMO: generado localmente,2026-10-08
Badajoz,Huesca,06_23_R1,827.994,9.8011,0.0,rapida_demo,DATOS SINTÉTICOS DE DEMOSTRACIÓN,DEMO: generado localmente,2026-10-08
Badajoz,Huesca,06_23_R2,811.434,10.8365,7.2,mixta_demo,DATOS SINTÉTICOS DE DEMOSTRACIÓN,DEMO: generado localmente,2026-10-08
Badajoz,Huesca,06_23_R3,803.154,11.9517,0.0,economica_demo,DATOS SINTÉTICOS DE DEMOSTRACIÓN,DEMO: generado localmente,2026-10-08
Badajoz,Jaén,06_24_R1,379.638,4.4938,0.0,rapida_demo,DATOS SINTÉTICOS DE DEMOSTRACIÓN,DEMO: generado localmente,2026-10-08
Badajoz,Jaén,06_24_R2,372.046,4.9686,7.2,mixta_demo,DATOS SINTÉTICOS DE DEMOSTRACIÓN,DEMO: generado localmente,2026-10-08
Badajoz,Jaén,06_24_R3,368.249,5.4799,0.0,economica_demo,DATOS SINTÉTICOS DE DEMOSTRACIÓN,DEMO: generado localmente,2026-10-08
Badajoz,Logroño,06_25_R1,690.255,8.1706,0.0,rapida_demo,DATOS SINTÉTICOS DE DEMOSTRACIÓN,DEMO: generado localmente,2026-10-08
Badajoz,Logroño,06_25_R2,676.45,9.0338,7.2,mixta_demo,DATOS SINTÉTICOS DE DEMOSTRACIÓN,DEMO: generado localmente,2026-10-08
Badajoz,Logroño,06_25_R3,669.547,9.9635,0.0,economica_demo,DATOS SINTÉTICOS DE DEMOSTRACIÓN,DEMO: generado localmente,2026-10-08
Badajoz,León,06_26_R1,537.343,6.3606,0.0,rapida_demo,DATOS SINTÉTICOS DE DEMOSTRACIÓN,DEMO: generado localmente,2026-10-08
Badajoz,León,06_26_R2,526.596,7.0325,7.2,mixta_demo,DATOS SINTÉTICOS DE DEMOSTRACIÓN,DEMO: generado localmente,2026-10-08
Badajoz,León,06_26_R3,521.223,7.7563,0.0,economica_demo,DATOS SINTÉTICOS DE DEMOSTRACIÓN,DEMO: generado localmente,2026-10-08
Badajoz,Lleida,06_27_R1,890.667,10.5429,0.0,rapida_demo,DATOS SINTÉTICOS DE DEMOSTRACIÓN,DEMO: generado localmente,2026-10-08
Badajoz,Lleida,06_27_R2,872.854,11.6567,7.2,mixta_demo,DATOS SINTÉTICOS DE DEMOSTRACIÓN,DEMO: generado localmente,2026-10-08
Badajoz,Lleida,06_27_R3,863.947,12.8564,0.0,economica_demo,DATOS SINTÉTICOS DE DEMOSTRACIÓN,DEMO: generado localmente,2026-10-08
Badajoz,Lugo,06_28_R1,577.481,6.8357,0.0,rapida_demo,DATOS SINTÉTICOS DE DEMOSTRACIÓN,DEMO: generado localmente,2026-10-08
Badajoz,Lugo,06_28_R2,565.931,7.5578,7.2,mixta_demo,DATOS SINTÉTICOS DE DEMOSTRACIÓN,DEMO: generado localmente,2026-10-08
Badajoz,Lugo,06_28_R3,560.156,8.3357,0.0,economica_demo,DATOS SINTÉTICOS DE DEMOSTRACIÓN,DEMO: generado localmente,2026-10-08
Badajoz,Madrid,06_29_R1,410.899,4.8639,0.0,rapida_demo,DATOS SINTÉTICOS DE DEMOSTRACIÓN,DEMO: generado localmente,2026-10-08
Badajoz,Madrid,06_29_R2,402.681,5.3777,7.2,mixta_demo,DATOS SINTÉTICOS DE DEMOSTRACIÓN,DEMO: generado localmente,2026-10-08
Badajoz,Madrid,06_29_R3,398.572,5.9311,0.0,economica_demo,DATOS SINTÉTICOS DE DEMOSTRACIÓN,DEMO: generado localmente,2026-10-08
Badajoz,Málaga,06_30_R1,410.749,4.8621,0.0,rapida_demo,DATOS SINTÉTICOS DE DEMOSTRACIÓN,DEMO: generado localmente,2026-10-08
Badajoz,Málaga,06_30_R2,402.534,5.3757,7.2,mixta_demo,DATOS SINTÉTICOS DE DEMOSTRACIÓN,DEMO: generado localmente,2026-10-08
Badajoz,Málaga,06_30_R3,398.427,5.929,0.0,economica_demo,DATOS SINTÉTICOS DE DEMOSTRACIÓN,DEMO: generado localmente,2026-10-08
Badajoz,Murcia,06_31_R1,647.757,7.6676,0.0,rapida_demo,DATOS SINTÉTICOS DE DEMOSTRACIÓN,DEMO: generado localmente,2026-10-08
Badajoz,Murcia,06_31_R2,634.801,8.4776,7.2,mixta_demo,DATOS SINTÉTICOS DE DEMOSTRACIÓN,DEMO: generado localmente,2026-10-08
Badajoz,Murcia,06_31_R3,628.324,9.3501,0.0,economica_demo,DATOS SINTÉTICOS DE DEMOSTRACIÓN,DEMO: generado localmente,2026-10-08
Badajoz,Pamplona/Iruña,06_32_R1,782.845,9.2666,0.0,rapida_demo,DATOS SINTÉTICOS DE DEMOSTRACIÓN,DEMO: generado localmente,2026-10-08
Badajoz,Pamplona/Iruña,06_32_R2,767.188,10.2456,7.2,mixta_demo,DATOS SINTÉTICOS DE DEMOSTRACIÓN,DEMO: generado localmente,2026-10-08
Badajoz,Pamplona/Iruña,06_32_R3,759.36,11.3,0.0,economica_demo,DATOS SINTÉTICOS DE DEMOSTRACIÓN,DEMO: generado localmente,2026-10-08
Badajoz,Ourense,06_33_R1,489.617,5.7957,0.0,rapida_demo,DATOS SINTÉTICOS DE DEMOSTRACIÓN,DEMO: generado localmente,2026-10-08
Badajoz,Ourense,06_33_R2,479.825,6.4079,7.2,mixta_demo,DATOS SINTÉTICOS DE DEMOSTRACIÓN,DEMO: generado localmente,2026-10-08
Badajoz,Ourense,06_33_R3,474.929,7.0674,0.0,economica_demo,DATOS SINTÉTICOS DE DEMOSTRACIÓN,DEMO: generado localmente,2026-10-08
Badajoz,Palencia,06_34_R1,505.891,5.9883,0.0,rapida_demo,DATOS SINTÉTICOS DE DEMOSTRACIÓN,DEMO: generado localmente,2026-10-08
Badajoz,Palencia,06_34_R2,495.773,6.6209,7.2,mixta_demo,DATOS SINTÉTICOS DE DEMOSTRACIÓN,DEMO: generado localmente,2026-10-08
Badajoz,Palencia,06_34_R3,490.714,7.3023,0.0,economica_demo,DATOS SINTÉTICOS DE DEMOSTRACIÓN,DEMO: generado localmente,2026-10-08
Badajoz,Pontevedra,06_35_R1,524.536,6.209,0.0,rapida_demo,DATOS SINTÉTICOS DE DEMOSTRACIÓN,DEMO: generado localmente,2026-10-08
Badajoz,Pontevedra,06_35_R2,514.045,6.8649,7.2,mixta_demo,DATOS SINTÉTICOS DE DEMOSTRACIÓN,DEMO: generado localmente,2026-10-08
Badajoz,Pontevedra,06_35_R3,508.8,7.5714,0.0,economica_demo,DATOS SINTÉTICOS DE DEMOSTRACIÓN,DEMO: generado localmente,2026-10-08
Badajoz,Salamanca,06_36_R1,321.699,3.808,0.0,rapida_demo,DATOS SINTÉTICOS DE DEMOSTRACIÓN,DEMO: generado localmente,2026-10-08
Badajoz,Salamanca,06_36_R2,315.265,4.2103,7.2,mixta_demo,DATOS SINTÉTICOS DE DEMOSTRACIÓN,DEMO: generado localmente,2026-10-08
Badajoz,Salamanca,06_36_R3,312.048,4.6436,0.0,economica_demo,DATOS SINTÉTICOS DE DEMOSTRACIÓN,DEMO: generado localmente,2026-10-08
Badajoz,Segovia,06_37_R1,418.206,4.9504,0.0,rapida_demo,DATOS SINTÉTICOS DE DEMOSTRACIÓN,DEMO: generado localmente,2026-10-08
Badajoz,Segovia,06_37_R2,409.842,5.4733,7.2,mixta_demo,DATOS SINTÉTICOS DE DEMOSTRACIÓN,DEMO: generado localmente,2026-10-08
Badajoz,Segovia,06_37_R3,405.66,6.0366,0.0,economica_demo,DATOS SINTÉTICOS DE DEMOSTRACIÓN,DEMO: generado localmente,2026-10-08
Badajoz,Sevilla,06_38_R1,232.963,2.7576,0.0,rapida_demo,DATOS SINTÉTICOS DE DEMOSTRACIÓN,DEMO: generado localmente,2026-10-08
Badajoz,Sevilla,06_38_R2,228.304,3.0489,7.2,mixta_demo,DATOS SINTÉTICOS DE DEMOSTRACIÓN,DEMO: generado localmente,2026-10-08
Badajoz,Sevilla,06_38_R3,225.974,3.3627,0.0,economica_demo,DATOS SINTÉTICOS DE DEMOSTRACIÓN,DEMO: generado localmente,2026-10-08
Badajoz,Soria,06_39_R1,623.284,7.3779,0.0,rapida_demo,DATOS SINTÉTICOS DE DEMOSTRACIÓN,DEMO: generado localmente,2026-10-08
Badajoz,Soria,06_39_R2,610.819,8.1573,7.2,mixta_demo,DATOS SINTÉTICOS DE DEMOSTRACIÓN,DEMO: generado localmente,2026-10-08
Badajoz,Soria,06_39_R3,604.586,8.9968,0.0,economica_demo,DATOS SINTÉTICOS DE DEMOSTRACIÓN,DEMO: generado localmente,2026-10-08
Badajoz,Tarragona,06_40_R1,928.841,10.9948,0.0,rapida_demo,DATOS SINTÉTICOS DE DEMOSTRACIÓN,DEMO: generado localmente,2026-10-08
Badajoz,Tarragona,06_40_R2,910.264,12.1563,7.2,mixta_demo,DATOS SINTÉTICOS DE DEMOSTRACIÓN,DEMO: generado localmente,2026-10-08
Badajoz,Tarragona,06_40_R3,900.976,13.4074,0.0,economica_demo,DATOS SINTÉTICOS DE DEMOSTRACIÓN,DEMO: generado localmente,2026-10-08
Badajoz,Teruel,06_41_R1,659.695,7.8089,0.0,rapida_demo,DATOS SINTÉTICOS DE DEMOSTRACIÓN,DEMO: generado localmente,2026-10-08
Badajoz,Teruel,06_41_R2,646.501,8.6338,7.2,mixta_demo,DATOS SINTÉTICOS DE DEMOSTRACIÓN,DEMO: generado localmente,2026-10-08
Badajoz,Teruel,06_41_R3,639.904,9.5224,0.0,economica_demo,DATOS SINTÉTICOS DE DEMOSTRACIÓN,DEMO: generado localmente,2026-10-08
Badajoz,Toledo,06_42_R1,344.311,4.0757,0.0,rapida_demo,DATOS SINTÉTICOS DE DEMOSTRACIÓN,DEMO: generado localmente,2026-10-08
Badajoz,Toledo,06_42_R2,337.425,4.5062,7.2,mixta_demo,DATOS SINTÉTICOS DE DEMOSTRACIÓN,DEMO: generado localmente,2026-10-08
Badajoz,Toledo,06_42_R3,333.982,4.97,0.0,economica_demo,DATOS SINTÉTICOS DE DEMOSTRACIÓN,DEMO: generado localmente,2026-10-08
Badajoz,Valencia,06_43_R1,714.901,8.4624,0.0,rapida_demo,DATOS SINTÉTICOS DE DEMOSTRACIÓN,DEMO: generado localmente,2026-10-08
Badajoz,Valencia,06_43_R2,700.603,9.3563,7.2,mixta_demo,DATOS SINTÉTICOS DE DEMOSTRACIÓN,DEMO: generado localmente,2026-10-08
Badajoz,Valencia,06_43_R3,693.454,10.3193,0.0,economica_demo,DATOS SINTÉTICOS DE DEMOSTRACIÓN,DEMO: generado localmente,2026-10-08
Badajoz,Valladolid,06_44_R1,452.854,5.3605,0.0,rapida_demo,DATOS SINTÉTICOS DE DEMOSTRACIÓN,DEMO: generado localmente,2026-10-08
Badajoz,Valladolid,06_44_R2,443.797,5.9268,7.2,mixta_demo,DATOS SINTÉTICOS DE DEMOSTRACIÓN,DEMO: generado localmente,2026-10-08
Badajoz,Valladolid,06_44_R3,439.268,6.5367,0.0,economica_demo,DATOS SINTÉTICOS DE DEMOSTRACIÓN,DEMO: generado localmente,2026-10-08
Badajoz,Zamora,06_45_R1,387.254,4.584,0.0,rapida_demo,DATOS SINTÉTICOS DE DEMOSTRACIÓN,DEMO: generado localmente,2026-10-08
Badajoz,Zamora,06_45_R2,379.509,5.0682,7.2,mixta_demo,DATOS SINTÉTICOS DE DEMOSTRACIÓN,DEMO: generado localmente,2026-10-08
Badajoz,Zamora,06_45_R3,375.636,5.5898,0.0,economica_demo,DATOS SINTÉTICOS DE DEMOSTRACIÓN,DEMO: generado localmente,2026-10-08
Badajoz,Zaragoza,06_46_R1,752.39,8.9061,0.0,rapida_demo,DATOS SINTÉTICOS DE DEMOSTRACIÓN,DEMO: generado localmente,2026-10-08
Badajoz,Zaragoza,06_46_R2,737.343,9.847,7.2,mixta_demo,DATOS SINTÉTICOS DE DEMOSTRACIÓN,DEMO: generado localmente,2026-10-08
Badajoz,Zaragoza,06_46_R3,729.819,10.8604,0.0,economica_demo,DATOS SINTÉTICOS DE DEMOSTRACIÓN,DEMO: generado localmente,2026-10-08
Barcelona,Bilbao,07_08_R1,585.695,6.9329,0.0,rapida_demo,DATOS SINTÉTICOS DE DEMOSTRACIÓN,DEMO: generado localmente,2026-10-08
Barcelona,Bilbao,07_08_R2,573.981,7.6653,7.2,mixta_demo,DATOS SINTÉTICOS DE DEMOSTRACIÓN,DEMO: generado localmente,2026-10-08
Barcelona,Bilbao,07_08_R3,568.124,8.4542,0.0,economica_demo,DATOS SINTÉTICOS DE DEMOSTRACIÓN,DEMO: generado localmente,2026-10-08
Barcelona,Burgos,07_09_R1,622.905,7.3734,0.0,rapida_demo,DATOS SINTÉTICOS DE DEMOSTRACIÓN,DEMO: generado localmente,2026-10-08
Barcelona,Burgos,07_09_R2,610.447,8.1523,7.2,mixta_demo,DATOS SINTÉTICOS DE DEMOSTRACIÓN,DEMO: generado localmente,2026-10-08
Barcelona,Burgos,07_09_R3,604.218,8.9913,0.0,economica_demo,DATOS SINTÉTICOS DE DEMOSTRACIÓN,DEMO: generado localmente,2026-10-08
Barcelona,Cáceres,07_10_R1,942.151,11.1524,0.0,rapida_demo,DATOS SINTÉTICOS DE DEMOSTRACIÓN,DEMO: generado localmente,2026-10-08
Barcelona,Cáceres,07_10_R2,923.308,12.3305,7.2,mixta_demo,DATOS SINTÉTICOS DE DEMOSTRACIÓN,DEMO: generado localmente,2026-10-08
Barcelona,Cáceres,07_10_R3,913.887,13.5995,0.0,economica_demo,DATOS SINTÉTICOS DE DEMOSTRACIÓN,DEMO: generado localmente,2026-10-08
Barcelona,Cádiz,07_11_R1,1136.241,13.4498,0.0,rapida_demo,DATOS SINTÉTICOS DE DEMOSTRACIÓN,DEMO: generado localmente,2026-10-08
Barcelona,Cádiz,07_11_R2,1113.516,14.8707,7.2,mixta_demo,DATOS SINTÉTICOS DE DEMOSTRACIÓN,DEMO: generado localmente,2026-10-08
Barcelona,Cádiz,07_11_R3,1102.154,16.4011,0.0,economica_demo,DATOS SINTÉTICOS DE DEMOSTRACIÓN,DEMO: generado localmente,2026-10-08
Barcelona,Santander,07_12_R1,678.743,8.0344,0.0,rapida_demo,DATOS SINTÉTICOS DE DEMOSTRACIÓN,DEMO: generado localmente,2026-10-08
Barcelona,Santander,07_12_R2,665.169,8.8831,7.2,mixta_demo,DATOS SINTÉTICOS DE DEMOSTRACIÓN,DEMO: generado localmente,2026-10-08
Barcelona,Santander,07_12_R3,658.381,9.7973,0.0,economica_demo,DATOS SINTÉTICOS DE DEMOSTRACIÓN,DEMO: generado localmente,2026-10-08
Barcelona,Castelló de la Plana/Castellón de la Plana,07_13_R1,303.596,3.5937,0.0,rapida_demo,DATOS SINTÉTICOS DE DEMOSTRACIÓN,DEMO: generado localmente,2026-10-08
Barcelona,Castelló de la Plana/Castellón de la Plana,07_13_R2,297.524,3.9733,7.2,mixta_demo,DATOS SINTÉTICOS DE DEMOSTRACIÓN,DEMO: generado localmente,2026-10-08
Barcelona,Castelló de la Plana/Castellón de la Plana,07_13_R3,294.488,4.3823,0.0,economica_demo,DATOS SINTÉTICOS DE DEMOSTRACIÓN,DEMO: generado localmente,2026-10-08
Barcelona,Ciudad Real,07_14_R1,728.748,8.6263,0.0,rapida_demo,DATOS SINTÉTICOS DE DEMOSTRACIÓN,DEMO: generado localmente,2026-10-08
Barcelona,Ciudad Real,07_14_R2,714.173,9.5376,7.2,mixta_demo,DATOS SINTÉTICOS DE DEMOSTRACIÓN,DEMO: generado localmente,2026-10-08
Barcelona,Ciudad Real,07_14_R3,706.886,10.5191,0.0,economica_demo,DATOS SINTÉTICOS DE DEMOSTRACIÓN,DEMO: generado localmente,2026-10-08
Barcelona,Córdoba,07_15_R1,888.551,10.5179,0.0,rapida_demo,DATOS SINTÉTICOS DE DEMOSTRACIÓN,DEMO: generado localmente,2026-10-08
Barcelona,Córdoba,07_15_R2,870.78,11.629,7.2,mixta_demo,DATOS SINTÉTICOS DE DEMOSTRACIÓN,DEMO: generado localmente,2026-10-08
Barcelona,Córdoba,07_15_R3,861.895,12.8258,0.0,economica_demo,DATOS SINTÉTICOS DE DEMOSTRACIÓN,DEMO: generado localmente,2026-10-08
Barcelona,A Coruña,07_16_R1,1119.436,13.2509,0.0,rapida_demo,DATOS SINTÉTICOS DE DEMOSTRACIÓN,DEMO: generado localmente,2026-10-08
Barcelona,A Coruña,07_16_R2,1097.047,14.6507,7.2,mixta_demo,DATOS SINTÉTICOS DE DEMOSTRACIÓN,DEMO: generado localmente,2026-10-08
Barcelona,A Coruña,07_16_R3,1085.853,16.1585,0.0,economica_demo,DATOS SINTÉTICOS DE DEMOSTRACIÓN,DEMO: generado localmente,2026-10-08
Barcelona,Cuenca,07_17_R1,488.518,5.7826,0.0,rapida_demo,DATOS SINTÉTICOS DE DEMOSTRACIÓN,DEMO: generado localmente,2026-10-08
Barcelona,Cuenca,07_17_R2,478.748,6.3935,7.2,mixta_demo,DATOS SINTÉTICOS DE DEMOSTRACIÓN,DEMO: generado localmente,2026-10-08
Barcelona,Cuenca,07_17_R3,473.862,7.0515,0.0,economica_demo,DATOS SINTÉTICOS DE DEMOSTRACIÓN,DEMO: generado localmente,2026-10-08
Barcelona,Donostia/San Sebastián,07_18_R1,505.399,5.9825,0.0,rapida_demo,DATOS SINTÉTICOS DE DEMOSTRACIÓN,DEMO: generado localmente,2026-10-08
Barcelona,Donostia/San Sebastián,07_18_R2,495.291,6.6145,7.2,mixta_demo,DATOS SINTÉTICOS DE DEMOSTRACIÓN,DEMO: generado localmente,2026-10-08
Barcelona,Donostia/San Sebastián,07_18_R3,490.237,7.2952,0.0,economica_demo,DATOS SINTÉTICOS DE DEMOSTRACIÓN,DEMO: generado localmente,2026-10-08
Barcelona,Girona,07_19_R1,107.185,1.2688,0.0,rapida_demo,DATOS SINTÉTICOS DE DEMOSTRACIÓN,DEMO: generado localmente,2026-10-08
Barcelona,Girona,07_19_R2,105.041,1.4028,7.2,mixta_demo,DATOS SINTÉTICOS DE DEMOSTRACIÓN,DEMO: generado localmente,2026-10-08
Barcelona,Girona,07_19_R3,103.969,1.5472,0.0,economica_demo,DATOS SINTÉTICOS DE DEMOSTRACIÓN,DEMO: generado localmente,2026-10-08
Barcelona,Granada,07_20_R1,853.029,10.0974,0.0,rapida_demo,DATOS SINTÉTICOS DE DEMOSTRACIÓN,DEMO: generado localmente,2026-10-08
Barcelona,Granada,07_20_R2,835.969,11.1641,7.2,mixta_demo,DATOS SINTÉTICOS DE DEMOSTRACIÓN,DEMO: generado localmente,2026-10-08
Barcelona,Granada,07_20_R3,827.438,12.3131,0.0,economica_demo,DATOS SINTÉTICOS DE DEMOSTRACIÓN,DEMO: generado localmente,2026-10-08
Barcelona,Guadalajara,07_21_R1,570.084,6.7482,0.0,rapida_demo,DATOS SINTÉTICOS DE DEMOSTRACIÓN,DEMO: generado localmente,2026-10-08
Barcelona,Guadalajara,07_21_R2,558.683,7.461,7.2,mixta_demo,DATOS SINTÉTICOS DE DEMOSTRACIÓN,DEMO: generado localmente,2026-10-08
Barcelona,Guadalajara,07_21_R3,552.982,8.2289,0.0,economica_demo,DATOS SINTÉTICOS DE DEMOSTRACIÓN,DEMO: generado localmente,2026-10-08
Barcelona,Huelva,07_22_R1,1135.764,13.4442,0.0,rapida_demo,DATOS SINTÉTICOS DE DEMOSTRACIÓN,DEMO: generado localmente,2026-10-08
Barcelona,Huelva,07_22_R2,1113.049,14.8644,7.2,mixta_demo,DATOS SINTÉTICOS DE DEMOSTRACIÓN,DEMO: generado localmente,2026-10-08
Barcelona,Huelva,07_22_R3,1101.691,16.3942,0.0,economica_demo,DATOS SINTÉTICOS DE DEMOSTRACIÓN,DEMO: generado localmente,2026-10-08
Barcelona,Huesca,07_23_R1,288.117,3.4105,0.0,rapida_demo,DATOS SINTÉTICOS DE DEMOSTRACIÓN,DEMO: generado localmente,2026-10-08
Barcelona,Huesca,07_23_R2,282.355,3.7708,7.2,mixta_demo,DATOS SINTÉTICOS DE DEMOSTRACIÓN,DEMO: generado localmente,2026-10-08
Barcelona,Huesca,07_23_R3,279.473,4.1588,0.0,economica_demo,DATOS SINTÉTICOS DE DEMOSTRACIÓN,DEMO: generado localmente,2026-10-08
Barcelona,Jaén,07_24_R1,813.113,9.6249,0.0,rapida_demo,DATOS SINTÉTICOS DE DEMOSTRACIÓN,DEMO: generado localmente,2026-10-08
Barcelona,Jaén,07_24_R2,796.851,10.6417,7.2,mixta_demo,DATOS SINTÉTICOS DE DEMOSTRACIÓN,DEMO: generado localmente,2026-10-08
Barcelona,Jaén,07_24_R3,788.72,11.7369,0.0,economica_demo,DATOS SINTÉTICOS DE DEMOSTRACIÓN,DEMO: generado localmente,2026-10-08
Barcelona,Logroño,07_25_R1,500.553,5.9251,0.0,rapida_demo,DATOS SINTÉTICOS DE DEMOSTRACIÓN,DEMO: generado localmente,2026-10-08
Barcelona,Logroño,07_25_R2,490.542,6.551,7.2,mixta_demo,DATOS SINTÉTICOS DE DEMOSTRACIÓN,DEMO: generado localmente,2026-10-08
Barcelona,Logroño,07_25_R3,485.537,7.2252,0.0,economica_demo,DATOS SINTÉTICOS DE DEMOSTRACIÓN,DEMO: generado localmente,2026-10-08
Barcelona,León,07_26_R1,818.12,9.6842,0.0,rapida_demo,DATOS SINTÉTICOS DE DEMOSTRACIÓN,DEMO: generado localmente,2026-10-08
Barcelona,León,07_26_R2,801.757,10.7072,7.2,mixta_demo,DATOS SINTÉTICOS DE DEMOSTRACIÓN,DEMO: generado localmente,2026-10-08
Barcelona,León,07_26_R3,793.576,11.8092,0.0,economica_demo,DATOS SINTÉTICOS DE DEMOSTRACIÓN,DEMO: generado localmente,2026-10-08
Barcelona,Lleida,07_27_R1,164.63,1.9487,0.0,rapida_demo,DATOS SINTÉTICOS DE DEMOSTRACIÓN,DEMO: generado localmente,2026-10-08
Barcelona,Lleida,07_27_R2,161.338,2.1546,7.2,mixta_demo,DATOS SINTÉTICOS DE DEMOSTRACIÓN,DEMO: generado localmente,2026-10-08
Barcelona,Lleida,07_27_R3,159.691,2.3764,0.0,economica_demo,DATOS SINTÉTICOS DE DEMOSTRACIÓN,DEMO: generado localmente,2026-10-08
Barcelona,Lugo,07_28_R1,1026.821,12.1546,0.0,rapida_demo,DATOS SINTÉTICOS DE DEMOSTRACIÓN,DEMO: generado localmente,2026-10-08
Barcelona,Lugo,07_28_R2,1006.285,13.4386,7.2,mixta_demo,DATOS SINTÉTICOS DE DEMOSTRACIÓN,DEMO: generado localmente,2026-10-08
Barcelona,Lugo,07_28_R3,996.016,14.8217,0.0,economica_demo,DATOS SINTÉTICOS DE DEMOSTRACIÓN,DEMO: generado localmente,2026-10-08
Barcelona,Madrid,07_29_R1,630.86,7.4676,0.0,rapida_demo,DATOS SINTÉTICOS DE DEMOSTRACIÓN,DEMO: generado localmente,2026-10-08
Barcelona,Madrid,07_29_R2,618.243,8.2564,7.2,mixta_demo,DATOS SINTÉTICOS DE DEMOSTRACIÓN,DEMO: generado localmente,2026-10-08
Barcelona,Madrid,07_29_R3,611.934,9.1062,0.0,economica_demo,DATOS SINTÉTICOS DE DEMOSTRACIÓN,DEMO: generado localmente,2026-10-08
Barcelona,Málaga,07_30_R1,961.871,11.3858,0.0,rapida_demo,DATOS SINTÉTICOS DE DEMOSTRACIÓN,DEMO: generado localmente,2026-10-08
Barcelona,Málaga,07_30_R2,942.633,12.5886,7.2,mixta_demo,DATOS SINTÉTICOS DE DEMOSTRACIÓN,DEMO: generado localmente,2026-10-08
Barcelona,Málaga,07_30_R3,933.015,13.8841,0.0,economica_demo,DATOS SINTÉTICOS DE DEMOSTRACIÓN,DEMO: generado localmente,2026-10-08
Barcelona,Murcia,07_31_R1,590.114,6.9852,0.0,rapida_demo,DATOS SINTÉTICOS DE DEMOSTRACIÓN,DEMO: generado localmente,2026-10-08
Barcelona,Murcia,07_31_R2,578.312,7.7232,7.2,mixta_demo,DATOS SINTÉTICOS DE DEMOSTRACIÓN,DEMO: generado localmente,2026-10-08
Barcelona,Murcia,07_31_R3,572.41,8.518,0.0,economica_demo,DATOS SINTÉTICOS DE DEMOSTRACIÓN,DEMO: generado localmente,2026-10-08
Barcelona,Pamplona/Iruña,07_32_R1,441.757,5.2291,0.0,rapida_demo,DATOS SINTÉTICOS DE DEMOSTRACIÓN,DEMO: generado localmente,2026-10-08
Barcelona,Pamplona/Iruña,07_32_R2,432.922,5.7815,7.2,mixta_demo,DATOS SINTÉTICOS DE DEMOSTRACIÓN,DEMO: generado localmente,2026-10-08
Barcelona,Pamplona/Iruña,07_32_R3,428.504,6.3765,0.0,economica_demo,DATOS SINTÉTICOS DE DEMOSTRACIÓN,DEMO: generado localmente,2026-10-08
Barcelona,Ourense,07_33_R1,1047.265,12.3966,0.0,rapida_demo,DATOS SINTÉTICOS DE DEMOSTRACIÓN,DEMO: generado localmente,2026-10-08
Barcelona,Ourense,07_33_R2,1026.32,13.7062,7.2,mixta_demo,DATOS SINTÉTICOS DE DEMOSTRACIÓN,DEMO: generado localmente,2026-10-08
Barcelona,Ourense,07_33_R3,1015.847,15.1168,0.0,economica_demo,DATOS SINTÉTICOS DE DEMOSTRACIÓN,DEMO: generado localmente,2026-10-08
Barcelona,Palencia,07_34_R1,701.688,8.306,0.0,rapida_demo,DATOS SINTÉTICOS DE DEMOSTRACIÓN,DEMO: generado localmente,2026-10-08
Barcelona,Palencia,07_34_R2,687.654,9.1834,7.2,mixta_demo,DATOS SINTÉTICOS DE DEMOSTRACIÓN,DEMO: generado localmente,2026-10-08
Barcelona,Palencia,07_34_R3,680.637,10.1285,0.0,economica_demo,DATOS SINTÉTICOS DE DEMOSTRACIÓN,DEMO: generado localmente,2026-10-08
Barcelona,Pontevedra,07_35_R1,1128.373,13.3567,0.0,rapida_demo,DATOS SINTÉTICOS DE DEMOSTRACIÓN,DEMO: generado localmente,2026-10-08
Barcelona,Pontevedra,07_35_R2,1105.806,14.7677,7.2,mixta_demo,DATOS SINTÉTICOS DE DEMOSTRACIÓN,DEMO: generado localmente,2026-10-08
Barcelona,Pontevedra,07_35_R3,1094.522,16.2875,0.0,economica_demo,DATOS SINTÉTICOS DE DEMOSTRACIÓN,DEMO: generado localmente,2026-10-08
Barcelona,Salamanca,07_36_R1,822.113,9.7315,0.0,rapida_demo,DATOS SINTÉTICOS DE DEMOSTRACIÓN,DEMO: generado localmente,2026-10-08
Barcelona,Salamanca,07_36_R2,805.671,10.7595,7.2,mixta_demo,DATOS SINTÉTICOS DE DEMOSTRACIÓN,DEMO: generado localmente,2026-10-08
Barcelona,Salamanca,07_36_R3,797.45,11.8668,0.0,economica_demo,DATOS SINTÉTICOS DE DEMOSTRACIÓN,DEMO: generado localmente,2026-10-08
Barcelona,Segovia,07_37_R1,661.948,7.8356,0.0,rapida_demo,DATOS SINTÉTICOS DE DEMOSTRACIÓN,DEMO: generado localmente,2026-10-08
Barcelona,Segovia,07_37_R2,648.709,8.6633,7.2,mixta_demo,DATOS SINTÉTICOS DE DEMOSTRACIÓN,DEMO: generado localmente,2026-10-08
Barcelona,Segovia,07_37_R3,642.09,9.5549,0.0,economica_demo,DATOS SINTÉTICOS DE DEMOSTRACIÓN,DEMO: generado localmente,2026-10-08
Barcelona,Sevilla,07_38_R1,1037.953,12.2864,0.0,rapida_demo,DATOS SINTÉTICOS DE DEMOSTRACIÓN,DEMO: generado localmente,2026-10-08
Barcelona,Sevilla,07_38_R2,1017.193,13.5843,7.2,mixta_demo,DATOS SINTÉTICOS DE DEMOSTRACIÓN,DEMO: generado localmente,2026-10-08
Barcelona,Sevilla,07_38_R3,1006.814,14.9824,0.0,economica_demo,DATOS SINTÉTICOS DE DEMOSTRACIÓN,DEMO: generado localmente,2026-10-08
Barcelona,Soria,07_39_R1,485.471,5.7466,0.0,rapida_demo,DATOS SINTÉTICOS DE DEMOSTRACIÓN,DEMO: generado localmente,2026-10-08
Barcelona,Soria,07_39_R2,475.761,6.3537,7.2,mixta_demo,DATOS SINTÉTICOS DE DEMOSTRACIÓN,DEMO: generado localmente,2026-10-08
Barcelona,Soria,07_39_R3,470.907,7.0075,0.0,economica_demo,DATOS SINTÉTICOS DE DEMOSTRACIÓN,DEMO: generado localmente,2026-10-08
Barcelona,Tarragona,07_40_R1,103.267,1.2224,0.0,rapida_demo,DATOS SINTÉTICOS DE DEMOSTRACIÓN,DEMO: generado localmente,2026-10-08
Barcelona,Tarragona,07_40_R2,101.201,1.3515,7.2,mixta_demo,DATOS SINTÉTICOS DE DEMOSTRACIÓN,DEMO: generado localmente,2026-10-08
Barcelona,Tarragona,07_40_R3,100.169,1.4906,0.0,economica_demo,DATOS SINTÉTICOS DE DEMOSTRACIÓN,DEMO: generado localmente,2026-10-08
Barcelona,Teruel,07_41_R1,374.293,4.4305,0.0,rapida_demo,DATOS SINTÉTICOS DE DEMOSTRACIÓN,DEMO: generado localmente,2026-10-08
Barcelona,Teruel,07_41_R2,366.807,4.8986,7.2,mixta_demo,DATOS SINTÉTICOS DE DEMOSTRACIÓN,DEMO: generado localmente,2026-10-08
Barcelona,Teruel,07_41_R3,363.064,5.4027,0.0,economica_demo,DATOS SINTÉTICOS DE DEMOSTRACIÓN,DEMO: generado localmente,2026-10-08
Barcelona,Toledo,07_42_R1,687.726,8.1407,0.0,rapida_demo,DATOS SINTÉTICOS DE DEMOSTRACIÓN,DEMO: generado localmente,2026-10-08
Barcelona,Toledo,07_42_R2,673.972,9.0007,7.2,mixta_demo,DATOS SINTÉTICOS DE DEMOSTRACIÓN,DEMO: generado localmente,2026-10-08
Barcelona,Toledo,07_42_R3,667.094,9.927,0.0,economica_demo,DATOS SINTÉTICOS DE DEMOSTRACIÓN,DEMO: generado localmente,2026-10-08
Barcelona,Valencia,07_43_R1,379.081,4.4872,0.0,rapida_demo,DATOS SINTÉTICOS DE DEMOSTRACIÓN,DEMO: generado localmente,2026-10-08
Barcelona,Valencia,07_43_R2,371.499,4.9613,7.2,mixta_demo,DATOS SINTÉTICOS DE DEMOSTRACIÓN,DEMO: generado localmente,2026-10-08
Barcelona,Valencia,07_43_R3,367.708,5.4718,0.0,economica_demo,DATOS SINTÉTICOS DE DEMOSTRACIÓN,DEMO: generado localmente,2026-10-08
Barcelona,Valladolid,07_44_R1,719.523,8.5171,0.0,rapida_demo,DATOS SINTÉTICOS DE DEMOSTRACIÓN,DEMO: generado localmente,2026-10-08
Barcelona,Valladolid,07_44_R2,705.132,9.4168,7.2,mixta_demo,DATOS SINTÉTICOS DE DEMOSTRACIÓN,DEMO: generado localmente,2026-10-08
Barcelona,Valladolid,07_44_R3,697.937,10.386,0.0,economica_demo,DATOS SINTÉTICOS DE DEMOSTRACIÓN,DEMO: generado localmente,2026-10-08
Barcelona,Zamora,07_45_R1,825.545,9.7721,0.0,rapida_demo,DATOS SINTÉTICOS DE DEMOSTRACIÓN,DEMO: generado localmente,2026-10-08
Barcelona,Zamora,07_45_R2,809.034,10.8044,7.2,mixta_demo,DATOS SINTÉTICOS DE DEMOSTRACIÓN,DEMO: generado localmente,2026-10-08
Barcelona,Zamora,07_45_R3,800.779,11.9164,0.0,economica_demo,DATOS SINTÉTICOS DE DEMOSTRACIÓN,DEMO: generado localmente,2026-10-08
Barcelona,Zaragoza,07_46_R1,320.16,3.7898,0.0,rapida_demo,DATOS SINTÉTICOS DE DEMOSTRACIÓN,DEMO: generado localmente,2026-10-08
Barcelona,Zaragoza,07_46_R2,313.757,4.1901,7.2,mixta_demo,DATOS SINTÉTICOS DE DEMOSTRACIÓN,DEMO: generado localmente,2026-10-08
Barcelona,Zaragoza,07_46_R3,310.555,4.6214,0.0,economica_demo,DATOS SINTÉTICOS DE DEMOSTRACIÓN,DEMO: generado localmente,2026-10-08
Bilbao,Burgos,08_09_R1,150.954,1.7869,0.0,rapida_demo,DATOS SINTÉTICOS DE DEMOSTRACIÓN,DEMO: generado localmente,2026-10-08
Bilbao,Burgos,08_09_R2,147.935,1.9756,7.2,mixta_demo,DATOS SINTÉTICOS DE DEMOSTRACIÓN,DEMO: generado localmente,2026-10-08
Bilbao,Burgos,08_09_R3,146.426,2.179,0.0,economica_demo,DATOS SINTÉTICOS DE DEMOSTRACIÓN,DEMO: generado localmente,2026-10-08
Bilbao,Cáceres,08_10_R1,637.708,7.5486,0.0,rapida_demo,DATOS SINTÉTICOS DE DEMOSTRACIÓN,DEMO: generado localmente,2026-10-08
Bilbao,Cáceres,08_10_R2,624.954,8.3461,7.2,mixta_demo,DATOS SINTÉTICOS DE DEMOSTRACIÓN,DEMO: generado localmente,2026-10-08
Bilbao,Cáceres,08_10_R3,618.577,9.205,0.0,economica_demo,DATOS SINTÉTICOS DE DEMOSTRACIÓN,DEMO: generado localmente,2026-10-08
Bilbao,Cádiz,08_11_R1,1002.424,11.8658,0.0,rapida_demo,DATOS SINTÉTICOS DE DEMOSTRACIÓN,DEMO: generado localmente,2026-10-08
Bilbao,Cádiz,08_11_R2,982.376,13.1193,7.2,mixta_demo,DATOS SINTÉTICOS DE DEMOSTRACIÓN,DEMO: generado localmente,2026-10-08
Bilbao,Cádiz,08_11_R3,972.351,14.4695,0.0,economica_demo,DATOS SINTÉTICOS DE DEMOSTRACIÓN,DEMO: generado localmente,2026-10-08
Bilbao,Santander,08_12_R1,93.721,1.1094,0.0,rapida_demo,DATOS SINTÉTICOS DE DEMOSTRACIÓN,DEMO: generado localmente,2026-10-08
Bilbao,Santander,08_12_R2,91.846,1.2266,7.2,mixta_demo,DATOS SINTÉTICOS DE DEMOSTRACIÓN,DEMO: generado localmente,2026-10-08
Bilbao,Santander,08_12_R3,90.909,1.3528,0.0,economica_demo,DATOS SINTÉTICOS DE DEMOSTRACIÓN,DEMO: generado localmente,2026-10-08
Bilbao,Castelló de la Plana/Castellón de la Plana,08_13_R1,545.352,6.4554,0.0,rapida_demo,DATOS SINTÉTICOS DE DEMOSTRACIÓN,DEMO: generado localmente,2026-10-08
Bilbao,Castelló de la Plana/Castellón de la Plana,08_13_R2,534.445,7.1373,7.2,mixta_demo,DATOS SINTÉTICOS DE DEMOSTRACIÓN,DEMO: generado localmente,2026-10-08
Bilbao,Castelló de la Plana/Castellón de la Plana,08_13_R3,528.991,7.8719,0.0,economica_demo,DATOS SINTÉTICOS DE DEMOSTRACIÓN,DEMO: generado localmente,2026-10-08
Bilbao,Ciudad Real,08_14_R1,604.021,7.1499,0.0,rapida_demo,DATOS SINTÉTICOS DE DEMOSTRACIÓN,DEMO: generado localmente,2026-10-08
Bilbao,Ciudad Real,08_14_R2,591.94,7.9052,7.2,mixta_demo,DATOS SINTÉTICOS DE DEMOSTRACIÓN,DEMO: generado localmente,2026-10-08
Bilbao,Ciudad Real,08_14_R3,585.9,8.7188,0.0,economica_demo,DATOS SINTÉTICOS DE DEMOSTRACIÓN,DEMO: generado localmente,2026-10-08
Bilbao,Córdoba,08_15_R1,772.755,9.1472,0.0,rapida_demo,DATOS SINTÉTICOS DE DEMOSTRACIÓN,DEMO: generado localmente,2026-10-08
Bilbao,Córdoba,08_15_R2,757.3,10.1135,7.2,mixta_demo,DATOS SINTÉTICOS DE DEMOSTRACIÓN,DEMO: generado localmente,2026-10-08
Bilbao,Córdoba,08_15_R3,749.572,11.1543,0.0,economica_demo,DATOS SINTÉTICOS DE DEMOSTRACIÓN,DEMO: generado localmente,2026-10-08
Bilbao,A Coruña,08_16_R1,553.501,6.5519,0.0,rapida_demo,DATOS SINTÉTICOS DE DEMOSTRACIÓN,DEMO: generado localmente,2026-10-08
Bilbao,A Coruña,08_16_R2,542.431,7.244,7.2,mixta_demo,DATOS SINTÉTICOS DE DEMOSTRACIÓN,DEMO: generado localmente,2026-10-08
Bilbao,A Coruña,08_16_R3,536.896,7.9895,0.0,economica_demo,DATOS SINTÉTICOS DE DEMOSTRACIÓN,DEMO: generado localmente,2026-10-08
Bilbao,Cuenca,08_17_R1,450.473,5.3323,0.0,rapida_demo,DATOS SINTÉTICOS DE DEMOSTRACIÓN,DEMO: generado localmente,2026-10-08
Bilbao,Cuenca,08_17_R2,441.464,5.8956,7.2,mixta_demo,DATOS SINTÉTICOS DE DEMOSTRACIÓN,DEMO: generado localmente,2026-10-08
Bilbao,Cuenca,08_17_R3,436.959,6.5024,0.0,economica_demo,DATOS SINTÉTICOS DE DEMOSTRACIÓN,DEMO: generado localmente,2026-10-08
Bilbao,Donostia/San Sebastián,08_18_R1,95.202,1.1269,0.0,rapida_demo,DATOS SINTÉTICOS DE DEMOSTRACIÓN,DEMO: generado localmente,2026-10-08
Bilbao,Donostia/San Sebastián,08_18_R2,93.298,1.246,7.2,mixta_demo,DATOS SINTÉTICOS DE DEMOSTRACIÓN,DEMO: generado localmente,2026-10-08
Bilbao,Donostia/San Sebastián,08_18_R3,92.346,1.3742,0.0,economica_demo,DATOS SINTÉTICOS DE DEMOSTRACIÓN,DEMO: generado localmente,2026-10-08
Bilbao,Girona,08_19_R1,614.123,7.2694,0.0,rapida_demo,DATOS SINTÉTICOS DE DEMOSTRACIÓN,DEMO: generado localmente,2026-10-08
Bilbao,Girona,08_19_R2,601.841,8.0374,7.2,mixta_demo,DATOS SINTÉTICOS DE DEMOSTRACIÓN,DEMO: generado localmente,2026-10-08
Bilbao,Girona,08_19_R3,595.699,8.8646,0.0,economica_demo,DATOS SINTÉTICOS DE DEMOSTRACIÓN,DEMO: generado localmente,2026-10-08
Bilbao,Granada,08_20_R1,849.481,10.0554,0.0,rapida_demo,DATOS SINTÉTICOS DE DEMOSTRACIÓN,DEMO: generado localmente,2026-10-08
Bilbao,Granada,08_20_R2,832.491,11.1177,7.2,mixta_demo,DATOS SINTÉTICOS DE DEMOSTRACIÓN,DEMO: generado localmente,2026-10-08
Bilbao,Granada,08_20_R3,823.996,12.2619,0.0,economica_demo,DATOS SINTÉTICOS DE DEMOSTRACIÓN,DEMO: generado localmente,2026-10-08
Bilbao,Guadalajara,08_21_R1,366.506,4.3384,0.0,rapida_demo,DATOS SINTÉTICOS DE DEMOSTRACIÓN,DEMO: generado localmente,2026-10-08
Bilbao,Guadalajara,08_21_R2,359.176,4.7967,7.2,mixta_demo,DATOS SINTÉTICOS DE DEMOSTRACIÓN,DEMO: generado localmente,2026-10-08
Bilbao,Guadalajara,08_21_R3,355.511,5.2903,0.0,economica_demo,DATOS SINTÉTICOS DE DEMOSTRACIÓN,DEMO: generado localmente,2026-10-08
Bilbao,Huelva,08_22_R1,937.594,11.0984,0.0,rapida_demo,DATOS SINTÉTICOS DE DEMOSTRACIÓN,DEMO: generado localmente,2026-10-08
Bilbao,Huelva,08_22_R2,918.842,12.2709,7.2,mixta_demo,DATOS SINTÉTICOS DE DEMOSTRACIÓN,DEMO: generado localmente,2026-10-08
Bilbao,Huelva,08_22_R3,909.466,13.5337,0.0,economica_demo,DATOS SINTÉTICOS DE DEMOSTRACIÓN,DEMO: generado localmente,2026-10-08
Bilbao,Huesca,08_23_R1,300.569,3.5579,0.0,rapida_demo,DATOS SINTÉTICOS DE DEMOSTRACIÓN,DEMO: generado localmente,2026-10-08
Bilbao,Huesca,08_23_R2,294.558,3.9337,7.2,mixta_demo,DATOS SINTÉTICOS DE DEMOSTRACIÓN,DEMO: generado localmente,2026-10-08
Bilbao,Huesca,08_23_R3,291.552,4.3386,0.0,economica_demo,DATOS SINTÉTICOS DE DEMOSTRACIÓN,DEMO: generado localmente,2026-10-08
Bilbao,Jaén,08_24_R1,769.878,9.1131,0.0,rapida_demo,DATOS SINTÉTICOS DE DEMOSTRACIÓN,DEMO: generado localmente,2026-10-08
Bilbao,Jaén,08_24_R2,754.48,10.0759,7.2,mixta_demo,DATOS SINTÉTICOS DE DEMOSTRACIÓN,DEMO: generado localmente,2026-10-08
Bilbao,Jaén,08_24_R3,746.781,11.1128,0.0,economica_demo,DATOS SINTÉTICOS DE DEMOSTRACIÓN,DEMO: generado localmente,2026-10-08
Bilbao,Logroño,08_25_R1,121.386,1.4369,0.0,rapida_demo,DATOS SINTÉTICOS DE DEMOSTRACIÓN,DEMO: generado localmente,2026-10-08
Bilbao,Logroño,08_25_R2,118.959,1.5887,7.2,mixta_demo,DATOS SINTÉTICOS DE DEMOSTRACIÓN,DEMO: generado localmente,2026-10-08
Bilbao,Logroño,08_25_R3,117.745,1.7522,0.0,economica_demo,DATOS SINTÉTICOS DE DEMOSTRACIÓN,DEMO: generado localmente,2026-10-08
Bilbao,León,08_26_R1,285.215,3.3761,0.0,rapida_demo,DATOS SINTÉTICOS DE DEMOSTRACIÓN,DEMO: generado localmente,2026-10-08
Bilbao,León,08_26_R2,279.511,3.7328,7.2,mixta_demo,DATOS SINTÉTICOS DE DEMOSTRACIÓN,DEMO: generado localmente,2026-10-08
Bilbao,León,08_26_R3,276.658,4.1169,0.0,economica_demo,DATOS SINTÉTICOS DE DEMOSTRACIÓN,DEMO: generado localmente,2026-10-08
Bilbao,Lleida,08_27_R1,430.268,5.0931,0.0,rapida_demo,DATOS SINTÉTICOS DE DEMOSTRACIÓN,DEMO: generado localmente,2026-10-08
Bilbao,Lleida,08_27_R2,421.662,5.6312,7.2,mixta_demo,DATOS SINTÉTICOS DE DEMOSTRACIÓN,DEMO: generado localmente,2026-10-08
Bilbao,Lleida,08_27_R3,417.36,6.2107,0.0,economica_demo,DATOS SINTÉTICOS DE DEMOSTRACIÓN,DEMO: generado localmente,2026-10-08
Bilbao,Lugo,08_28_R1,471.09,5.5764,0.0,rapida_demo,DATOS SINTÉTICOS DE DEMOSTRACIÓN,DEMO: generado localmente,2026-10-08
Bilbao,Lugo,08_28_R2,461.668,6.1654,7.2,mixta_demo,DATOS SINTÉTICOS DE DEMOSTRACIÓN,DEMO: generado localmente,2026-10-08
Bilbao,Lugo,08_28_R3,456.957,6.8,0.0,economica_demo,DATOS SINTÉTICOS DE DEMOSTRACIÓN,DEMO: generado localmente,2026-10-08
Bilbao,Madrid,08_29_R1,403.386,4.7749,0.0,rapida_demo,DATOS SINTÉTICOS DE DEMOSTRACIÓN,DEMO: generado localmente,2026-10-08
Bilbao,Madrid,08_29_R2,395.318,5.2794,7.2,mixta_demo,DATOS SINTÉTICOS DE DEMOSTRACIÓN,DEMO: generado localmente,2026-10-08
Bilbao,Madrid,08_29_R3,391.284,5.8227,0.0,economica_demo,DATOS SINTÉTICOS DE DEMOSTRACIÓN,DEMO: generado localmente,2026-10-08
Bilbao,Málaga,08_30_R1,923.285,10.929,0.0,rapida_demo,DATOS SINTÉTICOS DE DEMOSTRACIÓN,DEMO: generado localmente,2026-10-08
Bilbao,Málaga,08_30_R2,904.819,12.0836,7.2,mixta_demo,DATOS SINTÉTICOS DE DEMOSTRACIÓN,DEMO: generado localmente,2026-10-08
Bilbao,Málaga,08_30_R3,895.586,13.3272,0.0,economica_demo,DATOS SINTÉTICOS DE DEMOSTRACIÓN,DEMO: generado localmente,2026-10-08
Bilbao,Murcia,08_31_R1,757.926,8.9717,0.0,rapida_demo,DATOS SINTÉTICOS DE DEMOSTRACIÓN,DEMO: generado localmente,2026-10-08
Bilbao,Murcia,08_31_R2,742.768,9.9194,7.2,mixta_demo,DATOS SINTÉTICOS DE DEMOSTRACIÓN,DEMO: generado localmente,2026-10-08
Bilbao,Murcia,08_31_R3,735.188,10.9403,0.0,economica_demo,DATOS SINTÉTICOS DE DEMOSTRACIÓN,DEMO: generado localmente,2026-10-08
Bilbao,Pamplona/Iruña,08_32_R1,143.94,1.7038,0.0,rapida_demo,DATOS SINTÉTICOS DE DEMOSTRACIÓN,DEMO: generado localmente,2026-10-08
Bilbao,Pamplona/Iruña,08_32_R2,141.061,1.8838,7.2,mixta_demo,DATOS SINTÉTICOS DE DEMOSTRACIÓN,DEMO: generado localmente,2026-10-08
Bilbao,Pamplona/Iruña,08_32_R3,139.622,2.0777,0.0,economica_demo,DATOS SINTÉTICOS DE DEMOSTRACIÓN,DEMO: generado localmente,2026-10-08
Bilbao,Ourense,08_33_R1,520.023,6.1556,0.0,rapida_demo,DATOS SINTÉTICOS DE DEMOSTRACIÓN,DEMO: generado localmente,2026-10-08
Bilbao,Ourense,08_33_R2,509.622,6.8059,7.2,mixta_demo,DATOS SINTÉTICOS DE DEMOSTRACIÓN,DEMO: generado localmente,2026-10-08
Bilbao,Ourense,08_33_R3,504.422,7.5063,0.0,economica_demo,DATOS SINTÉTICOS DE DEMOSTRACIÓN,DEMO: generado localmente,2026-10-08
Bilbao,Palencia,08_34_R1,239.605,2.8362,0.0,rapida_demo,DATOS SINTÉTICOS DE DEMOSTRACIÓN,DEMO: generado localmente,2026-10-08
Bilbao,Palencia,08_34_R2,234.813,3.1359,7.2,mixta_demo,DATOS SINTÉTICOS DE DEMOSTRACIÓN,DEMO: generado localmente,2026-10-08
Bilbao,Palencia,08_34_R3,232.417,3.4586,0.0,economica_demo,DATOS SINTÉTICOS DE DEMOSTRACIÓN,DEMO: generado localmente,2026-10-08
Bilbao,Pontevedra,08_35_R1,594.472,7.0368,0.0,rapida_demo,DATOS SINTÉTICOS DE DEMOSTRACIÓN,DEMO: generado localmente,2026-10-08
Bilbao,Pontevedra,08_35_R2,582.583,7.7802,7.2,mixta_demo,DATOS SINTÉTICOS DE DEMOSTRACIÓN,DEMO: generado localmente,2026-10-08
Bilbao,Pontevedra,08_35_R3,576.638,8.5809,0.0,economica_demo,DATOS SINTÉTICOS DE DEMOSTRACIÓN,DEMO: generado localmente,2026-10-08
Bilbao,Salamanca,08_36_R1,426.453,5.048,0.0,rapida_demo,DATOS SINTÉTICOS DE DEMOSTRACIÓN,DEMO: generado localmente,2026-10-08
Bilbao,Salamanca,08_36_R2,417.924,5.5813,7.2,mixta_demo,DATOS SINTÉTICOS DE DEMOSTRACIÓN,DEMO: generado localmente,2026-10-08
Bilbao,Salamanca,08_36_R3,413.66,6.1556,0.0,economica_demo,DATOS SINTÉTICOS DE DEMOSTRACIÓN,DEMO: generado localmente,2026-10-08
Bilbao,Segovia,08_37_R1,344.587,4.0789,0.0,rapida_demo,DATOS SINTÉTICOS DE DEMOSTRACIÓN,DEMO: generado localmente,2026-10-08
Bilbao,Segovia,08_37_R2,337.695,4.5098,7.2,mixta_demo,DATOS SINTÉTICOS DE DEMOSTRACIÓN,DEMO: generado localmente,2026-10-08
Bilbao,Segovia,08_37_R3,334.249,4.9739,0.0,economica_demo,DATOS SINTÉTICOS DE DEMOSTRACIÓN,DEMO: generado localmente,2026-10-08
Bilbao,Sevilla,08_38_R1,878.943,10.4042,0.0,rapida_demo,DATOS SINTÉTICOS DE DEMOSTRACIÓN,DEMO: generado localmente,2026-10-08
Bilbao,Sevilla,08_38_R2,861.364,11.5033,7.2,mixta_demo,DATOS SINTÉTICOS DE DEMOSTRACIÓN,DEMO: generado localmente,2026-10-08
Bilbao,Sevilla,08_38_R3,852.575,12.6871,0.0,economica_demo,DATOS SINTÉTICOS DE DEMOSTRACIÓN,DEMO: generado localmente,2026-10-08
Bilbao,Soria,08_39_R1,213.897,2.5319,0.0,rapida_demo,DATOS SINTÉTICOS DE DEMOSTRACIÓN,DEMO: generado localmente,2026-10-08
Bilbao,Soria,08_39_R2,209.619,2.7994,7.2,mixta_demo,DATOS SINTÉTICOS DE DEMOSTRACIÓN,DEMO: generado localmente,2026-10-08
Bilbao,Soria,08_39_R3,207.48,3.0875,0.0,economica_demo,DATOS SINTÉTICOS DE DEMOSTRACIÓN,DEMO: generado localmente,2026-10-08
Bilbao,Tarragona,08_40_R1,523.461,6.1963,0.0,rapida_demo,DATOS SINTÉTICOS DE DEMOSTRACIÓN,DEMO: generado localmente,2026-10-08
Bilbao,Tarragona,08_40_R2,512.992,6.8509,7.2,mixta_demo,DATOS SINTÉTICOS DE DEMOSTRACIÓN,DEMO: generado localmente,2026-10-08
Bilbao,Tarragona,08_40_R3,507.758,7.5559,0.0,economica_demo,DATOS SINTÉTICOS DE DEMOSTRACIÓN,DEMO: generado localmente,2026-10-08
Bilbao,Teruel,08_41_R1,447.384,5.2957,0.0,rapida_demo,DATOS SINTÉTICOS DE DEMOSTRACIÓN,DEMO: generado localmente,2026-10-08
Bilbao,Teruel,08_41_R2,438.437,5.8552,7.2,mixta_demo,DATOS SINTÉTICOS DE DEMOSTRACIÓN,DEMO: generado localmente,2026-10-08
Bilbao,Teruel,08_41_R3,433.963,6.4578,0.0,economica_demo,DATOS SINTÉTICOS DE DEMOSTRACIÓN,DEMO: generado localmente,2026-10-08
Bilbao,Toledo,08_42_R1,487.304,5.7683,0.0,rapida_demo,DATOS SINTÉTICOS DE DEMOSTRACIÓN,DEMO: generado localmente,2026-10-08
Bilbao,Toledo,08_42_R2,477.558,6.3776,7.2,mixta_demo,DATOS SINTÉTICOS DE DEMOSTRACIÓN,DEMO: generado localmente,2026-10-08
Bilbao,Toledo,08_42_R3,472.685,7.034,0.0,economica_demo,DATOS SINTÉTICOS DE DEMOSTRACIÓN,DEMO: generado localmente,2026-10-08
Bilbao,Valencia,08_43_R1,590.409,6.9887,0.0,rapida_demo,DATOS SINTÉTICOS DE DEMOSTRACIÓN,DEMO: generado localmente,2026-10-08
Bilbao,Valencia,08_43_R2,578.601,7.727,7.2,mixta_demo,DATOS SINTÉTICOS DE DEMOSTRACIÓN,DEMO: generado localmente,2026-10-08
Bilbao,Valencia,08_43_R3,572.697,8.5223,0.0,economica_demo,DATOS SINTÉTICOS DE DEMOSTRACIÓN,DEMO: generado localmente,2026-10-08
Bilbao,Valladolid,08_44_R1,290.59,3.4397,0.0,rapida_demo,DATOS SINTÉTICOS DE DEMOSTRACIÓN,DEMO: generado localmente,2026-10-08
Bilbao,Valladolid,08_44_R2,284.778,3.8031,7.2,mixta_demo,DATOS SINTÉTICOS DE DEMOSTRACIÓN,DEMO: generado localmente,2026-10-08
Bilbao,Valladolid,08_44_R3,281.872,4.1945,0.0,economica_demo,DATOS SINTÉTICOS DE DEMOSTRACIÓN,DEMO: generado localmente,2026-10-08
Bilbao,Zamora,08_45_R1,379.298,4.4898,0.0,rapida_demo,DATOS SINTÉTICOS DE DEMOSTRACIÓN,DEMO: generado localmente,2026-10-08
Bilbao,Zamora,08_45_R2,371.713,4.9641,7.2,mixta_demo,DATOS SINTÉTICOS DE DEMOSTRACIÓN,DEMO: generado localmente,2026-10-08
Bilbao,Zamora,08_45_R3,367.92,5.475,0.0,economica_demo,DATOS SINTÉTICOS DE DEMOSTRACIÓN,DEMO: generado localmente,2026-10-08
Bilbao,Zaragoza,08_46_R1,306.535,3.6285,0.0,rapida_demo,DATOS SINTÉTICOS DE DEMOSTRACIÓN,DEMO: generado localmente,2026-10-08
Bilbao,Zaragoza,08_46_R2,300.405,4.0118,7.2,mixta_demo,DATOS SINTÉTICOS DE DEMOSTRACIÓN,DEMO: generado localmente,2026-10-08
Bilbao,Zaragoza,08_46_R3,297.339,4.4247,0.0,economica_demo,DATOS SINTÉTICOS DE DEMOSTRACIÓN,DEMO: generado localmente,2026-10-08
Burgos,Cáceres,09_10_R1,487.117,5.7661,0.0,rapida_demo,DATOS SINTÉTICOS DE DEMOSTRACIÓN,DEMO: generado localmente,2026-10-08
Burgos,Cáceres,09_10_R2,477.375,6.3752,7.2,mixta_demo,DATOS SINTÉTICOS DE DEMOSTRACIÓN,DEMO: generado localmente,2026-10-08
Burgos,Cáceres,09_10_R3,472.504,7.0313,0.0,economica_demo,DATOS SINTÉTICOS DE DEMOSTRACIÓN,DEMO: generado localmente,2026-10-08
Burgos,Cádiz,09_11_R1,854.114,10.1102,0.0,rapida_demo,DATOS SINTÉTICOS DE DEMOSTRACIÓN,DEMO: generado localmente,2026-10-08
Burgos,Cádiz,09_11_R2,837.032,11.1783,7.2,mixta_demo,DATOS SINTÉTICOS DE DEMOSTRACIÓN,DEMO: generado localmente,2026-10-08
Burgos,Cádiz,09_11_R3,828.49,12.3287,0.0,economica_demo,DATOS SINTÉTICOS DE DEMOSTRACIÓN,DEMO: generado localmente,2026-10-08
Burgos,Santander,09_12_R1,156.303,1.8502,0.0,rapida_demo,DATOS SINTÉTICOS DE DEMOSTRACIÓN,DEMO: generado localmente,2026-10-08
Burgos,Santander,09_12_R2,153.177,2.0456,7.2,mixta_demo,DATOS SINTÉTICOS DE DEMOSTRACIÓN,DEMO: generado localmente,2026-10-08
Burgos,Santander,09_12_R3,151.614,2.2562,0.0,economica_demo,DATOS SINTÉTICOS DE DEMOSTRACIÓN,DEMO: generado localmente,2026-10-08
Burgos,Castelló de la Plana/Castellón de la Plana,09_13_R1,504.018,5.9661,0.0,rapida_demo,DATOS SINTÉTICOS DE DEMOSTRACIÓN,DEMO: generado localmente,2026-10-08
Burgos,Castelló de la Plana/Castellón de la Plana,09_13_R2,493.938,6.5964,7.2,mixta_demo,DATOS SINTÉTICOS DE DEMOSTRACIÓN,DEMO: generado localmente,2026-10-08
Burgos,Castelló de la Plana/Castellón de la Plana,09_13_R3,488.898,7.2753,0.0,economica_demo,DATOS SINTÉTICOS DE DEMOSTRACIÓN,DEMO: generado localmente,2026-10-08
Burgos,Ciudad Real,09_14_R1,467.028,5.5283,0.0,rapida_demo,DATOS SINTÉTICOS DE DEMOSTRACIÓN,DEMO: generado localmente,2026-10-08
Burgos,Ciudad Real,09_14_R2,457.688,6.1123,7.2,mixta_demo,DATOS SINTÉTICOS DE DEMOSTRACIÓN,DEMO: generado localmente,2026-10-08
Burgos,Ciudad Real,09_14_R3,453.018,6.7413,0.0,economica_demo,DATOS SINTÉTICOS DE DEMOSTRACIÓN,DEMO: generado localmente,2026-10-08
Burgos,Córdoba,09_15_R1,629.691,7.4537,0.0,rapida_demo,DATOS SINTÉTICOS DE DEMOSTRACIÓN,DEMO: generado localmente,2026-10-08
Burgos,Córdoba,09_15_R2,617.097,8.2411,7.2,mixta_demo,DATOS SINTÉTICOS DE DEMOSTRACIÓN,DEMO: generado localmente,2026-10-08
Burgos,Córdoba,09_15_R3,610.8,9.0893,0.0,economica_demo,DATOS SINTÉTICOS DE DEMOSTRACIÓN,DEMO: generado localmente,2026-10-08
Burgos,A Coruña,09_16_R1,499.166,5.9087,0.0,rapida_demo,DATOS SINTÉTICOS DE DEMOSTRACIÓN,DEMO: generado localmente,2026-10-08
Burgos,A Coruña,09_16_R2,489.183,6.5329,7.2,mixta_demo,DATOS SINTÉTICOS DE DEMOSTRACIÓN,DEMO: generado localmente,2026-10-08
Burgos,A Coruña,09_16_R3,484.191,7.2052,0.0,economica_demo,DATOS SINTÉTICOS DE DEMOSTRACIÓN,DEMO: generado localmente,2026-10-08
Burgos,Cuenca,09_17_R1,354.859,4.2005,0.0,rapida_demo,DATOS SINTÉTICOS DE DEMOSTRACIÓN,DEMO: generado localmente,2026-10-08
Burgos,Cuenca,09_17_R2,347.762,4.6443,7.2,mixta_demo,DATOS SINTÉTICOS DE DEMOSTRACIÓN,DEMO: generado localmente,2026-10-08
Burgos,Cuenca,09_17_R3,344.213,5.1222,0.0,economica_demo,DATOS SINTÉTICOS DE DEMOSTRACIÓN,DEMO: generado localmente,2026-10-08
Burgos,Donostia/San Sebastián,09_18_R1,221.806,2.6255,0.0,rapida_demo,DATOS SINTÉTICOS DE DEMOSTRACIÓN,DEMO: generado localmente,2026-10-08
Burgos,Donostia/San Sebastián,09_18_R2,217.37,2.9029,7.2,mixta_demo,DATOS SINTÉTICOS DE DEMOSTRACIÓN,DEMO: generado localmente,2026-10-08
Burgos,Donostia/San Sebastián,09_18_R3,215.152,3.2017,0.0,economica_demo,DATOS SINTÉTICOS DE DEMOSTRACIÓN,DEMO: generado localmente,2026-10-08
Burgos,Girona,09_19_R1,674.135,7.9798,0.0,rapida_demo,DATOS SINTÉTICOS DE DEMOSTRACIÓN,DEMO: generado localmente,2026-10-08
Burgos,Girona,09_19_R2,660.652,8.8228,7.2,mixta_demo,DATOS SINTÉTICOS DE DEMOSTRACIÓN,DEMO: generado localmente,2026-10-08
Burgos,Girona,09_19_R3,653.911,9.7308,0.0,economica_demo,DATOS SINTÉTICOS DE DEMOSTRACIÓN,DEMO: generado localmente,2026-10-08
Burgos,Granada,09_20_R1,718.167,8.501,0.0,rapida_demo,DATOS SINTÉTICOS DE DEMOSTRACIÓN,DEMO: generado localmente,2026-10-08
Burgos,Granada,09_20_R2,703.804,9.3991,7.2,mixta_demo,DATOS SINTÉTICOS DE DEMOSTRACIÓN,DEMO: generado localmente,2026-10-08
Burgos,Granada,09_20_R3,696.622,10.3664,0.0,economica_demo,DATOS SINTÉTICOS DE DEMOSTRACIÓN,DEMO: generado localmente,2026-10-08
Burgos,Guadalajara,09_21_R1,243.703,2.8847,0.0,rapida_demo,DATOS SINTÉTICOS DE DEMOSTRACIÓN,DEMO: generado localmente,2026-10-08
Burgos,Guadalajara,09_21_R2,238.829,3.1895,7.2,mixta_demo,DATOS SINTÉTICOS DE DEMOSTRACIÓN,DEMO: generado localmente,2026-10-08
Burgos,Guadalajara,09_21_R3,236.392,3.5177,0.0,economica_demo,DATOS SINTÉTICOS DE DEMOSTRACIÓN,DEMO: generado localmente,2026-10-08
Burgos,Huelva,09_22_R1,786.994,9.3157,0.0,rapida_demo,DATOS SINTÉTICOS DE DEMOSTRACIÓN,DEMO: generado localmente,2026-10-08
Burgos,Huelva,09_22_R2,771.254,10.2999,7.2,mixta_demo,DATOS SINTÉTICOS DE DEMOSTRACIÓN,DEMO: generado localmente,2026-10-08
Burgos,Huelva,09_22_R3,763.384,11.3599,0.0,economica_demo,DATOS SINTÉTICOS DE DEMOSTRACIÓN,DEMO: generado localmente,2026-10-08
Burgos,Huesca,09_23_R1,339.985,4.0244,0.0,rapida_demo,DATOS SINTÉTICOS DE DEMOSTRACIÓN,DEMO: generado localmente,2026-10-08
Burgos,Huesca,09_23_R2,333.185,4.4496,7.2,mixta_demo,DATOS SINTÉTICOS DE DEMOSTRACIÓN,DEMO: generado localmente,2026-10-08
Burgos,Huesca,09_23_R3,329.785,4.9075,0.0,economica_demo,DATOS SINTÉTICOS DE DEMOSTRACIÓN,DEMO: generado localmente,2026-10-08
Burgos,Jaén,09_24_R1,636.106,7.5297,0.0,rapida_demo,DATOS SINTÉTICOS DE DEMOSTRACIÓN,DEMO: generado localmente,2026-10-08
Burgos,Jaén,09_24_R2,623.384,8.3251,7.2,mixta_demo,DATOS SINTÉTICOS DE DEMOSTRACIÓN,DEMO: generado localmente,2026-10-08
Burgos,Jaén,09_24_R3,617.023,9.1819,0.0,economica_demo,DATOS SINTÉTICOS DE DEMOSTRACIÓN,DEMO: generado localmente,2026-10-08
Burgos,Logroño,09_25_R1,130.807,1.5484,0.0,rapida_demo,DATOS SINTÉTICOS DE DEMOSTRACIÓN,DEMO: generado localmente,2026-10-08
Burgos,Logroño,09_25_R2,128.191,1.712,7.2,mixta_demo,DATOS SINTÉTICOS DE DEMOSTRACIÓN,DEMO: generado localmente,2026-10-08
Burgos,Logroño,09_25_R3,126.883,1.8881,0.0,economica_demo,DATOS SINTÉTICOS DE DEMOSTRACIÓN,DEMO: generado localmente,2026-10-08
Burgos,León,09_26_R1,195.23,2.311,0.0,rapida_demo,DATOS SINTÉTICOS DE DEMOSTRACIÓN,DEMO: generado localmente,2026-10-08
Burgos,León,09_26_R2,191.325,2.5551,7.2,mixta_demo,DATOS SINTÉTICOS DE DEMOSTRACIÓN,DEMO: generado localmente,2026-10-08
Burgos,León,09_26_R3,189.373,2.818,0.0,economica_demo,DATOS SINTÉTICOS DE DEMOSTRACIÓN,DEMO: generado localmente,2026-10-08
Burgos,Lleida,09_27_R1,458.482,5.4271,0.0,rapida_demo,DATOS SINTÉTICOS DE DEMOSTRACIÓN,DEMO: generado localmente,2026-10-08
Burgos,Lleida,09_27_R2,449.312,6.0004,7.2,mixta_demo,DATOS SINTÉTICOS DE DEMOSTRACIÓN,DEMO: generado localmente,2026-10-08
Burgos,Lleida,09_27_R3,444.727,6.618,0.0,economica_demo,DATOS SINTÉTICOS DE DEMOSTRACIÓN,DEMO: generado localmente,2026-10-08
Burgos,Lugo,09_28_R1,404.584,4.7891,0.0,rapida_demo,DATOS SINTÉTICOS DE DEMOSTRACIÓN,DEMO: generado localmente,2026-10-08
Burgos,Lugo,09_28_R2,396.492,5.295,7.2,mixta_demo,DATOS SINTÉTICOS DE DEMOSTRACIÓN,DEMO: generado localmente,2026-10-08
Burgos,Lugo,09_28_R3,392.447,5.84,0.0,economica_demo,DATOS SINTÉTICOS DE DEMOSTRACIÓN,DEMO: generado localmente,2026-10-08
Burgos,Madrid,09_29_R1,267.087,3.1615,0.0,rapida_demo,DATOS SINTÉTICOS DE DEMOSTRACIÓN,DEMO: generado localmente,2026-10-08
Burgos,Madrid,09_29_R2,261.745,3.4955,7.2,mixta_demo,DATOS SINTÉTICOS DE DEMOSTRACIÓN,DEMO: generado localmente,2026-10-08
Burgos,Madrid,09_29_R3,259.074,3.8553,0.0,economica_demo,DATOS SINTÉTICOS DE DEMOSTRACIÓN,DEMO: generado localmente,2026-10-08
Burgos,Málaga,09_30_R1,784.909,9.2911,0.0,rapida_demo,DATOS SINTÉTICOS DE DEMOSTRACIÓN,DEMO: generado localmente,2026-10-08
Burgos,Málaga,09_30_R2,769.211,10.2726,7.2,mixta_demo,DATOS SINTÉTICOS DE DEMOSTRACIÓN,DEMO: generado localmente,2026-10-08
Burgos,Málaga,09_30_R3,761.361,11.3298,0.0,economica_demo,DATOS SINTÉTICOS DE DEMOSTRACIÓN,DEMO: generado localmente,2026-10-08
Burgos,Murcia,09_31_R1,664.295,7.8633,0.0,rapida_demo,DATOS SINTÉTICOS DE DEMOSTRACIÓN,DEMO: generado localmente,2026-10-08
Burgos,Murcia,09_31_R2,651.009,8.694,7.2,mixta_demo,DATOS SINTÉTICOS DE DEMOSTRACIÓN,DEMO: generado localmente,2026-10-08
Burgos,Murcia,09_31_R3,644.366,9.5888,0.0,economica_demo,DATOS SINTÉTICOS DE DEMOSTRACIÓN,DEMO: generado localmente,2026-10-08
Burgos,Pamplona/Iruña,09_32_R1,220.829,2.614,0.0,rapida_demo,DATOS SINTÉTICOS DE DEMOSTRACIÓN,DEMO: generado localmente,2026-10-08
Burgos,Pamplona/Iruña,09_32_R2,216.412,2.8901,7.2,mixta_demo,DATOS SINTÉTICOS DE DEMOSTRACIÓN,DEMO: generado localmente,2026-10-08
Burgos,Pamplona/Iruña,09_32_R3,214.204,3.1876,0.0,economica_demo,DATOS SINTÉTICOS DE DEMOSTRACIÓN,DEMO: generado localmente,2026-10-08
Burgos,Ourense,09_33_R1,427.535,5.0608,0.0,rapida_demo,DATOS SINTÉTICOS DE DEMOSTRACIÓN,DEMO: generado localmente,2026-10-08
Burgos,Ourense,09_33_R2,418.984,5.5954,7.2,mixta_demo,DATOS SINTÉTICOS DE DEMOSTRACIÓN,DEMO: generado localmente,2026-10-08
Burgos,Ourense,09_33_R3,414.709,6.1713,0.0,economica_demo,DATOS SINTÉTICOS DE DEMOSTRACIÓN,DEMO: generado localmente,2026-10-08
Burgos,Palencia,09_34_R1,97.043,1.1487,0.0,rapida_demo,DATOS SINTÉTICOS DE DEMOSTRACIÓN,DEMO: generado localmente,2026-10-08
Burgos,Palencia,09_34_R2,95.102,1.2701,7.2,mixta_demo,DATOS SINTÉTICOS DE DEMOSTRACIÓN,DEMO: generado localmente,2026-10-08
Burgos,Palencia,09_34_R3,94.132,1.4008,0.0,economica_demo,DATOS SINTÉTICOS DE DEMOSTRACIÓN,DEMO: generado localmente,2026-10-08
Burgos,Pontevedra,09_35_R1,507.723,6.01,0.0,rapida_demo,DATOS SINTÉTICOS DE DEMOSTRACIÓN,DEMO: generado localmente,2026-10-08
Burgos,Pontevedra,09_35_R2,497.569,6.6449,7.2,mixta_demo,DATOS SINTÉTICOS DE DEMOSTRACIÓN,DEMO: generado localmente,2026-10-08
Burgos,Pontevedra,09_35_R3,492.492,7.3287,0.0,economica_demo,DATOS SINTÉTICOS DE DEMOSTRACIÓN,DEMO: generado localmente,2026-10-08
Burgos,Salamanca,09_36_R1,279.314,3.3063,0.0,rapida_demo,DATOS SINTÉTICOS DE DEMOSTRACIÓN,DEMO: generado localmente,2026-10-08
Burgos,Salamanca,09_36_R2,273.728,3.6556,7.2,mixta_demo,DATOS SINTÉTICOS DE DEMOSTRACIÓN,DEMO: generado localmente,2026-10-08
Burgos,Salamanca,09_36_R3,270.935,4.0318,0.0,economica_demo,DATOS SINTÉTICOS DE DEMOSTRACIÓN,DEMO: generado localmente,2026-10-08
Burgos,Segovia,09_37_R1,198.114,2.3451,0.0,rapida_demo,DATOS SINTÉTICOS DE DEMOSTRACIÓN,DEMO: generado localmente,2026-10-08
Burgos,Segovia,09_37_R2,194.152,2.5928,7.2,mixta_demo,DATOS SINTÉTICOS DE DEMOSTRACIÓN,DEMO: generado localmente,2026-10-08
Burgos,Segovia,09_37_R3,192.171,2.8597,0.0,economica_demo,DATOS SINTÉTICOS DE DEMOSTRACIÓN,DEMO: generado localmente,2026-10-08
Burgos,Sevilla,09_38_R1,730.364,8.6454,0.0,rapida_demo,DATOS SINTÉTICOS DE DEMOSTRACIÓN,DEMO: generado localmente,2026-10-08
Burgos,Sevilla,09_38_R2,715.757,9.5587,7.2,mixta_demo,DATOS SINTÉTICOS DE DEMOSTRACIÓN,DEMO: generado localmente,2026-10-08
Burgos,Sevilla,09_38_R3,708.453,10.5425,0.0,economica_demo,DATOS SINTÉTICOS DE DEMOSTRACIÓN,DEMO: generado localmente,2026-10-08
Burgos,Soria,09_39_R1,150.904,1.7863,0.0,rapida_demo,DATOS SINTÉTICOS DE DEMOSTRACIÓN,DEMO: generado localmente,2026-10-08
Burgos,Soria,09_39_R2,147.886,1.975,7.2,mixta_demo,DATOS SINTÉTICOS DE DEMOSTRACIÓN,DEMO: generado localmente,2026-10-08
Burgos,Soria,09_39_R3,146.377,2.1782,0.0,economica_demo,DATOS SINTÉTICOS DE DEMOSTRACIÓN,DEMO: generado localmente,2026-10-08
Burgos,Tarragona,09_40_R1,541.407,6.4087,0.0,rapida_demo,DATOS SINTÉTICOS DE DEMOSTRACIÓN,DEMO: generado localmente,2026-10-08
Burgos,Tarragona,09_40_R2,530.579,7.0857,7.2,mixta_demo,DATOS SINTÉTICOS DE DEMOSTRACIÓN,DEMO: generado localmente,2026-10-08
Burgos,Tarragona,09_40_R3,525.165,7.815,0.0,economica_demo,DATOS SINTÉTICOS DE DEMOSTRACIÓN,DEMO: generado localmente,2026-10-08
Burgos,Teruel,09_41_R1,387.687,4.5891,0.0,rapida_demo,DATOS SINTÉTICOS DE DEMOSTRACIÓN,DEMO: generado localmente,2026-10-08
Burgos,Teruel,09_41_R2,379.934,5.0739,7.2,mixta_demo,DATOS SINTÉTICOS DE DEMOSTRACIÓN,DEMO: generado localmente,2026-10-08
Burgos,Teruel,09_41_R3,376.057,5.5961,0.0,economica_demo,DATOS SINTÉTICOS DE DEMOSTRACIÓN,DEMO: generado localmente,2026-10-08
Burgos,Toledo,09_42_R1,346.927,4.1066,0.0,rapida_demo,DATOS SINTÉTICOS DE DEMOSTRACIÓN,DEMO: generado localmente,2026-10-08
Burgos,Toledo,09_42_R2,339.989,4.5404,7.2,mixta_demo,DATOS SINTÉTICOS DE DEMOSTRACIÓN,DEMO: generado localmente,2026-10-08
Burgos,Toledo,09_42_R3,336.519,5.0077,0.0,economica_demo,DATOS SINTÉTICOS DE DEMOSTRACIÓN,DEMO: generado localmente,2026-10-08
Burgos,Valencia,09_43_R1,530.187,6.2759,0.0,rapida_demo,DATOS SINTÉTICOS DE DEMOSTRACIÓN,DEMO: generado localmente,2026-10-08
Burgos,Valencia,09_43_R2,519.583,6.9389,7.2,mixta_demo,DATOS SINTÉTICOS DE DEMOSTRACIÓN,DEMO: generado localmente,2026-10-08
Burgos,Valencia,09_43_R3,514.281,7.653,0.0,economica_demo,DATOS SINTÉTICOS DE DEMOSTRACIÓN,DEMO: generado localmente,2026-10-08
Burgos,Valladolid,09_44_R1,142.792,1.6902,0.0,rapida_demo,DATOS SINTÉTICOS DE DEMOSTRACIÓN,DEMO: generado localmente,2026-10-08
Burgos,Valladolid,09_44_R2,139.936,1.8688,7.2,mixta_demo,DATOS SINTÉTICOS DE DEMOSTRACIÓN,DEMO: generado localmente,2026-10-08
Burgos,Valladolid,09_44_R3,138.508,2.0611,0.0,economica_demo,DATOS SINTÉTICOS DE DEMOSTRACIÓN,DEMO: generado localmente,2026-10-08
Burgos,Zamora,09_45_R1,241.331,2.8567,0.0,rapida_demo,DATOS SINTÉTICOS DE DEMOSTRACIÓN,DEMO: generado localmente,2026-10-08
Burgos,Zamora,09_45_R2,236.505,3.1584,7.2,mixta_demo,DATOS SINTÉTICOS DE DEMOSTRACIÓN,DEMO: generado localmente,2026-10-08
Burgos,Zamora,09_45_R3,234.091,3.4835,0.0,economica_demo,DATOS SINTÉTICOS DE DEMOSTRACIÓN,DEMO: generado localmente,2026-10-08
Burgos,Zaragoza,09_46_R1,306.889,3.6327,0.0,rapida_demo,DATOS SINTÉTICOS DE DEMOSTRACIÓN,DEMO: generado localmente,2026-10-08
Burgos,Zaragoza,09_46_R2,300.751,4.0164,7.2,mixta_demo,DATOS SINTÉTICOS DE DEMOSTRACIÓN,DEMO: generado localmente,2026-10-08
Burgos,Zaragoza,09_46_R3,297.683,4.4298,0.0,economica_demo,DATOS SINTÉTICOS DE DEMOSTRACIÓN,DEMO: generado localmente,2026-10-08
Cáceres,Cádiz,10_11_R1,409.416,4.8463,0.0,rapida_demo,DATOS SINTÉTICOS DE DEMOSTRACIÓN,DEMO: generado localmente,2026-10-08
Cáceres,Cádiz,10_11_R2,401.227,5.3583,7.2,mixta_demo,DATOS SINTÉTICOS DE DEMOSTRACIÓN,DEMO: generado localmente,2026-10-08
Cáceres,Cádiz,10_11_R3,397.133,5.9097,0.0,economica_demo,DATOS SINTÉTICOS DE DEMOSTRACIÓN,DEMO: generado localmente,2026-10-08
Cáceres,Santander,10_12_R1,615.078,7.2808,0.0,rapida_demo,DATOS SINTÉTICOS DE DEMOSTRACIÓN,DEMO: generado localmente,2026-10-08
Cáceres,Santander,10_12_R2,602.777,8.0499,7.2,mixta_demo,DATOS SINTÉTICOS DE DEMOSTRACIÓN,DEMO: generado localmente,2026-10-08
Cáceres,Santander,10_12_R3,596.626,8.8784,0.0,economica_demo,DATOS SINTÉTICOS DE DEMOSTRACIÓN,DEMO: generado localmente,2026-10-08
Cáceres,Castelló de la Plana/Castellón de la Plana,10_13_R1,680.647,8.0569,0.0,rapida_demo,DATOS SINTÉTICOS DE DEMOSTRACIÓN,DEMO: generado localmente,2026-10-08
Cáceres,Castelló de la Plana/Castellón de la Plana,10_13_R2,667.034,8.908,7.2,mixta_demo,DATOS SINTÉTICOS DE DEMOSTRACIÓN,DEMO: generado localmente,2026-10-08
Cáceres,Castelló de la Plana/Castellón de la Plana,10_13_R3,660.227,9.8248,0.0,economica_demo,DATOS SINTÉTICOS DE DEMOSTRACIÓN,DEMO: generado localmente,2026-10-08
Cáceres,Ciudad Real,10_14_R1,271.718,3.2164,0.0,rapida_demo,DATOS SINTÉTICOS DE DEMOSTRACIÓN,DEMO: generado localmente,2026-10-08
Cáceres,Ciudad Real,10_14_R2,266.284,3.5561,7.2,mixta_demo,DATOS SINTÉTICOS DE DEMOSTRACIÓN,DEMO: generado localmente,2026-10-08
Cáceres,Ciudad Real,10_14_R3,263.567,3.9221,0.0,economica_demo,DATOS SINTÉTICOS DE DEMOSTRACIÓN,DEMO: generado localmente,2026-10-08
Cáceres,Córdoba,10_15_R1,280.654,3.3221,0.0,rapida_demo,DATOS SINTÉTICOS DE DEMOSTRACIÓN,DEMO: generado localmente,2026-10-08
Cáceres,Córdoba,10_15_R2,275.041,3.6731,7.2,mixta_demo,DATOS SINTÉTICOS DE DEMOSTRACIÓN,DEMO: generado localmente,2026-10-08
Cáceres,Córdoba,10_15_R3,272.235,4.0511,0.0,economica_demo,DATOS SINTÉTICOS DE DEMOSTRACIÓN,DEMO: generado localmente,2026-10-08
Cáceres,A Coruña,10_16_R1,581.232,6.8801,0.0,rapida_demo,DATOS SINTÉTICOS DE DEMOSTRACIÓN,DEMO: generado localmente,2026-10-08
Cáceres,A Coruña,10_16_R2,569.607,7.6069,7.2,mixta_demo,DATOS SINTÉTICOS DE DEMOSTRACIÓN,DEMO: generado localmente,2026-10-08
Cáceres,A Coruña,10_16_R3,563.795,8.3898,0.0,economica_demo,DATOS SINTÉTICOS DE DEMOSTRACIÓN,DEMO: generado localmente,2026-10-08
Cáceres,Cuenca,10_17_R1,460.767,5.4542,0.0,rapida_demo,DATOS SINTÉTICOS DE DEMOSTRACIÓN,DEMO: generado localmente,2026-10-08
Cáceres,Cuenca,10_17_R2,451.552,6.0303,7.2,mixta_demo,DATOS SINTÉTICOS DE DEMOSTRACIÓN,DEMO: generado localmente,2026-10-08
Cáceres,Cuenca,10_17_R3,446.944,6.651,0.0,economica_demo,DATOS SINTÉTICOS DE DEMOSTRACIÓN,DEMO: generado localmente,2026-10-08
Cáceres,Donostia/San Sebastián,10_18_R1,703.381,8.326,0.0,rapida_demo,DATOS SINTÉTICOS DE DEMOSTRACIÓN,DEMO: generado localmente,2026-10-08
Cáceres,Donostia/San Sebastián,10_18_R2,689.314,9.2056,7.2,mixta_demo,DATOS SINTÉTICOS DE DEMOSTRACIÓN,DEMO: generado localmente,2026-10-08
Cáceres,Donostia/San Sebastián,10_18_R3,682.28,10.153,0.0,economica_demo,DATOS SINTÉTICOS DE DEMOSTRACIÓN,DEMO: generado localmente,2026-10-08
Cáceres,Girona,10_19_R1,1028.873,12.1789,0.0,rapida_demo,DATOS SINTÉTICOS DE DEMOSTRACIÓN,DEMO: generado localmente,2026-10-08
Cáceres,Girona,10_19_R2,1008.296,13.4655,7.2,mixta_demo,DATOS SINTÉTICOS DE DEMOSTRACIÓN,DEMO: generado localmente,2026-10-08
Cáceres,Girona,10_19_R3,998.007,14.8513,0.0,economica_demo,DATOS SINTÉTICOS DE DEMOSTRACIÓN,DEMO: generado localmente,2026-10-08
Cáceres,Granada,10_20_R1,440.019,5.2086,0.0,rapida_demo,DATOS SINTÉTICOS DE DEMOSTRACIÓN,DEMO: generado localmente,2026-10-08
Cáceres,Granada,10_20_R2,431.218,5.7588,7.2,mixta_demo,DATOS SINTÉTICOS DE DEMOSTRACIÓN,DEMO: generado localmente,2026-10-08
Cáceres,Granada,10_20_R3,426.818,6.3515,0.0,economica_demo,DATOS SINTÉTICOS DE DEMOSTRACIÓN,DEMO: generado localmente,2026-10-08
Cáceres,Guadalajara,10_21_R1,377.04,4.4631,0.0,rapida_demo,DATOS SINTÉTICOS DE DEMOSTRACIÓN,DEMO: generado localmente,2026-10-08
Cáceres,Guadalajara,10_21_R2,369.499,4.9345,7.2,mixta_demo,DATOS SINTÉTICOS DE DEMOSTRACIÓN,DEMO: generado localmente,2026-10-08
Cáceres,Guadalajara,10_21_R3,365.728,5.4424,0.0,economica_demo,DATOS SINTÉTICOS DE DEMOSTRACIÓN,DEMO: generado localmente,2026-10-08
Cáceres,Huelva,10_22_R1,314.646,3.7245,0.0,rapida_demo,DATOS SINTÉTICOS DE DEMOSTRACIÓN,DEMO: generado localmente,2026-10-08
Cáceres,Huelva,10_22_R2,308.353,4.118,7.2,mixta_demo,DATOS SINTÉTICOS DE DEMOSTRACIÓN,DEMO: generado localmente,2026-10-08
Cáceres,Huelva,10_22_R3,305.206,4.5418,0.0,economica_demo,DATOS SINTÉTICOS DE DEMOSTRACIÓN,DEMO: generado localmente,2026-10-08
Cáceres,Huesca,10_23_R1,728.338,8.6214,0.0,rapida_demo,DATOS SINTÉTICOS DE DEMOSTRACIÓN,DEMO: generado localmente,2026-10-08
Cáceres,Huesca,10_23_R2,713.771,9.5322,7.2,mixta_demo,DATOS SINTÉTICOS DE DEMOSTRACIÓN,DEMO: generado localmente,2026-10-08
Cáceres,Huesca,10_23_R3,706.488,10.5132,0.0,economica_demo,DATOS SINTÉTICOS DE DEMOSTRACIÓN,DEMO: generado localmente,2026-10-08
Cáceres,Jaén,10_24_R1,367.457,4.3496,0.0,rapida_demo,DATOS SINTÉTICOS DE DEMOSTRACIÓN,DEMO: generado localmente,2026-10-08
Cáceres,Jaén,10_24_R2,360.108,4.8091,7.2,mixta_demo,DATOS SINTÉTICOS DE DEMOSTRACIÓN,DEMO: generado localmente,2026-10-08
Cáceres,Jaén,10_24_R3,356.434,5.3041,0.0,economica_demo,DATOS SINTÉTICOS DE DEMOSTRACIÓN,DEMO: generado localmente,2026-10-08
Cáceres,Logroño,10_25_R1,585.76,6.9337,0.0,rapida_demo,DATOS SINTÉTICOS DE DEMOSTRACIÓN,DEMO: generado localmente,2026-10-08
Cáceres,Logroño,10_25_R2,574.044,7.6662,7.2,mixta_demo,DATOS SINTÉTICOS DE DEMOSTRACIÓN,DEMO: generado localmente,2026-10-08
Cáceres,Logroño,10_25_R3,568.187,8.4552,0.0,economica_demo,DATOS SINTÉTICOS DE DEMOSTRACIÓN,DEMO: generado localmente,2026-10-08
Cáceres,León,10_26_R1,442.068,5.2328,0.0,rapida_demo,DATOS SINTÉTICOS DE DEMOSTRACIÓN,DEMO: generado localmente,2026-10-08
Cáceres,León,10_26_R2,433.227,5.7856,7.2,mixta_demo,DATOS SINTÉTICOS DE DEMOSTRACIÓN,DEMO: generado localmente,2026-10-08
Cáceres,León,10_26_R3,428.806,6.381,0.0,economica_demo,DATOS SINTÉTICOS DE DEMOSTRACIÓN,DEMO: generado localmente,2026-10-08
Cáceres,Lleida,10_27_R1,796.502,9.4283,0.0,rapida_demo,DATOS SINTÉTICOS DE DEMOSTRACIÓN,DEMO: generado localmente,2026-10-08
Cáceres,Lleida,10_27_R2,780.572,10.4243,7.2,mixta_demo,DATOS SINTÉTICOS DE DEMOSTRACIÓN,DEMO: generado localmente,2026-10-08
Cáceres,Lleida,10_27_R3,772.607,11.4971,0.0,economica_demo,DATOS SINTÉTICOS DE DEMOSTRACIÓN,DEMO: generado localmente,2026-10-08
Cáceres,Lugo,10_28_R1,506.733,5.9983,0.0,rapida_demo,DATOS SINTÉTICOS DE DEMOSTRACIÓN,DEMO: generado localmente,2026-10-08
Cáceres,Lugo,10_28_R2,496.598,6.6319,7.2,mixta_demo,DATOS SINTÉTICOS DE DEMOSTRACIÓN,DEMO: generado localmente,2026-10-08
Cáceres,Lugo,10_28_R3,491.531,7.3144,0.0,economica_demo,DATOS SINTÉTICOS DE DEMOSTRACIÓN,DEMO: generado localmente,2026-10-08
Cáceres,Madrid,10_29_R1,314.275,3.7201,0.0,rapida_demo,DATOS SINTÉTICOS DE DEMOSTRACIÓN,DEMO: generado localmente,2026-10-08
Cáceres,Madrid,10_29_R2,307.989,4.1131,7.2,mixta_demo,DATOS SINTÉTICOS DE DEMOSTRACIÓN,DEMO: generado localmente,2026-10-08
Cáceres,Madrid,10_29_R3,304.847,4.5364,0.0,economica_demo,DATOS SINTÉTICOS DE DEMOSTRACIÓN,DEMO: generado localmente,2026-10-08
Cáceres,Málaga,10_30_R1,438.569,5.1914,0.0,rapida_demo,DATOS SINTÉTICOS DE DEMOSTRACIÓN,DEMO: generado localmente,2026-10-08
Cáceres,Málaga,10_30_R2,429.798,5.7398,7.2,mixta_demo,DATOS SINTÉTICOS DE DEMOSTRACIÓN,DEMO: generado localmente,2026-10-08
Cáceres,Málaga,10_30_R3,425.412,6.3305,0.0,economica_demo,DATOS SINTÉTICOS DE DEMOSTRACIÓN,DEMO: generado localmente,2026-10-08
Cáceres,Murcia,10_31_R1,604.845,7.1596,0.0,rapida_demo,DATOS SINTÉTICOS DE DEMOSTRACIÓN,DEMO: generado localmente,2026-10-08
Cáceres,Murcia,10_31_R2,592.748,7.916,7.2,mixta_demo,DATOS SINTÉTICOS DE DEMOSTRACIÓN,DEMO: generado localmente,2026-10-08
Cáceres,Murcia,10_31_R3,586.7,8.7307,0.0,economica_demo,DATOS SINTÉTICOS DE DEMOSTRACIÓN,DEMO: generado localmente,2026-10-08
Cáceres,Pamplona/Iruña,10_32_R1,678.663,8.0334,0.0,rapida_demo,DATOS SINTÉTICOS DE DEMOSTRACIÓN,DEMO: generado localmente,2026-10-08
Cáceres,Pamplona/Iruña,10_32_R2,665.089,8.8821,7.2,mixta_demo,DATOS SINTÉTICOS DE DEMOSTRACIÓN,DEMO: generado localmente,2026-10-08
Cáceres,Pamplona/Iruña,10_32_R3,658.303,9.7962,0.0,economica_demo,DATOS SINTÉTICOS DE DEMOSTRACIÓN,DEMO: generado localmente,2026-10-08
Cáceres,Ourense,10_33_R1,427.417,5.0594,0.0,rapida_demo,DATOS SINTÉTICOS DE DEMOSTRACIÓN,DEMO: generado localmente,2026-10-08
Cáceres,Ourense,10_33_R2,418.869,5.5939,7.2,mixta_demo,DATOS SINTÉTICOS DE DEMOSTRACIÓN,DEMO: generado localmente,2026-10-08
Cáceres,Ourense,10_33_R3,414.594,6.1696,0.0,economica_demo,DATOS SINTÉTICOS DE DEMOSTRACIÓN,DEMO: generado localmente,2026-10-08
Cáceres,Palencia,10_34_R1,402.235,4.7613,0.0,rapida_demo,DATOS SINTÉTICOS DE DEMOSTRACIÓN,DEMO: generado localmente,2026-10-08
Cáceres,Palencia,10_34_R2,394.19,5.2643,7.2,mixta_demo,DATOS SINTÉTICOS DE DEMOSTRACIÓN,DEMO: generado localmente,2026-10-08
Cáceres,Palencia,10_34_R3,390.168,5.8061,0.0,economica_demo,DATOS SINTÉTICOS DE DEMOSTRACIÓN,DEMO: generado localmente,2026-10-08
Cáceres,Pontevedra,10_35_R1,475.362,5.6269,0.0,rapida_demo,DATOS SINTÉTICOS DE DEMOSTRACIÓN,DEMO: generado localmente,2026-10-08
Cáceres,Pontevedra,10_35_R2,465.855,6.2214,7.2,mixta_demo,DATOS SINTÉTICOS DE DEMOSTRACIÓN,DEMO: generado localmente,2026-10-08
Cáceres,Pontevedra,10_35_R3,461.101,6.8616,0.0,economica_demo,DATOS SINTÉTICOS DE DEMOSTRACIÓN,DEMO: generado localmente,2026-10-08
Cáceres,Salamanca,10_36_R1,220.446,2.6094,0.0,rapida_demo,DATOS SINTÉTICOS DE DEMOSTRACIÓN,DEMO: generado localmente,2026-10-08
Cáceres,Salamanca,10_36_R2,216.037,2.8851,7.2,mixta_demo,DATOS SINTÉTICOS DE DEMOSTRACIÓN,DEMO: generado localmente,2026-10-08
Cáceres,Salamanca,10_36_R3,213.833,3.182,0.0,economica_demo,DATOS SINTÉTICOS DE DEMOSTRACIÓN,DEMO: generado localmente,2026-10-08
Cáceres,Segovia,10_37_R1,314.633,3.7243,0.0,rapida_demo,DATOS SINTÉTICOS DE DEMOSTRACIÓN,DEMO: generado localmente,2026-10-08
Cáceres,Segovia,10_37_R2,308.34,4.1178,7.2,mixta_demo,DATOS SINTÉTICOS DE DEMOSTRACIÓN,DEMO: generado localmente,2026-10-08
Cáceres,Segovia,10_37_R3,305.194,4.5416,0.0,economica_demo,DATOS SINTÉTICOS DE DEMOSTRACIÓN,DEMO: generado localmente,2026-10-08
Cáceres,Sevilla,10_38_R1,292.819,3.4661,0.0,rapida_demo,DATOS SINTÉTICOS DE DEMOSTRACIÓN,DEMO: generado localmente,2026-10-08
Cáceres,Sevilla,10_38_R2,286.963,3.8323,7.2,mixta_demo,DATOS SINTÉTICOS DE DEMOSTRACIÓN,DEMO: generado localmente,2026-10-08
Cáceres,Sevilla,10_38_R3,284.035,4.2267,0.0,economica_demo,DATOS SINTÉTICOS DE DEMOSTRACIÓN,DEMO: generado localmente,2026-10-08
Cáceres,Soria,10_39_R1,520.636,6.1628,0.0,rapida_demo,DATOS SINTÉTICOS DE DEMOSTRACIÓN,DEMO: generado localmente,2026-10-08
Cáceres,Soria,10_39_R2,510.223,6.8139,7.2,mixta_demo,DATOS SINTÉTICOS DE DEMOSTRACIÓN,DEMO: generado localmente,2026-10-08
Cáceres,Soria,10_39_R3,505.017,7.5151,0.0,economica_demo,DATOS SINTÉTICOS DE DEMOSTRACIÓN,DEMO: generado localmente,2026-10-08
Cáceres,Tarragona,10_40_R1,839.759,9.9403,0.0,rapida_demo,DATOS SINTÉTICOS DE DEMOSTRACIÓN,DEMO: generado localmente,2026-10-08
Cáceres,Tarragona,10_40_R2,822.964,10.9904,7.2,mixta_demo,DATOS SINTÉTICOS DE DEMOSTRACIÓN,DEMO: generado localmente,2026-10-08
Cáceres,Tarragona,10_40_R3,814.566,12.1215,0.0,economica_demo,DATOS SINTÉTICOS DE DEMOSTRACIÓN,DEMO: generado localmente,2026-10-08
Cáceres,Teruel,10_41_R1,573.969,6.7941,0.0,rapida_demo,DATOS SINTÉTICOS DE DEMOSTRACIÓN,DEMO: generado localmente,2026-10-08
Cáceres,Teruel,10_41_R2,562.489,7.5119,7.2,mixta_demo,DATOS SINTÉTICOS DE DEMOSTRACIÓN,DEMO: generado localmente,2026-10-08
Cáceres,Teruel,10_41_R3,556.75,8.285,0.0,economica_demo,DATOS SINTÉTICOS DE DEMOSTRACIÓN,DEMO: generado localmente,2026-10-08
Cáceres,Toledo,10_42_R1,256.614,3.0376,0.0,rapida_demo,DATOS SINTÉTICOS DE DEMOSTRACIÓN,DEMO: generado localmente,2026-10-08
Cáceres,Toledo,10_42_R2,251.482,3.3585,7.2,mixta_demo,DATOS SINTÉTICOS DE DEMOSTRACIÓN,DEMO: generado localmente,2026-10-08
Cáceres,Toledo,10_42_R3,248.916,3.7041,0.0,economica_demo,DATOS SINTÉTICOS DE DEMOSTRACIÓN,DEMO: generado localmente,2026-10-08
Cáceres,Valencia,10_43_R1,643.049,7.6119,0.0,rapida_demo,DATOS SINTÉTICOS DE DEMOSTRACIÓN,DEMO: generado localmente,2026-10-08
Cáceres,Valencia,10_43_R2,630.188,8.416,7.2,mixta_demo,DATOS SINTÉTICOS DE DEMOSTRACIÓN,DEMO: generado localmente,2026-10-08
Cáceres,Valencia,10_43_R3,623.758,9.2821,0.0,economica_demo,DATOS SINTÉTICOS DE DEMOSTRACIÓN,DEMO: generado localmente,2026-10-08
Cáceres,Valladolid,10_44_R1,348.907,4.1301,0.0,rapida_demo,DATOS SINTÉTICOS DE DEMOSTRACIÓN,DEMO: generado localmente,2026-10-08
Cáceres,Valladolid,10_44_R2,341.929,4.5664,7.2,mixta_demo,DATOS SINTÉTICOS DE DEMOSTRACIÓN,DEMO: generado localmente,2026-10-08
Cáceres,Valladolid,10_44_R3,338.44,5.0363,0.0,economica_demo,DATOS SINTÉTICOS DE DEMOSTRACIÓN,DEMO: generado localmente,2026-10-08
Cáceres,Zamora,10_45_R1,289.7,3.4292,0.0,rapida_demo,DATOS SINTÉTICOS DE DEMOSTRACIÓN,DEMO: generado localmente,2026-10-08
Cáceres,Zamora,10_45_R2,283.906,3.7915,7.2,mixta_demo,DATOS SINTÉTICOS DE DEMOSTRACIÓN,DEMO: generado localmente,2026-10-08
Cáceres,Zamora,10_45_R3,281.009,4.1817,0.0,economica_demo,DATOS SINTÉTICOS DE DEMOSTRACIÓN,DEMO: generado localmente,2026-10-08
Cáceres,Zaragoza,10_46_R1,654.447,7.7468,0.0,rapida_demo,DATOS SINTÉTICOS DE DEMOSTRACIÓN,DEMO: generado localmente,2026-10-08
Cáceres,Zaragoza,10_46_R2,641.358,8.5652,7.2,mixta_demo,DATOS SINTÉTICOS DE DEMOSTRACIÓN,DEMO: generado localmente,2026-10-08
Cáceres,Zaragoza,10_46_R3,634.814,9.4466,0.0,economica_demo,DATOS SINTÉTICOS DE DEMOSTRACIÓN,DEMO: generado localmente,2026-10-08
Cádiz,Santander,11_12_R1,999.086,11.8263,0.0,rapida_demo,DATOS SINTÉTICOS DE DEMOSTRACIÓN,DEMO: generado localmente,2026-10-08
Cádiz,Santander,11_12_R2,979.104,13.0756,7.2,mixta_demo,DATOS SINTÉTICOS DE DEMOSTRACIÓN,DEMO: generado localmente,2026-10-08
Cádiz,Santander,11_12_R3,969.113,14.4213,0.0,economica_demo,DATOS SINTÉTICOS DE DEMOSTRACIÓN,DEMO: generado localmente,2026-10-08
Cádiz,Castelló de la Plana/Castellón de la Plana,11_13_R1,834.446,9.8774,0.0,rapida_demo,DATOS SINTÉTICOS DE DEMOSTRACIÓN,DEMO: generado localmente,2026-10-08
Cádiz,Castelló de la Plana/Castellón de la Plana,11_13_R2,817.757,10.9209,7.2,mixta_demo,DATOS SINTÉTICOS DE DEMOSTRACIÓN,DEMO: generado localmente,2026-10-08
Cádiz,Castelló de la Plana/Castellón de la Plana,11_13_R3,809.413,12.0448,0.0,economica_demo,DATOS SINTÉTICOS DE DEMOSTRACIÓN,DEMO: generado localmente,2026-10-08
Cádiz,Ciudad Real,11_14_R1,428.89,5.0768,0.0,rapida_demo,DATOS SINTÉTICOS DE DEMOSTRACIÓN,DEMO: generado localmente,2026-10-08
Cádiz,Ciudad Real,11_14_R2,420.312,5.6131,7.2,mixta_demo,DATOS SINTÉTICOS DE DEMOSTRACIÓN,DEMO: generado localmente,2026-10-08
Cádiz,Ciudad Real,11_14_R3,416.023,6.1908,0.0,economica_demo,DATOS SINTÉTICOS DE DEMOSTRACIÓN,DEMO: generado localmente,2026-10-08
Cádiz,Córdoba,11_15_R1,252.368,2.9873,0.0,rapida_demo,DATOS SINTÉTICOS DE DEMOSTRACIÓN,DEMO: generado localmente,2026-10-08
Cádiz,Córdoba,11_15_R2,247.32,3.3029,7.2,mixta_demo,DATOS SINTÉTICOS DE DEMOSTRACIÓN,DEMO: generado localmente,2026-10-08
Cádiz,Córdoba,11_15_R3,244.797,3.6428,0.0,economica_demo,DATOS SINTÉTICOS DE DEMOSTRACIÓN,DEMO: generado localmente,2026-10-08
Cádiz,A Coruña,11_16_R1,976.925,11.564,0.0,rapida_demo,DATOS SINTÉTICOS DE DEMOSTRACIÓN,DEMO: generado localmente,2026-10-08
Cádiz,A Coruña,11_16_R2,957.386,12.7856,7.2,mixta_demo,DATOS SINTÉTICOS DE DEMOSTRACIÓN,DEMO: generado localmente,2026-10-08
Cádiz,A Coruña,11_16_R3,947.617,14.1014,0.0,economica_demo,DATOS SINTÉTICOS DE DEMOSTRACIÓN,DEMO: generado localmente,2026-10-08
Cádiz,Cuenca,11_17_R1,670.207,7.9333,0.0,rapida_demo,DATOS SINTÉTICOS DE DEMOSTRACIÓN,DEMO: generado localmente,2026-10-08
Cádiz,Cuenca,11_17_R2,656.802,8.7714,7.2,mixta_demo,DATOS SINTÉTICOS DE DEMOSTRACIÓN,DEMO: generado localmente,2026-10-08
Cádiz,Cuenca,11_17_R3,650.1,9.6741,0.0,economica_demo,DATOS SINTÉTICOS DE DEMOSTRACIÓN,DEMO: generado localmente,2026-10-08
Cádiz,Donostia/San Sebastián,11_18_R1,1049.371,12.4215,0.0,rapida_demo,DATOS SINTÉTICOS DE DEMOSTRACIÓN,DEMO: generado localmente,2026-10-08
Cádiz,Donostia/San Sebastián,11_18_R2,1028.384,13.7338,7.2,mixta_demo,DATOS SINTÉTICOS DE DEMOSTRACIÓN,DEMO: generado localmente,2026-10-08
Cádiz,Donostia/San Sebastián,11_18_R3,1017.89,15.1472,0.0,economica_demo,DATOS SINTÉTICOS DE DEMOSTRACIÓN,DEMO: generado localmente,2026-10-08
Cádiz,Girona,11_19_R1,1238.759,14.6633,0.0,rapida_demo,DATOS SINTÉTICOS DE DEMOSTRACIÓN,DEMO: generado localmente,2026-10-08
Cádiz,Girona,11_19_R2,1213.983,16.2124,7.2,mixta_demo,DATOS SINTÉTICOS DE DEMOSTRACIÓN,DEMO: generado localmente,2026-10-08
Cádiz,Girona,11_19_R3,1201.596,17.8809,0.0,economica_demo,DATOS SINTÉTICOS DE DEMOSTRACIÓN,DEMO: generado localmente,2026-10-08
Cádiz,Granada,11_20_R1,312.756,3.7021,0.0,rapida_demo,DATOS SINTÉTICOS DE DEMOSTRACIÓN,DEMO: generado localmente,2026-10-08
Cádiz,Granada,11_20_R2,306.501,4.0932,7.2,mixta_demo,DATOS SINTÉTICOS DE DEMOSTRACIÓN,DEMO: generado localmente,2026-10-08
Cádiz,Granada,11_20_R3,303.374,4.5145,0.0,economica_demo,DATOS SINTÉTICOS DE DEMOSTRACIÓN,DEMO: generado localmente,2026-10-08
Cádiz,Guadalajara,11_21_R1,663.753,7.8569,0.0,rapida_demo,DATOS SINTÉTICOS DE DEMOSTRACIÓN,DEMO: generado localmente,2026-10-08
Cádiz,Guadalajara,11_21_R2,650.478,8.6869,7.2,mixta_demo,DATOS SINTÉTICOS DE DEMOSTRACIÓN,DEMO: generado localmente,2026-10-08
Cádiz,Guadalajara,11_21_R3,643.841,9.581,0.0,economica_demo,DATOS SINTÉTICOS DE DEMOSTRACIÓN,DEMO: generado localmente,2026-10-08
Cádiz,Huelva,11_22_R1,124.646,1.4754,0.0,rapida_demo,DATOS SINTÉTICOS DE DEMOSTRACIÓN,DEMO: generado localmente,2026-10-08
Cádiz,Huelva,11_22_R2,122.153,1.6313,7.2,mixta_demo,DATOS SINTÉTICOS DE DEMOSTRACIÓN,DEMO: generado localmente,2026-10-08
Cádiz,Huelva,11_22_R3,120.906,1.7992,0.0,economica_demo,DATOS SINTÉTICOS DE DEMOSTRACIÓN,DEMO: generado localmente,2026-10-08
Cádiz,Huesca,11_23_R1,1003.622,11.88,0.0,rapida_demo,DATOS SINTÉTICOS DE DEMOSTRACIÓN,DEMO: generado localmente,2026-10-08
Cádiz,Huesca,11_23_R2,983.549,13.135,7.2,mixta_demo,DATOS SINTÉTICOS DE DEMOSTRACIÓN,DEMO: generado localmente,2026-10-08
Cádiz,Huesca,11_23_R3,973.513,14.4868,0.0,economica_demo,DATOS SINTÉTICOS DE DEMOSTRACIÓN,DEMO: generado localmente,2026-10-08
Cádiz,Jaén,11_24_R1,326.031,3.8593,0.0,rapida_demo,DATOS SINTÉTICOS DE DEMOSTRACIÓN,DEMO: generado localmente,2026-10-08
Cádiz,Jaén,11_24_R2,319.51,4.267,7.2,mixta_demo,DATOS SINTÉTICOS DE DEMOSTRACIÓN,DEMO: generado localmente,2026-10-08
Cádiz,Jaén,11_24_R3,316.25,4.7061,0.0,economica_demo,DATOS SINTÉTICOS DE DEMOSTRACIÓN,DEMO: generado localmente,2026-10-08
Cádiz,Logroño,11_25_R1,922.637,10.9214,0.0,rapida_demo,DATOS SINTÉTICOS DE DEMOSTRACIÓN,DEMO: generado localmente,2026-10-08
Cádiz,Logroño,11_25_R2,904.184,12.0751,7.2,mixta_demo,DATOS SINTÉTICOS DE DEMOSTRACIÓN,DEMO: generado localmente,2026-10-08
Cádiz,Logroño,11_25_R3,894.958,13.3178,0.0,economica_demo,DATOS SINTÉTICOS DE DEMOSTRACIÓN,DEMO: generado localmente,2026-10-08
Cádiz,León,11_26_R1,846.917,10.0251,0.0,rapida_demo,DATOS SINTÉTICOS DE DEMOSTRACIÓN,DEMO: generado localmente,2026-10-08
Cádiz,León,11_26_R2,829.979,11.0841,7.2,mixta_demo,DATOS SINTÉTICOS DE DEMOSTRACIÓN,DEMO: generado localmente,2026-10-08
Cádiz,León,11_26_R3,821.51,12.2248,0.0,economica_demo,DATOS SINTÉTICOS DE DEMOSTRACIÓN,DEMO: generado localmente,2026-10-08
Cádiz,Lleida,11_27_R1,1027.497,12.1626,0.0,rapida_demo,DATOS SINTÉTICOS DE DEMOSTRACIÓN,DEMO: generado localmente,2026-10-08
Cádiz,Lleida,11_27_R2,1006.947,13.4475,7.2,mixta_demo,DATOS SINTÉTICOS DE DEMOSTRACIÓN,DEMO: generado localmente,2026-10-08
Cádiz,Lleida,11_27_R3,996.672,14.8314,0.0,economica_demo,DATOS SINTÉTICOS DE DEMOSTRACIÓN,DEMO: generado localmente,2026-10-08
Cádiz,Lugo,11_28_R1,910.751,10.7807,0.0,rapida_demo,DATOS SINTÉTICOS DE DEMOSTRACIÓN,DEMO: generado localmente,2026-10-08
Cádiz,Lugo,11_28_R2,892.536,11.9195,7.2,mixta_demo,DATOS SINTÉTICOS DE DEMOSTRACIÓN,DEMO: generado localmente,2026-10-08
Cádiz,Lugo,11_28_R3,883.428,13.1463,0.0,economica_demo,DATOS SINTÉTICOS DE DEMOSTRACIÓN,DEMO: generado localmente,2026-10-08
Cádiz,Madrid,11_29_R1,610.136,7.2223,0.0,rapida_demo,DATOS SINTÉTICOS DE DEMOSTRACIÓN,DEMO: generado localmente,2026-10-08
Cádiz,Madrid,11_29_R2,597.933,7.9852,7.2,mixta_demo,DATOS SINTÉTICOS DE DEMOSTRACIÓN,DEMO: generado localmente,2026-10-08
Cádiz,Madrid,11_29_R3,591.832,8.807,0.0,economica_demo,DATOS SINTÉTICOS DE DEMOSTRACIÓN,DEMO: generado localmente,2026-10-08
Cádiz,Málaga,11_30_R1,211.155,2.4995,0.0,rapida_demo,DATOS SINTÉTICOS DE DEMOSTRACIÓN,DEMO: generado localmente,2026-10-08
Cádiz,Málaga,11_30_R2,206.932,2.7635,7.2,mixta_demo,DATOS SINTÉTICOS DE DEMOSTRACIÓN,DEMO: generado localmente,2026-10-08
Cádiz,Málaga,11_30_R3,204.82,3.0479,0.0,economica_demo,DATOS SINTÉTICOS DE DEMOSTRACIÓN,DEMO: generado localmente,2026-10-08
Cádiz,Murcia,11_31_R1,605.741,7.1702,0.0,rapida_demo,DATOS SINTÉTICOS DE DEMOSTRACIÓN,DEMO: generado localmente,2026-10-08
Cádiz,Murcia,11_31_R2,593.626,7.9277,7.2,mixta_demo,DATOS SINTÉTICOS DE DEMOSTRACIÓN,DEMO: generado localmente,2026-10-08
Cádiz,Murcia,11_31_R3,587.569,8.7436,0.0,economica_demo,DATOS SINTÉTICOS DE DEMOSTRACIÓN,DEMO: generado localmente,2026-10-08
Cádiz,Pamplona/Iruña,11_32_R1,1005.285,11.8997,0.0,rapida_demo,DATOS SINTÉTICOS DE DEMOSTRACIÓN,DEMO: generado localmente,2026-10-08
Cádiz,Pamplona/Iruña,11_32_R2,985.18,13.1568,7.2,mixta_demo,DATOS SINTÉTICOS DE DEMOSTRACIÓN,DEMO: generado localmente,2026-10-08
Cádiz,Pamplona/Iruña,11_32_R3,975.127,14.5108,0.0,economica_demo,DATOS SINTÉTICOS DE DEMOSTRACIÓN,DEMO: generado localmente,2026-10-08
Cádiz,Ourense,11_33_R1,824.376,9.7582,0.0,rapida_demo,DATOS SINTÉTICOS DE DEMOSTRACIÓN,DEMO: generado localmente,2026-10-08
Cádiz,Ourense,11_33_R2,807.889,10.7891,7.2,mixta_demo,DATOS SINTÉTICOS DE DEMOSTRACIÓN,DEMO: generado localmente,2026-10-08
Cádiz,Ourense,11_33_R3,799.645,11.8995,0.0,economica_demo,DATOS SINTÉTICOS DE DEMOSTRACIÓN,DEMO: generado localmente,2026-10-08
Cádiz,Palencia,11_34_R1,785.033,9.2925,0.0,rapida_demo,DATOS SINTÉTICOS DE DEMOSTRACIÓN,DEMO: generado localmente,2026-10-08
Cádiz,Palencia,11_34_R2,769.332,10.2742,7.2,mixta_demo,DATOS SINTÉTICOS DE DEMOSTRACIÓN,DEMO: generado localmente,2026-10-08
Cádiz,Palencia,11_34_R3,761.482,11.3316,0.0,economica_demo,DATOS SINTÉTICOS DE DEMOSTRACIÓN,DEMO: generado localmente,2026-10-08
Cádiz,Pontevedra,11_35_R1,858.28,10.1596,0.0,rapida_demo,DATOS SINTÉTICOS DE DEMOSTRACIÓN,DEMO: generado localmente,2026-10-08
Cádiz,Pontevedra,11_35_R2,841.115,11.2328,7.2,mixta_demo,DATOS SINTÉTICOS DE DEMOSTRACIÓN,DEMO: generado localmente,2026-10-08
Cádiz,Pontevedra,11_35_R3,832.532,12.3889,0.0,economica_demo,DATOS SINTÉTICOS DE DEMOSTRACIÓN,DEMO: generado localmente,2026-10-08
Cádiz,Salamanca,11_36_R1,620.321,7.3428,0.0,rapida_demo,DATOS SINTÉTICOS DE DEMOSTRACIÓN,DEMO: generado localmente,2026-10-08
Cádiz,Salamanca,11_36_R2,607.914,8.1185,7.2,mixta_demo,DATOS SINTÉTICOS DE DEMOSTRACIÓN,DEMO: generado localmente,2026-10-08
Cádiz,Salamanca,11_36_R3,601.711,8.954,0.0,economica_demo,DATOS SINTÉTICOS DE DEMOSTRACIÓN,DEMO: generado localmente,2026-10-08
Cádiz,Segovia,11_37_R1,657.87,7.7873,0.0,rapida_demo,DATOS SINTÉTICOS DE DEMOSTRACIÓN,DEMO: generado localmente,2026-10-08
Cádiz,Segovia,11_37_R2,644.712,8.6099,7.2,mixta_demo,DATOS SINTÉTICOS DE DEMOSTRACIÓN,DEMO: generado localmente,2026-10-08
Cádiz,Segovia,11_37_R3,638.134,9.496,0.0,economica_demo,DATOS SINTÉTICOS DE DEMOSTRACIÓN,DEMO: generado localmente,2026-10-08
Cádiz,Sevilla,11_38_R1,123.918,1.4668,0.0,rapida_demo,DATOS SINTÉTICOS DE DEMOSTRACIÓN,DEMO: generado localmente,2026-10-08
Cádiz,Sevilla,11_38_R2,121.439,1.6218,7.2,mixta_demo,DATOS SINTÉTICOS DE DEMOSTRACIÓN,DEMO: generado localmente,2026-10-08
Cádiz,Sevilla,11_38_R3,120.2,1.7887,0.0,economica_demo,DATOS SINTÉTICOS DE DEMOSTRACIÓN,DEMO: generado localmente,2026-10-08
Cádiz,Soria,11_39_R1,836.123,9.8973,0.0,rapida_demo,DATOS SINTÉTICOS DE DEMOSTRACIÓN,DEMO: generado localmente,2026-10-08
Cádiz,Soria,11_39_R2,819.401,10.9429,7.2,mixta_demo,DATOS SINTÉTICOS DE DEMOSTRACIÓN,DEMO: generado localmente,2026-10-08
Cádiz,Soria,11_39_R3,811.04,12.069,0.0,economica_demo,DATOS SINTÉTICOS DE DEMOSTRACIÓN,DEMO: generado localmente,2026-10-08
Cádiz,Tarragona,11_40_R1,1035.914,12.2622,0.0,rapida_demo,DATOS SINTÉTICOS DE DEMOSTRACIÓN,DEMO: generado localmente,2026-10-08
Cádiz,Tarragona,11_40_R2,1015.196,13.5576,7.2,mixta_demo,DATOS SINTÉTICOS DE DEMOSTRACIÓN,DEMO: generado localmente,2026-10-08
Cádiz,Tarragona,11_40_R3,1004.837,14.9529,0.0,economica_demo,DATOS SINTÉTICOS DE DEMOSTRACIÓN,DEMO: generado localmente,2026-10-08
Cádiz,Teruel,11_41_R1,774.117,9.1633,0.0,rapida_demo,DATOS SINTÉTICOS DE DEMOSTRACIÓN,DEMO: generado localmente,2026-10-08
Cádiz,Teruel,11_41_R2,758.635,10.1313,7.2,mixta_demo,DATOS SINTÉTICOS DE DEMOSTRACIÓN,DEMO: generado localmente,2026-10-08
Cádiz,Teruel,11_41_R3,750.894,11.174,0.0,economica_demo,DATOS SINTÉTICOS DE DEMOSTRACIÓN,DEMO: generado localmente,2026-10-08
Cádiz,Toledo,11_42_R1,524.54,6.209,0.0,rapida_demo,DATOS SINTÉTICOS DE DEMOSTRACIÓN,DEMO: generado localmente,2026-10-08
Cádiz,Toledo,11_42_R2,514.049,6.865,7.2,mixta_demo,DATOS SINTÉTICOS DE DEMOSTRACIÓN,DEMO: generado localmente,2026-10-08
Cádiz,Toledo,11_42_R3,508.804,7.5715,0.0,economica_demo,DATOS SINTÉTICOS DE DEMOSTRACIÓN,DEMO: generado localmente,2026-10-08
Cádiz,Valencia,11_43_R1,765.785,9.0647,0.0,rapida_demo,DATOS SINTÉTICOS DE DEMOSTRACIÓN,DEMO: generado localmente,2026-10-08
Cádiz,Valencia,11_43_R2,750.469,10.0223,7.2,mixta_demo,DATOS SINTÉTICOS DE DEMOSTRACIÓN,DEMO: generado localmente,2026-10-08
Cádiz,Valencia,11_43_R3,742.812,11.0537,0.0,economica_demo,DATOS SINTÉTICOS DE DEMOSTRACIÓN,DEMO: generado localmente,2026-10-08
Cádiz,Valladolid,11_44_R1,731.738,8.6617,0.0,rapida_demo,DATOS SINTÉTICOS DE DEMOSTRACIÓN,DEMO: generado localmente,2026-10-08
Cádiz,Valladolid,11_44_R2,717.104,9.5767,7.2,mixta_demo,DATOS SINTÉTICOS DE DEMOSTRACIÓN,DEMO: generado localmente,2026-10-08
Cádiz,Valladolid,11_44_R3,709.786,10.5623,0.0,economica_demo,DATOS SINTÉTICOS DE DEMOSTRACIÓN,DEMO: generado localmente,2026-10-08
Cádiz,Zamora,11_45_R1,693.902,8.2138,0.0,rapida_demo,DATOS SINTÉTICOS DE DEMOSTRACIÓN,DEMO: generado localmente,2026-10-08
Cádiz,Zamora,11_45_R2,680.024,9.0815,7.2,mixta_demo,DATOS SINTÉTICOS DE DEMOSTRACIÓN,DEMO: generado localmente,2026-10-08
Cádiz,Zamora,11_45_R3,673.085,10.0161,0.0,economica_demo,DATOS SINTÉTICOS DE DEMOSTRACIÓN,DEMO: generado localmente,2026-10-08
Cádiz,Zaragoza,11_46_R1,921.023,10.9023,0.0,rapida_demo,DATOS SINTÉTICOS DE DEMOSTRACIÓN,DEMO: generado localmente,2026-10-08
Cádiz,Zaragoza,11_46_R2,902.603,12.054,7.2,mixta_demo,DATOS SINTÉTICOS DE DEMOSTRACIÓN,DEMO: generado localmente,2026-10-08
Cádiz,Zaragoza,11_46_R3,893.392,13.2945,0.0,economica_demo,DATOS SINTÉTICOS DE DEMOSTRACIÓN,DEMO: generado localmente,2026-10-08
Santander,Castelló de la Plana/Castellón de la Plana,12_13_R1,621.621,7.3582,0.0,rapida_demo,DATOS SINTÉTICOS DE DEMOSTRACIÓN,DEMO: generado localmente,2026-10-08
Santander,Castelló de la Plana/Castellón de la Plana,12_13_R2,609.188,8.1355,7.2,mixta_demo,DATOS SINTÉTICOS DE DEMOSTRACIÓN,DEMO: generado localmente,2026-10-08
Santander,Castelló de la Plana/Castellón de la Plana,12_13_R3,602.972,8.9728,0.0,economica_demo,DATOS SINTÉTICOS DE DEMOSTRACIÓN,DEMO: generado localmente,2026-10-08
Santander,Ciudad Real,12_14_R1,622.46,7.3681,0.0,rapida_demo,DATOS SINTÉTICOS DE DEMOSTRACIÓN,DEMO: generado localmente,2026-10-08
Santander,Ciudad Real,12_14_R2,610.01,8.1465,7.2,mixta_demo,DATOS SINTÉTICOS DE DEMOSTRACIÓN,DEMO: generado localmente,2026-10-08
Santander,Ciudad Real,12_14_R3,603.786,8.9849,0.0,economica_demo,DATOS SINTÉTICOS DE DEMOSTRACIÓN,DEMO: generado localmente,2026-10-08
Santander,Córdoba,12_15_R1,781.834,9.2547,0.0,rapida_demo,DATOS SINTÉTICOS DE DEMOSTRACIÓN,DEMO: generado localmente,2026-10-08
Santander,Córdoba,12_15_R2,766.198,10.2323,7.2,mixta_demo,DATOS SINTÉTICOS DE DEMOSTRACIÓN,DEMO: generado localmente,2026-10-08
Santander,Córdoba,12_15_R3,758.379,11.2854,0.0,economica_demo,DATOS SINTÉTICOS DE DEMOSTRACIÓN,DEMO: generado localmente,2026-10-08
Santander,A Coruña,12_16_R1,463.104,5.4818,0.0,rapida_demo,DATOS SINTÉTICOS DE DEMOSTRACIÓN,DEMO: generado localmente,2026-10-08
Santander,A Coruña,12_16_R2,453.842,6.0609,7.2,mixta_demo,DATOS SINTÉTICOS DE DEMOSTRACIÓN,DEMO: generado localmente,2026-10-08
Santander,A Coruña,12_16_R3,449.211,6.6847,0.0,economica_demo,DATOS SINTÉTICOS DE DEMOSTRACIÓN,DEMO: generado localmente,2026-10-08
Santander,Cuenca,12_17_R1,501.592,5.9374,0.0,rapida_demo,DATOS SINTÉTICOS DE DEMOSTRACIÓN,DEMO: generado localmente,2026-10-08
Santander,Cuenca,12_17_R2,491.56,6.5646,7.2,mixta_demo,DATOS SINTÉTICOS DE DEMOSTRACIÓN,DEMO: generado localmente,2026-10-08
Santander,Cuenca,12_17_R3,486.544,7.2402,0.0,economica_demo,DATOS SINTÉTICOS DE DEMOSTRACIÓN,DEMO: generado localmente,2026-10-08
Santander,Donostia/San Sebastián,12_18_R1,185.289,2.1933,0.0,rapida_demo,DATOS SINTÉTICOS DE DEMOSTRACIÓN,DEMO: generado localmente,2026-10-08
Santander,Donostia/San Sebastián,12_18_R2,181.583,2.425,7.2,mixta_demo,DATOS SINTÉTICOS DE DEMOSTRACIÓN,DEMO: generado localmente,2026-10-08
Santander,Donostia/San Sebastián,12_18_R3,179.73,2.6746,0.0,economica_demo,DATOS SINTÉTICOS DE DEMOSTRACIÓN,DEMO: generado localmente,2026-10-08
Santander,Girona,12_19_R1,707.766,8.3779,0.0,rapida_demo,DATOS SINTÉTICOS DE DEMOSTRACIÓN,DEMO: generado localmente,2026-10-08
Santander,Girona,12_19_R2,693.611,9.263,7.2,mixta_demo,DATOS SINTÉTICOS DE DEMOSTRACIÓN,DEMO: generado localmente,2026-10-08
Santander,Girona,12_19_R3,686.533,10.2163,0.0,economica_demo,DATOS SINTÉTICOS DE DEMOSTRACIÓN,DEMO: generado localmente,2026-10-08
Santander,Granada,12_20_R1,874.286,10.349,0.0,rapida_demo,DATOS SINTÉTICOS DE DEMOSTRACIÓN,DEMO: generado localmente,2026-10-08
Santander,Granada,12_20_R2,856.8,11.4423,7.2,mixta_demo,DATOS SINTÉTICOS DE DEMOSTRACIÓN,DEMO: generado localmente,2026-10-08
Santander,Granada,12_20_R3,848.057,12.6199,0.0,economica_demo,DATOS SINTÉTICOS DE DEMOSTRACIÓN,DEMO: generado localmente,2026-10-08
Santander,Guadalajara,12_21_R1,398.727,4.7198,0.0,rapida_demo,DATOS SINTÉTICOS DE DEMOSTRACIÓN,DEMO: generado localmente,2026-10-08
Santander,Guadalajara,12_21_R2,390.752,5.2184,7.2,mixta_demo,DATOS SINTÉTICOS DE DEMOSTRACIÓN,DEMO: generado localmente,2026-10-08
Santander,Guadalajara,12_21_R3,386.765,5.7554,0.0,economica_demo,DATOS SINTÉTICOS DE DEMOSTRACIÓN,DEMO: generado localmente,2026-10-08
Santander,Huelva,12_22_R1,924.251,10.9405,0.0,rapida_demo,DATOS SINTÉTICOS DE DEMOSTRACIÓN,DEMO: generado localmente,2026-10-08
Santander,Huelva,12_22_R2,905.766,12.0962,7.2,mixta_demo,DATOS SINTÉTICOS DE DEMOSTRACIÓN,DEMO: generado localmente,2026-10-08
Santander,Huelva,12_22_R3,896.524,13.3411,0.0,economica_demo,DATOS SINTÉTICOS DE DEMOSTRACIÓN,DEMO: generado localmente,2026-10-08
Santander,Huesca,12_23_R1,392.44,4.6454,0.0,rapida_demo,DATOS SINTÉTICOS DE DEMOSTRACIÓN,DEMO: generado localmente,2026-10-08
Santander,Huesca,12_23_R2,384.591,5.1361,7.2,mixta_demo,DATOS SINTÉTICOS DE DEMOSTRACIÓN,DEMO: generado localmente,2026-10-08
Santander,Huesca,12_23_R3,380.666,5.6647,0.0,economica_demo,DATOS SINTÉTICOS DE DEMOSTRACIÓN,DEMO: generado localmente,2026-10-08
Santander,Jaén,12_24_R1,791.956,9.3745,0.0,rapida_demo,DATOS SINTÉTICOS DE DEMOSTRACIÓN,DEMO: generado localmente,2026-10-08
Santander,Jaén,12_24_R2,776.117,10.3648,7.2,mixta_demo,DATOS SINTÉTICOS DE DEMOSTRACIÓN,DEMO: generado localmente,2026-10-08
Santander,Jaén,12_24_R3,768.197,11.4315,0.0,economica_demo,DATOS SINTÉTICOS DE DEMOSTRACIÓN,DEMO: generado localmente,2026-10-08
Santander,Logroño,12_25_R1,196.486,2.3258,0.0,rapida_demo,DATOS SINTÉTICOS DE DEMOSTRACIÓN,DEMO: generado localmente,2026-10-08
Santander,Logroño,12_25_R2,192.557,2.5715,7.2,mixta_demo,DATOS SINTÉTICOS DE DEMOSTRACIÓN,DEMO: generado localmente,2026-10-08
Santander,Logroño,12_25_R3,190.592,2.8362,0.0,economica_demo,DATOS SINTÉTICOS DE DEMOSTRACIÓN,DEMO: generado localmente,2026-10-08
Santander,León,12_26_R1,215.81,2.5546,0.0,rapida_demo,DATOS SINTÉTICOS DE DEMOSTRACIÓN,DEMO: generado localmente,2026-10-08
Santander,León,12_26_R2,211.494,2.8244,7.2,mixta_demo,DATOS SINTÉTICOS DE DEMOSTRACIÓN,DEMO: generado localmente,2026-10-08
Santander,León,12_26_R3,209.336,3.1151,0.0,economica_demo,DATOS SINTÉTICOS DE DEMOSTRACIÓN,DEMO: generado localmente,2026-10-08
Santander,Lleida,12_27_R1,521.827,6.1769,0.0,rapida_demo,DATOS SINTÉTICOS DE DEMOSTRACIÓN,DEMO: generado localmente,2026-10-08
Santander,Lleida,12_27_R2,511.391,6.8295,7.2,mixta_demo,DATOS SINTÉTICOS DE DEMOSTRACIÓN,DEMO: generado localmente,2026-10-08
Santander,Lleida,12_27_R3,506.172,7.5323,0.0,economica_demo,DATOS SINTÉTICOS DE DEMOSTRACIÓN,DEMO: generado localmente,2026-10-08
Santander,Lugo,12_28_R1,384.431,4.5506,0.0,rapida_demo,DATOS SINTÉTICOS DE DEMOSTRACIÓN,DEMO: generado localmente,2026-10-08
Santander,Lugo,12_28_R2,376.743,5.0313,7.2,mixta_demo,DATOS SINTÉTICOS DE DEMOSTRACIÓN,DEMO: generado localmente,2026-10-08
Santander,Lugo,12_28_R3,372.898,5.5491,0.0,economica_demo,DATOS SINTÉTICOS DE DEMOSTRACIÓN,DEMO: generado localmente,2026-10-08
Santander,Madrid,12_29_R1,423.178,5.0092,0.0,rapida_demo,DATOS SINTÉTICOS DE DEMOSTRACIÓN,DEMO: generado localmente,2026-10-08
Santander,Madrid,12_29_R2,414.714,5.5384,7.2,mixta_demo,DATOS SINTÉTICOS DE DEMOSTRACIÓN,DEMO: generado localmente,2026-10-08
Santander,Madrid,12_29_R3,410.482,6.1084,0.0,economica_demo,DATOS SINTÉTICOS DE DEMOSTRACIÓN,DEMO: generado localmente,2026-10-08
Santander,Málaga,12_30_R1,939.304,11.1187,0.0,rapida_demo,DATOS SINTÉTICOS DE DEMOSTRACIÓN,DEMO: generado localmente,2026-10-08
Santander,Málaga,12_30_R2,920.518,12.2932,7.2,mixta_demo,DATOS SINTÉTICOS DE DEMOSTRACIÓN,DEMO: generado localmente,2026-10-08
Santander,Málaga,12_30_R3,911.125,13.5584,0.0,economica_demo,DATOS SINTÉTICOS DE DEMOSTRACIÓN,DEMO: generado localmente,2026-10-08
Santander,Murcia,12_31_R1,812.043,9.6122,0.0,rapida_demo,DATOS SINTÉTICOS DE DEMOSTRACIÓN,DEMO: generado localmente,2026-10-08
Santander,Murcia,12_31_R2,795.802,10.6277,7.2,mixta_demo,DATOS SINTÉTICOS DE DEMOSTRACIÓN,DEMO: generado localmente,2026-10-08
Santander,Murcia,12_31_R3,787.681,11.7214,0.0,economica_demo,DATOS SINTÉTICOS DE DEMOSTRACIÓN,DEMO: generado localmente,2026-10-08
Santander,Pamplona/Iruña,12_32_R1,237.154,2.8072,0.0,rapida_demo,DATOS SINTÉTICOS DE DEMOSTRACIÓN,DEMO: generado localmente,2026-10-08
Santander,Pamplona/Iruña,12_32_R2,232.411,3.1038,7.2,mixta_demo,DATOS SINTÉTICOS DE DEMOSTRACIÓN,DEMO: generado localmente,2026-10-08
Santander,Pamplona/Iruña,12_32_R3,230.039,3.4232,0.0,economica_demo,DATOS SINTÉTICOS DE DEMOSTRACIÓN,DEMO: generado localmente,2026-10-08
Santander,Ourense,12_33_R1,441.42,5.2251,0.0,rapida_demo,DATOS SINTÉTICOS DE DEMOSTRACIÓN,DEMO: generado localmente,2026-10-08
Santander,Ourense,12_33_R2,432.592,5.7771,7.2,mixta_demo,DATOS SINTÉTICOS DE DEMOSTRACIÓN,DEMO: generado localmente,2026-10-08
Santander,Ourense,12_33_R3,428.178,6.3717,0.0,economica_demo,DATOS SINTÉTICOS DE DEMOSTRACIÓN,DEMO: generado localmente,2026-10-08
Santander,Palencia,12_34_R1,214.782,2.5424,0.0,rapida_demo,DATOS SINTÉTICOS DE DEMOSTRACIÓN,DEMO: generado localmente,2026-10-08
Santander,Palencia,12_34_R2,210.486,2.811,7.2,mixta_demo,DATOS SINTÉTICOS DE DEMOSTRACIÓN,DEMO: generado localmente,2026-10-08
Santander,Palencia,12_34_R3,208.338,3.1003,0.0,economica_demo,DATOS SINTÉTICOS DE DEMOSTRACIÓN,DEMO: generado localmente,2026-10-08
Santander,Pontevedra,12_35_R1,512.434,6.0657,0.0,rapida_demo,DATOS SINTÉTICOS DE DEMOSTRACIÓN,DEMO: generado localmente,2026-10-08
Santander,Pontevedra,12_35_R2,502.186,6.7065,7.2,mixta_demo,DATOS SINTÉTICOS DE DEMOSTRACIÓN,DEMO: generado localmente,2026-10-08
Santander,Pontevedra,12_35_R3,497.061,7.3967,0.0,economica_demo,DATOS SINTÉTICOS DE DEMOSTRACIÓN,DEMO: generado localmente,2026-10-08
Santander,Salamanca,12_36_R1,396.02,4.6877,0.0,rapida_demo,DATOS SINTÉTICOS DE DEMOSTRACIÓN,DEMO: generado localmente,2026-10-08
Santander,Salamanca,12_36_R2,388.099,5.1829,7.2,mixta_demo,DATOS SINTÉTICOS DE DEMOSTRACIÓN,DEMO: generado localmente,2026-10-08
Santander,Salamanca,12_36_R3,384.139,5.7164,0.0,economica_demo,DATOS SINTÉTICOS DE DEMOSTRACIÓN,DEMO: generado localmente,2026-10-08
Santander,Segovia,12_37_R1,350.616,4.1503,0.0,rapida_demo,DATOS SINTÉTICOS DE DEMOSTRACIÓN,DEMO: generado localmente,2026-10-08
Santander,Segovia,12_37_R2,343.604,4.5887,7.2,mixta_demo,DATOS SINTÉTICOS DE DEMOSTRACIÓN,DEMO: generado localmente,2026-10-08
Santander,Segovia,12_37_R3,340.098,5.061,0.0,economica_demo,DATOS SINTÉTICOS DE DEMOSTRACIÓN,DEMO: generado localmente,2026-10-08
Santander,Sevilla,12_38_R1,875.185,10.3597,0.0,rapida_demo,DATOS SINTÉTICOS DE DEMOSTRACIÓN,DEMO: generado localmente,2026-10-08
Santander,Sevilla,12_38_R2,857.681,11.4541,7.2,mixta_demo,DATOS SINTÉTICOS DE DEMOSTRACIÓN,DEMO: generado localmente,2026-10-08
Santander,Sevilla,12_38_R3,848.929,12.6329,0.0,economica_demo,DATOS SINTÉTICOS DE DEMOSTRACIÓN,DEMO: generado localmente,2026-10-08
Santander,Soria,12_39_R1,273.381,3.236,0.0,rapida_demo,DATOS SINTÉTICOS DE DEMOSTRACIÓN,DEMO: generado localmente,2026-10-08
Santander,Soria,12_39_R2,267.913,3.5779,7.2,mixta_demo,DATOS SINTÉTICOS DE DEMOSTRACIÓN,DEMO: generado localmente,2026-10-08
Santander,Soria,12_39_R3,265.179,3.9461,0.0,economica_demo,DATOS SINTÉTICOS DE DEMOSTRACIÓN,DEMO: generado localmente,2026-10-08
Santander,Tarragona,12_40_R1,614.119,7.2694,0.0,rapida_demo,DATOS SINTÉTICOS DE DEMOSTRACIÓN,DEMO: generado localmente,2026-10-08
Santander,Tarragona,12_40_R2,601.837,8.0374,7.2,mixta_demo,DATOS SINTÉTICOS DE DEMOSTRACIÓN,DEMO: generado localmente,2026-10-08
Santander,Tarragona,12_40_R3,595.696,8.8645,0.0,economica_demo,DATOS SINTÉTICOS DE DEMOSTRACIÓN,DEMO: generado localmente,2026-10-08
Santander,Teruel,12_41_R1,515.727,6.1047,0.0,rapida_demo,DATOS SINTÉTICOS DE DEMOSTRACIÓN,DEMO: generado localmente,2026-10-08
Santander,Teruel,12_41_R2,505.412,6.7496,7.2,mixta_demo,DATOS SINTÉTICOS DE DEMOSTRACIÓN,DEMO: generado localmente,2026-10-08
Santander,Teruel,12_41_R3,500.255,7.4443,0.0,economica_demo,DATOS SINTÉTICOS DE DEMOSTRACIÓN,DEMO: generado localmente,2026-10-08
Santander,Toledo,12_42_R1,501.688,5.9385,0.0,rapida_demo,DATOS SINTÉTICOS DE DEMOSTRACIÓN,DEMO: generado localmente,2026-10-08
Santander,Toledo,12_42_R2,491.655,6.5659,7.2,mixta_demo,DATOS SINTÉTICOS DE DEMOSTRACIÓN,DEMO: generado localmente,2026-10-08
Santander,Toledo,12_42_R3,486.638,7.2416,0.0,economica_demo,DATOS SINTÉTICOS DE DEMOSTRACIÓN,DEMO: generado localmente,2026-10-08
Santander,Valencia,12_43_R1,659.979,7.8122,0.0,rapida_demo,DATOS SINTÉTICOS DE DEMOSTRACIÓN,DEMO: generado localmente,2026-10-08
Santander,Valencia,12_43_R2,646.779,8.6375,7.2,mixta_demo,DATOS SINTÉTICOS DE DEMOSTRACIÓN,DEMO: generado localmente,2026-10-08
Santander,Valencia,12_43_R3,640.179,9.5265,0.0,economica_demo,DATOS SINTÉTICOS DE DEMOSTRACIÓN,DEMO: generado localmente,2026-10-08
Santander,Valladolid,12_44_R1,268.559,3.179,0.0,rapida_demo,DATOS SINTÉTICOS DE DEMOSTRACIÓN,DEMO: generado localmente,2026-10-08
Santander,Valladolid,12_44_R2,263.187,3.5148,7.2,mixta_demo,DATOS SINTÉTICOS DE DEMOSTRACIÓN,DEMO: generado localmente,2026-10-08
Santander,Valladolid,12_44_R3,260.502,3.8765,0.0,economica_demo,DATOS SINTÉTICOS DE DEMOSTRACIÓN,DEMO: generado localmente,2026-10-08
Santander,Zamora,12_45_R1,336.908,3.988,0.0,rapida_demo,DATOS SINTÉTICOS DE DEMOSTRACIÓN,DEMO: generado localmente,2026-10-08
Santander,Zamora,12_45_R2,330.17,4.4093,7.2,mixta_demo,DATOS SINTÉTICOS DE DEMOSTRACIÓN,DEMO: generado localmente,2026-10-08
Santander,Zamora,12_45_R3,326.801,4.8631,0.0,economica_demo,DATOS SINTÉTICOS DE DEMOSTRACIÓN,DEMO: generado localmente,2026-10-08
Santander,Zaragoza,12_46_R1,391.324,4.6321,0.0,rapida_demo,DATOS SINTÉTICOS DE DEMOSTRACIÓN,DEMO: generado localmente,2026-10-08
Santander,Zaragoza,12_46_R2,383.497,5.1215,7.2,mixta_demo,DATOS SINTÉTICOS DE DEMOSTRACIÓN,DEMO: generado localmente,2026-10-08
Santander,Zaragoza,12_46_R3,379.584,5.6486,0.0,economica_demo,DATOS SINTÉTICOS DE DEMOSTRACIÓN,DEMO: generado localmente,2026-10-08
Castelló de la Plana/Castellón de la Plana,Ciudad Real,13_14_R1,439.902,5.2072,0.0,rapida_demo,DATOS SINTÉTICOS DE DEMOSTRACIÓN,DEMO: generado localmente,2026-10-08
Castelló de la Plana/Castellón de la Plana,Ciudad Real,13_14_R2,431.104,5.7573,7.2,mixta_demo,DATOS SINTÉTICOS DE DEMOSTRACIÓN,DEMO: generado localmente,2026-10-08
Castelló de la Plana/Castellón de la Plana,Ciudad Real,13_14_R3,426.705,6.3498,0.0,economica_demo,DATOS SINTÉTICOS DE DEMOSTRACIÓN,DEMO: generado localmente,2026-10-08
Castelló de la Plana/Castellón de la Plana,Córdoba,13_15_R1,589.551,6.9786,0.0,rapida_demo,DATOS SINTÉTICOS DE DEMOSTRACIÓN,DEMO: generado localmente,2026-10-08
Castelló de la Plana/Castellón de la Plana,Córdoba,13_15_R2,577.76,7.7158,7.2,mixta_demo,DATOS SINTÉTICOS DE DEMOSTRACIÓN,DEMO: generado localmente,2026-10-08
Castelló de la Plana/Castellón de la Plana,Córdoba,13_15_R3,571.865,8.5099,0.0,economica_demo,DATOS SINTÉTICOS DE DEMOSTRACIÓN,DEMO: generado localmente,2026-10-08
Castelló de la Plana/Castellón de la Plana,A Coruña,13_16_R1,986.37,11.6758,0.0,rapida_demo,DATOS SINTÉTICOS DE DEMOSTRACIÓN,DEMO: generado localmente,2026-10-08
Castelló de la Plana/Castellón de la Plana,A Coruña,13_16_R2,966.643,12.9092,7.2,mixta_demo,DATOS SINTÉTICOS DE DEMOSTRACIÓN,DEMO: generado localmente,2026-10-08
Castelló de la Plana/Castellón de la Plana,A Coruña,13_16_R3,956.779,14.2378,0.0,economica_demo,DATOS SINTÉTICOS DE DEMOSTRACIÓN,DEMO: generado localmente,2026-10-08
Castelló de la Plana/Castellón de la Plana,Cuenca,13_17_R1,223.027,2.64,0.0,rapida_demo,DATOS SINTÉTICOS DE DEMOSTRACIÓN,DEMO: generado localmente,2026-10-08
Castelló de la Plana/Castellón de la Plana,Cuenca,13_17_R2,218.566,2.9189,7.2,mixta_demo,DATOS SINTÉTICOS DE DEMOSTRACIÓN,DEMO: generado localmente,2026-10-08
Castelló de la Plana/Castellón de la Plana,Cuenca,13_17_R3,216.336,3.2193,0.0,economica_demo,DATOS SINTÉTICOS DE DEMOSTRACIÓN,DEMO: generado localmente,2026-10-08
Castelló de la Plana/Castellón de la Plana,Donostia/San Sebastián,13_18_R1,505.782,5.987,0.0,rapida_demo,DATOS SINTÉTICOS DE DEMOSTRACIÓN,DEMO: generado localmente,2026-10-08
Castelló de la Plana/Castellón de la Plana,Donostia/San Sebastián,13_18_R2,495.666,6.6195,7.2,mixta_demo,DATOS SINTÉTICOS DE DEMOSTRACIÓN,DEMO: generado localmente,2026-10-08
Castelló de la Plana/Castellón de la Plana,Donostia/San Sebastián,13_18_R3,490.609,7.3007,0.0,economica_demo,DATOS SINTÉTICOS DE DEMOSTRACIÓN,DEMO: generado localmente,2026-10-08
Castelló de la Plana/Castellón de la Plana,Girona,13_19_R1,408.932,4.8406,0.0,rapida_demo,DATOS SINTÉTICOS DE DEMOSTRACIÓN,DEMO: generado localmente,2026-10-08
Castelló de la Plana/Castellón de la Plana,Girona,13_19_R2,400.754,5.3519,7.2,mixta_demo,DATOS SINTÉTICOS DE DEMOSTRACIÓN,DEMO: generado localmente,2026-10-08
Castelló de la Plana/Castellón de la Plana,Girona,13_19_R3,396.664,5.9027,0.0,economica_demo,DATOS SINTÉTICOS DE DEMOSTRACIÓN,DEMO: generado localmente,2026-10-08
Castelló de la Plana/Castellón de la Plana,Granada,13_20_R1,549.845,6.5086,0.0,rapida_demo,DATOS SINTÉTICOS DE DEMOSTRACIÓN,DEMO: generado localmente,2026-10-08
Castelló de la Plana/Castellón de la Plana,Granada,13_20_R2,538.848,7.1962,7.2,mixta_demo,DATOS SINTÉTICOS DE DEMOSTRACIÓN,DEMO: generado localmente,2026-10-08
Castelló de la Plana/Castellón de la Plana,Granada,13_20_R3,533.349,7.9367,0.0,economica_demo,DATOS SINTÉTICOS DE DEMOSTRACIÓN,DEMO: generado localmente,2026-10-08
Castelló de la Plana/Castellón de la Plana,Guadalajara,13_21_R1,343.677,4.0682,0.0,rapida_demo,DATOS SINTÉTICOS DE DEMOSTRACIÓN,DEMO: generado localmente,2026-10-08
Castelló de la Plana/Castellón de la Plana,Guadalajara,13_21_R2,336.804,4.4979,7.2,mixta_demo,DATOS SINTÉTICOS DE DEMOSTRACIÓN,DEMO: generado localmente,2026-10-08
Castelló de la Plana/Castellón de la Plana,Guadalajara,13_21_R3,333.367,4.9608,0.0,economica_demo,DATOS SINTÉTICOS DE DEMOSTRACIÓN,DEMO: generado localmente,2026-10-08
Castelló de la Plana/Castellón de la Plana,Huelva,13_22_R1,840.664,9.951,0.0,rapida_demo,DATOS SINTÉTICOS DE DEMOSTRACIÓN,DEMO: generado localmente,2026-10-08
Castelló de la Plana/Castellón de la Plana,Huelva,13_22_R2,823.85,11.0023,7.2,mixta_demo,DATOS SINTÉTICOS DE DEMOSTRACIÓN,DEMO: generado localmente,2026-10-08
Castelló de la Plana/Castellón de la Plana,Huelva,13_22_R3,815.444,12.1346,0.0,economica_demo,DATOS SINTÉTICOS DE DEMOSTRACIÓN,DEMO: generado localmente,2026-10-08
Castelló de la Plana/Castellón de la Plana,Huesca,13_23_R1,301.988,3.5747,0.0,rapida_demo,DATOS SINTÉTICOS DE DEMOSTRACIÓN,DEMO: generado localmente,2026-10-08
Castelló de la Plana/Castellón de la Plana,Huesca,13_23_R2,295.948,3.9523,7.2,mixta_demo,DATOS SINTÉTICOS DE DEMOSTRACIÓN,DEMO: generado localmente,2026-10-08
Castelló de la Plana/Castellón de la Plana,Huesca,13_23_R3,292.928,4.3591,0.0,economica_demo,DATOS SINTÉTICOS DE DEMOSTRACIÓN,DEMO: generado localmente,2026-10-08
Castelló de la Plana/Castellón de la Plana,Jaén,13_24_R1,510.077,6.0378,0.0,rapida_demo,DATOS SINTÉTICOS DE DEMOSTRACIÓN,DEMO: generado localmente,2026-10-08
Castelló de la Plana/Castellón de la Plana,Jaén,13_24_R2,499.876,6.6757,7.2,mixta_demo,DATOS SINTÉTICOS DE DEMOSTRACIÓN,DEMO: generado localmente,2026-10-08
Castelló de la Plana/Castellón de la Plana,Jaén,13_24_R3,494.775,7.3627,0.0,economica_demo,DATOS SINTÉTICOS DE DEMOSTRACIÓN,DEMO: generado localmente,2026-10-08
Castelló de la Plana/Castellón de la Plana,Logroño,13_25_R1,426.407,5.0474,0.0,rapida_demo,DATOS SINTÉTICOS DE DEMOSTRACIÓN,DEMO: generado localmente,2026-10-08
Castelló de la Plana/Castellón de la Plana,Logroño,13_25_R2,417.879,5.5806,7.2,mixta_demo,DATOS SINTÉTICOS DE DEMOSTRACIÓN,DEMO: generado localmente,2026-10-08
Castelló de la Plana/Castellón de la Plana,Logroño,13_25_R3,413.615,6.155,0.0,economica_demo,DATOS SINTÉTICOS DE DEMOSTRACIÓN,DEMO: generado localmente,2026-10-08
Castelló de la Plana/Castellón de la Plana,León,13_26_R1,682.465,8.0784,0.0,rapida_demo,DATOS SINTÉTICOS DE DEMOSTRACIÓN,DEMO: generado localmente,2026-10-08
Castelló de la Plana/Castellón de la Plana,León,13_26_R2,668.816,8.9318,7.2,mixta_demo,DATOS SINTÉTICOS DE DEMOSTRACIÓN,DEMO: generado localmente,2026-10-08
Castelló de la Plana/Castellón de la Plana,León,13_26_R3,661.991,9.8511,0.0,economica_demo,DATOS SINTÉTICOS DE DEMOSTRACIÓN,DEMO: generado localmente,2026-10-08
Castelló de la Plana/Castellón de la Plana,Lleida,13_27_R1,236.925,2.8045,0.0,rapida_demo,DATOS SINTÉTICOS DE DEMOSTRACIÓN,DEMO: generado localmente,2026-10-08
Castelló de la Plana/Castellón de la Plana,Lleida,13_27_R2,232.186,3.1008,7.2,mixta_demo,DATOS SINTÉTICOS DE DEMOSTRACIÓN,DEMO: generado localmente,2026-10-08
Castelló de la Plana/Castellón de la Plana,Lleida,13_27_R3,229.817,3.4199,0.0,economica_demo,DATOS SINTÉTICOS DE DEMOSTRACIÓN,DEMO: generado localmente,2026-10-08
Castelló de la Plana/Castellón de la Plana,Lugo,13_28_R1,887.865,10.5098,0.0,rapida_demo,DATOS SINTÉTICOS DE DEMOSTRACIÓN,DEMO: generado localmente,2026-10-08
Castelló de la Plana/Castellón de la Plana,Lugo,13_28_R2,870.108,11.62,7.2,mixta_demo,DATOS SINTÉTICOS DE DEMOSTRACIÓN,DEMO: generado localmente,2026-10-08
Castelló de la Plana/Castellón de la Plana,Lugo,13_28_R3,861.229,12.8159,0.0,economica_demo,DATOS SINTÉTICOS DE DEMOSTRACIÓN,DEMO: generado localmente,2026-10-08
Castelló de la Plana/Castellón de la Plana,Madrid,13_29_R1,392.529,4.6464,0.0,rapida_demo,DATOS SINTÉTICOS DE DEMOSTRACIÓN,DEMO: generado localmente,2026-10-08
Castelló de la Plana/Castellón de la Plana,Madrid,13_29_R2,384.678,5.1373,7.2,mixta_demo,DATOS SINTÉTICOS DE DEMOSTRACIÓN,DEMO: generado localmente,2026-10-08
Castelló de la Plana/Castellón de la Plana,Madrid,13_29_R3,380.753,5.666,0.0,economica_demo,DATOS SINTÉTICOS DE DEMOSTRACIÓN,DEMO: generado localmente,2026-10-08
Castelló de la Plana/Castellón de la Plana,Málaga,13_30_R1,658.372,7.7932,0.0,rapida_demo,DATOS SINTÉTICOS DE DEMOSTRACIÓN,DEMO: generado localmente,2026-10-08
Castelló de la Plana/Castellón de la Plana,Málaga,13_30_R2,645.204,8.6165,7.2,mixta_demo,DATOS SINTÉTICOS DE DEMOSTRACIÓN,DEMO: generado localmente,2026-10-08
Castelló de la Plana/Castellón de la Plana,Málaga,13_30_R3,638.621,9.5033,0.0,economica_demo,DATOS SINTÉTICOS DE DEMOSTRACIÓN,DEMO: generado localmente,2026-10-08
Castelló de la Plana/Castellón de la Plana,Murcia,13_31_R1,302.327,3.5787,0.0,rapida_demo,DATOS SINTÉTICOS DE DEMOSTRACIÓN,DEMO: generado localmente,2026-10-08
Castelló de la Plana/Castellón de la Plana,Murcia,13_31_R2,296.28,3.9567,7.2,mixta_demo,DATOS SINTÉTICOS DE DEMOSTRACIÓN,DEMO: generado localmente,2026-10-08
Castelló de la Plana/Castellón de la Plana,Murcia,13_31_R3,293.257,4.3639,0.0,economica_demo,DATOS SINTÉTICOS DE DEMOSTRACIÓN,DEMO: generado localmente,2026-10-08
Castelló de la Plana/Castellón de la Plana,Pamplona/Iruña,13_32_R1,427.827,5.0642,0.0,rapida_demo,DATOS SINTÉTICOS DE DEMOSTRACIÓN,DEMO: generado localmente,2026-10-08
Castelló de la Plana/Castellón de la Plana,Pamplona/Iruña,13_32_R2,419.271,5.5992,7.2,mixta_demo,DATOS SINTÉTICOS DE DEMOSTRACIÓN,DEMO: generado localmente,2026-10-08
Castelló de la Plana/Castellón de la Plana,Pamplona/Iruña,13_32_R3,414.992,6.1755,0.0,economica_demo,DATOS SINTÉTICOS DE DEMOSTRACIÓN,DEMO: generado localmente,2026-10-08
Castelló de la Plana/Castellón de la Plana,Ourense,13_33_R1,881.217,10.4311,0.0,rapida_demo,DATOS SINTÉTICOS DE DEMOSTRACIÓN,DEMO: generado localmente,2026-10-08
Castelló de la Plana/Castellón de la Plana,Ourense,13_33_R2,863.593,11.533,7.2,mixta_demo,DATOS SINTÉTICOS DE DEMOSTRACIÓN,DEMO: generado localmente,2026-10-08
Castelló de la Plana/Castellón de la Plana,Ourense,13_33_R3,854.781,12.7199,0.0,economica_demo,DATOS SINTÉTICOS DE DEMOSTRACIÓN,DEMO: generado localmente,2026-10-08
Castelló de la Plana/Castellón de la Plana,Palencia,13_34_R1,549.038,6.499,0.0,rapida_demo,DATOS SINTÉTICOS DE DEMOSTRACIÓN,DEMO: generado localmente,2026-10-08
Castelló de la Plana/Castellón de la Plana,Palencia,13_34_R2,538.057,7.1856,7.2,mixta_demo,DATOS SINTÉTICOS DE DEMOSTRACIÓN,DEMO: generado localmente,2026-10-08
Castelló de la Plana/Castellón de la Plana,Palencia,13_34_R3,532.567,7.9251,0.0,economica_demo,DATOS SINTÉTICOS DE DEMOSTRACIÓN,DEMO: generado localmente,2026-10-08
Castelló de la Plana/Castellón de la Plana,Pontevedra,13_35_R1,961.716,11.3839,0.0,rapida_demo,DATOS SINTÉTICOS DE DEMOSTRACIÓN,DEMO: generado localmente,2026-10-08
Castelló de la Plana/Castellón de la Plana,Pontevedra,13_35_R2,942.481,12.5866,7.2,mixta_demo,DATOS SINTÉTICOS DE DEMOSTRACIÓN,DEMO: generado localmente,2026-10-08
Castelló de la Plana/Castellón de la Plana,Pontevedra,13_35_R3,932.864,13.8819,0.0,economica_demo,DATOS SINTÉTICOS DE DEMOSTRACIÓN,DEMO: generado localmente,2026-10-08
Castelló de la Plana/Castellón de la Plana,Salamanca,13_36_R1,610.072,7.2215,0.0,rapida_demo,DATOS SINTÉTICOS DE DEMOSTRACIÓN,DEMO: generado localmente,2026-10-08
Castelló de la Plana/Castellón de la Plana,Salamanca,13_36_R2,597.871,7.9844,7.2,mixta_demo,DATOS SINTÉTICOS DE DEMOSTRACIÓN,DEMO: generado localmente,2026-10-08
Castelló de la Plana/Castellón de la Plana,Salamanca,13_36_R3,591.77,8.8061,0.0,economica_demo,DATOS SINTÉTICOS DE DEMOSTRACIÓN,DEMO: generado localmente,2026-10-08
Castelló de la Plana/Castellón de la Plana,Segovia,13_37_R1,452.367,5.3547,0.0,rapida_demo,DATOS SINTÉTICOS DE DEMOSTRACIÓN,DEMO: generado localmente,2026-10-08
Castelló de la Plana/Castellón de la Plana,Segovia,13_37_R2,443.319,5.9204,7.2,mixta_demo,DATOS SINTÉTICOS DE DEMOSTRACIÓN,DEMO: generado localmente,2026-10-08
Castelló de la Plana/Castellón de la Plana,Segovia,13_37_R3,438.796,6.5297,0.0,economica_demo,DATOS SINTÉTICOS DE DEMOSTRACIÓN,DEMO: generado localmente,2026-10-08
Castelló de la Plana/Castellón de la Plana,Sevilla,13_38_R1,740.022,8.7597,0.0,rapida_demo,DATOS SINTÉTICOS DE DEMOSTRACIÓN,DEMO: generado localmente,2026-10-08
Castelló de la Plana/Castellón de la Plana,Sevilla,13_38_R2,725.221,9.6851,7.2,mixta_demo,DATOS SINTÉTICOS DE DEMOSTRACIÓN,DEMO: generado localmente,2026-10-08
Castelló de la Plana/Castellón de la Plana,Sevilla,13_38_R3,717.821,10.6819,0.0,economica_demo,DATOS SINTÉTICOS DE DEMOSTRACIÓN,DEMO: generado localmente,2026-10-08
Castelló de la Plana/Castellón de la Plana,Soria,13_39_R1,354.972,4.2018,0.0,rapida_demo,DATOS SINTÉTICOS DE DEMOSTRACIÓN,DEMO: generado localmente,2026-10-08
Castelló de la Plana/Castellón de la Plana,Soria,13_39_R2,347.872,4.6457,7.2,mixta_demo,DATOS SINTÉTICOS DE DEMOSTRACIÓN,DEMO: generado localmente,2026-10-08
Castelló de la Plana/Castellón de la Plana,Soria,13_39_R3,344.323,5.1238,0.0,economica_demo,DATOS SINTÉTICOS DE DEMOSTRACIÓN,DEMO: generado localmente,2026-10-08
Castelló de la Plana/Castellón de la Plana,Tarragona,13_40_R1,208.198,2.4645,0.0,rapida_demo,DATOS SINTÉTICOS DE DEMOSTRACIÓN,DEMO: generado localmente,2026-10-08
Castelló de la Plana/Castellón de la Plana,Tarragona,13_40_R2,204.034,2.7248,7.2,mixta_demo,DATOS SINTÉTICOS DE DEMOSTRACIÓN,DEMO: generado localmente,2026-10-08
Castelló de la Plana/Castellón de la Plana,Tarragona,13_40_R3,201.952,3.0052,0.0,economica_demo,DATOS SINTÉTICOS DE DEMOSTRACIÓN,DEMO: generado localmente,2026-10-08
Castelló de la Plana/Castellón de la Plana,Teruel,13_41_R1,124.057,1.4685,0.0,rapida_demo,DATOS SINTÉTICOS DE DEMOSTRACIÓN,DEMO: generado localmente,2026-10-08
Castelló de la Plana/Castellón de la Plana,Teruel,13_41_R2,121.576,1.6236,7.2,mixta_demo,DATOS SINTÉTICOS DE DEMOSTRACIÓN,DEMO: generado localmente,2026-10-08
Castelló de la Plana/Castellón de la Plana,Teruel,13_41_R3,120.335,1.7907,0.0,economica_demo,DATOS SINTÉTICOS DE DEMOSTRACIÓN,DEMO: generado localmente,2026-10-08
Castelló de la Plana/Castellón de la Plana,Toledo,13_42_R1,425.398,5.0355,0.0,rapida_demo,DATOS SINTÉTICOS DE DEMOSTRACIÓN,DEMO: generado localmente,2026-10-08
Castelló de la Plana/Castellón de la Plana,Toledo,13_42_R2,416.89,5.5674,7.2,mixta_demo,DATOS SINTÉTICOS DE DEMOSTRACIÓN,DEMO: generado localmente,2026-10-08
Castelló de la Plana/Castellón de la Plana,Toledo,13_42_R3,412.636,6.1404,0.0,economica_demo,DATOS SINTÉTICOS DE DEMOSTRACIÓN,DEMO: generado localmente,2026-10-08
Castelló de la Plana/Castellón de la Plana,Valencia,13_43_R1,80.4,0.9517,0.0,rapida_demo,DATOS SINTÉTICOS DE DEMOSTRACIÓN,DEMO: generado localmente,2026-10-08
Castelló de la Plana/Castellón de la Plana,Valencia,13_43_R2,78.792,1.0522,7.2,mixta_demo,DATOS SINTÉTICOS DE DEMOSTRACIÓN,DEMO: generado localmente,2026-10-08
Castelló de la Plana/Castellón de la Plana,Valencia,13_43_R3,77.988,1.1605,0.0,economica_demo,DATOS SINTÉTICOS DE DEMOSTRACIÓN,DEMO: generado localmente,2026-10-08
Castelló de la Plana/Castellón de la Plana,Valladolid,13_44_R1,544.974,6.4509,0.0,rapida_demo,DATOS SINTÉTICOS DE DEMOSTRACIÓN,DEMO: generado localmente,2026-10-08
Castelló de la Plana/Castellón de la Plana,Valladolid,13_44_R2,534.075,7.1324,7.2,mixta_demo,DATOS SINTÉTICOS DE DEMOSTRACIÓN,DEMO: generado localmente,2026-10-08
Castelló de la Plana/Castellón de la Plana,Valladolid,13_44_R3,528.625,7.8664,0.0,economica_demo,DATOS SINTÉTICOS DE DEMOSTRACIÓN,DEMO: generado localmente,2026-10-08
Castelló de la Plana/Castellón de la Plana,Zamora,13_45_R1,636.991,7.5401,0.0,rapida_demo,DATOS SINTÉTICOS DE DEMOSTRACIÓN,DEMO: generado localmente,2026-10-08
Castelló de la Plana/Castellón de la Plana,Zamora,13_45_R2,624.252,8.3367,7.2,mixta_demo,DATOS SINTÉTICOS DE DEMOSTRACIÓN,DEMO: generado localmente,2026-10-08
Castelló de la Plana/Castellón de la Plana,Zamora,13_45_R3,617.882,9.1947,0.0,economica_demo,DATOS SINTÉTICOS DE DEMOSTRACIÓN,DEMO: generado localmente,2026-10-08
Castelló de la Plana/Castellón de la Plana,Zaragoza,13_46_R1,248.364,2.9399,0.0,rapida_demo,DATOS SINTÉTICOS DE DEMOSTRACIÓN,DEMO: generado localmente,2026-10-08
Castelló de la Plana/Castellón de la Plana,Zaragoza,13_46_R2,243.397,3.2505,7.2,mixta_demo,DATOS SINTÉTICOS DE DEMOSTRACIÓN,DEMO: generado localmente,2026-10-08
Castelló de la Plana/Castellón de la Plana,Zaragoza,13_46_R3,240.913,3.585,0.0,economica_demo,DATOS SINTÉTICOS DE DEMOSTRACIÓN,DEMO: generado localmente,2026-10-08
Ciudad Real,Córdoba,14_15_R1,178.555,2.1136,0.0,rapida_demo,DATOS SINTÉTICOS DE DEMOSTRACIÓN,DEMO: generado localmente,2026-10-08
Ciudad Real,Córdoba,14_15_R2,174.984,2.3369,7.2,mixta_demo,DATOS SINTÉTICOS DE DEMOSTRACIÓN,DEMO: generado localmente,2026-10-08
Ciudad Real,Córdoba,14_15_R3,173.198,2.5774,0.0,economica_demo,DATOS SINTÉTICOS DE DEMOSTRACIÓN,DEMO: generado localmente,2026-10-08
Ciudad Real,A Coruña,14_16_R1,767.962,9.0905,0.0,rapida_demo,DATOS SINTÉTICOS DE DEMOSTRACIÓN,DEMO: generado localmente,2026-10-08
Ciudad Real,A Coruña,14_16_R2,752.603,10.0508,7.2,mixta_demo,DATOS SINTÉTICOS DE DEMOSTRACIÓN,DEMO: generado localmente,2026-10-08
Ciudad Real,A Coruña,14_16_R3,744.923,11.0852,0.0,economica_demo,DATOS SINTÉTICOS DE DEMOSTRACIÓN,DEMO: generado localmente,2026-10-08
Ciudad Real,Cuenca,14_17_R1,245.443,2.9053,0.0,rapida_demo,DATOS SINTÉTICOS DE DEMOSTRACIÓN,DEMO: generado localmente,2026-10-08
Ciudad Real,Cuenca,14_17_R2,240.534,3.2123,7.2,mixta_demo,DATOS SINTÉTICOS DE DEMOSTRACIÓN,DEMO: generado localmente,2026-10-08
Ciudad Real,Cuenca,14_17_R3,238.08,3.5429,0.0,economica_demo,DATOS SINTÉTICOS DE DEMOSTRACIÓN,DEMO: generado localmente,2026-10-08
Ciudad Real,Donostia/San Sebastián,14_18_R1,636.079,7.5293,0.0,rapida_demo,DATOS SINTÉTICOS DE DEMOSTRACIÓN,DEMO: generado localmente,2026-10-08
Ciudad Real,Donostia/San Sebastián,14_18_R2,623.357,8.3248,7.2,mixta_demo,DATOS SINTÉTICOS DE DEMOSTRACIÓN,DEMO: generado localmente,2026-10-08
Ciudad Real,Donostia/San Sebastián,14_18_R3,616.997,9.1815,0.0,economica_demo,DATOS SINTÉTICOS DE DEMOSTRACIÓN,DEMO: generado localmente,2026-10-08
Ciudad Real,Girona,14_19_R1,826.283,9.7808,0.0,rapida_demo,DATOS SINTÉTICOS DE DEMOSTRACIÓN,DEMO: generado localmente,2026-10-08
Ciudad Real,Girona,14_19_R2,809.758,10.8141,7.2,mixta_demo,DATOS SINTÉTICOS DE DEMOSTRACIÓN,DEMO: generado localmente,2026-10-08
Ciudad Real,Girona,14_19_R3,801.495,11.927,0.0,economica_demo,DATOS SINTÉTICOS DE DEMOSTRACIÓN,DEMO: generado localmente,2026-10-08
Ciudad Real,Granada,14_20_R1,254.236,3.0094,0.0,rapida_demo,DATOS SINTÉTICOS DE DEMOSTRACIÓN,DEMO: generado localmente,2026-10-08
Ciudad Real,Granada,14_20_R2,249.151,3.3273,7.2,mixta_demo,DATOS SINTÉTICOS DE DEMOSTRACIÓN,DEMO: generado localmente,2026-10-08
Ciudad Real,Granada,14_20_R3,246.609,3.6698,0.0,economica_demo,DATOS SINTÉTICOS DE DEMOSTRACIÓN,DEMO: generado localmente,2026-10-08
Ciudad Real,Guadalajara,14_21_R1,243.139,2.8781,0.0,rapida_demo,DATOS SINTÉTICOS DE DEMOSTRACIÓN,DEMO: generado localmente,2026-10-08
Ciudad Real,Guadalajara,14_21_R2,238.276,3.1821,7.2,mixta_demo,DATOS SINTÉTICOS DE DEMOSTRACIÓN,DEMO: generado localmente,2026-10-08
Ciudad Real,Guadalajara,14_21_R3,235.844,3.5096,0.0,economica_demo,DATOS SINTÉTICOS DE DEMOSTRACIÓN,DEMO: generado localmente,2026-10-08
Ciudad Real,Huelva,14_22_R1,408.423,4.8345,0.0,rapida_demo,DATOS SINTÉTICOS DE DEMOSTRACIÓN,DEMO: generado localmente,2026-10-08
Ciudad Real,Huelva,14_22_R2,400.254,5.3453,7.2,mixta_demo,DATOS SINTÉTICOS DE DEMOSTRACIÓN,DEMO: generado localmente,2026-10-08
Ciudad Real,Huelva,14_22_R3,396.17,5.8954,0.0,economica_demo,DATOS SINTÉTICOS DE DEMOSTRACIÓN,DEMO: generado localmente,2026-10-08
Ciudad Real,Huesca,14_23_R1,574.78,6.8037,0.0,rapida_demo,DATOS SINTÉTICOS DE DEMOSTRACIÓN,DEMO: generado localmente,2026-10-08
Ciudad Real,Huesca,14_23_R2,563.284,7.5225,7.2,mixta_demo,DATOS SINTÉTICOS DE DEMOSTRACIÓN,DEMO: generado localmente,2026-10-08
Ciudad Real,Huesca,14_23_R3,557.536,8.2967,0.0,economica_demo,DATOS SINTÉTICOS DE DEMOSTRACIÓN,DEMO: generado localmente,2026-10-08
Ciudad Real,Jaén,14_24_R1,170.279,2.0156,0.0,rapida_demo,DATOS SINTÉTICOS DE DEMOSTRACIÓN,DEMO: generado localmente,2026-10-08
Ciudad Real,Jaén,14_24_R2,166.873,2.2285,7.2,mixta_demo,DATOS SINTÉTICOS DE DEMOSTRACIÓN,DEMO: generado localmente,2026-10-08
Ciudad Real,Jaén,14_24_R3,165.17,2.4579,0.0,economica_demo,DATOS SINTÉTICOS DE DEMOSTRACIÓN,DEMO: generado localmente,2026-10-08
Ciudad Real,Logroño,14_25_R1,508.666,6.0211,0.0,rapida_demo,DATOS SINTÉTICOS DE DEMOSTRACIÓN,DEMO: generado localmente,2026-10-08
Ciudad Real,Logroño,14_25_R2,498.493,6.6572,7.2,mixta_demo,DATOS SINTÉTICOS DE DEMOSTRACIÓN,DEMO: generado localmente,2026-10-08
Ciudad Real,Logroño,14_25_R3,493.406,7.3424,0.0,economica_demo,DATOS SINTÉTICOS DE DEMOSTRACIÓN,DEMO: generado localmente,2026-10-08
Ciudad Real,León,14_26_R1,531.141,6.2872,0.0,rapida_demo,DATOS SINTÉTICOS DE DEMOSTRACIÓN,DEMO: generado localmente,2026-10-08
Ciudad Real,León,14_26_R2,520.518,6.9514,7.2,mixta_demo,DATOS SINTÉTICOS DE DEMOSTRACIÓN,DEMO: generado localmente,2026-10-08
Ciudad Real,León,14_26_R3,515.207,7.6668,0.0,economica_demo,DATOS SINTÉTICOS DE DEMOSTRACIÓN,DEMO: generado localmente,2026-10-08
Ciudad Real,Lleida,14_27_R1,605.478,7.1671,0.0,rapida_demo,DATOS SINTÉTICOS DE DEMOSTRACIÓN,DEMO: generado localmente,2026-10-08
Ciudad Real,Lleida,14_27_R2,593.369,7.9243,7.2,mixta_demo,DATOS SINTÉTICOS DE DEMOSTRACIÓN,DEMO: generado localmente,2026-10-08
Ciudad Real,Lleida,14_27_R3,587.314,8.7398,0.0,economica_demo,DATOS SINTÉTICOS DE DEMOSTRACIÓN,DEMO: generado localmente,2026-10-08
Ciudad Real,Lugo,14_28_R1,676.439,8.0071,0.0,rapida_demo,DATOS SINTÉTICOS DE DEMOSTRACIÓN,DEMO: generado localmente,2026-10-08
Ciudad Real,Lugo,14_28_R2,662.91,8.853,7.2,mixta_demo,DATOS SINTÉTICOS DE DEMOSTRACIÓN,DEMO: generado localmente,2026-10-08
Ciudad Real,Lugo,14_28_R3,656.146,9.7641,0.0,economica_demo,DATOS SINTÉTICOS DE DEMOSTRACIÓN,DEMO: generado localmente,2026-10-08
Ciudad Real,Madrid,14_29_R1,200.932,2.3785,0.0,rapida_demo,DATOS SINTÉTICOS DE DEMOSTRACIÓN,DEMO: generado localmente,2026-10-08
Ciudad Real,Madrid,14_29_R2,196.914,2.6297,7.2,mixta_demo,DATOS SINTÉTICOS DE DEMOSTRACIÓN,DEMO: generado localmente,2026-10-08
Ciudad Real,Madrid,14_29_R3,194.904,2.9004,0.0,economica_demo,DATOS SINTÉTICOS DE DEMOSTRACIÓN,DEMO: generado localmente,2026-10-08
Ciudad Real,Málaga,14_30_R1,319.265,3.7792,0.0,rapida_demo,DATOS SINTÉTICOS DE DEMOSTRACIÓN,DEMO: generado localmente,2026-10-08
Ciudad Real,Málaga,14_30_R2,312.879,4.1784,7.2,mixta_demo,DATOS SINTÉTICOS DE DEMOSTRACIÓN,DEMO: generado localmente,2026-10-08
Ciudad Real,Málaga,14_30_R3,309.687,4.6084,0.0,economica_demo,DATOS SINTÉTICOS DE DEMOSTRACIÓN,DEMO: generado localmente,2026-10-08
Ciudad Real,Murcia,14_31_R1,334.746,3.9624,0.0,rapida_demo,DATOS SINTÉTICOS DE DEMOSTRACIÓN,DEMO: generado localmente,2026-10-08
Ciudad Real,Murcia,14_31_R2,328.051,4.381,7.2,mixta_demo,DATOS SINTÉTICOS DE DEMOSTRACIÓN,DEMO: generado localmente,2026-10-08
Ciudad Real,Murcia,14_31_R3,324.704,4.8319,0.0,economica_demo,DATOS SINTÉTICOS DE DEMOSTRACIÓN,DEMO: generado localmente,2026-10-08
Ciudad Real,Pamplona/Iruña,14_32_R1,584.329,6.9168,0.0,rapida_demo,DATOS SINTÉTICOS DE DEMOSTRACIÓN,DEMO: generado localmente,2026-10-08
Ciudad Real,Pamplona/Iruña,14_32_R2,572.643,7.6475,7.2,mixta_demo,DATOS SINTÉTICOS DE DEMOSTRACIÓN,DEMO: generado localmente,2026-10-08
Ciudad Real,Pamplona/Iruña,14_32_R3,566.799,8.4345,0.0,economica_demo,DATOS SINTÉTICOS DE DEMOSTRACIÓN,DEMO: generado localmente,2026-10-08
Ciudad Real,Ourense,14_33_R1,623.602,7.3817,0.0,rapida_demo,DATOS SINTÉTICOS DE DEMOSTRACIÓN,DEMO: generado localmente,2026-10-08
Ciudad Real,Ourense,14_33_R2,611.13,8.1615,7.2,mixta_demo,DATOS SINTÉTICOS DE DEMOSTRACIÓN,DEMO: generado localmente,2026-10-08
Ciudad Real,Ourense,14_33_R3,604.894,9.0014,0.0,economica_demo,DATOS SINTÉTICOS DE DEMOSTRACIÓN,DEMO: generado localmente,2026-10-08
Ciudad Real,Palencia,14_34_R1,425.444,5.036,0.0,rapida_demo,DATOS SINTÉTICOS DE DEMOSTRACIÓN,DEMO: generado localmente,2026-10-08
Ciudad Real,Palencia,14_34_R2,416.935,5.568,7.2,mixta_demo,DATOS SINTÉTICOS DE DEMOSTRACIÓN,DEMO: generado localmente,2026-10-08
Ciudad Real,Palencia,14_34_R3,412.681,6.1411,0.0,economica_demo,DATOS SINTÉTICOS DE DEMOSTRACIÓN,DEMO: generado localmente,2026-10-08
Ciudad Real,Pontevedra,14_35_R1,690.223,8.1703,0.0,rapida_demo,DATOS SINTÉTICOS DE DEMOSTRACIÓN,DEMO: generado localmente,2026-10-08
Ciudad Real,Pontevedra,14_35_R2,676.419,9.0334,7.2,mixta_demo,DATOS SINTÉTICOS DE DEMOSTRACIÓN,DEMO: generado localmente,2026-10-08
Ciudad Real,Pontevedra,14_35_R3,669.517,9.963,0.0,economica_demo,DATOS SINTÉTICOS DE DEMOSTRACIÓN,DEMO: generado localmente,2026-10-08
Ciudad Real,Salamanca,14_36_R1,331.559,3.9247,0.0,rapida_demo,DATOS SINTÉTICOS DE DEMOSTRACIÓN,DEMO: generado localmente,2026-10-08
Ciudad Real,Salamanca,14_36_R2,324.928,4.3393,7.2,mixta_demo,DATOS SINTÉTICOS DE DEMOSTRACIÓN,DEMO: generado localmente,2026-10-08
Ciudad Real,Salamanca,14_36_R3,321.612,4.7859,0.0,economica_demo,DATOS SINTÉTICOS DE DEMOSTRACIÓN,DEMO: generado localmente,2026-10-08
Ciudad Real,Segovia,14_37_R1,274.009,3.2435,0.0,rapida_demo,DATOS SINTÉTICOS DE DEMOSTRACIÓN,DEMO: generado localmente,2026-10-08
Ciudad Real,Segovia,14_37_R2,268.529,3.5861,7.2,mixta_demo,DATOS SINTÉTICOS DE DEMOSTRACIÓN,DEMO: generado localmente,2026-10-08
Ciudad Real,Segovia,14_37_R3,265.789,3.9552,0.0,economica_demo,DATOS SINTÉTICOS DE DEMOSTRACIÓN,DEMO: generado localmente,2026-10-08
Ciudad Real,Sevilla,14_38_R1,316.479,3.7462,0.0,rapida_demo,DATOS SINTÉTICOS DE DEMOSTRACIÓN,DEMO: generado localmente,2026-10-08
Ciudad Real,Sevilla,14_38_R2,310.149,4.1419,7.2,mixta_demo,DATOS SINTÉTICOS DE DEMOSTRACIÓN,DEMO: generado localmente,2026-10-08
Ciudad Real,Sevilla,14_38_R3,306.984,4.5682,0.0,economica_demo,DATOS SINTÉTICOS DE DEMOSTRACIÓN,DEMO: generado localmente,2026-10-08
Ciudad Real,Soria,14_39_R1,416.097,4.9254,0.0,rapida_demo,DATOS SINTÉTICOS DE DEMOSTRACIÓN,DEMO: generado localmente,2026-10-08
Ciudad Real,Soria,14_39_R2,407.775,5.4457,7.2,mixta_demo,DATOS SINTÉTICOS DE DEMOSTRACIÓN,DEMO: generado localmente,2026-10-08
Ciudad Real,Soria,14_39_R3,403.614,6.0062,0.0,economica_demo,DATOS SINTÉTICOS DE DEMOSTRACIÓN,DEMO: generado localmente,2026-10-08
Ciudad Real,Tarragona,14_40_R1,625.873,7.4085,0.0,rapida_demo,DATOS SINTÉTICOS DE DEMOSTRACIÓN,DEMO: generado localmente,2026-10-08
Ciudad Real,Tarragona,14_40_R2,613.356,8.1912,7.2,mixta_demo,DATOS SINTÉTICOS DE DEMOSTRACIÓN,DEMO: generado localmente,2026-10-08
Ciudad Real,Tarragona,14_40_R3,607.097,9.0342,0.0,economica_demo,DATOS SINTÉTICOS DE DEMOSTRACIÓN,DEMO: generado localmente,2026-10-08
Ciudad Real,Teruel,14_41_R1,355.967,4.2136,0.0,rapida_demo,DATOS SINTÉTICOS DE DEMOSTRACIÓN,DEMO: generado localmente,2026-10-08
Ciudad Real,Teruel,14_41_R2,348.848,4.6588,7.2,mixta_demo,DATOS SINTÉTICOS DE DEMOSTRACIÓN,DEMO: generado localmente,2026-10-08
Ciudad Real,Teruel,14_41_R3,345.288,5.1382,0.0,economica_demo,DATOS SINTÉTICOS DE DEMOSTRACIÓN,DEMO: generado localmente,2026-10-08
Ciudad Real,Toledo,14_42_R1,121.591,1.4393,0.0,rapida_demo,DATOS SINTÉTICOS DE DEMOSTRACIÓN,DEMO: generado localmente,2026-10-08
Ciudad Real,Toledo,14_42_R2,119.159,1.5913,7.2,mixta_demo,DATOS SINTÉTICOS DE DEMOSTRACIÓN,DEMO: generado localmente,2026-10-08
Ciudad Real,Toledo,14_42_R3,117.943,1.7551,0.0,economica_demo,DATOS SINTÉTICOS DE DEMOSTRACIÓN,DEMO: generado localmente,2026-10-08
Ciudad Real,Valencia,14_43_R1,388.217,4.5954,0.0,rapida_demo,DATOS SINTÉTICOS DE DEMOSTRACIÓN,DEMO: generado localmente,2026-10-08
Ciudad Real,Valencia,14_43_R2,380.453,5.0808,7.2,mixta_demo,DATOS SINTÉTICOS DE DEMOSTRACIÓN,DEMO: generado localmente,2026-10-08
Ciudad Real,Valencia,14_43_R3,376.571,5.6037,0.0,economica_demo,DATOS SINTÉTICOS DE DEMOSTRACIÓN,DEMO: generado localmente,2026-10-08
Ciudad Real,Valladolid,14_44_R1,380.351,4.5023,0.0,rapida_demo,DATOS SINTÉTICOS DE DEMOSTRACIÓN,DEMO: generado localmente,2026-10-08
Ciudad Real,Valladolid,14_44_R2,372.744,4.9779,7.2,mixta_demo,DATOS SINTÉTICOS DE DEMOSTRACIÓN,DEMO: generado localmente,2026-10-08
Ciudad Real,Valladolid,14_44_R3,368.941,5.4902,0.0,economica_demo,DATOS SINTÉTICOS DE DEMOSTRACIÓN,DEMO: generado localmente,2026-10-08
Ciudad Real,Zamora,14_45_R1,399.739,4.7318,0.0,rapida_demo,DATOS SINTÉTICOS DE DEMOSTRACIÓN,DEMO: generado localmente,2026-10-08
Ciudad Real,Zamora,14_45_R2,391.744,5.2316,7.2,mixta_demo,DATOS SINTÉTICOS DE DEMOSTRACIÓN,DEMO: generado localmente,2026-10-08
Ciudad Real,Zamora,14_45_R3,387.747,5.77,0.0,economica_demo,DATOS SINTÉTICOS DE DEMOSTRACIÓN,DEMO: generado localmente,2026-10-08
Ciudad Real,Zaragoza,14_46_R1,492.281,5.8272,0.0,rapida_demo,DATOS SINTÉTICOS DE DEMOSTRACIÓN,DEMO: generado localmente,2026-10-08
Ciudad Real,Zaragoza,14_46_R2,482.436,6.4428,7.2,mixta_demo,DATOS SINTÉTICOS DE DEMOSTRACIÓN,DEMO: generado localmente,2026-10-08
Ciudad Real,Zaragoza,14_46_R3,477.513,7.1058,0.0,economica_demo,DATOS SINTÉTICOS DE DEMOSTRACIÓN,DEMO: generado localmente,2026-10-08
Córdoba,A Coruña,15_16_R1,852.591,10.0922,0.0,rapida_demo,DATOS SINTÉTICOS DE DEMOSTRACIÓN,DEMO: generado localmente,2026-10-08
Córdoba,A Coruña,15_16_R2,835.539,11.1584,7.2,mixta_demo,DATOS SINTÉTICOS DE DEMOSTRACIÓN,DEMO: generado localmente,2026-10-08
Córdoba,A Coruña,15_16_R3,827.013,12.3067,0.0,economica_demo,DATOS SINTÉTICOS DE DEMOSTRACIÓN,DEMO: generado localmente,2026-10-08
Córdoba,Cuenca,15_17_R1,417.84,4.946,0.0,rapida_demo,DATOS SINTÉTICOS DE DEMOSTRACIÓN,DEMO: generado localmente,2026-10-08
Córdoba,Cuenca,15_17_R2,409.483,5.4685,7.2,mixta_demo,DATOS SINTÉTICOS DE DEMOSTRACIÓN,DEMO: generado localmente,2026-10-08
Córdoba,Cuenca,15_17_R3,405.304,6.0313,0.0,economica_demo,DATOS SINTÉTICOS DE DEMOSTRACIÓN,DEMO: generado localmente,2026-10-08
Córdoba,Donostia/San Sebastián,15_18_R1,810.836,9.598,0.0,rapida_demo,DATOS SINTÉTICOS DE DEMOSTRACIÓN,DEMO: generado localmente,2026-10-08
Córdoba,Donostia/San Sebastián,15_18_R2,794.62,10.6119,7.2,mixta_demo,DATOS SINTÉTICOS DE DEMOSTRACIÓN,DEMO: generado localmente,2026-10-08
Córdoba,Donostia/San Sebastián,15_18_R3,786.511,11.704,0.0,economica_demo,DATOS SINTÉTICOS DE DEMOSTRACIÓN,DEMO: generado localmente,2026-10-08
Córdoba,Girona,15_19_R1,989.656,11.7147,0.0,rapida_demo,DATOS SINTÉTICOS DE DEMOSTRACIÓN,DEMO: generado localmente,2026-10-08
Córdoba,Girona,15_19_R2,969.863,12.9522,7.2,mixta_demo,DATOS SINTÉTICOS DE DEMOSTRACIÓN,DEMO: generado localmente,2026-10-08
Córdoba,Girona,15_19_R3,959.967,14.2852,0.0,economica_demo,DATOS SINTÉTICOS DE DEMOSTRACIÓN,DEMO: generado localmente,2026-10-08
Córdoba,Granada,15_20_R1,163.127,1.931,0.0,rapida_demo,DATOS SINTÉTICOS DE DEMOSTRACIÓN,DEMO: generado localmente,2026-10-08
Córdoba,Granada,15_20_R2,159.865,2.1349,7.2,mixta_demo,DATOS SINTÉTICOS DE DEMOSTRACIÓN,DEMO: generado localmente,2026-10-08
Córdoba,Granada,15_20_R3,158.234,2.3547,0.0,economica_demo,DATOS SINTÉTICOS DE DEMOSTRACIÓN,DEMO: generado localmente,2026-10-08
Córdoba,Guadalajara,15_21_R1,419.397,4.9644,0.0,rapida_demo,DATOS SINTÉTICOS DE DEMOSTRACIÓN,DEMO: generado localmente,2026-10-08
Córdoba,Guadalajara,15_21_R2,411.009,5.4889,7.2,mixta_demo,DATOS SINTÉTICOS DE DEMOSTRACIÓN,DEMO: generado localmente,2026-10-08
Córdoba,Guadalajara,15_21_R3,406.815,6.0538,0.0,economica_demo,DATOS SINTÉTICOS DE DEMOSTRACIÓN,DEMO: generado localmente,2026-10-08
Córdoba,Huelva,15_22_R1,254.867,3.0169,0.0,rapida_demo,DATOS SINTÉTICOS DE DEMOSTRACIÓN,DEMO: generado localmente,2026-10-08
Córdoba,Huelva,15_22_R2,249.769,3.3356,7.2,mixta_demo,DATOS SINTÉTICOS DE DEMOSTRACIÓN,DEMO: generado localmente,2026-10-08
Córdoba,Huelva,15_22_R3,247.221,3.6789,0.0,economica_demo,DATOS SINTÉTICOS DE DEMOSTRACIÓN,DEMO: generado localmente,2026-10-08
Córdoba,Huesca,15_23_R1,752.088,8.9026,0.0,rapida_demo,DATOS SINTÉTICOS DE DEMOSTRACIÓN,DEMO: generado localmente,2026-10-08
Córdoba,Huesca,15_23_R2,737.047,9.843,7.2,mixta_demo,DATOS SINTÉTICOS DE DEMOSTRACIÓN,DEMO: generado localmente,2026-10-08
Córdoba,Huesca,15_23_R3,729.526,10.856,0.0,economica_demo,DATOS SINTÉTICOS DE DEMOSTRACIÓN,DEMO: generado localmente,2026-10-08
Córdoba,Jaén,15_24_R1,109.474,1.2959,0.0,rapida_demo,DATOS SINTÉTICOS DE DEMOSTRACIÓN,DEMO: generado localmente,2026-10-08
Córdoba,Jaén,15_24_R2,107.285,1.4328,7.2,mixta_demo,DATOS SINTÉTICOS DE DEMOSTRACIÓN,DEMO: generado localmente,2026-10-08
Córdoba,Jaén,15_24_R3,106.19,1.5802,0.0,economica_demo,DATOS SINTÉTICOS DE DEMOSTRACIÓN,DEMO: generado localmente,2026-10-08
Córdoba,Logroño,15_25_R1,683.333,8.0887,0.0,rapida_demo,DATOS SINTÉTICOS DE DEMOSTRACIÓN,DEMO: generado localmente,2026-10-08
Córdoba,Logroño,15_25_R2,669.666,8.9432,7.2,mixta_demo,DATOS SINTÉTICOS DE DEMOSTRACIÓN,DEMO: generado localmente,2026-10-08
Córdoba,Logroño,15_25_R3,662.833,9.8636,0.0,economica_demo,DATOS SINTÉTICOS DE DEMOSTRACIÓN,DEMO: generado localmente,2026-10-08
Córdoba,León,15_26_R1,660.437,7.8177,0.0,rapida_demo,DATOS SINTÉTICOS DE DEMOSTRACIÓN,DEMO: generado localmente,2026-10-08
Córdoba,León,15_26_R2,647.229,8.6435,7.2,mixta_demo,DATOS SINTÉTICOS DE DEMOSTRACIÓN,DEMO: generado localmente,2026-10-08
Córdoba,León,15_26_R3,640.624,9.5331,0.0,economica_demo,DATOS SINTÉTICOS DE DEMOSTRACIÓN,DEMO: generado localmente,2026-10-08
Córdoba,Lleida,15_27_R1,775.645,9.1814,0.0,rapida_demo,DATOS SINTÉTICOS DE DEMOSTRACIÓN,DEMO: generado localmente,2026-10-08
Córdoba,Lleida,15_27_R2,760.132,10.1513,7.2,mixta_demo,DATOS SINTÉTICOS DE DEMOSTRACIÓN,DEMO: generado localmente,2026-10-08
Córdoba,Lleida,15_27_R3,752.376,11.1961,0.0,economica_demo,DATOS SINTÉTICOS DE DEMOSTRACIÓN,DEMO: generado localmente,2026-10-08
Córdoba,Lugo,15_28_R1,770.477,9.1202,0.0,rapida_demo,DATOS SINTÉTICOS DE DEMOSTRACIÓN,DEMO: generado localmente,2026-10-08
Córdoba,Lugo,15_28_R2,755.068,10.0837,7.2,mixta_demo,DATOS SINTÉTICOS DE DEMOSTRACIÓN,DEMO: generado localmente,2026-10-08
Córdoba,Lugo,15_28_R3,747.363,11.1215,0.0,economica_demo,DATOS SINTÉTICOS DE DEMOSTRACIÓN,DEMO: generado localmente,2026-10-08
Córdoba,Madrid,15_29_R1,371.061,4.3923,0.0,rapida_demo,DATOS SINTÉTICOS DE DEMOSTRACIÓN,DEMO: generado localmente,2026-10-08
Córdoba,Madrid,15_29_R2,363.64,4.8563,7.2,mixta_demo,DATOS SINTÉTICOS DE DEMOSTRACIÓN,DEMO: generado localmente,2026-10-08
Córdoba,Madrid,15_29_R3,359.929,5.3561,0.0,economica_demo,DATOS SINTÉTICOS DE DEMOSTRACIÓN,DEMO: generado localmente,2026-10-08
Córdoba,Málaga,15_30_R1,166.772,1.9741,0.0,rapida_demo,DATOS SINTÉTICOS DE DEMOSTRACIÓN,DEMO: generado localmente,2026-10-08
Córdoba,Málaga,15_30_R2,163.437,2.1826,7.2,mixta_demo,DATOS SINTÉTICOS DE DEMOSTRACIÓN,DEMO: generado localmente,2026-10-08
Córdoba,Málaga,15_30_R3,161.769,2.4073,0.0,economica_demo,DATOS SINTÉTICOS DE DEMOSTRACIÓN,DEMO: generado localmente,2026-10-08
Córdoba,Murcia,15_31_R1,399.91,4.7338,0.0,rapida_demo,DATOS SINTÉTICOS DE DEMOSTRACIÓN,DEMO: generado localmente,2026-10-08
Córdoba,Murcia,15_31_R2,391.911,5.2339,7.2,mixta_demo,DATOS SINTÉTICOS DE DEMOSTRACIÓN,DEMO: generado localmente,2026-10-08
Córdoba,Murcia,15_31_R3,387.912,5.7725,0.0,economica_demo,DATOS SINTÉTICOS DE DEMOSTRACIÓN,DEMO: generado localmente,2026-10-08
Córdoba,Pamplona/Iruña,15_32_R1,761.588,9.015,0.0,rapida_demo,DATOS SINTÉTICOS DE DEMOSTRACIÓN,DEMO: generado localmente,2026-10-08
Córdoba,Pamplona/Iruña,15_32_R2,746.357,9.9674,7.2,mixta_demo,DATOS SINTÉTICOS DE DEMOSTRACIÓN,DEMO: generado localmente,2026-10-08
Córdoba,Pamplona/Iruña,15_32_R3,738.741,10.9932,0.0,economica_demo,DATOS SINTÉTICOS DE DEMOSTRACIÓN,DEMO: generado localmente,2026-10-08
Córdoba,Ourense,15_33_R1,700.125,8.2875,0.0,rapida_demo,DATOS SINTÉTICOS DE DEMOSTRACIÓN,DEMO: generado localmente,2026-10-08
Córdoba,Ourense,15_33_R2,686.122,9.163,7.2,mixta_demo,DATOS SINTÉTICOS DE DEMOSTRACIÓN,DEMO: generado localmente,2026-10-08
Córdoba,Ourense,15_33_R3,679.121,10.106,0.0,economica_demo,DATOS SINTÉTICOS DE DEMOSTRACIÓN,DEMO: generado localmente,2026-10-08
Córdoba,Palencia,15_34_R1,574.062,6.7952,0.0,rapida_demo,DATOS SINTÉTICOS DE DEMOSTRACIÓN,DEMO: generado localmente,2026-10-08
Córdoba,Palencia,15_34_R2,562.581,7.5131,7.2,mixta_demo,DATOS SINTÉTICOS DE DEMOSTRACIÓN,DEMO: generado localmente,2026-10-08
Córdoba,Palencia,15_34_R3,556.84,8.2863,0.0,economica_demo,DATOS SINTÉTICOS DE DEMOSTRACIÓN,DEMO: generado localmente,2026-10-08
Córdoba,Pontevedra,15_35_R1,753.754,8.9223,0.0,rapida_demo,DATOS SINTÉTICOS DE DEMOSTRACIÓN,DEMO: generado localmente,2026-10-08
Córdoba,Pontevedra,15_35_R2,738.679,9.8648,7.2,mixta_demo,DATOS SINTÉTICOS DE DEMOSTRACIÓN,DEMO: generado localmente,2026-10-08
Córdoba,Pontevedra,15_35_R3,731.142,10.8801,0.0,economica_demo,DATOS SINTÉTICOS DE DEMOSTRACIÓN,DEMO: generado localmente,2026-10-08
Córdoba,Salamanca,15_36_R1,438.608,5.1919,0.0,rapida_demo,DATOS SINTÉTICOS DE DEMOSTRACIÓN,DEMO: generado localmente,2026-10-08
Córdoba,Salamanca,15_36_R2,429.836,5.7403,7.2,mixta_demo,DATOS SINTÉTICOS DE DEMOSTRACIÓN,DEMO: generado localmente,2026-10-08
Córdoba,Salamanca,15_36_R3,425.45,6.3311,0.0,economica_demo,DATOS SINTÉTICOS DE DEMOSTRACIÓN,DEMO: generado localmente,2026-10-08
Córdoba,Segovia,15_37_R1,431.776,5.111,0.0,rapida_demo,DATOS SINTÉTICOS DE DEMOSTRACIÓN,DEMO: generado localmente,2026-10-08
Córdoba,Segovia,15_37_R2,423.14,5.6509,7.2,mixta_demo,DATOS SINTÉTICOS DE DEMOSTRACIÓN,DEMO: generado localmente,2026-10-08
Córdoba,Segovia,15_37_R3,418.823,6.2325,0.0,economica_demo,DATOS SINTÉTICOS DE DEMOSTRACIÓN,DEMO: generado localmente,2026-10-08
Córdoba,Sevilla,15_38_R1,150.808,1.7851,0.0,rapida_demo,DATOS SINTÉTICOS DE DEMOSTRACIÓN,DEMO: generado localmente,2026-10-08
Córdoba,Sevilla,15_38_R2,147.792,1.9737,7.2,mixta_demo,DATOS SINTÉTICOS DE DEMOSTRACIÓN,DEMO: generado localmente,2026-10-08
Córdoba,Sevilla,15_38_R3,146.284,2.1768,0.0,economica_demo,DATOS SINTÉTICOS DE DEMOSTRACIÓN,DEMO: generado localmente,2026-10-08
Córdoba,Soria,15_39_R1,592.757,7.0165,0.0,rapida_demo,DATOS SINTÉTICOS DE DEMOSTRACIÓN,DEMO: generado localmente,2026-10-08
Córdoba,Soria,15_39_R2,580.902,7.7578,7.2,mixta_demo,DATOS SINTÉTICOS DE DEMOSTRACIÓN,DEMO: generado localmente,2026-10-08
Córdoba,Soria,15_39_R3,574.974,8.5562,0.0,economica_demo,DATOS SINTÉTICOS DE DEMOSTRACIÓN,DEMO: generado localmente,2026-10-08
Córdoba,Tarragona,15_40_R1,787.168,9.3178,0.0,rapida_demo,DATOS SINTÉTICOS DE DEMOSTRACIÓN,DEMO: generado localmente,2026-10-08
Córdoba,Tarragona,15_40_R2,771.425,10.3022,7.2,mixta_demo,DATOS SINTÉTICOS DE DEMOSTRACIÓN,DEMO: generado localmente,2026-10-08
Córdoba,Tarragona,15_40_R3,763.553,11.3624,0.0,economica_demo,DATOS SINTÉTICOS DE DEMOSTRACIÓN,DEMO: generado localmente,2026-10-08
Córdoba,Teruel,15_41_R1,522.643,6.1866,0.0,rapida_demo,DATOS SINTÉTICOS DE DEMOSTRACIÓN,DEMO: generado localmente,2026-10-08
Córdoba,Teruel,15_41_R2,512.19,6.8401,7.2,mixta_demo,DATOS SINTÉTICOS DE DEMOSTRACIÓN,DEMO: generado localmente,2026-10-08
Córdoba,Teruel,15_41_R3,506.964,7.5441,0.0,economica_demo,DATOS SINTÉTICOS DE DEMOSTRACIÓN,DEMO: generado localmente,2026-10-08
Córdoba,Toledo,15_42_R1,285.791,3.3829,0.0,rapida_demo,DATOS SINTÉTICOS DE DEMOSTRACIÓN,DEMO: generado localmente,2026-10-08
Córdoba,Toledo,15_42_R2,280.075,3.7403,7.2,mixta_demo,DATOS SINTÉTICOS DE DEMOSTRACIÓN,DEMO: generado localmente,2026-10-08
Córdoba,Toledo,15_42_R3,277.217,4.1253,0.0,economica_demo,DATOS SINTÉTICOS DE DEMOSTRACIÓN,DEMO: generado localmente,2026-10-08
Córdoba,Valencia,15_43_R1,525.603,6.2216,0.0,rapida_demo,DATOS SINTÉTICOS DE DEMOSTRACIÓN,DEMO: generado localmente,2026-10-08
Córdoba,Valencia,15_43_R2,515.091,6.8789,7.2,mixta_demo,DATOS SINTÉTICOS DE DEMOSTRACIÓN,DEMO: generado localmente,2026-10-08
Córdoba,Valencia,15_43_R3,509.835,7.5868,0.0,economica_demo,DATOS SINTÉTICOS DE DEMOSTRACIÓN,DEMO: generado localmente,2026-10-08
Córdoba,Valladolid,15_44_R1,523.658,6.1986,0.0,rapida_demo,DATOS SINTÉTICOS DE DEMOSTRACIÓN,DEMO: generado localmente,2026-10-08
Córdoba,Valladolid,15_44_R2,513.185,6.8534,7.2,mixta_demo,DATOS SINTÉTICOS DE DEMOSTRACIÓN,DEMO: generado localmente,2026-10-08
Córdoba,Valladolid,15_44_R3,507.948,7.5588,0.0,economica_demo,DATOS SINTÉTICOS DE DEMOSTRACIÓN,DEMO: generado localmente,2026-10-08
Córdoba,Zamora,15_45_R1,513.57,6.0792,0.0,rapida_demo,DATOS SINTÉTICOS DE DEMOSTRACIÓN,DEMO: generado localmente,2026-10-08
Córdoba,Zamora,15_45_R2,503.299,6.7214,7.2,mixta_demo,DATOS SINTÉTICOS DE DEMOSTRACIÓN,DEMO: generado localmente,2026-10-08
Córdoba,Zamora,15_45_R3,498.163,7.4131,0.0,economica_demo,DATOS SINTÉTICOS DE DEMOSTRACIÓN,DEMO: generado localmente,2026-10-08
Córdoba,Zaragoza,15_46_R1,669.333,7.923,0.0,rapida_demo,DATOS SINTÉTICOS DE DEMOSTRACIÓN,DEMO: generado localmente,2026-10-08
Córdoba,Zaragoza,15_46_R2,655.946,8.76,7.2,mixta_demo,DATOS SINTÉTICOS DE DEMOSTRACIÓN,DEMO: generado localmente,2026-10-08
Córdoba,Zaragoza,15_46_R3,649.253,9.6615,0.0,economica_demo,DATOS SINTÉTICOS DE DEMOSTRACIÓN,DEMO: generado localmente,2026-10-08
A Coruña,Cuenca,16_17_R1,794.665,9.4065,0.0,rapida_demo,DATOS SINTÉTICOS DE DEMOSTRACIÓN,DEMO: generado localmente,2026-10-08
A Coruña,Cuenca,16_17_R2,778.772,10.4003,7.2,mixta_demo,DATOS SINTÉTICOS DE DEMOSTRACIÓN,DEMO: generado localmente,2026-10-08
A Coruña,Cuenca,16_17_R3,770.825,11.4706,0.0,economica_demo,DATOS SINTÉTICOS DE DEMOSTRACIÓN,DEMO: generado localmente,2026-10-08
A Coruña,Donostia/San Sebastián,16_18_R1,647.801,7.6681,0.0,rapida_demo,DATOS SINTÉTICOS DE DEMOSTRACIÓN,DEMO: generado localmente,2026-10-08
A Coruña,Donostia/San Sebastián,16_18_R2,634.845,8.4782,7.2,mixta_demo,DATOS SINTÉTICOS DE DEMOSTRACIÓN,DEMO: generado localmente,2026-10-08
A Coruña,Donostia/San Sebastián,16_18_R3,628.367,9.3507,0.0,economica_demo,DATOS SINTÉTICOS DE DEMOSTRACIÓN,DEMO: generado localmente,2026-10-08
A Coruña,Girona,16_19_R1,1161.784,13.7522,0.0,rapida_demo,DATOS SINTÉTICOS DE DEMOSTRACIÓN,DEMO: generado localmente,2026-10-08
A Coruña,Girona,16_19_R2,1138.549,15.205,7.2,mixta_demo,DATOS SINTÉTICOS DE DEMOSTRACIÓN,DEMO: generado localmente,2026-10-08
A Coruña,Girona,16_19_R3,1126.931,16.7698,0.0,economica_demo,DATOS SINTÉTICOS DE DEMOSTRACIÓN,DEMO: generado localmente,2026-10-08
A Coruña,Granada,16_20_R1,999.954,11.8366,0.0,rapida_demo,DATOS SINTÉTICOS DE DEMOSTRACIÓN,DEMO: generado localmente,2026-10-08
A Coruña,Granada,16_20_R2,979.955,13.087,7.2,mixta_demo,DATOS SINTÉTICOS DE DEMOSTRACIÓN,DEMO: generado localmente,2026-10-08
A Coruña,Granada,16_20_R3,969.956,14.4339,0.0,economica_demo,DATOS SINTÉTICOS DE DEMOSTRACIÓN,DEMO: generado localmente,2026-10-08
A Coruña,Guadalajara,16_21_R1,660.434,7.8176,0.0,rapida_demo,DATOS SINTÉTICOS DE DEMOSTRACIÓN,DEMO: generado localmente,2026-10-08
A Coruña,Guadalajara,16_21_R2,647.225,8.6435,7.2,mixta_demo,DATOS SINTÉTICOS DE DEMOSTRACIÓN,DEMO: generado localmente,2026-10-08
A Coruña,Guadalajara,16_21_R3,640.621,9.533,0.0,economica_demo,DATOS SINTÉTICOS DE DEMOSTRACIÓN,DEMO: generado localmente,2026-10-08
A Coruña,Huelva,16_22_R1,863.61,10.2227,0.0,rapida_demo,DATOS SINTÉTICOS DE DEMOSTRACIÓN,DEMO: generado localmente,2026-10-08
A Coruña,Huelva,16_22_R2,846.338,11.3026,7.2,mixta_demo,DATOS SINTÉTICOS DE DEMOSTRACIÓN,DEMO: generado localmente,2026-10-08
A Coruña,Huelva,16_22_R3,837.702,12.4658,0.0,economica_demo,DATOS SINTÉTICOS DE DEMOSTRACIÓN,DEMO: generado localmente,2026-10-08
A Coruña,Huesca,16_23_R1,832.511,9.8545,0.0,rapida_demo,DATOS SINTÉTICOS DE DEMOSTRACIÓN,DEMO: generado localmente,2026-10-08
A Coruña,Huesca,16_23_R2,815.861,10.8956,7.2,mixta_demo,DATOS SINTÉTICOS DE DEMOSTRACIÓN,DEMO: generado localmente,2026-10-08
A Coruña,Huesca,16_23_R3,807.536,12.0169,0.0,economica_demo,DATOS SINTÉTICOS DE DEMOSTRACIÓN,DEMO: generado localmente,2026-10-08
A Coruña,Jaén,16_24_R1,918.201,10.8689,0.0,rapida_demo,DATOS SINTÉTICOS DE DEMOSTRACIÓN,DEMO: generado localmente,2026-10-08
A Coruña,Jaén,16_24_R2,899.837,12.0171,7.2,mixta_demo,DATOS SINTÉTICOS DE DEMOSTRACIÓN,DEMO: generado localmente,2026-10-08
A Coruña,Jaén,16_24_R3,890.655,13.2538,0.0,economica_demo,DATOS SINTÉTICOS DE DEMOSTRACIÓN,DEMO: generado localmente,2026-10-08
A Coruña,Logroño,16_25_R1,619.091,7.3283,0.0,rapida_demo,DATOS SINTÉTICOS DE DEMOSTRACIÓN,DEMO: generado localmente,2026-10-08
A Coruña,Logroño,16_25_R2,606.709,8.1024,7.2,mixta_demo,DATOS SINTÉTICOS DE DEMOSTRACIÓN,DEMO: generado localmente,2026-10-08
A Coruña,Logroño,16_25_R3,600.518,8.9363,0.0,economica_demo,DATOS SINTÉTICOS DE DEMOSTRACIÓN,DEMO: generado localmente,2026-10-08
A Coruña,León,16_26_R1,306.378,3.6266,0.0,rapida_demo,DATOS SINTÉTICOS DE DEMOSTRACIÓN,DEMO: generado localmente,2026-10-08
A Coruña,León,16_26_R2,300.25,4.0098,7.2,mixta_demo,DATOS SINTÉTICOS DE DEMOSTRACIÓN,DEMO: generado localmente,2026-10-08
A Coruña,León,16_26_R3,297.186,4.4224,0.0,economica_demo,DATOS SINTÉTICOS DE DEMOSTRACIÓN,DEMO: generado localmente,2026-10-08
A Coruña,Lleida,16_27_R1,955.857,11.3146,0.0,rapida_demo,DATOS SINTÉTICOS DE DEMOSTRACIÓN,DEMO: generado localmente,2026-10-08
A Coruña,Lleida,16_27_R2,936.74,12.5099,7.2,mixta_demo,DATOS SINTÉTICOS DE DEMOSTRACIÓN,DEMO: generado localmente,2026-10-08
A Coruña,Lleida,16_27_R3,927.182,13.7973,0.0,economica_demo,DATOS SINTÉTICOS DE DEMOSTRACIÓN,DEMO: generado localmente,2026-10-08
A Coruña,Lugo,16_28_R1,98.861,1.1702,0.0,rapida_demo,DATOS SINTÉTICOS DE DEMOSTRACIÓN,DEMO: generado localmente,2026-10-08
A Coruña,Lugo,16_28_R2,96.884,1.2939,7.2,mixta_demo,DATOS SINTÉTICOS DE DEMOSTRACIÓN,DEMO: generado localmente,2026-10-08
A Coruña,Lugo,16_28_R3,95.895,1.427,0.0,economica_demo,DATOS SINTÉTICOS DE DEMOSTRACIÓN,DEMO: generado localmente,2026-10-08
A Coruña,Madrid,16_29_R1,636.41,7.5333,0.0,rapida_demo,DATOS SINTÉTICOS DE DEMOSTRACIÓN,DEMO: generado localmente,2026-10-08
A Coruña,Madrid,16_29_R2,623.681,8.3291,7.2,mixta_demo,DATOS SINTÉTICOS DE DEMOSTRACIÓN,DEMO: generado localmente,2026-10-08
A Coruña,Madrid,16_29_R3,617.317,9.1863,0.0,economica_demo,DATOS SINTÉTICOS DE DEMOSTRACIÓN,DEMO: generado localmente,2026-10-08
A Coruña,Málaga,16_30_R1,1016.573,12.0333,0.0,rapida_demo,DATOS SINTÉTICOS DE DEMOSTRACIÓN,DEMO: generado localmente,2026-10-08
A Coruña,Málaga,16_30_R2,996.241,13.3045,7.2,mixta_demo,DATOS SINTÉTICOS DE DEMOSTRACIÓN,DEMO: generado localmente,2026-10-08
A Coruña,Málaga,16_30_R3,986.076,14.6737,0.0,economica_demo,DATOS SINTÉTICOS DE DEMOSTRACIÓN,DEMO: generado localmente,2026-10-08
A Coruña,Murcia,16_31_R1,1070.375,12.6702,0.0,rapida_demo,DATOS SINTÉTICOS DE DEMOSTRACIÓN,DEMO: generado localmente,2026-10-08
A Coruña,Murcia,16_31_R2,1048.967,14.0086,7.2,mixta_demo,DATOS SINTÉTICOS DE DEMOSTRACIÓN,DEMO: generado localmente,2026-10-08
A Coruña,Murcia,16_31_R3,1038.264,15.4504,0.0,economica_demo,DATOS SINTÉTICOS DE DEMOSTRACIÓN,DEMO: generado localmente,2026-10-08
A Coruña,Pamplona/Iruña,16_32_R1,689.346,8.1599,0.0,rapida_demo,DATOS SINTÉTICOS DE DEMOSTRACIÓN,DEMO: generado localmente,2026-10-08
A Coruña,Pamplona/Iruña,16_32_R2,675.559,9.0219,7.2,mixta_demo,DATOS SINTÉTICOS DE DEMOSTRACIÓN,DEMO: generado localmente,2026-10-08
A Coruña,Pamplona/Iruña,16_32_R3,668.665,9.9504,0.0,economica_demo,DATOS SINTÉTICOS DE DEMOSTRACIÓN,DEMO: generado localmente,2026-10-08
A Coruña,Ourense,16_33_R1,153.857,1.8212,0.0,rapida_demo,DATOS SINTÉTICOS DE DEMOSTRACIÓN,DEMO: generado localmente,2026-10-08
A Coruña,Ourense,16_33_R2,150.78,2.0136,7.2,mixta_demo,DATOS SINTÉTICOS DE DEMOSTRACIÓN,DEMO: generado localmente,2026-10-08
A Coruña,Ourense,16_33_R3,149.241,2.2209,0.0,economica_demo,DATOS SINTÉTICOS DE DEMOSTRACIÓN,DEMO: generado localmente,2026-10-08
A Coruña,Palencia,16_34_R1,437.554,5.1794,0.0,rapida_demo,DATOS SINTÉTICOS DE DEMOSTRACIÓN,DEMO: generado localmente,2026-10-08
A Coruña,Palencia,16_34_R2,428.803,5.7265,7.2,mixta_demo,DATOS SINTÉTICOS DE DEMOSTRACIÓN,DEMO: generado localmente,2026-10-08
A Coruña,Palencia,16_34_R3,424.428,6.3159,0.0,economica_demo,DATOS SINTÉTICOS DE DEMOSTRACIÓN,DEMO: generado localmente,2026-10-08
A Coruña,Pontevedra,16_35_R1,133.062,1.5751,0.0,rapida_demo,DATOS SINTÉTICOS DE DEMOSTRACIÓN,DEMO: generado localmente,2026-10-08
A Coruña,Pontevedra,16_35_R2,130.401,1.7415,7.2,mixta_demo,DATOS SINTÉTICOS DE DEMOSTRACIÓN,DEMO: generado localmente,2026-10-08
A Coruña,Pontevedra,16_35_R3,129.07,1.9207,0.0,economica_demo,DATOS SINTÉTICOS DE DEMOSTRACIÓN,DEMO: generado localmente,2026-10-08
A Coruña,Salamanca,16_36_R1,437.048,5.1734,0.0,rapida_demo,DATOS SINTÉTICOS DE DEMOSTRACIÓN,DEMO: generado localmente,2026-10-08
A Coruña,Salamanca,16_36_R2,428.308,5.7199,7.2,mixta_demo,DATOS SINTÉTICOS DE DEMOSTRACIÓN,DEMO: generado localmente,2026-10-08
A Coruña,Salamanca,16_36_R3,423.937,6.3086,0.0,economica_demo,DATOS SINTÉTICOS DE DEMOSTRACIÓN,DEMO: generado localmente,2026-10-08
A Coruña,Segovia,16_37_R1,553.878,6.5563,0.0,rapida_demo,DATOS SINTÉTICOS DE DEMOSTRACIÓN,DEMO: generado localmente,2026-10-08
A Coruña,Segovia,16_37_R2,542.8,7.2489,7.2,mixta_demo,DATOS SINTÉTICOS DE DEMOSTRACIÓN,DEMO: generado localmente,2026-10-08
A Coruña,Segovia,16_37_R3,537.262,7.995,0.0,economica_demo,DATOS SINTÉTICOS DE DEMOSTRACIÓN,DEMO: generado localmente,2026-10-08
A Coruña,Sevilla,16_38_R1,869.471,10.292,0.0,rapida_demo,DATOS SINTÉTICOS DE DEMOSTRACIÓN,DEMO: generado localmente,2026-10-08
A Coruña,Sevilla,16_38_R2,852.082,11.3793,7.2,mixta_demo,DATOS SINTÉTICOS DE DEMOSTRACIÓN,DEMO: generado localmente,2026-10-08
A Coruña,Sevilla,16_38_R3,843.387,12.5504,0.0,economica_demo,DATOS SINTÉTICOS DE DEMOSTRACIÓN,DEMO: generado localmente,2026-10-08
A Coruña,Soria,16_39_R1,646.88,7.6572,0.0,rapida_demo,DATOS SINTÉTICOS DE DEMOSTRACIÓN,DEMO: generado localmente,2026-10-08
A Coruña,Soria,16_39_R2,633.943,8.4661,7.2,mixta_demo,DATOS SINTÉTICOS DE DEMOSTRACIÓN,DEMO: generado localmente,2026-10-08
A Coruña,Soria,16_39_R3,627.474,9.3374,0.0,economica_demo,DATOS SINTÉTICOS DE DEMOSTRACIÓN,DEMO: generado localmente,2026-10-08
A Coruña,Tarragona,16_40_R1,1040.468,12.3161,0.0,rapida_demo,DATOS SINTÉTICOS DE DEMOSTRACIÓN,DEMO: generado localmente,2026-10-08
A Coruña,Tarragona,16_40_R2,1019.658,13.6172,7.2,mixta_demo,DATOS SINTÉTICOS DE DEMOSTRACIÓN,DEMO: generado localmente,2026-10-08
A Coruña,Tarragona,16_40_R3,1009.254,15.0187,0.0,economica_demo,DATOS SINTÉTICOS DE DEMOSTRACIÓN,DEMO: generado localmente,2026-10-08
A Coruña,Teruel,16_41_R1,863.447,10.2207,0.0,rapida_demo,DATOS SINTÉTICOS DE DEMOSTRACIÓN,DEMO: generado localmente,2026-10-08
A Coruña,Teruel,16_41_R2,846.178,11.3005,7.2,mixta_demo,DATOS SINTÉTICOS DE DEMOSTRACIÓN,DEMO: generado localmente,2026-10-08
A Coruña,Teruel,16_41_R3,837.544,12.4634,0.0,economica_demo,DATOS SINTÉTICOS DE DEMOSTRACIÓN,DEMO: generado localmente,2026-10-08
A Coruña,Toledo,16_42_R1,666.861,7.8937,0.0,rapida_demo,DATOS SINTÉTICOS DE DEMOSTRACIÓN,DEMO: generado localmente,2026-10-08
A Coruña,Toledo,16_42_R2,653.524,8.7276,7.2,mixta_demo,DATOS SINTÉTICOS DE DEMOSTRACIÓN,DEMO: generado localmente,2026-10-08
A Coruña,Toledo,16_42_R3,646.856,9.6258,0.0,economica_demo,DATOS SINTÉTICOS DE DEMOSTRACIÓN,DEMO: generado localmente,2026-10-08
A Coruña,Valencia,16_43_R1,995.565,11.7846,0.0,rapida_demo,DATOS SINTÉTICOS DE DEMOSTRACIÓN,DEMO: generado localmente,2026-10-08
A Coruña,Valencia,16_43_R2,975.653,13.0296,7.2,mixta_demo,DATOS SINTÉTICOS DE DEMOSTRACIÓN,DEMO: generado localmente,2026-10-08
A Coruña,Valencia,16_43_R3,965.698,14.3705,0.0,economica_demo,DATOS SINTÉTICOS DE DEMOSTRACIÓN,DEMO: generado localmente,2026-10-08
A Coruña,Valladolid,16_44_R1,445.192,5.2698,0.0,rapida_demo,DATOS SINTÉTICOS DE DEMOSTRACIÓN,DEMO: generado localmente,2026-10-08
A Coruña,Valladolid,16_44_R2,436.288,5.8265,7.2,mixta_demo,DATOS SINTÉTICOS DE DEMOSTRACIÓN,DEMO: generado localmente,2026-10-08
A Coruña,Valladolid,16_44_R3,431.836,6.4261,0.0,economica_demo,DATOS SINTÉTICOS DE DEMOSTRACIÓN,DEMO: generado localmente,2026-10-08
A Coruña,Zamora,16_45_R1,375.742,4.4477,0.0,rapida_demo,DATOS SINTÉTICOS DE DEMOSTRACIÓN,DEMO: generado localmente,2026-10-08
A Coruña,Zamora,16_45_R2,368.227,4.9176,7.2,mixta_demo,DATOS SINTÉTICOS DE DEMOSTRACIÓN,DEMO: generado localmente,2026-10-08
A Coruña,Zamora,16_45_R3,364.469,5.4237,0.0,economica_demo,DATOS SINTÉTICOS DE DEMOSTRACIÓN,DEMO: generado localmente,2026-10-08
A Coruña,Zaragoza,16_46_R1,806.016,9.5409,0.0,rapida_demo,DATOS SINTÉTICOS DE DEMOSTRACIÓN,DEMO: generado localmente,2026-10-08
A Coruña,Zaragoza,16_46_R2,789.896,10.5488,7.2,mixta_demo,DATOS SINTÉTICOS DE DEMOSTRACIÓN,DEMO: generado localmente,2026-10-08
A Coruña,Zaragoza,16_46_R3,781.836,11.6345,0.0,economica_demo,DATOS SINTÉTICOS DE DEMOSTRACIÓN,DEMO: generado localmente,2026-10-08
Cuenca,Donostia/San Sebastián,17_18_R1,451.098,5.3397,0.0,rapida_demo,DATOS SINTÉTICOS DE DEMOSTRACIÓN,DEMO: generado localmente,2026-10-08
Cuenca,Donostia/San Sebastián,17_18_R2,442.076,5.9038,7.2,mixta_demo,DATOS SINTÉTICOS DE DEMOSTRACIÓN,DEMO: generado localmente,2026-10-08
Cuenca,Donostia/San Sebastián,17_18_R3,437.565,6.5114,0.0,economica_demo,DATOS SINTÉTICOS DE DEMOSTRACIÓN,DEMO: generado localmente,2026-10-08
Cuenca,Girona,17_19_R1,582.99,6.9009,0.0,rapida_demo,DATOS SINTÉTICOS DE DEMOSTRACIÓN,DEMO: generado localmente,2026-10-08
Cuenca,Girona,17_19_R2,571.331,7.6299,7.2,mixta_demo,DATOS SINTÉTICOS DE DEMOSTRACIÓN,DEMO: generado localmente,2026-10-08
Cuenca,Girona,17_19_R3,565.501,8.4152,0.0,economica_demo,DATOS SINTÉTICOS DE DEMOSTRACIÓN,DEMO: generado localmente,2026-10-08
Cuenca,Granada,17_20_R1,433.923,5.1364,0.0,rapida_demo,DATOS SINTÉTICOS DE DEMOSTRACIÓN,DEMO: generado localmente,2026-10-08
Cuenca,Granada,17_20_R2,425.244,5.679,7.2,mixta_demo,DATOS SINTÉTICOS DE DEMOSTRACIÓN,DEMO: generado localmente,2026-10-08
Cuenca,Granada,17_20_R3,420.905,6.2635,0.0,economica_demo,DATOS SINTÉTICOS DE DEMOSTRACIÓN,DEMO: generado localmente,2026-10-08
Cuenca,Guadalajara,17_21_R1,134.308,1.5898,0.0,rapida_demo,DATOS SINTÉTICOS DE DEMOSTRACIÓN,DEMO: generado localmente,2026-10-08
Cuenca,Guadalajara,17_21_R2,131.622,1.7578,7.2,mixta_demo,DATOS SINTÉTICOS DE DEMOSTRACIÓN,DEMO: generado localmente,2026-10-08
Cuenca,Guadalajara,17_21_R3,130.279,1.9387,0.0,economica_demo,DATOS SINTÉTICOS DE DEMOSTRACIÓN,DEMO: generado localmente,2026-10-08
Cuenca,Huelva,17_22_R1,653.542,7.7361,0.0,rapida_demo,DATOS SINTÉTICOS DE DEMOSTRACIÓN,DEMO: generado localmente,2026-10-08
Cuenca,Huelva,17_22_R2,640.471,8.5533,7.2,mixta_demo,DATOS SINTÉTICOS DE DEMOSTRACIÓN,DEMO: generado localmente,2026-10-08
Cuenca,Huelva,17_22_R3,633.936,9.4336,0.0,economica_demo,DATOS SINTÉTICOS DE DEMOSTRACIÓN,DEMO: generado localmente,2026-10-08
Cuenca,Huesca,17_23_R1,338.641,4.0085,0.0,rapida_demo,DATOS SINTÉTICOS DE DEMOSTRACIÓN,DEMO: generado localmente,2026-10-08
Cuenca,Huesca,17_23_R2,331.868,4.432,7.2,mixta_demo,DATOS SINTÉTICOS DE DEMOSTRACIÓN,DEMO: generado localmente,2026-10-08
Cuenca,Huesca,17_23_R3,328.482,4.8881,0.0,economica_demo,DATOS SINTÉTICOS DE DEMOSTRACIÓN,DEMO: generado localmente,2026-10-08
Cuenca,Jaén,17_24_R1,368.27,4.3593,0.0,rapida_demo,DATOS SINTÉTICOS DE DEMOSTRACIÓN,DEMO: generado localmente,2026-10-08
Cuenca,Jaén,17_24_R2,360.904,4.8198,7.2,mixta_demo,DATOS SINTÉTICOS DE DEMOSTRACIÓN,DEMO: generado localmente,2026-10-08
Cuenca,Jaén,17_24_R3,357.222,5.3158,0.0,economica_demo,DATOS SINTÉTICOS DE DEMOSTRACIÓN,DEMO: generado localmente,2026-10-08
Cuenca,Logroño,17_25_R1,333.545,3.9482,0.0,rapida_demo,DATOS SINTÉTICOS DE DEMOSTRACIÓN,DEMO: generado localmente,2026-10-08
Cuenca,Logroño,17_25_R2,326.874,4.3653,7.2,mixta_demo,DATOS SINTÉTICOS DE DEMOSTRACIÓN,DEMO: generado localmente,2026-10-08
Cuenca,Logroño,17_25_R3,323.539,4.8146,0.0,economica_demo,DATOS SINTÉTICOS DE DEMOSTRACIÓN,DEMO: generado localmente,2026-10-08
Cuenca,León,17_26_R1,501.766,5.9395,0.0,rapida_demo,DATOS SINTÉTICOS DE DEMOSTRACIÓN,DEMO: generado localmente,2026-10-08
Cuenca,León,17_26_R2,491.731,6.5669,7.2,mixta_demo,DATOS SINTÉTICOS DE DEMOSTRACIÓN,DEMO: generado localmente,2026-10-08
Cuenca,León,17_26_R3,486.713,7.2428,0.0,economica_demo,DATOS SINTÉTICOS DE DEMOSTRACIÓN,DEMO: generado localmente,2026-10-08
Cuenca,Lleida,17_27_R1,360.038,4.2618,0.0,rapida_demo,DATOS SINTÉTICOS DE DEMOSTRACIÓN,DEMO: generado localmente,2026-10-08
Cuenca,Lleida,17_27_R2,352.837,4.712,7.2,mixta_demo,DATOS SINTÉTICOS DE DEMOSTRACIÓN,DEMO: generado localmente,2026-10-08
Cuenca,Lleida,17_27_R3,349.237,5.197,0.0,economica_demo,DATOS SINTÉTICOS DE DEMOSTRACIÓN,DEMO: generado localmente,2026-10-08
Cuenca,Lugo,17_28_R1,695.937,8.2379,0.0,rapida_demo,DATOS SINTÉTICOS DE DEMOSTRACIÓN,DEMO: generado localmente,2026-10-08
Cuenca,Lugo,17_28_R2,682.018,9.1082,7.2,mixta_demo,DATOS SINTÉTICOS DE DEMOSTRACIÓN,DEMO: generado localmente,2026-10-08
Cuenca,Lugo,17_28_R3,675.059,10.0455,0.0,economica_demo,DATOS SINTÉTICOS DE DEMOSTRACIÓN,DEMO: generado localmente,2026-10-08
Cuenca,Madrid,17_29_R1,172.346,2.0401,0.0,rapida_demo,DATOS SINTÉTICOS DE DEMOSTRACIÓN,DEMO: generado localmente,2026-10-08
Cuenca,Madrid,17_29_R2,168.9,2.2556,7.2,mixta_demo,DATOS SINTÉTICOS DE DEMOSTRACIÓN,DEMO: generado localmente,2026-10-08
Cuenca,Madrid,17_29_R3,167.176,2.4877,0.0,economica_demo,DATOS SINTÉTICOS DE DEMOSTRACIÓN,DEMO: generado localmente,2026-10-08
Cuenca,Málaga,17_30_R1,528.855,6.2601,0.0,rapida_demo,DATOS SINTÉTICOS DE DEMOSTRACIÓN,DEMO: generado localmente,2026-10-08
Cuenca,Málaga,17_30_R2,518.278,6.9214,7.2,mixta_demo,DATOS SINTÉTICOS DE DEMOSTRACIÓN,DEMO: generado localmente,2026-10-08
Cuenca,Málaga,17_30_R3,512.989,7.6338,0.0,economica_demo,DATOS SINTÉTICOS DE DEMOSTRACIÓN,DEMO: generado localmente,2026-10-08
Cuenca,Murcia,17_31_R1,310.475,3.6751,0.0,rapida_demo,DATOS SINTÉTICOS DE DEMOSTRACIÓN,DEMO: generado localmente,2026-10-08
Cuenca,Murcia,17_31_R2,304.265,4.0634,7.2,mixta_demo,DATOS SINTÉTICOS DE DEMOSTRACIÓN,DEMO: generado localmente,2026-10-08
Cuenca,Murcia,17_31_R3,301.161,4.4816,0.0,economica_demo,DATOS SINTÉTICOS DE DEMOSTRACIÓN,DEMO: generado localmente,2026-10-08
Cuenca,Pamplona/Iruña,17_32_R1,384.285,4.5488,0.0,rapida_demo,DATOS SINTÉTICOS DE DEMOSTRACIÓN,DEMO: generado localmente,2026-10-08
Cuenca,Pamplona/Iruña,17_32_R2,376.6,5.0294,7.2,mixta_demo,DATOS SINTÉTICOS DE DEMOSTRACIÓN,DEMO: generado localmente,2026-10-08
Cuenca,Pamplona/Iruña,17_32_R3,372.757,5.547,0.0,economica_demo,DATOS SINTÉTICOS DE DEMOSTRACIÓN,DEMO: generado localmente,2026-10-08
Cuenca,Ourense,17_33_R1,676.524,8.0081,0.0,rapida_demo,DATOS SINTÉTICOS DE DEMOSTRACIÓN,DEMO: generado localmente,2026-10-08
Cuenca,Ourense,17_33_R2,662.994,8.8541,7.2,mixta_demo,DATOS SINTÉTICOS DE DEMOSTRACIÓN,DEMO: generado localmente,2026-10-08
Cuenca,Ourense,17_33_R3,656.229,9.7653,0.0,economica_demo,DATOS SINTÉTICOS DE DEMOSTRACIÓN,DEMO: generado localmente,2026-10-08
Cuenca,Palencia,17_34_R1,368.271,4.3593,0.0,rapida_demo,DATOS SINTÉTICOS DE DEMOSTRACIÓN,DEMO: generado localmente,2026-10-08
Cuenca,Palencia,17_34_R2,360.905,4.8198,7.2,mixta_demo,DATOS SINTÉTICOS DE DEMOSTRACIÓN,DEMO: generado localmente,2026-10-08
Cuenca,Palencia,17_34_R3,357.223,5.3158,0.0,economica_demo,DATOS SINTÉTICOS DE DEMOSTRACIÓN,DEMO: generado localmente,2026-10-08
Cuenca,Pontevedra,17_35_R1,755.207,8.9395,0.0,rapida_demo,DATOS SINTÉTICOS DE DEMOSTRACIÓN,DEMO: generado localmente,2026-10-08
Cuenca,Pontevedra,17_35_R2,740.103,9.8839,7.2,mixta_demo,DATOS SINTÉTICOS DE DEMOSTRACIÓN,DEMO: generado localmente,2026-10-08
Cuenca,Pontevedra,17_35_R3,732.551,10.9011,0.0,economica_demo,DATOS SINTÉTICOS DE DEMOSTRACIÓN,DEMO: generado localmente,2026-10-08
Cuenca,Salamanca,17_36_R1,393.169,4.654,0.0,rapida_demo,DATOS SINTÉTICOS DE DEMOSTRACIÓN,DEMO: generado localmente,2026-10-08
Cuenca,Salamanca,17_36_R2,385.306,5.1456,7.2,mixta_demo,DATOS SINTÉTICOS DE DEMOSTRACIÓN,DEMO: generado localmente,2026-10-08
Cuenca,Salamanca,17_36_R3,381.374,5.6752,0.0,economica_demo,DATOS SINTÉTICOS DE DEMOSTRACIÓN,DEMO: generado localmente,2026-10-08
Cuenca,Segovia,17_37_R1,243.131,2.878,0.0,rapida_demo,DATOS SINTÉTICOS DE DEMOSTRACIÓN,DEMO: generado localmente,2026-10-08
Cuenca,Segovia,17_37_R2,238.268,3.182,7.2,mixta_demo,DATOS SINTÉTICOS DE DEMOSTRACIÓN,DEMO: generado localmente,2026-10-08
Cuenca,Segovia,17_37_R3,235.837,3.5095,0.0,economica_demo,DATOS SINTÉTICOS DE DEMOSTRACIÓN,DEMO: generado localmente,2026-10-08
Cuenca,Sevilla,17_38_R1,561.383,6.6452,0.0,rapida_demo,DATOS SINTÉTICOS DE DEMOSTRACIÓN,DEMO: generado localmente,2026-10-08
Cuenca,Sevilla,17_38_R2,550.155,7.3472,7.2,mixta_demo,DATOS SINTÉTICOS DE DEMOSTRACIÓN,DEMO: generado localmente,2026-10-08
Cuenca,Sevilla,17_38_R3,544.541,8.1033,0.0,economica_demo,DATOS SINTÉTICOS DE DEMOSTRACIÓN,DEMO: generado localmente,2026-10-08
Cuenca,Soria,17_39_R1,236.841,2.8035,0.0,rapida_demo,DATOS SINTÉTICOS DE DEMOSTRACIÓN,DEMO: generado localmente,2026-10-08
Cuenca,Soria,17_39_R2,232.104,3.0997,7.2,mixta_demo,DATOS SINTÉTICOS DE DEMOSTRACIÓN,DEMO: generado localmente,2026-10-08
Cuenca,Soria,17_39_R3,229.736,3.4187,0.0,economica_demo,DATOS SINTÉTICOS DE DEMOSTRACIÓN,DEMO: generado localmente,2026-10-08
Cuenca,Tarragona,17_40_R1,385.252,4.5603,0.0,rapida_demo,DATOS SINTÉTICOS DE DEMOSTRACIÓN,DEMO: generado localmente,2026-10-08
Cuenca,Tarragona,17_40_R2,377.547,5.042,7.2,mixta_demo,DATOS SINTÉTICOS DE DEMOSTRACIÓN,DEMO: generado localmente,2026-10-08
Cuenca,Tarragona,17_40_R3,373.695,5.5609,0.0,economica_demo,DATOS SINTÉTICOS DE DEMOSTRACIÓN,DEMO: generado localmente,2026-10-08
Cuenca,Teruel,17_41_R1,114.599,1.3565,0.0,rapida_demo,DATOS SINTÉTICOS DE DEMOSTRACIÓN,DEMO: generado localmente,2026-10-08
Cuenca,Teruel,17_41_R2,112.307,1.4998,7.2,mixta_demo,DATOS SINTÉTICOS DE DEMOSTRACIÓN,DEMO: generado localmente,2026-10-08
Cuenca,Teruel,17_41_R3,111.161,1.6542,0.0,economica_demo,DATOS SINTÉTICOS DE DEMOSTRACIÓN,DEMO: generado localmente,2026-10-08
Cuenca,Toledo,17_42_R1,204.216,2.4173,0.0,rapida_demo,DATOS SINTÉTICOS DE DEMOSTRACIÓN,DEMO: generado localmente,2026-10-08
Cuenca,Toledo,17_42_R2,200.132,2.6727,7.2,mixta_demo,DATOS SINTÉTICOS DE DEMOSTRACIÓN,DEMO: generado localmente,2026-10-08
Cuenca,Toledo,17_42_R3,198.09,2.9478,0.0,economica_demo,DATOS SINTÉTICOS DE DEMOSTRACIÓN,DEMO: generado localmente,2026-10-08
Cuenca,Valencia,17_43_R1,205.414,2.4315,0.0,rapida_demo,DATOS SINTÉTICOS DE DEMOSTRACIÓN,DEMO: generado localmente,2026-10-08
Cuenca,Valencia,17_43_R2,201.306,2.6884,7.2,mixta_demo,DATOS SINTÉTICOS DE DEMOSTRACIÓN,DEMO: generado localmente,2026-10-08
Cuenca,Valencia,17_43_R3,199.252,2.9651,0.0,economica_demo,DATOS SINTÉTICOS DE DEMOSTRACIÓN,DEMO: generado localmente,2026-10-08
Cuenca,Valladolid,17_44_R1,349.992,4.1429,0.0,rapida_demo,DATOS SINTÉTICOS DE DEMOSTRACIÓN,DEMO: generado localmente,2026-10-08
Cuenca,Valladolid,17_44_R2,342.992,4.5806,7.2,mixta_demo,DATOS SINTÉTICOS DE DEMOSTRACIÓN,DEMO: generado localmente,2026-10-08
Cuenca,Valladolid,17_44_R3,339.492,5.052,0.0,economica_demo,DATOS SINTÉTICOS DE DEMOSTRACIÓN,DEMO: generado localmente,2026-10-08
Cuenca,Zamora,17_45_R1,429.084,5.0791,0.0,rapida_demo,DATOS SINTÉTICOS DE DEMOSTRACIÓN,DEMO: generado localmente,2026-10-08
Cuenca,Zamora,17_45_R2,420.502,5.6157,7.2,mixta_demo,DATOS SINTÉTICOS DE DEMOSTRACIÓN,DEMO: generado localmente,2026-10-08
Cuenca,Zamora,17_45_R3,416.212,6.1936,0.0,economica_demo,DATOS SINTÉTICOS DE DEMOSTRACIÓN,DEMO: generado localmente,2026-10-08
Cuenca,Zaragoza,17_46_R1,255.859,3.0286,0.0,rapida_demo,DATOS SINTÉTICOS DE DEMOSTRACIÓN,DEMO: generado localmente,2026-10-08
Cuenca,Zaragoza,17_46_R2,250.742,3.3486,7.2,mixta_demo,DATOS SINTÉTICOS DE DEMOSTRACIÓN,DEMO: generado localmente,2026-10-08
Cuenca,Zaragoza,17_46_R3,248.183,3.6932,0.0,economica_demo,DATOS SINTÉTICOS DE DEMOSTRACIÓN,DEMO: generado localmente,2026-10-08
Donostia/San Sebastián,Girona,18_19_R1,525.677,6.2225,0.0,rapida_demo,DATOS SINTÉTICOS DE DEMOSTRACIÓN,DEMO: generado localmente,2026-10-08
Donostia/San Sebastián,Girona,18_19_R2,515.164,6.8799,7.2,mixta_demo,DATOS SINTÉTICOS DE DEMOSTRACIÓN,DEMO: generado localmente,2026-10-08
Donostia/San Sebastián,Girona,18_19_R3,509.907,7.5879,0.0,economica_demo,DATOS SINTÉTICOS DE DEMOSTRACIÓN,DEMO: generado localmente,2026-10-08
Donostia/San Sebastián,Granada,18_20_R1,871.342,10.3142,0.0,rapida_demo,DATOS SINTÉTICOS DE DEMOSTRACIÓN,DEMO: generado localmente,2026-10-08
Donostia/San Sebastián,Granada,18_20_R2,853.915,11.4038,7.2,mixta_demo,DATOS SINTÉTICOS DE DEMOSTRACIÓN,DEMO: generado localmente,2026-10-08
Donostia/San Sebastián,Granada,18_20_R3,845.201,12.5774,0.0,economica_demo,DATOS SINTÉTICOS DE DEMOSTRACIÓN,DEMO: generado localmente,2026-10-08
Donostia/San Sebastián,Guadalajara,18_21_R1,393.038,4.6524,0.0,rapida_demo,DATOS SINTÉTICOS DE DEMOSTRACIÓN,DEMO: generado localmente,2026-10-08
Donostia/San Sebastián,Guadalajara,18_21_R2,385.177,5.1439,7.2,mixta_demo,DATOS SINTÉTICOS DE DEMOSTRACIÓN,DEMO: generado localmente,2026-10-08
Donostia/San Sebastián,Guadalajara,18_21_R3,381.247,5.6733,0.0,economica_demo,DATOS SINTÉTICOS DE DEMOSTRACIÓN,DEMO: generado localmente,2026-10-08
Donostia/San Sebastián,Huelva,18_22_R1,993.341,11.7583,0.0,rapida_demo,DATOS SINTÉTICOS DE DEMOSTRACIÓN,DEMO: generado localmente,2026-10-08
Donostia/San Sebastián,Huelva,18_22_R2,973.474,13.0005,7.2,mixta_demo,DATOS SINTÉTICOS DE DEMOSTRACIÓN,DEMO: generado localmente,2026-10-08
Donostia/San Sebastián,Huelva,18_22_R3,963.54,14.3384,0.0,economica_demo,DATOS SINTÉTICOS DE DEMOSTRACIÓN,DEMO: generado localmente,2026-10-08
Donostia/San Sebastián,Huesca,18_23_R1,229.892,2.7213,0.0,rapida_demo,DATOS SINTÉTICOS DE DEMOSTRACIÓN,DEMO: generado localmente,2026-10-08
Donostia/San Sebastián,Huesca,18_23_R2,225.294,3.0087,7.2,mixta_demo,DATOS SINTÉTICOS DE DEMOSTRACIÓN,DEMO: generado localmente,2026-10-08
Donostia/San Sebastián,Huesca,18_23_R3,222.995,3.3184,0.0,economica_demo,DATOS SINTÉTICOS DE DEMOSTRACIÓN,DEMO: generado localmente,2026-10-08
Donostia/San Sebastián,Jaén,18_24_R1,795.508,9.4165,0.0,rapida_demo,DATOS SINTÉTICOS DE DEMOSTRACIÓN,DEMO: generado localmente,2026-10-08
Donostia/San Sebastián,Jaén,18_24_R2,779.598,10.4113,7.2,mixta_demo,DATOS SINTÉTICOS DE DEMOSTRACIÓN,DEMO: generado localmente,2026-10-08
Donostia/San Sebastián,Jaén,18_24_R3,771.643,11.4828,0.0,economica_demo,DATOS SINTÉTICOS DE DEMOSTRACIÓN,DEMO: generado localmente,2026-10-08
Donostia/San Sebastián,Logroño,18_25_R1,127.519,1.5095,0.0,rapida_demo,DATOS SINTÉTICOS DE DEMOSTRACIÓN,DEMO: generado localmente,2026-10-08
Donostia/San Sebastián,Logroño,18_25_R2,124.969,1.6689,7.2,mixta_demo,DATOS SINTÉTICOS DE DEMOSTRACIÓN,DEMO: generado localmente,2026-10-08
Donostia/San Sebastián,Logroño,18_25_R3,123.694,1.8407,0.0,economica_demo,DATOS SINTÉTICOS DE DEMOSTRACIÓN,DEMO: generado localmente,2026-10-08
Donostia/San Sebastián,León,18_26_R1,378.603,4.4816,0.0,rapida_demo,DATOS SINTÉTICOS DE DEMOSTRACIÓN,DEMO: generado localmente,2026-10-08
Donostia/San Sebastián,León,18_26_R2,371.031,4.955,7.2,mixta_demo,DATOS SINTÉTICOS DE DEMOSTRACIÓN,DEMO: generado localmente,2026-10-08
Donostia/San Sebastián,León,18_26_R3,367.245,5.465,0.0,economica_demo,DATOS SINTÉTICOS DE DEMOSTRACIÓN,DEMO: generado localmente,2026-10-08
Donostia/San Sebastián,Lleida,18_27_R1,357.774,4.235,0.0,rapida_demo,DATOS SINTÉTICOS DE DEMOSTRACIÓN,DEMO: generado localmente,2026-10-08
Donostia/San Sebastián,Lleida,18_27_R2,350.618,4.6824,7.2,mixta_demo,DATOS SINTÉTICOS DE DEMOSTRACIÓN,DEMO: generado localmente,2026-10-08
Donostia/San Sebastián,Lleida,18_27_R3,347.041,5.1643,0.0,economica_demo,DATOS SINTÉTICOS DE DEMOSTRACIÓN,DEMO: generado localmente,2026-10-08
Donostia/San Sebastián,Lugo,18_28_R1,566.222,6.7024,0.0,rapida_demo,DATOS SINTÉTICOS DE DEMOSTRACIÓN,DEMO: generado localmente,2026-10-08
Donostia/San Sebastián,Lugo,18_28_R2,554.898,7.4105,7.2,mixta_demo,DATOS SINTÉTICOS DE DEMOSTRACIÓN,DEMO: generado localmente,2026-10-08
Donostia/San Sebastián,Lugo,18_28_R3,549.236,8.1731,0.0,economica_demo,DATOS SINTÉTICOS DE DEMOSTRACIÓN,DEMO: generado localmente,2026-10-08
Donostia/San Sebastián,Madrid,18_29_R1,440.363,5.2126,0.0,rapida_demo,DATOS SINTÉTICOS DE DEMOSTRACIÓN,DEMO: generado localmente,2026-10-08
Donostia/San Sebastián,Madrid,18_29_R2,431.555,5.7633,7.2,mixta_demo,DATOS SINTÉTICOS DE DEMOSTRACIÓN,DEMO: generado localmente,2026-10-08
Donostia/San Sebastián,Madrid,18_29_R3,427.152,6.3564,0.0,economica_demo,DATOS SINTÉTICOS DE DEMOSTRACIÓN,DEMO: generado localmente,2026-10-08
Donostia/San Sebastián,Málaga,18_30_R1,953.15,11.2826,0.0,rapida_demo,DATOS SINTÉTICOS DE DEMOSTRACIÓN,DEMO: generado localmente,2026-10-08
Donostia/San Sebastián,Málaga,18_30_R2,934.087,12.4745,7.2,mixta_demo,DATOS SINTÉTICOS DE DEMOSTRACIÓN,DEMO: generado localmente,2026-10-08
Donostia/San Sebastián,Málaga,18_30_R3,924.555,13.7583,0.0,economica_demo,DATOS SINTÉTICOS DE DEMOSTRACIÓN,DEMO: generado localmente,2026-10-08
Donostia/San Sebastián,Murcia,18_31_R1,747.409,8.8472,0.0,rapida_demo,DATOS SINTÉTICOS DE DEMOSTRACIÓN,DEMO: generado localmente,2026-10-08
Donostia/San Sebastián,Murcia,18_31_R2,732.461,9.7818,7.2,mixta_demo,DATOS SINTÉTICOS DE DEMOSTRACIÓN,DEMO: generado localmente,2026-10-08
Donostia/San Sebastián,Murcia,18_31_R3,724.987,10.7885,0.0,economica_demo,DATOS SINTÉTICOS DE DEMOSTRACIÓN,DEMO: generado localmente,2026-10-08
Donostia/San Sebastián,Pamplona/Iruña,18_32_R1,78.027,0.9236,0.0,rapida_demo,DATOS SINTÉTICOS DE DEMOSTRACIÓN,DEMO: generado localmente,2026-10-08
Donostia/San Sebastián,Pamplona/Iruña,18_32_R2,76.466,1.0212,7.2,mixta_demo,DATOS SINTÉTICOS DE DEMOSTRACIÓN,DEMO: generado localmente,2026-10-08
Donostia/San Sebastián,Pamplona/Iruña,18_32_R3,75.686,1.1263,0.0,economica_demo,DATOS SINTÉTICOS DE DEMOSTRACIÓN,DEMO: generado localmente,2026-10-08
Donostia/San Sebastián,Ourense,18_33_R1,614.525,7.2742,0.0,rapida_demo,DATOS SINTÉTICOS DE DEMOSTRACIÓN,DEMO: generado localmente,2026-10-08
Donostia/San Sebastián,Ourense,18_33_R2,602.234,8.0427,7.2,mixta_demo,DATOS SINTÉTICOS DE DEMOSTRACIÓN,DEMO: generado localmente,2026-10-08
Donostia/San Sebastián,Ourense,18_33_R3,596.089,8.8704,0.0,economica_demo,DATOS SINTÉTICOS DE DEMOSTRACIÓN,DEMO: generado localmente,2026-10-08
Donostia/San Sebastián,Palencia,18_34_R1,317.688,3.7605,0.0,rapida_demo,DATOS SINTÉTICOS DE DEMOSTRACIÓN,DEMO: generado localmente,2026-10-08
Donostia/San Sebastián,Palencia,18_34_R2,311.334,4.1578,7.2,mixta_demo,DATOS SINTÉTICOS DE DEMOSTRACIÓN,DEMO: generado localmente,2026-10-08
Donostia/San Sebastián,Palencia,18_34_R3,308.158,4.5857,0.0,economica_demo,DATOS SINTÉTICOS DE DEMOSTRACIÓN,DEMO: generado localmente,2026-10-08
Donostia/San Sebastián,Pontevedra,18_35_R1,689.46,8.1612,0.0,rapida_demo,DATOS SINTÉTICOS DE DEMOSTRACIÓN,DEMO: generado localmente,2026-10-08
Donostia/San Sebastián,Pontevedra,18_35_R2,675.671,9.0234,7.2,mixta_demo,DATOS SINTÉTICOS DE DEMOSTRACIÓN,DEMO: generado localmente,2026-10-08
Donostia/San Sebastián,Pontevedra,18_35_R3,668.776,9.952,0.0,economica_demo,DATOS SINTÉTICOS DE DEMOSTRACIÓN,DEMO: generado localmente,2026-10-08
Donostia/San Sebastián,Salamanca,18_36_R1,500.818,5.9282,0.0,rapida_demo,DATOS SINTÉTICOS DE DEMOSTRACIÓN,DEMO: generado localmente,2026-10-08
Donostia/San Sebastián,Salamanca,18_36_R2,490.801,6.5545,7.2,mixta_demo,DATOS SINTÉTICOS DE DEMOSTRACIÓN,DEMO: generado localmente,2026-10-08
Donostia/San Sebastián,Salamanca,18_36_R3,485.793,7.2291,0.0,economica_demo,DATOS SINTÉTICOS DE DEMOSTRACIÓN,DEMO: generado localmente,2026-10-08
Donostia/San Sebastián,Segovia,18_37_R1,396.434,4.6926,0.0,rapida_demo,DATOS SINTÉTICOS DE DEMOSTRACIÓN,DEMO: generado localmente,2026-10-08
Donostia/San Sebastián,Segovia,18_37_R2,388.505,5.1884,7.2,mixta_demo,DATOS SINTÉTICOS DE DEMOSTRACIÓN,DEMO: generado localmente,2026-10-08
Donostia/San Sebastián,Segovia,18_37_R3,384.541,5.7223,0.0,economica_demo,DATOS SINTÉTICOS DE DEMOSTRACIÓN,DEMO: generado localmente,2026-10-08
Donostia/San Sebastián,Sevilla,18_38_R1,927.238,10.9758,0.0,rapida_demo,DATOS SINTÉTICOS DE DEMOSTRACIÓN,DEMO: generado localmente,2026-10-08
Donostia/San Sebastián,Sevilla,18_38_R2,908.693,12.1353,7.2,mixta_demo,DATOS SINTÉTICOS DE DEMOSTRACIÓN,DEMO: generado localmente,2026-10-08
Donostia/San Sebastián,Sevilla,18_38_R3,899.42,13.3842,0.0,economica_demo,DATOS SINTÉTICOS DE DEMOSTRACIÓN,DEMO: generado localmente,2026-10-08
Donostia/San Sebastián,Soria,18_39_R1,222.089,2.6289,0.0,rapida_demo,DATOS SINTÉTICOS DE DEMOSTRACIÓN,DEMO: generado localmente,2026-10-08
Donostia/San Sebastián,Soria,18_39_R2,217.647,2.9066,7.2,mixta_demo,DATOS SINTÉTICOS DE DEMOSTRACIÓN,DEMO: generado localmente,2026-10-08
Donostia/San Sebastián,Soria,18_39_R3,215.426,3.2057,0.0,economica_demo,DATOS SINTÉTICOS DE DEMOSTRACIÓN,DEMO: generado localmente,2026-10-08
Donostia/San Sebastián,Tarragona,18_40_R1,452.782,5.3596,0.0,rapida_demo,DATOS SINTÉTICOS DE DEMOSTRACIÓN,DEMO: generado localmente,2026-10-08
Donostia/San Sebastián,Tarragona,18_40_R2,443.727,5.9258,7.2,mixta_demo,DATOS SINTÉTICOS DE DEMOSTRACIÓN,DEMO: generado localmente,2026-10-08
Donostia/San Sebastián,Tarragona,18_40_R3,439.199,6.5357,0.0,economica_demo,DATOS SINTÉTICOS DE DEMOSTRACIÓN,DEMO: generado localmente,2026-10-08
Donostia/San Sebastián,Teruel,18_41_R1,423.776,5.0163,0.0,rapida_demo,DATOS SINTÉTICOS DE DEMOSTRACIÓN,DEMO: generado localmente,2026-10-08
Donostia/San Sebastián,Teruel,18_41_R2,415.3,5.5462,7.2,mixta_demo,DATOS SINTÉTICOS DE DEMOSTRACIÓN,DEMO: generado localmente,2026-10-08
Donostia/San Sebastián,Teruel,18_41_R3,411.062,6.117,0.0,economica_demo,DATOS SINTÉTICOS DE DEMOSTRACIÓN,DEMO: generado localmente,2026-10-08
Donostia/San Sebastián,Toledo,18_42_R1,526.177,6.2284,0.0,rapida_demo,DATOS SINTÉTICOS DE DEMOSTRACIÓN,DEMO: generado localmente,2026-10-08
Donostia/San Sebastián,Toledo,18_42_R2,515.654,6.8864,7.2,mixta_demo,DATOS SINTÉTICOS DE DEMOSTRACIÓN,DEMO: generado localmente,2026-10-08
Donostia/San Sebastián,Toledo,18_42_R3,510.392,7.5951,0.0,economica_demo,DATOS SINTÉTICOS DE DEMOSTRACIÓN,DEMO: generado localmente,2026-10-08
Donostia/San Sebastián,Valencia,18_43_R1,560.969,6.6403,0.0,rapida_demo,DATOS SINTÉTICOS DE DEMOSTRACIÓN,DEMO: generado localmente,2026-10-08
Donostia/San Sebastián,Valencia,18_43_R2,549.75,7.3417,7.2,mixta_demo,DATOS SINTÉTICOS DE DEMOSTRACIÓN,DEMO: generado localmente,2026-10-08
Donostia/San Sebastián,Valencia,18_43_R3,544.14,8.0973,0.0,economica_demo,DATOS SINTÉTICOS DE DEMOSTRACIÓN,DEMO: generado localmente,2026-10-08
Donostia/San Sebastián,Valladolid,18_44_R1,364.463,4.3142,0.0,rapida_demo,DATOS SINTÉTICOS DE DEMOSTRACIÓN,DEMO: generado localmente,2026-10-08
Donostia/San Sebastián,Valladolid,18_44_R2,357.174,4.7699,7.2,mixta_demo,DATOS SINTÉTICOS DE DEMOSTRACIÓN,DEMO: generado localmente,2026-10-08
Donostia/San Sebastián,Valladolid,18_44_R3,353.529,5.2608,0.0,economica_demo,DATOS SINTÉTICOS DE DEMOSTRACIÓN,DEMO: generado localmente,2026-10-08
Donostia/San Sebastián,Zamora,18_45_R1,461.238,5.4597,0.0,rapida_demo,DATOS SINTÉTICOS DE DEMOSTRACIÓN,DEMO: generado localmente,2026-10-08
Donostia/San Sebastián,Zamora,18_45_R2,452.014,6.0365,7.2,mixta_demo,DATOS SINTÉTICOS DE DEMOSTRACIÓN,DEMO: generado localmente,2026-10-08
Donostia/San Sebastián,Zamora,18_45_R3,447.401,6.6578,0.0,economica_demo,DATOS SINTÉTICOS DE DEMOSTRACIÓN,DEMO: generado localmente,2026-10-08
Donostia/San Sebastián,Zaragoza,18_46_R1,257.838,3.0521,0.0,rapida_demo,DATOS SINTÉTICOS DE DEMOSTRACIÓN,DEMO: generado localmente,2026-10-08
Donostia/San Sebastián,Zaragoza,18_46_R2,252.681,3.3745,7.2,mixta_demo,DATOS SINTÉTICOS DE DEMOSTRACIÓN,DEMO: generado localmente,2026-10-08
Donostia/San Sebastián,Zaragoza,18_46_R3,250.103,3.7218,0.0,economica_demo,DATOS SINTÉTICOS DE DEMOSTRACIÓN,DEMO: generado localmente,2026-10-08
Girona,Granada,19_20_R1,958.769,11.3491,0.0,rapida_demo,DATOS SINTÉTICOS DE DEMOSTRACIÓN,DEMO: generado localmente,2026-10-08
Girona,Granada,19_20_R2,939.593,12.548,7.2,mixta_demo,DATOS SINTÉTICOS DE DEMOSTRACIÓN,DEMO: generado localmente,2026-10-08
Girona,Granada,19_20_R3,930.005,13.8394,0.0,economica_demo,DATOS SINTÉTICOS DE DEMOSTRACIÓN,DEMO: generado localmente,2026-10-08
Girona,Guadalajara,19_21_R1,652.978,7.7294,0.0,rapida_demo,DATOS SINTÉTICOS DE DEMOSTRACIÓN,DEMO: generado localmente,2026-10-08
Girona,Guadalajara,19_21_R2,639.918,8.5459,7.2,mixta_demo,DATOS SINTÉTICOS DE DEMOSTRACIÓN,DEMO: generado localmente,2026-10-08
Girona,Guadalajara,19_21_R3,633.389,9.4254,0.0,economica_demo,DATOS SINTÉTICOS DE DEMOSTRACIÓN,DEMO: generado localmente,2026-10-08
Girona,Huelva,19_22_R1,1234.413,14.6119,0.0,rapida_demo,DATOS SINTÉTICOS DE DEMOSTRACIÓN,DEMO: generado localmente,2026-10-08
Girona,Huelva,19_22_R2,1209.725,16.1555,7.2,mixta_demo,DATOS SINTÉTICOS DE DEMOSTRACIÓN,DEMO: generado localmente,2026-10-08
Girona,Huelva,19_22_R3,1197.381,17.8182,0.0,economica_demo,DATOS SINTÉTICOS DE DEMOSTRACIÓN,DEMO: generado localmente,2026-10-08
Girona,Huesca,19_23_R1,334.401,3.9583,0.0,rapida_demo,DATOS SINTÉTICOS DE DEMOSTRACIÓN,DEMO: generado localmente,2026-10-08
Girona,Huesca,19_23_R2,327.713,4.3765,7.2,mixta_demo,DATOS SINTÉTICOS DE DEMOSTRACIÓN,DEMO: generado localmente,2026-10-08
Girona,Huesca,19_23_R3,324.369,4.8269,0.0,economica_demo,DATOS SINTÉTICOS DE DEMOSTRACIÓN,DEMO: generado localmente,2026-10-08
Girona,Jaén,19_24_R1,917.003,10.8547,0.0,rapida_demo,DATOS SINTÉTICOS DE DEMOSTRACIÓN,DEMO: generado localmente,2026-10-08
Girona,Jaén,19_24_R2,898.662,12.0014,7.2,mixta_demo,DATOS SINTÉTICOS DE DEMOSTRACIÓN,DEMO: generado localmente,2026-10-08
Girona,Jaén,19_24_R3,889.492,13.2365,0.0,economica_demo,DATOS SINTÉTICOS DE DEMOSTRACIÓN,DEMO: generado localmente,2026-10-08
Girona,Logroño,19_25_R1,545.852,6.4613,0.0,rapida_demo,DATOS SINTÉTICOS DE DEMOSTRACIÓN,DEMO: generado localmente,2026-10-08
Girona,Logroño,19_25_R2,534.935,7.1439,7.2,mixta_demo,DATOS SINTÉTICOS DE DEMOSTRACIÓN,DEMO: generado localmente,2026-10-08
Girona,Logroño,19_25_R3,529.476,7.8791,0.0,economica_demo,DATOS SINTÉTICOS DE DEMOSTRACIÓN,DEMO: generado localmente,2026-10-08
Girona,León,19_26_R1,867.436,10.2679,0.0,rapida_demo,DATOS SINTÉTICOS DE DEMOSTRACIÓN,DEMO: generado localmente,2026-10-08
Girona,León,19_26_R2,850.088,11.3527,7.2,mixta_demo,DATOS SINTÉTICOS DE DEMOSTRACIÓN,DEMO: generado localmente,2026-10-08
Girona,León,19_26_R3,841.413,12.521,0.0,economica_demo,DATOS SINTÉTICOS DE DEMOSTRACIÓN,DEMO: generado localmente,2026-10-08
Girona,Lleida,19_27_R1,233.435,2.7632,0.0,rapida_demo,DATOS SINTÉTICOS DE DEMOSTRACIÓN,DEMO: generado localmente,2026-10-08
Girona,Lleida,19_27_R2,228.766,3.0551,7.2,mixta_demo,DATOS SINTÉTICOS DE DEMOSTRACIÓN,DEMO: generado localmente,2026-10-08
Girona,Lleida,19_27_R3,226.432,3.3695,0.0,economica_demo,DATOS SINTÉTICOS DE DEMOSTRACIÓN,DEMO: generado localmente,2026-10-08
Girona,Lugo,19_28_R1,1072.636,12.6969,0.0,rapida_demo,DATOS SINTÉTICOS DE DEMOSTRACIÓN,DEMO: generado localmente,2026-10-08
Girona,Lugo,19_28_R2,1051.184,14.0382,7.2,mixta_demo,DATOS SINTÉTICOS DE DEMOSTRACIÓN,DEMO: generado localmente,2026-10-08
Girona,Lugo,19_28_R3,1040.457,15.483,0.0,economica_demo,DATOS SINTÉTICOS DE DEMOSTRACIÓN,DEMO: generado localmente,2026-10-08
Girona,Madrid,19_29_R1,715.132,8.4651,0.0,rapida_demo,DATOS SINTÉTICOS DE DEMOSTRACIÓN,DEMO: generado localmente,2026-10-08
Girona,Madrid,19_29_R2,700.829,9.3594,7.2,mixta_demo,DATOS SINTÉTICOS DE DEMOSTRACIÓN,DEMO: generado localmente,2026-10-08
Girona,Madrid,19_29_R3,693.678,10.3226,0.0,economica_demo,DATOS SINTÉTICOS DE DEMOSTRACIÓN,DEMO: generado localmente,2026-10-08
Girona,Málaga,19_30_R1,1067.22,12.6328,0.0,rapida_demo,DATOS SINTÉTICOS DE DEMOSTRACIÓN,DEMO: generado localmente,2026-10-08
Girona,Málaga,19_30_R2,1045.876,13.9674,7.2,mixta_demo,DATOS SINTÉTICOS DE DEMOSTRACIÓN,DEMO: generado localmente,2026-10-08
Girona,Málaga,19_30_R3,1035.204,15.4048,0.0,economica_demo,DATOS SINTÉTICOS DE DEMOSTRACIÓN,DEMO: generado localmente,2026-10-08
Girona,Murcia,19_31_R1,697.291,8.2539,0.0,rapida_demo,DATOS SINTÉTICOS DE DEMOSTRACIÓN,DEMO: generado localmente,2026-10-08
Girona,Murcia,19_31_R2,683.345,9.1259,7.2,mixta_demo,DATOS SINTÉTICOS DE DEMOSTRACIÓN,DEMO: generado localmente,2026-10-08
Girona,Murcia,19_31_R3,676.373,10.0651,0.0,economica_demo,DATOS SINTÉTICOS DE DEMOSTRACIÓN,DEMO: generado localmente,2026-10-08
Girona,Pamplona/Iruña,19_32_R1,473.121,5.6004,0.0,rapida_demo,DATOS SINTÉTICOS DE DEMOSTRACIÓN,DEMO: generado localmente,2026-10-08
Girona,Pamplona/Iruña,19_32_R2,463.658,6.192,7.2,mixta_demo,DATOS SINTÉTICOS DE DEMOSTRACIÓN,DEMO: generado localmente,2026-10-08
Girona,Pamplona/Iruña,19_32_R3,458.927,6.8293,0.0,economica_demo,DATOS SINTÉTICOS DE DEMOSTRACIÓN,DEMO: generado localmente,2026-10-08
Girona,Ourense,19_33_R1,1101.649,13.0403,0.0,rapida_demo,DATOS SINTÉTICOS DE DEMOSTRACIÓN,DEMO: generado localmente,2026-10-08
Girona,Ourense,19_33_R2,1079.616,14.4179,7.2,mixta_demo,DATOS SINTÉTICOS DE DEMOSTRACIÓN,DEMO: generado localmente,2026-10-08
Girona,Ourense,19_33_R3,1068.599,15.9018,0.0,economica_demo,DATOS SINTÉTICOS DE DEMOSTRACIÓN,DEMO: generado localmente,2026-10-08
Girona,Palencia,19_34_R1,759.794,8.9938,0.0,rapida_demo,DATOS SINTÉTICOS DE DEMOSTRACIÓN,DEMO: generado localmente,2026-10-08
Girona,Palencia,19_34_R2,744.598,9.9439,7.2,mixta_demo,DATOS SINTÉTICOS DE DEMOSTRACIÓN,DEMO: generado localmente,2026-10-08
Girona,Palencia,19_34_R3,737.0,10.9673,0.0,economica_demo,DATOS SINTÉTICOS DE DEMOSTRACIÓN,DEMO: generado localmente,2026-10-08
Girona,Pontevedra,19_35_R1,1181.807,13.9892,0.0,rapida_demo,DATOS SINTÉTICOS DE DEMOSTRACIÓN,DEMO: generado localmente,2026-10-08
Girona,Pontevedra,19_35_R2,1158.171,15.467,7.2,mixta_demo,DATOS SINTÉTICOS DE DEMOSTRACIÓN,DEMO: generado localmente,2026-10-08
Girona,Pontevedra,19_35_R3,1146.353,17.0588,0.0,economica_demo,DATOS SINTÉTICOS DE DEMOSTRACIÓN,DEMO: generado localmente,2026-10-08
Girona,Salamanca,19_36_R1,894.85,10.5924,0.0,rapida_demo,DATOS SINTÉTICOS DE DEMOSTRACIÓN,DEMO: generado localmente,2026-10-08
Girona,Salamanca,19_36_R2,876.953,11.7114,7.2,mixta_demo,DATOS SINTÉTICOS DE DEMOSTRACIÓN,DEMO: generado localmente,2026-10-08
Girona,Salamanca,19_36_R3,868.004,12.9167,0.0,economica_demo,DATOS SINTÉTICOS DE DEMOSTRACIÓN,DEMO: generado localmente,2026-10-08
Girona,Segovia,19_37_R1,737.632,8.7314,0.0,rapida_demo,DATOS SINTÉTICOS DE DEMOSTRACIÓN,DEMO: generado localmente,2026-10-08
Girona,Segovia,19_37_R2,722.879,9.6538,7.2,mixta_demo,DATOS SINTÉTICOS DE DEMOSTRACIÓN,DEMO: generado localmente,2026-10-08
Girona,Segovia,19_37_R3,715.503,10.6474,0.0,economica_demo,DATOS SINTÉTICOS DE DEMOSTRACIÓN,DEMO: generado localmente,2026-10-08
Girona,Sevilla,19_38_R1,1138.208,13.4731,0.0,rapida_demo,DATOS SINTÉTICOS DE DEMOSTRACIÓN,DEMO: generado localmente,2026-10-08
Girona,Sevilla,19_38_R2,1115.444,14.8964,7.2,mixta_demo,DATOS SINTÉTICOS DE DEMOSTRACIÓN,DEMO: generado localmente,2026-10-08
Girona,Sevilla,19_38_R3,1104.062,16.4295,0.0,economica_demo,DATOS SINTÉTICOS DE DEMOSTRACIÓN,DEMO: generado localmente,2026-10-08
Girona,Soria,19_39_R1,548.153,6.4886,0.0,rapida_demo,DATOS SINTÉTICOS DE DEMOSTRACIÓN,DEMO: generado localmente,2026-10-08
Girona,Soria,19_39_R2,537.19,7.174,7.2,mixta_demo,DATOS SINTÉTICOS DE DEMOSTRACIÓN,DEMO: generado localmente,2026-10-08
Girona,Soria,19_39_R3,531.708,7.9123,0.0,economica_demo,DATOS SINTÉTICOS DE DEMOSTRACIÓN,DEMO: generado localmente,2026-10-08
Girona,Tarragona,19_40_R1,202.891,2.4016,0.0,rapida_demo,DATOS SINTÉTICOS DE DEMOSTRACIÓN,DEMO: generado localmente,2026-10-08
Girona,Tarragona,19_40_R2,198.833,2.6554,7.2,mixta_demo,DATOS SINTÉTICOS DE DEMOSTRACIÓN,DEMO: generado localmente,2026-10-08
Girona,Tarragona,19_40_R3,196.804,2.9286,0.0,economica_demo,DATOS SINTÉTICOS DE DEMOSTRACIÓN,DEMO: generado localmente,2026-10-08
Girona,Teruel,19_41_R1,470.34,5.5675,0.0,rapida_demo,DATOS SINTÉTICOS DE DEMOSTRACIÓN,DEMO: generado localmente,2026-10-08
Girona,Teruel,19_41_R2,460.933,6.1556,7.2,mixta_demo,DATOS SINTÉTICOS DE DEMOSTRACIÓN,DEMO: generado localmente,2026-10-08
Girona,Teruel,19_41_R3,456.229,6.7891,0.0,economica_demo,DATOS SINTÉTICOS DE DEMOSTRACIÓN,DEMO: generado localmente,2026-10-08
Girona,Toledo,19_42_R1,777.503,9.2034,0.0,rapida_demo,DATOS SINTÉTICOS DE DEMOSTRACIÓN,DEMO: generado localmente,2026-10-08
Girona,Toledo,19_42_R2,761.953,10.1757,7.2,mixta_demo,DATOS SINTÉTICOS DE DEMOSTRACIÓN,DEMO: generado localmente,2026-10-08
Girona,Toledo,19_42_R3,754.178,11.2229,0.0,economica_demo,DATOS SINTÉTICOS DE DEMOSTRACIÓN,DEMO: generado localmente,2026-10-08
Girona,Valencia,19_43_R1,485.509,5.747,0.0,rapida_demo,DATOS SINTÉTICOS DE DEMOSTRACIÓN,DEMO: generado localmente,2026-10-08
Girona,Valencia,19_43_R2,475.799,6.3542,7.2,mixta_demo,DATOS SINTÉTICOS DE DEMOSTRACIÓN,DEMO: generado localmente,2026-10-08
Girona,Valencia,19_43_R3,470.944,7.0081,0.0,economica_demo,DATOS SINTÉTICOS DE DEMOSTRACIÓN,DEMO: generado localmente,2026-10-08
Girona,Valladolid,19_44_R1,783.539,9.2748,0.0,rapida_demo,DATOS SINTÉTICOS DE DEMOSTRACIÓN,DEMO: generado localmente,2026-10-08
Girona,Valladolid,19_44_R2,767.868,10.2546,7.2,mixta_demo,DATOS SINTÉTICOS DE DEMOSTRACIÓN,DEMO: generado localmente,2026-10-08
Girona,Valladolid,19_44_R3,760.033,11.31,0.0,economica_demo,DATOS SINTÉTICOS DE DEMOSTRACIÓN,DEMO: generado localmente,2026-10-08
Girona,Zamora,19_45_R1,891.078,10.5478,0.0,rapida_demo,DATOS SINTÉTICOS DE DEMOSTRACIÓN,DEMO: generado localmente,2026-10-08
Girona,Zamora,19_45_R2,873.257,11.6621,7.2,mixta_demo,DATOS SINTÉTICOS DE DEMOSTRACIÓN,DEMO: generado localmente,2026-10-08
Girona,Zamora,19_45_R3,864.346,12.8623,0.0,economica_demo,DATOS SINTÉTICOS DE DEMOSTRACIÓN,DEMO: generado localmente,2026-10-08
Girona,Zaragoza,19_46_R1,386.132,4.5707,0.0,rapida_demo,DATOS SINTÉTICOS DE DEMOSTRACIÓN,DEMO: generado localmente,2026-10-08
Girona,Zaragoza,19_46_R2,378.409,5.0535,7.2,mixta_demo,DATOS SINTÉTICOS DE DEMOSTRACIÓN,DEMO: generado localmente,2026-10-08
Girona,Zaragoza,19_46_R3,374.548,5.5736,0.0,economica_demo,DATOS SINTÉTICOS DE DEMOSTRACIÓN,DEMO: generado localmente,2026-10-08
Granada,Guadalajara,20_21_R1,483.079,5.7183,0.0,rapida_demo,DATOS SINTÉTICOS DE DEMOSTRACIÓN,DEMO: generado localmente,2026-10-08
Granada,Guadalajara,20_21_R2,473.418,6.3223,7.2,mixta_demo,DATOS SINTÉTICOS DE DEMOSTRACIÓN,DEMO: generado localmente,2026-10-08
Granada,Guadalajara,20_21_R3,468.587,6.973,0.0,economica_demo,DATOS SINTÉTICOS DE DEMOSTRACIÓN,DEMO: generado localmente,2026-10-08
Granada,Huelva,20_22_R1,371.066,4.3924,0.0,rapida_demo,DATOS SINTÉTICOS DE DEMOSTRACIÓN,DEMO: generado localmente,2026-10-08
Granada,Huelva,20_22_R2,363.645,4.8564,7.2,mixta_demo,DATOS SINTÉTICOS DE DEMOSTRACIÓN,DEMO: generado localmente,2026-10-08
Granada,Huelva,20_22_R3,359.934,5.3562,0.0,economica_demo,DATOS SINTÉTICOS DE DEMOSTRACIÓN,DEMO: generado localmente,2026-10-08
Granada,Huesca,20_23_R1,769.911,9.1135,0.0,rapida_demo,DATOS SINTÉTICOS DE DEMOSTRACIÓN,DEMO: generado localmente,2026-10-08
Granada,Huesca,20_23_R2,754.512,10.0763,7.2,mixta_demo,DATOS SINTÉTICOS DE DEMOSTRACIÓN,DEMO: generado localmente,2026-10-08
Granada,Huesca,20_23_R3,746.813,11.1133,0.0,economica_demo,DATOS SINTÉTICOS DE DEMOSTRACIÓN,DEMO: generado localmente,2026-10-08
Granada,Jaén,20_24_R1,84.741,1.0031,0.0,rapida_demo,DATOS SINTÉTICOS DE DEMOSTRACIÓN,DEMO: generado localmente,2026-10-08
Granada,Jaén,20_24_R2,83.046,1.1091,7.2,mixta_demo,DATOS SINTÉTICOS DE DEMOSTRACIÓN,DEMO: generado localmente,2026-10-08
Granada,Jaén,20_24_R3,82.199,1.2232,0.0,economica_demo,DATOS SINTÉTICOS DE DEMOSTRACIÓN,DEMO: generado localmente,2026-10-08
Granada,Logroño,20_25_R1,745.878,8.8291,0.0,rapida_demo,DATOS SINTÉTICOS DE DEMOSTRACIÓN,DEMO: generado localmente,2026-10-08
Granada,Logroño,20_25_R2,730.961,9.7618,7.2,mixta_demo,DATOS SINTÉTICOS DE DEMOSTRACIÓN,DEMO: generado localmente,2026-10-08
Granada,Logroño,20_25_R3,723.502,10.7664,0.0,economica_demo,DATOS SINTÉTICOS DE DEMOSTRACIÓN,DEMO: generado localmente,2026-10-08
Granada,León,20_26_R1,782.635,9.2641,0.0,rapida_demo,DATOS SINTÉTICOS DE DEMOSTRACIÓN,DEMO: generado localmente,2026-10-08
Granada,León,20_26_R2,766.983,10.2428,7.2,mixta_demo,DATOS SINTÉTICOS DE DEMOSTRACIÓN,DEMO: generado localmente,2026-10-08
Granada,León,20_26_R3,759.156,11.297,0.0,economica_demo,DATOS SINTÉTICOS DE DEMOSTRACIÓN,DEMO: generado localmente,2026-10-08
Granada,Lleida,20_27_R1,765.878,9.0658,0.0,rapida_demo,DATOS SINTÉTICOS DE DEMOSTRACIÓN,DEMO: generado localmente,2026-10-08
Granada,Lleida,20_27_R2,750.561,10.0235,7.2,mixta_demo,DATOS SINTÉTICOS DE DEMOSTRACIÓN,DEMO: generado localmente,2026-10-08
Granada,Lleida,20_27_R3,742.902,11.0551,0.0,economica_demo,DATOS SINTÉTICOS DE DEMOSTRACIÓN,DEMO: generado localmente,2026-10-08
Granada,Lugo,20_28_R1,913.484,10.813,0.0,rapida_demo,DATOS SINTÉTICOS DE DEMOSTRACIÓN,DEMO: generado localmente,2026-10-08
Granada,Lugo,20_28_R2,895.214,11.9553,7.2,mixta_demo,DATOS SINTÉTICOS DE DEMOSTRACIÓN,DEMO: generado localmente,2026-10-08
Granada,Lugo,20_28_R3,886.079,13.1857,0.0,economica_demo,DATOS SINTÉTICOS DE DEMOSTRACIÓN,DEMO: generado localmente,2026-10-08
Granada,Madrid,20_29_R1,451.111,5.3399,0.0,rapida_demo,DATOS SINTÉTICOS DE DEMOSTRACIÓN,DEMO: generado localmente,2026-10-08
Granada,Madrid,20_29_R2,442.089,5.904,7.2,mixta_demo,DATOS SINTÉTICOS DE DEMOSTRACIÓN,DEMO: generado localmente,2026-10-08
Granada,Madrid,20_29_R3,437.578,6.5116,0.0,economica_demo,DATOS SINTÉTICOS DE DEMOSTRACIÓN,DEMO: generado localmente,2026-10-08
Granada,Málaga,20_30_R1,110.473,1.3077,0.0,rapida_demo,DATOS SINTÉTICOS DE DEMOSTRACIÓN,DEMO: generado localmente,2026-10-08
Granada,Málaga,20_30_R2,108.264,1.4458,7.2,mixta_demo,DATOS SINTÉTICOS DE DEMOSTRACIÓN,DEMO: generado localmente,2026-10-08
Granada,Málaga,20_30_R3,107.159,1.5946,0.0,economica_demo,DATOS SINTÉTICOS DE DEMOSTRACIÓN,DEMO: generado localmente,2026-10-08
Granada,Murcia,20_31_R1,294.243,3.483,0.0,rapida_demo,DATOS SINTÉTICOS DE DEMOSTRACIÓN,DEMO: generado localmente,2026-10-08
Granada,Murcia,20_31_R2,288.358,3.8509,7.2,mixta_demo,DATOS SINTÉTICOS DE DEMOSTRACIÓN,DEMO: generado localmente,2026-10-08
Granada,Murcia,20_31_R3,285.416,4.2473,0.0,economica_demo,DATOS SINTÉTICOS DE DEMOSTRACIÓN,DEMO: generado localmente,2026-10-08
Granada,Pamplona/Iruña,20_32_R1,811.58,9.6068,0.0,rapida_demo,DATOS SINTÉTICOS DE DEMOSTRACIÓN,DEMO: generado localmente,2026-10-08
Granada,Pamplona/Iruña,20_32_R2,795.348,10.6216,7.2,mixta_demo,DATOS SINTÉTICOS DE DEMOSTRACIÓN,DEMO: generado localmente,2026-10-08
Granada,Pamplona/Iruña,20_32_R3,787.232,11.7148,0.0,economica_demo,DATOS SINTÉTICOS DE DEMOSTRACIÓN,DEMO: generado localmente,2026-10-08
Granada,Ourense,20_33_R1,849.634,10.0572,0.0,rapida_demo,DATOS SINTÉTICOS DE DEMOSTRACIÓN,DEMO: generado localmente,2026-10-08
Granada,Ourense,20_33_R2,832.642,11.1197,7.2,mixta_demo,DATOS SINTÉTICOS DE DEMOSTRACIÓN,DEMO: generado localmente,2026-10-08
Granada,Ourense,20_33_R3,824.145,12.2641,0.0,economica_demo,DATOS SINTÉTICOS DE DEMOSTRACIÓN,DEMO: generado localmente,2026-10-08
Granada,Palencia,20_34_R1,679.679,8.0454,0.0,rapida_demo,DATOS SINTÉTICOS DE DEMOSTRACIÓN,DEMO: generado localmente,2026-10-08
Granada,Palencia,20_34_R2,666.086,8.8954,7.2,mixta_demo,DATOS SINTÉTICOS DE DEMOSTRACIÓN,DEMO: generado localmente,2026-10-08
Granada,Palencia,20_34_R3,659.289,9.8108,0.0,economica_demo,DATOS SINTÉTICOS DE DEMOSTRACIÓN,DEMO: generado localmente,2026-10-08
Granada,Pontevedra,20_35_R1,907.701,10.7446,0.0,rapida_demo,DATOS SINTÉTICOS DE DEMOSTRACIÓN,DEMO: generado localmente,2026-10-08
Granada,Pontevedra,20_35_R2,889.547,11.8796,7.2,mixta_demo,DATOS SINTÉTICOS DE DEMOSTRACIÓN,DEMO: generado localmente,2026-10-08
Granada,Pontevedra,20_35_R3,880.47,13.1022,0.0,economica_demo,DATOS SINTÉTICOS DE DEMOSTRACIÓN,DEMO: generado localmente,2026-10-08
Granada,Salamanca,20_36_R1,572.083,6.7718,0.0,rapida_demo,DATOS SINTÉTICOS DE DEMOSTRACIÓN,DEMO: generado localmente,2026-10-08
Granada,Salamanca,20_36_R2,560.641,7.4872,7.2,mixta_demo,DATOS SINTÉTICOS DE DEMOSTRACIÓN,DEMO: generado localmente,2026-10-08
Granada,Salamanca,20_36_R3,554.921,8.2577,0.0,economica_demo,DATOS SINTÉTICOS DE DEMOSTRACIÓN,DEMO: generado localmente,2026-10-08
Granada,Segovia,20_37_R1,527.931,6.2492,0.0,rapida_demo,DATOS SINTÉTICOS DE DEMOSTRACIÓN,DEMO: generado localmente,2026-10-08
Granada,Segovia,20_37_R2,517.372,6.9093,7.2,mixta_demo,DATOS SINTÉTICOS DE DEMOSTRACIÓN,DEMO: generado localmente,2026-10-08
Granada,Segovia,20_37_R3,512.093,7.6204,0.0,economica_demo,DATOS SINTÉTICOS DE DEMOSTRACIÓN,DEMO: generado localmente,2026-10-08
Granada,Sevilla,20_38_R1,266.62,3.156,0.0,rapida_demo,DATOS SINTÉTICOS DE DEMOSTRACIÓN,DEMO: generado localmente,2026-10-08
Granada,Sevilla,20_38_R2,261.287,3.4894,7.2,mixta_demo,DATOS SINTÉTICOS DE DEMOSTRACIÓN,DEMO: generado localmente,2026-10-08
Granada,Sevilla,20_38_R3,258.621,3.8485,0.0,economica_demo,DATOS SINTÉTICOS DE DEMOSTRACIÓN,DEMO: generado localmente,2026-10-08
Granada,Soria,20_39_R1,649.303,7.6859,0.0,rapida_demo,DATOS SINTÉTICOS DE DEMOSTRACIÓN,DEMO: generado localmente,2026-10-08
Granada,Soria,20_39_R2,636.317,8.4978,7.2,mixta_demo,DATOS SINTÉTICOS DE DEMOSTRACIÓN,DEMO: generado localmente,2026-10-08
Granada,Soria,20_39_R3,629.824,9.3724,0.0,economica_demo,DATOS SINTÉTICOS DE DEMOSTRACIÓN,DEMO: generado localmente,2026-10-08
Granada,Tarragona,20_40_R1,757.395,8.9654,0.0,rapida_demo,DATOS SINTÉTICOS DE DEMOSTRACIÓN,DEMO: generado localmente,2026-10-08
Granada,Tarragona,20_40_R2,742.247,9.9125,7.2,mixta_demo,DATOS SINTÉTICOS DE DEMOSTRACIÓN,DEMO: generado localmente,2026-10-08
Granada,Tarragona,20_40_R3,734.673,10.9326,0.0,economica_demo,DATOS SINTÉTICOS DE DEMOSTRACIÓN,DEMO: generado localmente,2026-10-08
Granada,Teruel,20_41_R1,516.586,6.1149,0.0,rapida_demo,DATOS SINTÉTICOS DE DEMOSTRACIÓN,DEMO: generado localmente,2026-10-08
Granada,Teruel,20_41_R2,506.254,6.7609,7.2,mixta_demo,DATOS SINTÉTICOS DE DEMOSTRACIÓN,DEMO: generado localmente,2026-10-08
Granada,Teruel,20_41_R3,501.088,7.4567,0.0,economica_demo,DATOS SINTÉTICOS DE DEMOSTRACIÓN,DEMO: generado localmente,2026-10-08
Granada,Toledo,20_42_R1,375.683,4.447,0.0,rapida_demo,DATOS SINTÉTICOS DE DEMOSTRACIÓN,DEMO: generado localmente,2026-10-08
Granada,Toledo,20_42_R2,368.17,4.9168,7.2,mixta_demo,DATOS SINTÉTICOS DE DEMOSTRACIÓN,DEMO: generado localmente,2026-10-08
Granada,Toledo,20_42_R3,364.413,5.4228,0.0,economica_demo,DATOS SINTÉTICOS DE DEMOSTRACIÓN,DEMO: generado localmente,2026-10-08
Granada,Valencia,20_43_R1,474.488,5.6166,0.0,rapida_demo,DATOS SINTÉTICOS DE DEMOSTRACIÓN,DEMO: generado localmente,2026-10-08
Granada,Valencia,20_43_R2,464.998,6.2099,7.2,mixta_demo,DATOS SINTÉTICOS DE DEMOSTRACIÓN,DEMO: generado localmente,2026-10-08
Granada,Valencia,20_43_R3,460.253,6.849,0.0,economica_demo,DATOS SINTÉTICOS DE DEMOSTRACIÓN,DEMO: generado localmente,2026-10-08
Granada,Valladolid,20_44_R1,634.145,7.5065,0.0,rapida_demo,DATOS SINTÉTICOS DE DEMOSTRACIÓN,DEMO: generado localmente,2026-10-08
Granada,Valladolid,20_44_R2,621.462,8.2994,7.2,mixta_demo,DATOS SINTÉTICOS DE DEMOSTRACIÓN,DEMO: generado localmente,2026-10-08
Granada,Valladolid,20_44_R3,615.121,9.1536,0.0,economica_demo,DATOS SINTÉTICOS DE DEMOSTRACIÓN,DEMO: generado localmente,2026-10-08
Granada,Zamora,20_45_R1,644.52,7.6293,0.0,rapida_demo,DATOS SINTÉTICOS DE DEMOSTRACIÓN,DEMO: generado localmente,2026-10-08
Granada,Zamora,20_45_R2,631.629,8.4352,7.2,mixta_demo,DATOS SINTÉTICOS DE DEMOSTRACIÓN,DEMO: generado localmente,2026-10-08
Granada,Zamora,20_45_R3,625.184,9.3033,0.0,economica_demo,DATOS SINTÉTICOS DE DEMOSTRACIÓN,DEMO: generado localmente,2026-10-08
Granada,Zaragoza,20_46_R1,687.993,8.1439,0.0,rapida_demo,DATOS SINTÉTICOS DE DEMOSTRACIÓN,DEMO: generado localmente,2026-10-08
Granada,Zaragoza,20_46_R2,674.233,9.0042,7.2,mixta_demo,DATOS SINTÉTICOS DE DEMOSTRACIÓN,DEMO: generado localmente,2026-10-08
Granada,Zaragoza,20_46_R3,667.353,9.9309,0.0,economica_demo,DATOS SINTÉTICOS DE DEMOSTRACIÓN,DEMO: generado localmente,2026-10-08
Guadalajara,Huelva,21_22_R1,622.356,7.3669,0.0,rapida_demo,DATOS SINTÉTICOS DE DEMOSTRACIÓN,DEMO: generado localmente,2026-10-08
Guadalajara,Huelva,21_22_R2,609.909,8.1452,7.2,mixta_demo,DATOS SINTÉTICOS DE DEMOSTRACIÓN,DEMO: generado localmente,2026-10-08
Guadalajara,Huelva,21_22_R3,603.686,8.9834,0.0,economica_demo,DATOS SINTÉTICOS DE DEMOSTRACIÓN,DEMO: generado localmente,2026-10-08
Guadalajara,Huesca,21_23_R1,355.802,4.2117,0.0,rapida_demo,DATOS SINTÉTICOS DE DEMOSTRACIÓN,DEMO: generado localmente,2026-10-08
Guadalajara,Huesca,21_23_R2,348.686,4.6566,7.2,mixta_demo,DATOS SINTÉTICOS DE DEMOSTRACIÓN,DEMO: generado localmente,2026-10-08
Guadalajara,Huesca,21_23_R3,345.128,5.1358,0.0,economica_demo,DATOS SINTÉTICOS DE DEMOSTRACIÓN,DEMO: generado localmente,2026-10-08
Guadalajara,Jaén,21_24_R1,404.389,4.7868,0.0,rapida_demo,DATOS SINTÉTICOS DE DEMOSTRACIÓN,DEMO: generado localmente,2026-10-08
Guadalajara,Jaén,21_24_R2,396.301,5.2925,7.2,mixta_demo,DATOS SINTÉTICOS DE DEMOSTRACIÓN,DEMO: generado localmente,2026-10-08
Guadalajara,Jaén,21_24_R3,392.257,5.8372,0.0,economica_demo,DATOS SINTÉTICOS DE DEMOSTRACIÓN,DEMO: generado localmente,2026-10-08
Guadalajara,Logroño,21_25_R1,265.757,3.1458,0.0,rapida_demo,DATOS SINTÉTICOS DE DEMOSTRACIÓN,DEMO: generado localmente,2026-10-08
Guadalajara,Logroño,21_25_R2,260.442,3.4781,7.2,mixta_demo,DATOS SINTÉTICOS DE DEMOSTRACIÓN,DEMO: generado localmente,2026-10-08
Guadalajara,Logroño,21_25_R3,257.785,3.8361,0.0,economica_demo,DATOS SINTÉTICOS DE DEMOSTRACIÓN,DEMO: generado localmente,2026-10-08
Guadalajara,León,21_26_R1,370.2,4.3821,0.0,rapida_demo,DATOS SINTÉTICOS DE DEMOSTRACIÓN,DEMO: generado localmente,2026-10-08
Guadalajara,León,21_26_R2,362.796,4.845,7.2,mixta_demo,DATOS SINTÉTICOS DE DEMOSTRACIÓN,DEMO: generado localmente,2026-10-08
Guadalajara,León,21_26_R3,359.094,5.3437,0.0,economica_demo,DATOS SINTÉTICOS DE DEMOSTRACIÓN,DEMO: generado localmente,2026-10-08
Guadalajara,Lleida,21_27_R1,419.964,4.9712,0.0,rapida_demo,DATOS SINTÉTICOS DE DEMOSTRACIÓN,DEMO: generado localmente,2026-10-08
Guadalajara,Lleida,21_27_R2,411.564,5.4963,7.2,mixta_demo,DATOS SINTÉTICOS DE DEMOSTRACIÓN,DEMO: generado localmente,2026-10-08
Guadalajara,Lleida,21_27_R3,407.365,6.062,0.0,economica_demo,DATOS SINTÉTICOS DE DEMOSTRACIÓN,DEMO: generado localmente,2026-10-08
Guadalajara,Lugo,21_28_R1,561.748,6.6495,0.0,rapida_demo,DATOS SINTÉTICOS DE DEMOSTRACIÓN,DEMO: generado localmente,2026-10-08
Guadalajara,Lugo,21_28_R2,550.513,7.3519,7.2,mixta_demo,DATOS SINTÉTICOS DE DEMOSTRACIÓN,DEMO: generado localmente,2026-10-08
Guadalajara,Lugo,21_28_R3,544.895,8.1086,0.0,economica_demo,DATOS SINTÉTICOS DE DEMOSTRACIÓN,DEMO: generado localmente,2026-10-08
Guadalajara,Madrid,21_29_R1,62.936,0.745,0.0,rapida_demo,DATOS SINTÉTICOS DE DEMOSTRACIÓN,DEMO: generado localmente,2026-10-08
Guadalajara,Madrid,21_29_R2,61.677,0.8237,7.2,mixta_demo,DATOS SINTÉTICOS DE DEMOSTRACIÓN,DEMO: generado localmente,2026-10-08
Guadalajara,Madrid,21_29_R3,61.048,0.9085,0.0,economica_demo,DATOS SINTÉTICOS DE DEMOSTRACIÓN,DEMO: generado localmente,2026-10-08
Guadalajara,Málaga,21_30_R1,560.504,6.6348,0.0,rapida_demo,DATOS SINTÉTICOS DE DEMOSTRACIÓN,DEMO: generado localmente,2026-10-08
Guadalajara,Málaga,21_30_R2,549.294,7.3357,7.2,mixta_demo,DATOS SINTÉTICOS DE DEMOSTRACIÓN,DEMO: generado localmente,2026-10-08
Guadalajara,Málaga,21_30_R3,543.689,8.0906,0.0,economica_demo,DATOS SINTÉTICOS DE DEMOSTRACIÓN,DEMO: generado localmente,2026-10-08
Guadalajara,Murcia,21_31_R1,428.554,5.0729,0.0,rapida_demo,DATOS SINTÉTICOS DE DEMOSTRACIÓN,DEMO: generado localmente,2026-10-08
Guadalajara,Murcia,21_31_R2,419.983,5.6088,7.2,mixta_demo,DATOS SINTÉTICOS DE DEMOSTRACIÓN,DEMO: generado localmente,2026-10-08
Guadalajara,Murcia,21_31_R3,415.698,6.186,0.0,economica_demo,DATOS SINTÉTICOS DE DEMOSTRACIÓN,DEMO: generado localmente,2026-10-08
Guadalajara,Pamplona/Iruña,21_32_R1,342.317,4.052,0.0,rapida_demo,DATOS SINTÉTICOS DE DEMOSTRACIÓN,DEMO: generado localmente,2026-10-08
Guadalajara,Pamplona/Iruña,21_32_R2,335.47,4.4801,7.2,mixta_demo,DATOS SINTÉTICOS DE DEMOSTRACIÓN,DEMO: generado localmente,2026-10-08
Guadalajara,Pamplona/Iruña,21_32_R3,332.047,4.9412,0.0,economica_demo,DATOS SINTÉTICOS DE DEMOSTRACIÓN,DEMO: generado localmente,2026-10-08
Guadalajara,Ourense,21_33_R1,543.117,6.4289,0.0,rapida_demo,DATOS SINTÉTICOS DE DEMOSTRACIÓN,DEMO: generado localmente,2026-10-08
Guadalajara,Ourense,21_33_R2,532.255,7.1081,7.2,mixta_demo,DATOS SINTÉTICOS DE DEMOSTRACIÓN,DEMO: generado localmente,2026-10-08
Guadalajara,Ourense,21_33_R3,526.824,7.8396,0.0,economica_demo,DATOS SINTÉTICOS DE DEMOSTRACIÓN,DEMO: generado localmente,2026-10-08
Guadalajara,Palencia,21_34_R1,238.682,2.8253,0.0,rapida_demo,DATOS SINTÉTICOS DE DEMOSTRACIÓN,DEMO: generado localmente,2026-10-08
Guadalajara,Palencia,21_34_R2,233.908,3.1238,7.2,mixta_demo,DATOS SINTÉTICOS DE DEMOSTRACIÓN,DEMO: generado localmente,2026-10-08
Guadalajara,Palencia,21_34_R3,231.521,3.4453,0.0,economica_demo,DATOS SINTÉTICOS DE DEMOSTRACIÓN,DEMO: generado localmente,2026-10-08
Guadalajara,Pontevedra,21_35_R1,622.352,7.3669,0.0,rapida_demo,DATOS SINTÉTICOS DE DEMOSTRACIÓN,DEMO: generado localmente,2026-10-08
Guadalajara,Pontevedra,21_35_R2,609.905,8.1451,7.2,mixta_demo,DATOS SINTÉTICOS DE DEMOSTRACIÓN,DEMO: generado localmente,2026-10-08
Guadalajara,Pontevedra,21_35_R3,603.682,8.9834,0.0,economica_demo,DATOS SINTÉTICOS DE DEMOSTRACIÓN,DEMO: generado localmente,2026-10-08
Guadalajara,Salamanca,21_36_R1,266.658,3.1565,0.0,rapida_demo,DATOS SINTÉTICOS DE DEMOSTRACIÓN,DEMO: generado localmente,2026-10-08
Guadalajara,Salamanca,21_36_R2,261.325,3.4899,7.2,mixta_demo,DATOS SINTÉTICOS DE DEMOSTRACIÓN,DEMO: generado localmente,2026-10-08
Guadalajara,Salamanca,21_36_R3,258.658,3.8491,0.0,economica_demo,DATOS SINTÉTICOS DE DEMOSTRACIÓN,DEMO: generado localmente,2026-10-08
Guadalajara,Segovia,21_37_R1,109.901,1.3009,0.0,rapida_demo,DATOS SINTÉTICOS DE DEMOSTRACIÓN,DEMO: generado localmente,2026-10-08
Guadalajara,Segovia,21_37_R2,107.703,1.4383,7.2,mixta_demo,DATOS SINTÉTICOS DE DEMOSTRACIÓN,DEMO: generado localmente,2026-10-08
Guadalajara,Segovia,21_37_R3,106.604,1.5864,0.0,economica_demo,DATOS SINTÉTICOS DE DEMOSTRACIÓN,DEMO: generado localmente,2026-10-08
Guadalajara,Sevilla,21_38_R1,544.584,6.4463,0.0,rapida_demo,DATOS SINTÉTICOS DE DEMOSTRACIÓN,DEMO: generado localmente,2026-10-08
Guadalajara,Sevilla,21_38_R2,533.692,7.1273,7.2,mixta_demo,DATOS SINTÉTICOS DE DEMOSTRACIÓN,DEMO: generado localmente,2026-10-08
Guadalajara,Sevilla,21_38_R3,528.246,7.8608,0.0,economica_demo,DATOS SINTÉTICOS DE DEMOSTRACIÓN,DEMO: generado localmente,2026-10-08
Guadalajara,Soria,21_39_R1,173.361,2.0521,0.0,rapida_demo,DATOS SINTÉTICOS DE DEMOSTRACIÓN,DEMO: generado localmente,2026-10-08
Guadalajara,Soria,21_39_R2,169.893,2.2689,7.2,mixta_demo,DATOS SINTÉTICOS DE DEMOSTRACIÓN,DEMO: generado localmente,2026-10-08
Guadalajara,Soria,21_39_R3,168.16,2.5024,0.0,economica_demo,DATOS SINTÉTICOS DE DEMOSTRACIÓN,DEMO: generado localmente,2026-10-08
Guadalajara,Tarragona,21_40_R1,469.485,5.5574,0.0,rapida_demo,DATOS SINTÉTICOS DE DEMOSTRACIÓN,DEMO: generado localmente,2026-10-08
Guadalajara,Tarragona,21_40_R2,460.095,6.1444,7.2,mixta_demo,DATOS SINTÉTICOS DE DEMOSTRACIÓN,DEMO: generado localmente,2026-10-08
Guadalajara,Tarragona,21_40_R3,455.401,6.7768,0.0,economica_demo,DATOS SINTÉTICOS DE DEMOSTRACIÓN,DEMO: generado localmente,2026-10-08
Guadalajara,Teruel,21_41_R1,221.393,2.6207,0.0,rapida_demo,DATOS SINTÉTICOS DE DEMOSTRACIÓN,DEMO: generado localmente,2026-10-08
Guadalajara,Teruel,21_41_R2,216.965,2.8975,7.2,mixta_demo,DATOS SINTÉTICOS DE DEMOSTRACIÓN,DEMO: generado localmente,2026-10-08
Guadalajara,Teruel,21_41_R3,214.751,3.1957,0.0,economica_demo,DATOS SINTÉTICOS DE DEMOSTRACIÓN,DEMO: generado localmente,2026-10-08
Guadalajara,Toledo,21_42_R1,141.245,1.6719,0.0,rapida_demo,DATOS SINTÉTICOS DE DEMOSTRACIÓN,DEMO: generado localmente,2026-10-08
Guadalajara,Toledo,21_42_R2,138.42,1.8486,7.2,mixta_demo,DATOS SINTÉTICOS DE DEMOSTRACIÓN,DEMO: generado localmente,2026-10-08
Guadalajara,Toledo,21_42_R3,137.007,2.0388,0.0,economica_demo,DATOS SINTÉTICOS DE DEMOSTRACIÓN,DEMO: generado localmente,2026-10-08
Guadalajara,Valencia,21_43_R1,338.026,4.0013,0.0,rapida_demo,DATOS SINTÉTICOS DE DEMOSTRACIÓN,DEMO: generado localmente,2026-10-08
Guadalajara,Valencia,21_43_R2,331.265,4.424,7.2,mixta_demo,DATOS SINTÉTICOS DE DEMOSTRACIÓN,DEMO: generado localmente,2026-10-08
Guadalajara,Valencia,21_43_R3,327.885,4.8792,0.0,economica_demo,DATOS SINTÉTICOS DE DEMOSTRACIÓN,DEMO: generado localmente,2026-10-08
Guadalajara,Valladolid,21_44_R1,216.241,2.5597,0.0,rapida_demo,DATOS SINTÉTICOS DE DEMOSTRACIÓN,DEMO: generado localmente,2026-10-08
Guadalajara,Valladolid,21_44_R2,211.917,2.8301,7.2,mixta_demo,DATOS SINTÉTICOS DE DEMOSTRACIÓN,DEMO: generado localmente,2026-10-08
Guadalajara,Valladolid,21_44_R3,209.754,3.1213,0.0,economica_demo,DATOS SINTÉTICOS DE DEMOSTRACIÓN,DEMO: generado localmente,2026-10-08
Guadalajara,Zamora,21_45_R1,296.132,3.5054,0.0,rapida_demo,DATOS SINTÉTICOS DE DEMOSTRACIÓN,DEMO: generado localmente,2026-10-08
Guadalajara,Zamora,21_45_R2,290.21,3.8757,7.2,mixta_demo,DATOS SINTÉTICOS DE DEMOSTRACIÓN,DEMO: generado localmente,2026-10-08
Guadalajara,Zamora,21_45_R3,287.248,4.2745,0.0,economica_demo,DATOS SINTÉTICOS DE DEMOSTRACIÓN,DEMO: generado localmente,2026-10-08
Guadalajara,Zaragoza,21_46_R1,278.659,3.2985,0.0,rapida_demo,DATOS SINTÉTICOS DE DEMOSTRACIÓN,DEMO: generado localmente,2026-10-08
Guadalajara,Zaragoza,21_46_R2,273.086,3.647,7.2,mixta_demo,DATOS SINTÉTICOS DE DEMOSTRACIÓN,DEMO: generado localmente,2026-10-08
Guadalajara,Zaragoza,21_46_R3,270.299,4.0223,0.0,economica_demo,DATOS SINTÉTICOS DE DEMOSTRACIÓN,DEMO: generado localmente,2026-10-08
Huelva,Huesca,22_23_R1,974.157,11.5312,0.0,rapida_demo,DATOS SINTÉTICOS DE DEMOSTRACIÓN,DEMO: generado localmente,2026-10-08
Huelva,Huesca,22_23_R2,954.674,12.7494,7.2,mixta_demo,DATOS SINTÉTICOS DE DEMOSTRACIÓN,DEMO: generado localmente,2026-10-08
Huelva,Huesca,22_23_R3,944.933,14.0615,0.0,economica_demo,DATOS SINTÉTICOS DE DEMOSTRACIÓN,DEMO: generado localmente,2026-10-08
Huelva,Jaén,22_24_R1,355.332,4.2061,0.0,rapida_demo,DATOS SINTÉTICOS DE DEMOSTRACIÓN,DEMO: generado localmente,2026-10-08
Huelva,Jaén,22_24_R2,348.226,4.6504,7.2,mixta_demo,DATOS SINTÉTICOS DE DEMOSTRACIÓN,DEMO: generado localmente,2026-10-08
Huelva,Jaén,22_24_R3,344.672,5.1291,0.0,economica_demo,DATOS SINTÉTICOS DE DEMOSTRACIÓN,DEMO: generado localmente,2026-10-08
Huelva,Logroño,22_25_R1,869.134,10.288,0.0,rapida_demo,DATOS SINTÉTICOS DE DEMOSTRACIÓN,DEMO: generado localmente,2026-10-08
Huelva,Logroño,22_25_R2,851.752,11.3749,7.2,mixta_demo,DATOS SINTÉTICOS DE DEMOSTRACIÓN,DEMO: generado localmente,2026-10-08
Huelva,Logroño,22_25_R3,843.06,12.5455,0.0,economica_demo,DATOS SINTÉTICOS DE DEMOSTRACIÓN,DEMO: generado localmente,2026-10-08
Huelva,León,22_26_R1,756.682,8.9569,0.0,rapida_demo,DATOS SINTÉTICOS DE DEMOSTRACIÓN,DEMO: generado localmente,2026-10-08
Huelva,León,22_26_R2,741.548,9.9032,7.2,mixta_demo,DATOS SINTÉTICOS DE DEMOSTRACIÓN,DEMO: generado localmente,2026-10-08
Huelva,León,22_26_R3,733.981,10.9223,0.0,economica_demo,DATOS SINTÉTICOS DE DEMOSTRACIÓN,DEMO: generado localmente,2026-10-08
Huelva,Lleida,22_27_R1,1013.446,11.9963,0.0,rapida_demo,DATOS SINTÉTICOS DE DEMOSTRACIÓN,DEMO: generado localmente,2026-10-08
Huelva,Lleida,22_27_R2,993.177,13.2636,7.2,mixta_demo,DATOS SINTÉTICOS DE DEMOSTRACIÓN,DEMO: generado localmente,2026-10-08
Huelva,Lleida,22_27_R3,983.043,14.6286,0.0,economica_demo,DATOS SINTÉTICOS DE DEMOSTRACIÓN,DEMO: generado localmente,2026-10-08
Huelva,Lugo,22_28_R1,802.281,9.4967,0.0,rapida_demo,DATOS SINTÉTICOS DE DEMOSTRACIÓN,DEMO: generado localmente,2026-10-08
Huelva,Lugo,22_28_R2,786.235,10.4999,7.2,mixta_demo,DATOS SINTÉTICOS DE DEMOSTRACIÓN,DEMO: generado localmente,2026-10-08
Huelva,Lugo,22_28_R3,778.212,11.5805,0.0,economica_demo,DATOS SINTÉTICOS DE DEMOSTRACIÓN,DEMO: generado localmente,2026-10-08
Huelva,Madrid,22_29_R1,563.471,6.6699,0.0,rapida_demo,DATOS SINTÉTICOS DE DEMOSTRACIÓN,DEMO: generado localmente,2026-10-08
Huelva,Madrid,22_29_R2,552.201,7.3745,7.2,mixta_demo,DATOS SINTÉTICOS DE DEMOSTRACIÓN,DEMO: generado localmente,2026-10-08
Huelva,Madrid,22_29_R3,546.567,8.1334,0.0,economica_demo,DATOS SINTÉTICOS DE DEMOSTRACIÓN,DEMO: generado localmente,2026-10-08
Huelva,Málaga,22_30_R1,291.09,3.4457,0.0,rapida_demo,DATOS SINTÉTICOS DE DEMOSTRACIÓN,DEMO: generado localmente,2026-10-08
Huelva,Málaga,22_30_R2,285.268,3.8097,7.2,mixta_demo,DATOS SINTÉTICOS DE DEMOSTRACIÓN,DEMO: generado localmente,2026-10-08
Huelva,Málaga,22_30_R3,282.358,4.2017,0.0,economica_demo,DATOS SINTÉTICOS DE DEMOSTRACIÓN,DEMO: generado localmente,2026-10-08
Huelva,Murcia,22_31_R1,648.48,7.6761,0.0,rapida_demo,DATOS SINTÉTICOS DE DEMOSTRACIÓN,DEMO: generado localmente,2026-10-08
Huelva,Murcia,22_31_R2,635.51,8.4871,7.2,mixta_demo,DATOS SINTÉTICOS DE DEMOSTRACIÓN,DEMO: generado localmente,2026-10-08
Huelva,Murcia,22_31_R3,629.026,9.3605,0.0,economica_demo,DATOS SINTÉTICOS DE DEMOSTRACIÓN,DEMO: generado localmente,2026-10-08
Huelva,Pamplona/Iruña,22_32_R1,956.825,11.3261,0.0,rapida_demo,DATOS SINTÉTICOS DE DEMOSTRACIÓN,DEMO: generado localmente,2026-10-08
Huelva,Pamplona/Iruña,22_32_R2,937.689,12.5226,7.2,mixta_demo,DATOS SINTÉTICOS DE DEMOSTRACIÓN,DEMO: generado localmente,2026-10-08
Huelva,Pamplona/Iruña,22_32_R3,928.12,13.8113,0.0,economica_demo,DATOS SINTÉTICOS DE DEMOSTRACIÓN,DEMO: generado localmente,2026-10-08
Huelva,Ourense,22_33_R1,712.654,8.4358,0.0,rapida_demo,DATOS SINTÉTICOS DE DEMOSTRACIÓN,DEMO: generado localmente,2026-10-08
Huelva,Ourense,22_33_R2,698.401,9.3269,7.2,mixta_demo,DATOS SINTÉTICOS DE DEMOSTRACIÓN,DEMO: generado localmente,2026-10-08
Huelva,Ourense,22_33_R3,691.275,10.2868,0.0,economica_demo,DATOS SINTÉTICOS DE DEMOSTRACIÓN,DEMO: generado localmente,2026-10-08
Huelva,Palencia,22_34_R1,709.603,8.3997,0.0,rapida_demo,DATOS SINTÉTICOS DE DEMOSTRACIÓN,DEMO: generado localmente,2026-10-08
Huelva,Palencia,22_34_R2,695.411,9.287,7.2,mixta_demo,DATOS SINTÉTICOS DE DEMOSTRACIÓN,DEMO: generado localmente,2026-10-08
Huelva,Palencia,22_34_R3,688.315,10.2428,0.0,economica_demo,DATOS SINTÉTICOS DE DEMOSTRACIÓN,DEMO: generado localmente,2026-10-08
Huelva,Pontevedra,22_35_R1,741.762,8.7803,0.0,rapida_demo,DATOS SINTÉTICOS DE DEMOSTRACIÓN,DEMO: generado localmente,2026-10-08
Huelva,Pontevedra,22_35_R2,726.927,9.7079,7.2,mixta_demo,DATOS SINTÉTICOS DE DEMOSTRACIÓN,DEMO: generado localmente,2026-10-08
Huelva,Pontevedra,22_35_R3,719.509,10.707,0.0,economica_demo,DATOS SINTÉTICOS DE DEMOSTRACIÓN,DEMO: generado localmente,2026-10-08
Huelva,Salamanca,22_36_R1,533.833,6.319,0.0,rapida_demo,DATOS SINTÉTICOS DE DEMOSTRACIÓN,DEMO: generado localmente,2026-10-08
Huelva,Salamanca,22_36_R2,523.157,6.9866,7.2,mixta_demo,DATOS SINTÉTICOS DE DEMOSTRACIÓN,DEMO: generado localmente,2026-10-08
Huelva,Salamanca,22_36_R3,517.818,7.7056,0.0,economica_demo,DATOS SINTÉTICOS DE DEMOSTRACIÓN,DEMO: generado localmente,2026-10-08
Huelva,Segovia,22_37_R1,596.985,7.0666,0.0,rapida_demo,DATOS SINTÉTICOS DE DEMOSTRACIÓN,DEMO: generado localmente,2026-10-08
Huelva,Segovia,22_37_R2,585.046,7.8131,7.2,mixta_demo,DATOS SINTÉTICOS DE DEMOSTRACIÓN,DEMO: generado localmente,2026-10-08
Huelva,Segovia,22_37_R3,579.076,8.6172,0.0,economica_demo,DATOS SINTÉTICOS DE DEMOSTRACIÓN,DEMO: generado localmente,2026-10-08
Huelva,Sevilla,22_38_R1,107.154,1.2684,0.0,rapida_demo,DATOS SINTÉTICOS DE DEMOSTRACIÓN,DEMO: generado localmente,2026-10-08
Huelva,Sevilla,22_38_R2,105.011,1.4024,7.2,mixta_demo,DATOS SINTÉTICOS DE DEMOSTRACIÓN,DEMO: generado localmente,2026-10-08
Huelva,Sevilla,22_38_R3,103.939,1.5467,0.0,economica_demo,DATOS SINTÉTICOS DE DEMOSTRACIÓN,DEMO: generado localmente,2026-10-08
Huelva,Soria,22_39_R1,789.495,9.3453,0.0,rapida_demo,DATOS SINTÉTICOS DE DEMOSTRACIÓN,DEMO: generado localmente,2026-10-08
Huelva,Soria,22_39_R2,773.705,10.3326,7.2,mixta_demo,DATOS SINTÉTICOS DE DEMOSTRACIÓN,DEMO: generado localmente,2026-10-08
Huelva,Soria,22_39_R3,765.81,11.396,0.0,economica_demo,DATOS SINTÉTICOS DE DEMOSTRACIÓN,DEMO: generado localmente,2026-10-08
Huelva,Tarragona,22_40_R1,1033.287,12.2311,0.0,rapida_demo,DATOS SINTÉTICOS DE DEMOSTRACIÓN,DEMO: generado localmente,2026-10-08
Huelva,Tarragona,22_40_R2,1012.622,13.5233,7.2,mixta_demo,DATOS SINTÉTICOS DE DEMOSTRACIÓN,DEMO: generado localmente,2026-10-08
Huelva,Tarragona,22_40_R3,1002.289,14.915,0.0,economica_demo,DATOS SINTÉTICOS DE DEMOSTRACIÓN,DEMO: generado localmente,2026-10-08
Huelva,Teruel,22_41_R1,764.255,9.0466,0.0,rapida_demo,DATOS SINTÉTICOS DE DEMOSTRACIÓN,DEMO: generado localmente,2026-10-08
Huelva,Teruel,22_41_R2,748.97,10.0023,7.2,mixta_demo,DATOS SINTÉTICOS DE DEMOSTRACIÓN,DEMO: generado localmente,2026-10-08
Huelva,Teruel,22_41_R3,741.328,11.0317,0.0,economica_demo,DATOS SINTÉTICOS DE DEMOSTRACIÓN,DEMO: generado localmente,2026-10-08
Huelva,Toledo,22_42_R1,481.208,5.6961,0.0,rapida_demo,DATOS SINTÉTICOS DE DEMOSTRACIÓN,DEMO: generado localmente,2026-10-08
Huelva,Toledo,22_42_R2,471.584,6.2979,7.2,mixta_demo,DATOS SINTÉTICOS DE DEMOSTRACIÓN,DEMO: generado localmente,2026-10-08
Huelva,Toledo,22_42_R3,466.772,6.946,0.0,economica_demo,DATOS SINTÉTICOS DE DEMOSTRACIÓN,DEMO: generado localmente,2026-10-08
Huelva,Valencia,22_43_R1,779.278,9.2244,0.0,rapida_demo,DATOS SINTÉTICOS DE DEMOSTRACIÓN,DEMO: generado localmente,2026-10-08
Huelva,Valencia,22_43_R2,763.693,10.1989,7.2,mixta_demo,DATOS SINTÉTICOS DE DEMOSTRACIÓN,DEMO: generado localmente,2026-10-08
Huelva,Valencia,22_43_R3,755.9,11.2485,0.0,economica_demo,DATOS SINTÉTICOS DE DEMOSTRACIÓN,DEMO: generado localmente,2026-10-08
Huelva,Valladolid,22_44_R1,655.79,7.7627,0.0,rapida_demo,DATOS SINTÉTICOS DE DEMOSTRACIÓN,DEMO: generado localmente,2026-10-08
Huelva,Valladolid,22_44_R2,642.674,8.5827,7.2,mixta_demo,DATOS SINTÉTICOS DE DEMOSTRACIÓN,DEMO: generado localmente,2026-10-08
Huelva,Valladolid,22_44_R3,636.116,9.466,0.0,economica_demo,DATOS SINTÉTICOS DE DEMOSTRACIÓN,DEMO: generado localmente,2026-10-08
Huelva,Zamora,22_45_R1,604.31,7.1533,0.0,rapida_demo,DATOS SINTÉTICOS DE DEMOSTRACIÓN,DEMO: generado localmente,2026-10-08
Huelva,Zamora,22_45_R2,592.224,7.909,7.2,mixta_demo,DATOS SINTÉTICOS DE DEMOSTRACIÓN,DEMO: generado localmente,2026-10-08
Huelva,Zamora,22_45_R3,586.181,8.7229,0.0,economica_demo,DATOS SINTÉTICOS DE DEMOSTRACIÓN,DEMO: generado localmente,2026-10-08
Huelva,Zaragoza,22_46_R1,893.217,10.5731,0.0,rapida_demo,DATOS SINTÉTICOS DE DEMOSTRACIÓN,DEMO: generado localmente,2026-10-08
Huelva,Zaragoza,22_46_R2,875.353,11.6901,7.2,mixta_demo,DATOS SINTÉTICOS DE DEMOSTRACIÓN,DEMO: generado localmente,2026-10-08
Huelva,Zaragoza,22_46_R3,866.421,12.8932,0.0,economica_demo,DATOS SINTÉTICOS DE DEMOSTRACIÓN,DEMO: generado localmente,2026-10-08
Huesca,Jaén,23_24_R1,706.816,8.3667,0.0,rapida_demo,DATOS SINTÉTICOS DE DEMOSTRACIÓN,DEMO: generado localmente,2026-10-08
Huesca,Jaén,23_24_R2,692.679,9.2505,7.2,mixta_demo,DATOS SINTÉTICOS DE DEMOSTRACIÓN,DEMO: generado localmente,2026-10-08
Huesca,Jaén,23_24_R3,685.611,10.2025,0.0,economica_demo,DATOS SINTÉTICOS DE DEMOSTRACIÓN,DEMO: generado localmente,2026-10-08
Huesca,Logroño,23_25_R1,213.536,2.5276,0.0,rapida_demo,DATOS SINTÉTICOS DE DEMOSTRACIÓN,DEMO: generado localmente,2026-10-08
Huesca,Logroño,23_25_R2,209.265,2.7947,7.2,mixta_demo,DATOS SINTÉTICOS DE DEMOSTRACIÓN,DEMO: generado localmente,2026-10-08
Huesca,Logroño,23_25_R3,207.13,3.0823,0.0,economica_demo,DATOS SINTÉTICOS DE DEMOSTRACIÓN,DEMO: generado localmente,2026-10-08
Huesca,León,23_26_R1,534.125,6.3225,0.0,rapida_demo,DATOS SINTÉTICOS DE DEMOSTRACIÓN,DEMO: generado localmente,2026-10-08
Huesca,León,23_26_R2,523.443,6.9904,7.2,mixta_demo,DATOS SINTÉTICOS DE DEMOSTRACIÓN,DEMO: generado localmente,2026-10-08
Huesca,León,23_26_R3,518.101,7.7098,0.0,economica_demo,DATOS SINTÉTICOS DE DEMOSTRACIÓN,DEMO: generado localmente,2026-10-08
Huesca,Lleida,23_27_R1,129.743,1.5358,0.0,rapida_demo,DATOS SINTÉTICOS DE DEMOSTRACIÓN,DEMO: generado localmente,2026-10-08
Huesca,Lleida,23_27_R2,127.148,1.698,7.2,mixta_demo,DATOS SINTÉTICOS DE DEMOSTRACIÓN,DEMO: generado localmente,2026-10-08
Huesca,Lleida,23_27_R3,125.85,1.8728,0.0,economica_demo,DATOS SINTÉTICOS DE DEMOSTRACIÓN,DEMO: generado localmente,2026-10-08
Huesca,Lugo,23_28_R1,741.155,8.7731,0.0,rapida_demo,DATOS SINTÉTICOS DE DEMOSTRACIÓN,DEMO: generado localmente,2026-10-08
Huesca,Lugo,23_28_R2,726.332,9.6999,7.2,mixta_demo,DATOS SINTÉTICOS DE DEMOSTRACIÓN,DEMO: generado localmente,2026-10-08
Huesca,Lugo,23_28_R3,718.92,10.6982,0.0,economica_demo,DATOS SINTÉTICOS DE DEMOSTRACIÓN,DEMO: generado localmente,2026-10-08
Huesca,Madrid,23_29_R1,418.101,4.9491,0.0,rapida_demo,DATOS SINTÉTICOS DE DEMOSTRACIÓN,DEMO: generado localmente,2026-10-08
Huesca,Madrid,23_29_R2,409.739,5.4719,7.2,mixta_demo,DATOS SINTÉTICOS DE DEMOSTRACIÓN,DEMO: generado localmente,2026-10-08
Huesca,Madrid,23_29_R3,405.558,6.0351,0.0,economica_demo,DATOS SINTÉTICOS DE DEMOSTRACIÓN,DEMO: generado localmente,2026-10-08
Huesca,Málaga,23_30_R1,867.249,10.2657,0.0,rapida_demo,DATOS SINTÉTICOS DE DEMOSTRACIÓN,DEMO: generado localmente,2026-10-08
Huesca,Málaga,23_30_R2,849.904,11.3502,7.2,mixta_demo,DATOS SINTÉTICOS DE DEMOSTRACIÓN,DEMO: generado localmente,2026-10-08
Huesca,Málaga,23_30_R3,841.231,12.5183,0.0,economica_demo,DATOS SINTÉTICOS DE DEMOSTRACIÓN,DEMO: generado localmente,2026-10-08
Huesca,Murcia,23_31_R1,582.884,6.8997,0.0,rapida_demo,DATOS SINTÉTICOS DE DEMOSTRACIÓN,DEMO: generado localmente,2026-10-08
Huesca,Murcia,23_31_R2,571.227,7.6286,7.2,mixta_demo,DATOS SINTÉTICOS DE DEMOSTRACIÓN,DEMO: generado localmente,2026-10-08
Huesca,Murcia,23_31_R3,565.398,8.4137,0.0,economica_demo,DATOS SINTÉTICOS DE DEMOSTRACIÓN,DEMO: generado localmente,2026-10-08
Huesca,Pamplona/Iruña,23_32_R1,157.847,1.8685,0.0,rapida_demo,DATOS SINTÉTICOS DE DEMOSTRACIÓN,DEMO: generado localmente,2026-10-08
Huesca,Pamplona/Iruña,23_32_R2,154.69,2.0658,7.2,mixta_demo,DATOS SINTÉTICOS DE DEMOSTRACIÓN,DEMO: generado localmente,2026-10-08
Huesca,Pamplona/Iruña,23_32_R3,153.112,2.2785,0.0,economica_demo,DATOS SINTÉTICOS DE DEMOSTRACIÓN,DEMO: generado localmente,2026-10-08
Huesca,Ourense,23_33_R1,767.371,9.0835,0.0,rapida_demo,DATOS SINTÉTICOS DE DEMOSTRACIÓN,DEMO: generado localmente,2026-10-08
Huesca,Ourense,23_33_R2,752.023,10.043,7.2,mixta_demo,DATOS SINTÉTICOS DE DEMOSTRACIÓN,DEMO: generado localmente,2026-10-08
Huesca,Ourense,23_33_R3,744.349,11.0766,0.0,economica_demo,DATOS SINTÉTICOS DE DEMOSTRACIÓN,DEMO: generado localmente,2026-10-08
Huesca,Palencia,23_34_R1,425.786,5.0401,0.0,rapida_demo,DATOS SINTÉTICOS DE DEMOSTRACIÓN,DEMO: generado localmente,2026-10-08
Huesca,Palencia,23_34_R2,417.27,5.5725,7.2,mixta_demo,DATOS SINTÉTICOS DE DEMOSTRACIÓN,DEMO: generado localmente,2026-10-08
Huesca,Palencia,23_34_R3,413.012,6.146,0.0,economica_demo,DATOS SINTÉTICOS DE DEMOSTRACIÓN,DEMO: generado localmente,2026-10-08
Huesca,Pontevedra,23_35_R1,847.701,10.0343,0.0,rapida_demo,DATOS SINTÉTICOS DE DEMOSTRACIÓN,DEMO: generado localmente,2026-10-08
Huesca,Pontevedra,23_35_R2,830.747,11.0944,7.2,mixta_demo,DATOS SINTÉTICOS DE DEMOSTRACIÓN,DEMO: generado localmente,2026-10-08
Huesca,Pontevedra,23_35_R3,822.27,12.2362,0.0,economica_demo,DATOS SINTÉTICOS DE DEMOSTRACIÓN,DEMO: generado localmente,2026-10-08
Huesca,Salamanca,23_36_R1,570.329,6.7511,0.0,rapida_demo,DATOS SINTÉTICOS DE DEMOSTRACIÓN,DEMO: generado localmente,2026-10-08
Huesca,Salamanca,23_36_R2,558.922,7.4642,7.2,mixta_demo,DATOS SINTÉTICOS DE DEMOSTRACIÓN,DEMO: generado localmente,2026-10-08
Huesca,Salamanca,23_36_R3,553.219,8.2324,0.0,economica_demo,DATOS SINTÉTICOS DE DEMOSTRACIÓN,DEMO: generado localmente,2026-10-08
Huesca,Segovia,23_37_R1,420.342,4.9756,0.0,rapida_demo,DATOS SINTÉTICOS DE DEMOSTRACIÓN,DEMO: generado localmente,2026-10-08
Huesca,Segovia,23_37_R2,411.935,5.5013,7.2,mixta_demo,DATOS SINTÉTICOS DE DEMOSTRACIÓN,DEMO: generado localmente,2026-10-08
Huesca,Segovia,23_37_R3,407.732,6.0674,0.0,economica_demo,DATOS SINTÉTICOS DE DEMOSTRACIÓN,DEMO: generado localmente,2026-10-08
Huesca,Sevilla,23_38_R1,889.737,10.5319,0.0,rapida_demo,DATOS SINTÉTICOS DE DEMOSTRACIÓN,DEMO: generado localmente,2026-10-08
Huesca,Sevilla,23_38_R2,871.942,11.6445,7.2,mixta_demo,DATOS SINTÉTICOS DE DEMOSTRACIÓN,DEMO: generado localmente,2026-10-08
Huesca,Sevilla,23_38_R3,863.045,12.8429,0.0,economica_demo,DATOS SINTÉTICOS DE DEMOSTRACIÓN,DEMO: generado localmente,2026-10-08
Huesca,Soria,23_39_R1,218.812,2.5901,0.0,rapida_demo,DATOS SINTÉTICOS DE DEMOSTRACIÓN,DEMO: generado localmente,2026-10-08
Huesca,Soria,23_39_R2,214.436,2.8637,7.2,mixta_demo,DATOS SINTÉTICOS DE DEMOSTRACIÓN,DEMO: generado localmente,2026-10-08
Huesca,Soria,23_39_R3,212.248,3.1585,0.0,economica_demo,DATOS SINTÉTICOS DE DEMOSTRACIÓN,DEMO: generado localmente,2026-10-08
Huesca,Tarragona,23_40_R1,223.782,2.6489,0.0,rapida_demo,DATOS SINTÉTICOS DE DEMOSTRACIÓN,DEMO: generado localmente,2026-10-08
Huesca,Tarragona,23_40_R2,219.307,2.9288,7.2,mixta_demo,DATOS SINTÉTICOS DE DEMOSTRACIÓN,DEMO: generado localmente,2026-10-08
Huesca,Tarragona,23_40_R3,217.069,3.2302,0.0,economica_demo,DATOS SINTÉTICOS DE DEMOSTRACIÓN,DEMO: generado localmente,2026-10-08
Huesca,Teruel,23_41_R1,260.245,3.0805,0.0,rapida_demo,DATOS SINTÉTICOS DE DEMOSTRACIÓN,DEMO: generado localmente,2026-10-08
Huesca,Teruel,23_41_R2,255.04,3.406,7.2,mixta_demo,DATOS SINTÉTICOS DE DEMOSTRACIÓN,DEMO: generado localmente,2026-10-08
Huesca,Teruel,23_41_R3,252.437,3.7565,0.0,economica_demo,DATOS SINTÉTICOS DE DEMOSTRACIÓN,DEMO: generado localmente,2026-10-08
Huesca,Toledo,23_42_R1,494.591,5.8545,0.0,rapida_demo,DATOS SINTÉTICOS DE DEMOSTRACIÓN,DEMO: generado localmente,2026-10-08
Huesca,Toledo,23_42_R2,484.699,6.473,7.2,mixta_demo,DATOS SINTÉTICOS DE DEMOSTRACIÓN,DEMO: generado localmente,2026-10-08
Huesca,Toledo,23_42_R3,479.753,7.1392,0.0,economica_demo,DATOS SINTÉTICOS DE DEMOSTRACIÓN,DEMO: generado localmente,2026-10-08
Huesca,Valencia,23_43_R1,371.229,4.3943,0.0,rapida_demo,DATOS SINTÉTICOS DE DEMOSTRACIÓN,DEMO: generado localmente,2026-10-08
Huesca,Valencia,23_43_R2,363.804,4.8585,7.2,mixta_demo,DATOS SINTÉTICOS DE DEMOSTRACIÓN,DEMO: generado localmente,2026-10-08
Huesca,Valencia,23_43_R3,360.092,5.3585,0.0,economica_demo,DATOS SINTÉTICOS DE DEMOSTRACIÓN,DEMO: generado localmente,2026-10-08
Huesca,Valladolid,23_44_R1,451.982,5.3502,0.0,rapida_demo,DATOS SINTÉTICOS DE DEMOSTRACIÓN,DEMO: generado localmente,2026-10-08
Huesca,Valladolid,23_44_R2,442.942,5.9154,7.2,mixta_demo,DATOS SINTÉTICOS DE DEMOSTRACIÓN,DEMO: generado localmente,2026-10-08
Huesca,Valladolid,23_44_R3,438.423,6.5241,0.0,economica_demo,DATOS SINTÉTICOS DE DEMOSTRACIÓN,DEMO: generado localmente,2026-10-08
Huesca,Zamora,23_45_R1,559.853,6.627,0.0,rapida_demo,DATOS SINTÉTICOS DE DEMOSTRACIÓN,DEMO: generado localmente,2026-10-08
Huesca,Zamora,23_45_R2,548.655,7.3271,7.2,mixta_demo,DATOS SINTÉTICOS DE DEMOSTRACIÓN,DEMO: generado localmente,2026-10-08
Huesca,Zamora,23_45_R3,543.057,8.0812,0.0,economica_demo,DATOS SINTÉTICOS DE DEMOSTRACIÓN,DEMO: generado localmente,2026-10-08
Huesca,Zaragoza,23_46_R1,82.95,0.9819,0.0,rapida_demo,DATOS SINTÉTICOS DE DEMOSTRACIÓN,DEMO: generado localmente,2026-10-08
Huesca,Zaragoza,23_46_R2,81.291,1.0856,7.2,mixta_demo,DATOS SINTÉTICOS DE DEMOSTRACIÓN,DEMO: generado localmente,2026-10-08
Huesca,Zaragoza,23_46_R3,80.462,1.1973,0.0,economica_demo,DATOS SINTÉTICOS DE DEMOSTRACIÓN,DEMO: generado localmente,2026-10-08
Jaén,Logroño,24_25_R1,669.093,7.9201,0.0,rapida_demo,DATOS SINTÉTICOS DE DEMOSTRACIÓN,DEMO: generado localmente,2026-10-08
Jaén,Logroño,24_25_R2,655.711,8.7568,7.2,mixta_demo,DATOS SINTÉTICOS DE DEMOSTRACIÓN,DEMO: generado localmente,2026-10-08
Jaén,Logroño,24_25_R3,649.02,9.658,0.0,economica_demo,DATOS SINTÉTICOS DE DEMOSTRACIÓN,DEMO: generado localmente,2026-10-08
Jaén,León,24_26_R1,697.899,8.2611,0.0,rapida_demo,DATOS SINTÉTICOS DE DEMOSTRACIÓN,DEMO: generado localmente,2026-10-08
Jaén,León,24_26_R2,683.941,9.1338,7.2,mixta_demo,DATOS SINTÉTICOS DE DEMOSTRACIÓN,DEMO: generado localmente,2026-10-08
Jaén,León,24_26_R3,676.962,10.0738,0.0,economica_demo,DATOS SINTÉTICOS DE DEMOSTRACIÓN,DEMO: generado localmente,2026-10-08
Jaén,Lleida,24_27_R1,713.673,8.4478,0.0,rapida_demo,DATOS SINTÉTICOS DE DEMOSTRACIÓN,DEMO: generado localmente,2026-10-08
Jaén,Lleida,24_27_R2,699.399,9.3403,7.2,mixta_demo,DATOS SINTÉTICOS DE DEMOSTRACIÓN,DEMO: generado localmente,2026-10-08
Jaén,Lleida,24_27_R3,692.263,10.3015,0.0,economica_demo,DATOS SINTÉTICOS DE DEMOSTRACIÓN,DEMO: generado localmente,2026-10-08
Jaén,Lugo,24_28_R1,830.69,9.833,0.0,rapida_demo,DATOS SINTÉTICOS DE DEMOSTRACIÓN,DEMO: generado localmente,2026-10-08
Jaén,Lugo,24_28_R2,814.077,10.8717,7.2,mixta_demo,DATOS SINTÉTICOS DE DEMOSTRACIÓN,DEMO: generado localmente,2026-10-08
Jaén,Lugo,24_28_R3,805.77,11.9906,0.0,economica_demo,DATOS SINTÉTICOS DE DEMOSTRACIÓN,DEMO: generado localmente,2026-10-08
Jaén,Madrid,24_29_R1,369.106,4.3691,0.0,rapida_demo,DATOS SINTÉTICOS DE DEMOSTRACIÓN,DEMO: generado localmente,2026-10-08
Jaén,Madrid,24_29_R2,361.724,4.8307,7.2,mixta_demo,DATOS SINTÉTICOS DE DEMOSTRACIÓN,DEMO: generado localmente,2026-10-08
Jaén,Madrid,24_29_R3,358.033,5.3279,0.0,economica_demo,DATOS SINTÉTICOS DE DEMOSTRACIÓN,DEMO: generado localmente,2026-10-08
Jaén,Málaga,24_30_R1,160.742,1.9027,0.0,rapida_demo,DATOS SINTÉTICOS DE DEMOSTRACIÓN,DEMO: generado localmente,2026-10-08
Jaén,Málaga,24_30_R2,157.527,2.1037,7.2,mixta_demo,DATOS SINTÉTICOS DE DEMOSTRACIÓN,DEMO: generado localmente,2026-10-08
Jaén,Málaga,24_30_R3,155.92,2.3202,0.0,economica_demo,DATOS SINTÉTICOS DE DEMOSTRACIÓN,DEMO: generado localmente,2026-10-08
Jaén,Murcia,24_31_R1,293.489,3.4741,0.0,rapida_demo,DATOS SINTÉTICOS DE DEMOSTRACIÓN,DEMO: generado localmente,2026-10-08
Jaén,Murcia,24_31_R2,287.619,3.8411,7.2,mixta_demo,DATOS SINTÉTICOS DE DEMOSTRACIÓN,DEMO: generado localmente,2026-10-08
Jaén,Murcia,24_31_R3,284.684,4.2364,0.0,economica_demo,DATOS SINTÉTICOS DE DEMOSTRACIÓN,DEMO: generado localmente,2026-10-08
Jaén,Pamplona/Iruña,24_32_R1,738.34,8.7398,0.0,rapida_demo,DATOS SINTÉTICOS DE DEMOSTRACIÓN,DEMO: generado localmente,2026-10-08
Jaén,Pamplona/Iruña,24_32_R2,723.573,9.6631,7.2,mixta_demo,DATOS SINTÉTICOS DE DEMOSTRACIÓN,DEMO: generado localmente,2026-10-08
Jaén,Pamplona/Iruña,24_32_R3,716.189,10.6576,0.0,economica_demo,DATOS SINTÉTICOS DE DEMOSTRACIÓN,DEMO: generado localmente,2026-10-08
Jaén,Ourense,24_33_R1,768.83,9.1007,0.0,rapida_demo,DATOS SINTÉTICOS DE DEMOSTRACIÓN,DEMO: generado localmente,2026-10-08
Jaén,Ourense,24_33_R2,753.453,10.0621,7.2,mixta_demo,DATOS SINTÉTICOS DE DEMOSTRACIÓN,DEMO: generado localmente,2026-10-08
Jaén,Ourense,24_33_R3,745.765,11.0977,0.0,economica_demo,DATOS SINTÉTICOS DE DEMOSTRACIÓN,DEMO: generado localmente,2026-10-08
Jaén,Palencia,24_34_R1,595.515,7.0492,0.0,rapida_demo,DATOS SINTÉTICOS DE DEMOSTRACIÓN,DEMO: generado localmente,2026-10-08
Jaén,Palencia,24_34_R2,583.605,7.7939,7.2,mixta_demo,DATOS SINTÉTICOS DE DEMOSTRACIÓN,DEMO: generado localmente,2026-10-08
Jaén,Palencia,24_34_R3,577.65,8.596,0.0,economica_demo,DATOS SINTÉTICOS DE DEMOSTRACIÓN,DEMO: generado localmente,2026-10-08
Jaén,Pontevedra,24_35_R1,828.795,9.8106,0.0,rapida_demo,DATOS SINTÉTICOS DE DEMOSTRACIÓN,DEMO: generado localmente,2026-10-08
Jaén,Pontevedra,24_35_R2,812.22,10.8469,7.2,mixta_demo,DATOS SINTÉTICOS DE DEMOSTRACIÓN,DEMO: generado localmente,2026-10-08
Jaén,Pontevedra,24_35_R3,803.932,11.9633,0.0,economica_demo,DATOS SINTÉTICOS DE DEMOSTRACIÓN,DEMO: generado localmente,2026-10-08
Jaén,Salamanca,24_36_R1,488.272,5.7797,0.0,rapida_demo,DATOS SINTÉTICOS DE DEMOSTRACIÓN,DEMO: generado localmente,2026-10-08
Jaén,Salamanca,24_36_R2,478.507,6.3903,7.2,mixta_demo,DATOS SINTÉTICOS DE DEMOSTRACIÓN,DEMO: generado localmente,2026-10-08
Jaén,Salamanca,24_36_R3,473.624,7.048,0.0,economica_demo,DATOS SINTÉTICOS DE DEMOSTRACIÓN,DEMO: generado localmente,2026-10-08
Jaén,Segovia,24_37_R1,444.278,5.259,0.0,rapida_demo,DATOS SINTÉTICOS DE DEMOSTRACIÓN,DEMO: generado localmente,2026-10-08
Jaén,Segovia,24_37_R2,435.392,5.8145,7.2,mixta_demo,DATOS SINTÉTICOS DE DEMOSTRACIÓN,DEMO: generado localmente,2026-10-08
Jaén,Segovia,24_37_R3,430.949,6.4129,0.0,economica_demo,DATOS SINTÉTICOS DE DEMOSTRACIÓN,DEMO: generado localmente,2026-10-08
Jaén,Sevilla,24_38_R1,248.298,2.9391,0.0,rapida_demo,DATOS SINTÉTICOS DE DEMOSTRACIÓN,DEMO: generado localmente,2026-10-08
Jaén,Sevilla,24_38_R2,243.332,3.2496,7.2,mixta_demo,DATOS SINTÉTICOS DE DEMOSTRACIÓN,DEMO: generado localmente,2026-10-08
Jaén,Sevilla,24_38_R3,240.849,3.5841,0.0,economica_demo,DATOS SINTÉTICOS DE DEMOSTRACIÓN,DEMO: generado localmente,2026-10-08
Jaén,Soria,24_39_R1,573.533,6.789,0.0,rapida_demo,DATOS SINTÉTICOS DE DEMOSTRACIÓN,DEMO: generado localmente,2026-10-08
Jaén,Soria,24_39_R2,562.062,7.5062,7.2,mixta_demo,DATOS SINTÉTICOS DE DEMOSTRACIÓN,DEMO: generado localmente,2026-10-08
Jaén,Soria,24_39_R3,556.327,8.2787,0.0,economica_demo,DATOS SINTÉTICOS DE DEMOSTRACIÓN,DEMO: generado localmente,2026-10-08
Jaén,Tarragona,24_40_R1,714.228,8.4544,0.0,rapida_demo,DATOS SINTÉTICOS DE DEMOSTRACIÓN,DEMO: generado localmente,2026-10-08
Jaén,Tarragona,24_40_R2,699.943,9.3475,7.2,mixta_demo,DATOS SINTÉTICOS DE DEMOSTRACIÓN,DEMO: generado localmente,2026-10-08
Jaén,Tarragona,24_40_R3,692.801,10.3095,0.0,economica_demo,DATOS SINTÉTICOS DE DEMOSTRACIÓN,DEMO: generado localmente,2026-10-08
Jaén,Teruel,24_41_R1,460.759,5.4541,0.0,rapida_demo,DATOS SINTÉTICOS DE DEMOSTRACIÓN,DEMO: generado localmente,2026-10-08
Jaén,Teruel,24_41_R2,451.544,6.0302,7.2,mixta_demo,DATOS SINTÉTICOS DE DEMOSTRACIÓN,DEMO: generado localmente,2026-10-08
Jaén,Teruel,24_41_R3,446.936,6.6508,0.0,economica_demo,DATOS SINTÉTICOS DE DEMOSTRACIÓN,DEMO: generado localmente,2026-10-08
Jaén,Toledo,24_42_R1,291.869,3.4549,0.0,rapida_demo,DATOS SINTÉTICOS DE DEMOSTRACIÓN,DEMO: generado localmente,2026-10-08
Jaén,Toledo,24_42_R2,286.031,3.8199,7.2,mixta_demo,DATOS SINTÉTICOS DE DEMOSTRACIÓN,DEMO: generado localmente,2026-10-08
Jaén,Toledo,24_42_R3,283.113,4.213,0.0,economica_demo,DATOS SINTÉTICOS DE DEMOSTRACIÓN,DEMO: generado localmente,2026-10-08
Jaén,Valencia,24_43_R1,439.954,5.2078,0.0,rapida_demo,DATOS SINTÉTICOS DE DEMOSTRACIÓN,DEMO: generado localmente,2026-10-08
Jaén,Valencia,24_43_R2,431.155,5.7579,7.2,mixta_demo,DATOS SINTÉTICOS DE DEMOSTRACIÓN,DEMO: generado localmente,2026-10-08
Jaén,Valencia,24_43_R3,426.755,6.3505,0.0,economica_demo,DATOS SINTÉTICOS DE DEMOSTRACIÓN,DEMO: generado localmente,2026-10-08
Jaén,Valladolid,24_44_R1,549.614,6.5058,0.0,rapida_demo,DATOS SINTÉTICOS DE DEMOSTRACIÓN,DEMO: generado localmente,2026-10-08
Jaén,Valladolid,24_44_R2,538.622,7.1931,7.2,mixta_demo,DATOS SINTÉTICOS DE DEMOSTRACIÓN,DEMO: generado localmente,2026-10-08
Jaén,Valladolid,24_44_R3,533.126,7.9334,0.0,economica_demo,DATOS SINTÉTICOS DE DEMOSTRACIÓN,DEMO: generado localmente,2026-10-08
Jaén,Zamora,24_45_R1,560.293,6.6323,0.0,rapida_demo,DATOS SINTÉTICOS DE DEMOSTRACIÓN,DEMO: generado localmente,2026-10-08
Jaén,Zamora,24_45_R2,549.088,7.3329,7.2,mixta_demo,DATOS SINTÉTICOS DE DEMOSTRACIÓN,DEMO: generado localmente,2026-10-08
Jaén,Zamora,24_45_R3,543.485,8.0876,0.0,economica_demo,DATOS SINTÉTICOS DE DEMOSTRACIÓN,DEMO: generado localmente,2026-10-08
Jaén,Zaragoza,24_46_R1,624.112,7.3877,0.0,rapida_demo,DATOS SINTÉTICOS DE DEMOSTRACIÓN,DEMO: generado localmente,2026-10-08
Jaén,Zaragoza,24_46_R2,611.63,8.1681,7.2,mixta_demo,DATOS SINTÉTICOS DE DEMOSTRACIÓN,DEMO: generado localmente,2026-10-08
Jaén,Zaragoza,24_46_R3,605.389,9.0088,0.0,economica_demo,DATOS SINTÉTICOS DE DEMOSTRACIÓN,DEMO: generado localmente,2026-10-08
Logroño,León,25_26_R1,321.614,3.807,0.0,rapida_demo,DATOS SINTÉTICOS DE DEMOSTRACIÓN,DEMO: generado localmente,2026-10-08
Logroño,León,25_26_R2,315.182,4.2092,7.2,mixta_demo,DATOS SINTÉTICOS DE DEMOSTRACIÓN,DEMO: generado localmente,2026-10-08
Logroño,León,25_26_R3,311.966,4.6423,0.0,economica_demo,DATOS SINTÉTICOS DE DEMOSTRACIÓN,DEMO: generado localmente,2026-10-08
Logroño,Lleida,25_27_R1,337.862,3.9993,0.0,rapida_demo,DATOS SINTÉTICOS DE DEMOSTRACIÓN,DEMO: generado localmente,2026-10-08
Logroño,Lleida,25_27_R2,331.105,4.4218,7.2,mixta_demo,DATOS SINTÉTICOS DE DEMOSTRACIÓN,DEMO: generado localmente,2026-10-08
Logroño,Lleida,25_27_R3,327.726,4.8769,0.0,economica_demo,DATOS SINTÉTICOS DE DEMOSTRACIÓN,DEMO: generado localmente,2026-10-08
Logroño,Lugo,25_28_R1,527.678,6.2462,0.0,rapida_demo,DATOS SINTÉTICOS DE DEMOSTRACIÓN,DEMO: generado localmente,2026-10-08
Logroño,Lugo,25_28_R2,517.124,6.906,7.2,mixta_demo,DATOS SINTÉTICOS DE DEMOSTRACIÓN,DEMO: generado localmente,2026-10-08
Logroño,Lugo,25_28_R3,511.847,7.6168,0.0,economica_demo,DATOS SINTÉTICOS DE DEMOSTRACIÓN,DEMO: generado localmente,2026-10-08
Logroño,Madrid,25_29_R1,313.063,3.7058,0.0,rapida_demo,DATOS SINTÉTICOS DE DEMOSTRACIÓN,DEMO: generado localmente,2026-10-08
Logroño,Madrid,25_29_R2,306.802,4.0972,7.2,mixta_demo,DATOS SINTÉTICOS DE DEMOSTRACIÓN,DEMO: generado localmente,2026-10-08
Logroño,Madrid,25_29_R3,303.671,4.5189,0.0,economica_demo,DATOS SINTÉTICOS DE DEMOSTRACIÓN,DEMO: generado localmente,2026-10-08
Logroño,Málaga,25_30_R1,826.157,9.7793,0.0,rapida_demo,DATOS SINTÉTICOS DE DEMOSTRACIÓN,DEMO: generado localmente,2026-10-08
Logroño,Málaga,25_30_R2,809.634,10.8124,7.2,mixta_demo,DATOS SINTÉTICOS DE DEMOSTRACIÓN,DEMO: generado localmente,2026-10-08
Logroño,Málaga,25_30_R3,801.372,11.9252,0.0,economica_demo,DATOS SINTÉTICOS DE DEMOSTRACIÓN,DEMO: generado localmente,2026-10-08
Logroño,Murcia,25_31_R1,638.359,7.5563,0.0,rapida_demo,DATOS SINTÉTICOS DE DEMOSTRACIÓN,DEMO: generado localmente,2026-10-08
Logroño,Murcia,25_31_R2,625.591,8.3546,7.2,mixta_demo,DATOS SINTÉTICOS DE DEMOSTRACIÓN,DEMO: generado localmente,2026-10-08
Logroño,Murcia,25_31_R3,619.208,9.2144,0.0,economica_demo,DATOS SINTÉTICOS DE DEMOSTRACIÓN,DEMO: generado localmente,2026-10-08
Logroño,Pamplona/Iruña,25_32_R1,94.863,1.1229,0.0,rapida_demo,DATOS SINTÉTICOS DE DEMOSTRACIÓN,DEMO: generado localmente,2026-10-08
Logroño,Pamplona/Iruña,25_32_R2,92.966,1.2415,7.2,mixta_demo,DATOS SINTÉTICOS DE DEMOSTRACIÓN,DEMO: generado localmente,2026-10-08
Logroño,Pamplona/Iruña,25_32_R3,92.017,1.3693,0.0,economica_demo,DATOS SINTÉTICOS DE DEMOSTRACIÓN,DEMO: generado localmente,2026-10-08
Logroño,Ourense,25_33_R1,556.992,6.5932,0.0,rapida_demo,DATOS SINTÉTICOS DE DEMOSTRACIÓN,DEMO: generado localmente,2026-10-08
Logroño,Ourense,25_33_R2,545.852,7.2897,7.2,mixta_demo,DATOS SINTÉTICOS DE DEMOSTRACIÓN,DEMO: generado localmente,2026-10-08
Logroño,Ourense,25_33_R3,540.282,8.0399,0.0,economica_demo,DATOS SINTÉTICOS DE DEMOSTRACIÓN,DEMO: generado localmente,2026-10-08
Logroño,Palencia,25_34_R1,224.541,2.6579,0.0,rapida_demo,DATOS SINTÉTICOS DE DEMOSTRACIÓN,DEMO: generado localmente,2026-10-08
Logroño,Palencia,25_34_R2,220.05,2.9387,7.2,mixta_demo,DATOS SINTÉTICOS DE DEMOSTRACIÓN,DEMO: generado localmente,2026-10-08
Logroño,Palencia,25_34_R3,217.805,3.2411,0.0,economica_demo,DATOS SINTÉTICOS DE DEMOSTRACIÓN,DEMO: generado localmente,2026-10-08
Logroño,Pontevedra,25_35_R1,636.545,7.5349,0.0,rapida_demo,DATOS SINTÉTICOS DE DEMOSTRACIÓN,DEMO: generado localmente,2026-10-08
Logroño,Pontevedra,25_35_R2,623.814,8.3309,7.2,mixta_demo,DATOS SINTÉTICOS DE DEMOSTRACIÓN,DEMO: generado localmente,2026-10-08
Logroño,Pontevedra,25_35_R3,617.449,9.1882,0.0,economica_demo,DATOS SINTÉTICOS DE DEMOSTRACIÓN,DEMO: generado localmente,2026-10-08
Logroño,Salamanca,25_36_R1,394.215,4.6664,0.0,rapida_demo,DATOS SINTÉTICOS DE DEMOSTRACIÓN,DEMO: generado localmente,2026-10-08
Logroño,Salamanca,25_36_R2,386.331,5.1593,7.2,mixta_demo,DATOS SINTÉTICOS DE DEMOSTRACIÓN,DEMO: generado localmente,2026-10-08
Logroño,Salamanca,25_36_R3,382.388,5.6903,0.0,economica_demo,DATOS SINTÉTICOS DE DEMOSTRACIÓN,DEMO: generado localmente,2026-10-08
Logroño,Segovia,25_37_R1,273.776,3.2407,0.0,rapida_demo,DATOS SINTÉTICOS DE DEMOSTRACIÓN,DEMO: generado localmente,2026-10-08
Logroño,Segovia,25_37_R2,268.3,3.5831,7.2,mixta_demo,DATOS SINTÉTICOS DE DEMOSTRACIÓN,DEMO: generado localmente,2026-10-08
Logroño,Segovia,25_37_R3,265.563,3.9518,0.0,economica_demo,DATOS SINTÉTICOS DE DEMOSTRACIÓN,DEMO: generado localmente,2026-10-08
Logroño,Sevilla,25_38_R1,800.877,9.4801,0.0,rapida_demo,DATOS SINTÉTICOS DE DEMOSTRACIÓN,DEMO: generado localmente,2026-10-08
Logroño,Sevilla,25_38_R2,784.86,10.4816,7.2,mixta_demo,DATOS SINTÉTICOS DE DEMOSTRACIÓN,DEMO: generado localmente,2026-10-08
Logroño,Sevilla,25_38_R3,776.851,11.5603,0.0,economica_demo,DATOS SINTÉTICOS DE DEMOSTRACIÓN,DEMO: generado localmente,2026-10-08
Logroño,Soria,25_39_R1,97.784,1.1575,0.0,rapida_demo,DATOS SINTÉTICOS DE DEMOSTRACIÓN,DEMO: generado localmente,2026-10-08
Logroño,Soria,25_39_R2,95.829,1.2798,7.2,mixta_demo,DATOS SINTÉTICOS DE DEMOSTRACIÓN,DEMO: generado localmente,2026-10-08
Logroño,Soria,25_39_R3,94.851,1.4115,0.0,economica_demo,DATOS SINTÉTICOS DE DEMOSTRACIÓN,DEMO: generado localmente,2026-10-08
Logroño,Tarragona,25_40_R1,426.13,5.0442,0.0,rapida_demo,DATOS SINTÉTICOS DE DEMOSTRACIÓN,DEMO: generado localmente,2026-10-08
Logroño,Tarragona,25_40_R2,417.608,5.577,7.2,mixta_demo,DATOS SINTÉTICOS DE DEMOSTRACIÓN,DEMO: generado localmente,2026-10-08
Logroño,Tarragona,25_40_R3,413.346,6.151,0.0,economica_demo,DATOS SINTÉTICOS DE DEMOSTRACIÓN,DEMO: generado localmente,2026-10-08
Logroño,Teruel,25_41_R1,326.042,3.8594,0.0,rapida_demo,DATOS SINTÉTICOS DE DEMOSTRACIÓN,DEMO: generado localmente,2026-10-08
Logroño,Teruel,25_41_R2,319.522,4.2671,7.2,mixta_demo,DATOS SINTÉTICOS DE DEMOSTRACIÓN,DEMO: generado localmente,2026-10-08
Logroño,Teruel,25_41_R3,316.261,4.7063,0.0,economica_demo,DATOS SINTÉTICOS DE DEMOSTRACIÓN,DEMO: generado localmente,2026-10-08
Logroño,Toledo,25_42_R1,398.898,4.7218,0.0,rapida_demo,DATOS SINTÉTICOS DE DEMOSTRACIÓN,DEMO: generado localmente,2026-10-08
Logroño,Toledo,25_42_R2,390.92,5.2206,7.2,mixta_demo,DATOS SINTÉTICOS DE DEMOSTRACIÓN,DEMO: generado localmente,2026-10-08
Logroño,Toledo,25_42_R3,386.931,5.7579,0.0,economica_demo,DATOS SINTÉTICOS DE DEMOSTRACIÓN,DEMO: generado localmente,2026-10-08
Logroño,Valencia,25_43_R1,469.296,5.5551,0.0,rapida_demo,DATOS SINTÉTICOS DE DEMOSTRACIÓN,DEMO: generado localmente,2026-10-08
Logroño,Valencia,25_43_R2,459.91,6.142,7.2,mixta_demo,DATOS SINTÉTICOS DE DEMOSTRACIÓN,DEMO: generado localmente,2026-10-08
Logroño,Valencia,25_43_R3,455.217,6.7741,0.0,economica_demo,DATOS SINTÉTICOS DE DEMOSTRACIÓN,DEMO: generado localmente,2026-10-08
Logroño,Valladolid,25_44_R1,261.943,3.1006,0.0,rapida_demo,DATOS SINTÉTICOS DE DEMOSTRACIÓN,DEMO: generado localmente,2026-10-08
Logroño,Valladolid,25_44_R2,256.704,3.4282,7.2,mixta_demo,DATOS SINTÉTICOS DE DEMOSTRACIÓN,DEMO: generado localmente,2026-10-08
Logroño,Valladolid,25_44_R3,254.085,3.781,0.0,economica_demo,DATOS SINTÉTICOS DE DEMOSTRACIÓN,DEMO: generado localmente,2026-10-08
Logroño,Zamora,25_45_R1,366.977,4.3439,0.0,rapida_demo,DATOS SINTÉTICOS DE DEMOSTRACIÓN,DEMO: generado localmente,2026-10-08
Logroño,Zamora,25_45_R2,359.637,4.8028,7.2,mixta_demo,DATOS SINTÉTICOS DE DEMOSTRACIÓN,DEMO: generado localmente,2026-10-08
Logroño,Zamora,25_45_R3,355.967,5.2971,0.0,economica_demo,DATOS SINTÉTICOS DE DEMOSTRACIÓN,DEMO: generado localmente,2026-10-08
Logroño,Zaragoza,25_46_R1,196.597,2.3271,0.0,rapida_demo,DATOS SINTÉTICOS DE DEMOSTRACIÓN,DEMO: generado localmente,2026-10-08
Logroño,Zaragoza,25_46_R2,192.665,2.573,7.2,mixta_demo,DATOS SINTÉTICOS DE DEMOSTRACIÓN,DEMO: generado localmente,2026-10-08
Logroño,Zaragoza,25_46_R3,190.699,2.8378,0.0,economica_demo,DATOS SINTÉTICOS DE DEMOSTRACIÓN,DEMO: generado localmente,2026-10-08
León,Lleida,26_27_R1,653.711,7.7381,0.0,rapida_demo,DATOS SINTÉTICOS DE DEMOSTRACIÓN,DEMO: generado localmente,2026-10-08
León,Lleida,26_27_R2,640.637,8.5555,7.2,mixta_demo,DATOS SINTÉTICOS DE DEMOSTRACIÓN,DEMO: generado localmente,2026-10-08
León,Lleida,26_27_R3,634.1,9.436,0.0,economica_demo,DATOS SINTÉTICOS DE DEMOSTRACIÓN,DEMO: generado localmente,2026-10-08
León,Lugo,26_28_R1,210.025,2.4861,0.0,rapida_demo,DATOS SINTÉTICOS DE DEMOSTRACIÓN,DEMO: generado localmente,2026-10-08
León,Lugo,26_28_R2,205.825,2.7487,7.2,mixta_demo,DATOS SINTÉTICOS DE DEMOSTRACIÓN,DEMO: generado localmente,2026-10-08
León,Lugo,26_28_R3,203.725,3.0316,0.0,economica_demo,DATOS SINTÉTICOS DE DEMOSTRACIÓN,DEMO: generado localmente,2026-10-08
León,Madrid,26_29_R1,360.641,4.2689,0.0,rapida_demo,DATOS SINTÉTICOS DE DEMOSTRACIÓN,DEMO: generado localmente,2026-10-08
León,Madrid,26_29_R2,353.428,4.7199,7.2,mixta_demo,DATOS SINTÉTICOS DE DEMOSTRACIÓN,DEMO: generado localmente,2026-10-08
León,Madrid,26_29_R3,349.822,5.2057,0.0,economica_demo,DATOS SINTÉTICOS DE DEMOSTRACIÓN,DEMO: generado localmente,2026-10-08
León,Málaga,26_30_R1,826.256,9.7805,0.0,rapida_demo,DATOS SINTÉTICOS DE DEMOSTRACIÓN,DEMO: generado localmente,2026-10-08
León,Málaga,26_30_R2,809.731,10.8137,7.2,mixta_demo,DATOS SINTÉTICOS DE DEMOSTRACIÓN,DEMO: generado localmente,2026-10-08
León,Málaga,26_30_R3,801.468,11.9266,0.0,economica_demo,DATOS SINTÉTICOS DE DEMOSTRACIÓN,DEMO: generado localmente,2026-10-08
León,Murcia,26_31_R1,795.54,9.4169,0.0,rapida_demo,DATOS SINTÉTICOS DE DEMOSTRACIÓN,DEMO: generado localmente,2026-10-08
León,Murcia,26_31_R2,779.629,10.4117,7.2,mixta_demo,DATOS SINTÉTICOS DE DEMOSTRACIÓN,DEMO: generado localmente,2026-10-08
León,Murcia,26_31_R3,771.674,11.4832,0.0,economica_demo,DATOS SINTÉTICOS DE DEMOSTRACIÓN,DEMO: generado localmente,2026-10-08
León,Pamplona/Iruña,26_32_R1,402.509,4.7646,0.0,rapida_demo,DATOS SINTÉTICOS DE DEMOSTRACIÓN,DEMO: generado localmente,2026-10-08
León,Pamplona/Iruña,26_32_R2,394.459,5.2679,7.2,mixta_demo,DATOS SINTÉTICOS DE DEMOSTRACIÓN,DEMO: generado localmente,2026-10-08
León,Pamplona/Iruña,26_32_R3,390.434,5.81,0.0,economica_demo,DATOS SINTÉTICOS DE DEMOSTRACIÓN,DEMO: generado localmente,2026-10-08
León,Ourense,26_33_R1,237.559,2.812,0.0,rapida_demo,DATOS SINTÉTICOS DE DEMOSTRACIÓN,DEMO: generado localmente,2026-10-08
León,Ourense,26_33_R2,232.808,3.1091,7.2,mixta_demo,DATOS SINTÉTICOS DE DEMOSTRACIÓN,DEMO: generado localmente,2026-10-08
León,Ourense,26_33_R3,230.432,3.4291,0.0,economica_demo,DATOS SINTÉTICOS DE DEMOSTRACIÓN,DEMO: generado localmente,2026-10-08
León,Palencia,26_34_R1,134.559,1.5928,0.0,rapida_demo,DATOS SINTÉTICOS DE DEMOSTRACIÓN,DEMO: generado localmente,2026-10-08
León,Palencia,26_34_R2,131.868,1.7611,7.2,mixta_demo,DATOS SINTÉTICOS DE DEMOSTRACIÓN,DEMO: generado localmente,2026-10-08
León,Palencia,26_34_R3,130.522,1.9423,0.0,economica_demo,DATOS SINTÉTICOS DE DEMOSTRACIÓN,DEMO: generado localmente,2026-10-08
León,Pontevedra,26_35_R1,315.622,3.7361,0.0,rapida_demo,DATOS SINTÉTICOS DE DEMOSTRACIÓN,DEMO: generado localmente,2026-10-08
León,Pontevedra,26_35_R2,309.309,4.1307,7.2,mixta_demo,DATOS SINTÉTICOS DE DEMOSTRACIÓN,DEMO: generado localmente,2026-10-08
León,Pontevedra,26_35_R3,306.153,4.5559,0.0,economica_demo,DATOS SINTÉTICOS DE DEMOSTRACIÓN,DEMO: generado localmente,2026-10-08
León,Salamanca,26_36_R1,227.044,2.6875,0.0,rapida_demo,DATOS SINTÉTICOS DE DEMOSTRACIÓN,DEMO: generado localmente,2026-10-08
León,Salamanca,26_36_R2,222.503,2.9715,7.2,mixta_demo,DATOS SINTÉTICOS DE DEMOSTRACIÓN,DEMO: generado localmente,2026-10-08
León,Salamanca,26_36_R3,220.233,3.2773,0.0,economica_demo,DATOS SINTÉTICOS DE DEMOSTRACIÓN,DEMO: generado localmente,2026-10-08
León,Segovia,26_37_R1,273.853,3.2416,0.0,rapida_demo,DATOS SINTÉTICOS DE DEMOSTRACIÓN,DEMO: generado localmente,2026-10-08
León,Segovia,26_37_R2,268.376,3.5841,7.2,mixta_demo,DATOS SINTÉTICOS DE DEMOSTRACIÓN,DEMO: generado localmente,2026-10-08
León,Segovia,26_37_R3,265.637,3.9529,0.0,economica_demo,DATOS SINTÉTICOS DE DEMOSTRACIÓN,DEMO: generado localmente,2026-10-08
León,Sevilla,26_38_R1,725.396,8.5866,0.0,rapida_demo,DATOS SINTÉTICOS DE DEMOSTRACIÓN,DEMO: generado localmente,2026-10-08
León,Sevilla,26_38_R2,710.888,9.4937,7.2,mixta_demo,DATOS SINTÉTICOS DE DEMOSTRACIÓN,DEMO: generado localmente,2026-10-08
León,Sevilla,26_38_R3,703.634,10.4707,0.0,economica_demo,DATOS SINTÉTICOS DE DEMOSTRACIÓN,DEMO: generado localmente,2026-10-08
León,Soria,26_39_R1,340.675,4.0326,0.0,rapida_demo,DATOS SINTÉTICOS DE DEMOSTRACIÓN,DEMO: generado localmente,2026-10-08
León,Soria,26_39_R2,333.862,4.4586,7.2,mixta_demo,DATOS SINTÉTICOS DE DEMOSTRACIÓN,DEMO: generado localmente,2026-10-08
León,Soria,26_39_R3,330.455,4.9175,0.0,economica_demo,DATOS SINTÉTICOS DE DEMOSTRACIÓN,DEMO: generado localmente,2026-10-08
León,Tarragona,26_40_R1,735.985,8.7119,0.0,rapida_demo,DATOS SINTÉTICOS DE DEMOSTRACIÓN,DEMO: generado localmente,2026-10-08
León,Tarragona,26_40_R2,721.265,9.6323,7.2,mixta_demo,DATOS SINTÉTICOS DE DEMOSTRACIÓN,DEMO: generado localmente,2026-10-08
León,Tarragona,26_40_R3,713.905,10.6236,0.0,economica_demo,DATOS SINTÉTICOS DE DEMOSTRACIÓN,DEMO: generado localmente,2026-10-08
León,Teruel,26_41_R1,560.692,6.637,0.0,rapida_demo,DATOS SINTÉTICOS DE DEMOSTRACIÓN,DEMO: generado localmente,2026-10-08
León,Teruel,26_41_R2,549.479,7.3381,7.2,mixta_demo,DATOS SINTÉTICOS DE DEMOSTRACIÓN,DEMO: generado localmente,2026-10-08
León,Teruel,26_41_R3,543.872,8.0933,0.0,economica_demo,DATOS SINTÉTICOS DE DEMOSTRACIÓN,DEMO: generado localmente,2026-10-08
León,Toledo,26_42_R1,413.961,4.9001,0.0,rapida_demo,DATOS SINTÉTICOS DE DEMOSTRACIÓN,DEMO: generado localmente,2026-10-08
León,Toledo,26_42_R2,405.682,5.4178,7.2,mixta_demo,DATOS SINTÉTICOS DE DEMOSTRACIÓN,DEMO: generado localmente,2026-10-08
León,Toledo,26_42_R3,401.542,5.9753,0.0,economica_demo,DATOS SINTÉTICOS DE DEMOSTRACIÓN,DEMO: generado localmente,2026-10-08
León,Valencia,26_43_R1,696.811,8.2482,0.0,rapida_demo,DATOS SINTÉTICOS DE DEMOSTRACIÓN,DEMO: generado localmente,2026-10-08
León,Valencia,26_43_R2,682.875,9.1196,7.2,mixta_demo,DATOS SINTÉTICOS DE DEMOSTRACIÓN,DEMO: generado localmente,2026-10-08
León,Valencia,26_43_R3,675.907,10.0581,0.0,economica_demo,DATOS SINTÉTICOS DE DEMOSTRACIÓN,DEMO: generado localmente,2026-10-08
León,Valladolid,26_44_R1,157.651,1.8661,0.0,rapida_demo,DATOS SINTÉTICOS DE DEMOSTRACIÓN,DEMO: generado localmente,2026-10-08
León,Valladolid,26_44_R2,154.498,2.0633,7.2,mixta_demo,DATOS SINTÉTICOS DE DEMOSTRACIÓN,DEMO: generado localmente,2026-10-08
León,Valladolid,26_44_R3,152.922,2.2756,0.0,economica_demo,DATOS SINTÉTICOS DE DEMOSTRACIÓN,DEMO: generado localmente,2026-10-08
León,Zamora,26_45_R1,153.063,1.8118,0.0,rapida_demo,DATOS SINTÉTICOS DE DEMOSTRACIÓN,DEMO: generado localmente,2026-10-08
León,Zamora,26_45_R2,150.002,2.0032,7.2,mixta_demo,DATOS SINTÉTICOS DE DEMOSTRACIÓN,DEMO: generado localmente,2026-10-08
León,Zamora,26_45_R3,148.471,2.2094,0.0,economica_demo,DATOS SINTÉTICOS DE DEMOSTRACIÓN,DEMO: generado localmente,2026-10-08
León,Zaragoza,26_46_R1,501.479,5.9361,0.0,rapida_demo,DATOS SINTÉTICOS DE DEMOSTRACIÓN,DEMO: generado localmente,2026-10-08
León,Zaragoza,26_46_R2,491.45,6.5632,7.2,mixta_demo,DATOS SINTÉTICOS DE DEMOSTRACIÓN,DEMO: generado localmente,2026-10-08
León,Zaragoza,26_46_R3,486.435,7.2386,0.0,economica_demo,DATOS SINTÉTICOS DE DEMOSTRACIÓN,DEMO: generado localmente,2026-10-08
Lleida,Lugo,27_28_R1,862.701,10.2119,0.0,rapida_demo,DATOS SINTÉTICOS DE DEMOSTRACIÓN,DEMO: generado localmente,2026-10-08
Lleida,Lugo,27_28_R2,845.447,11.2907,7.2,mixta_demo,DATOS SINTÉTICOS DE DEMOSTRACIÓN,DEMO: generado localmente,2026-10-08
Lleida,Lugo,27_28_R3,836.82,12.4527,0.0,economica_demo,DATOS SINTÉTICOS DE DEMOSTRACIÓN,DEMO: generado localmente,2026-10-08
Lleida,Madrid,27_29_R1,482.376,5.7099,0.0,rapida_demo,DATOS SINTÉTICOS DE DEMOSTRACIÓN,DEMO: generado localmente,2026-10-08
Lleida,Madrid,27_29_R2,472.729,6.3131,7.2,mixta_demo,DATOS SINTÉTICOS DE DEMOSTRACIÓN,DEMO: generado localmente,2026-10-08
Lleida,Madrid,27_29_R3,467.905,6.9629,0.0,economica_demo,DATOS SINTÉTICOS DE DEMOSTRACIÓN,DEMO: generado localmente,2026-10-08
Lleida,Málaga,27_30_R1,870.271,10.3015,0.0,rapida_demo,DATOS SINTÉTICOS DE DEMOSTRACIÓN,DEMO: generado localmente,2026-10-08
Lleida,Málaga,27_30_R2,852.866,11.3898,7.2,mixta_demo,DATOS SINTÉTICOS DE DEMOSTRACIÓN,DEMO: generado localmente,2026-10-08
Lleida,Málaga,27_30_R3,844.163,12.5619,0.0,economica_demo,DATOS SINTÉTICOS DE DEMOSTRACIÓN,DEMO: generado localmente,2026-10-08
Lleida,Murcia,27_31_R1,538.43,6.3735,0.0,rapida_demo,DATOS SINTÉTICOS DE DEMOSTRACIÓN,DEMO: generado localmente,2026-10-08
Lleida,Murcia,27_31_R2,527.661,7.0468,7.2,mixta_demo,DATOS SINTÉTICOS DE DEMOSTRACIÓN,DEMO: generado localmente,2026-10-08
Lleida,Murcia,27_31_R3,522.277,7.772,0.0,economica_demo,DATOS SINTÉTICOS DE DEMOSTRACIÓN,DEMO: generado localmente,2026-10-08
Lleida,Pamplona/Iruña,27_32_R1,287.484,3.403,0.0,rapida_demo,DATOS SINTÉTICOS DE DEMOSTRACIÓN,DEMO: generado localmente,2026-10-08
Lleida,Pamplona/Iruña,27_32_R2,281.735,3.7625,7.2,mixta_demo,DATOS SINTÉTICOS DE DEMOSTRACIÓN,DEMO: generado localmente,2026-10-08
Lleida,Pamplona/Iruña,27_32_R3,278.86,4.1497,0.0,economica_demo,DATOS SINTÉTICOS DE DEMOSTRACIÓN,DEMO: generado localmente,2026-10-08
Lleida,Ourense,27_33_R1,882.68,10.4484,0.0,rapida_demo,DATOS SINTÉTICOS DE DEMOSTRACIÓN,DEMO: generado localmente,2026-10-08
Lleida,Ourense,27_33_R2,865.026,11.5522,7.2,mixta_demo,DATOS SINTÉTICOS DE DEMOSTRACIÓN,DEMO: generado localmente,2026-10-08
Lleida,Ourense,27_33_R3,856.199,12.7411,0.0,economica_demo,DATOS SINTÉTICOS DE DEMOSTRACIÓN,DEMO: generado localmente,2026-10-08
Lleida,Palencia,27_34_R1,537.254,6.3595,0.0,rapida_demo,DATOS SINTÉTICOS DE DEMOSTRACIÓN,DEMO: generado localmente,2026-10-08
Lleida,Palencia,27_34_R2,526.509,7.0314,7.2,mixta_demo,DATOS SINTÉTICOS DE DEMOSTRACIÓN,DEMO: generado localmente,2026-10-08
Lleida,Palencia,27_34_R3,521.136,7.755,0.0,economica_demo,DATOS SINTÉTICOS DE DEMOSTRACIÓN,DEMO: generado localmente,2026-10-08
Lleida,Pontevedra,27_35_R1,963.762,11.4082,0.0,rapida_demo,DATOS SINTÉTICOS DE DEMOSTRACIÓN,DEMO: generado localmente,2026-10-08
Lleida,Pontevedra,27_35_R2,944.486,12.6133,7.2,mixta_demo,DATOS SINTÉTICOS DE DEMOSTRACIÓN,DEMO: generado localmente,2026-10-08
Lleida,Pontevedra,27_35_R3,934.849,13.9114,0.0,economica_demo,DATOS SINTÉTICOS DE DEMOSTRACIÓN,DEMO: generado localmente,2026-10-08
Lleida,Salamanca,27_36_R1,662.96,7.8475,0.0,rapida_demo,DATOS SINTÉTICOS DE DEMOSTRACIÓN,DEMO: generado localmente,2026-10-08
Lleida,Salamanca,27_36_R2,649.7,8.6766,7.2,mixta_demo,DATOS SINTÉTICOS DE DEMOSTRACIÓN,DEMO: generado localmente,2026-10-08
Lleida,Salamanca,27_36_R3,643.071,9.5695,0.0,economica_demo,DATOS SINTÉTICOS DE DEMOSTRACIÓN,DEMO: generado localmente,2026-10-08
Lleida,Segovia,27_37_R1,504.675,5.9739,0.0,rapida_demo,DATOS SINTÉTICOS DE DEMOSTRACIÓN,DEMO: generado localmente,2026-10-08
Lleida,Segovia,27_37_R2,494.582,6.605,7.2,mixta_demo,DATOS SINTÉTICOS DE DEMOSTRACIÓN,DEMO: generado localmente,2026-10-08
Lleida,Segovia,27_37_R3,489.535,7.2847,0.0,economica_demo,DATOS SINTÉTICOS DE DEMOSTRACIÓN,DEMO: generado localmente,2026-10-08
Lleida,Sevilla,27_38_R1,921.072,10.9028,0.0,rapida_demo,DATOS SINTÉTICOS DE DEMOSTRACIÓN,DEMO: generado localmente,2026-10-08
Lleida,Sevilla,27_38_R2,902.651,12.0546,7.2,mixta_demo,DATOS SINTÉTICOS DE DEMOSTRACIÓN,DEMO: generado localmente,2026-10-08
Lleida,Sevilla,27_38_R3,893.44,13.2952,0.0,economica_demo,DATOS SINTÉTICOS DE DEMOSTRACIÓN,DEMO: generado localmente,2026-10-08
Lleida,Soria,27_39_R1,321.457,3.8051,0.0,rapida_demo,DATOS SINTÉTICOS DE DEMOSTRACIÓN,DEMO: generado localmente,2026-10-08
Lleida,Soria,27_39_R2,315.028,4.2071,7.2,mixta_demo,DATOS SINTÉTICOS DE DEMOSTRACIÓN,DEMO: generado localmente,2026-10-08
Lleida,Soria,27_39_R3,311.813,4.6401,0.0,economica_demo,DATOS SINTÉTICOS DE DEMOSTRACIÓN,DEMO: generado localmente,2026-10-08
Lleida,Tarragona,27_40_R1,95.186,1.1267,0.0,rapida_demo,DATOS SINTÉTICOS DE DEMOSTRACIÓN,DEMO: generado localmente,2026-10-08
Lleida,Tarragona,27_40_R2,93.283,1.2458,7.2,mixta_demo,DATOS SINTÉTICOS DE DEMOSTRACIÓN,DEMO: generado localmente,2026-10-08
Lleida,Tarragona,27_40_R3,92.331,1.374,0.0,economica_demo,DATOS SINTÉTICOS DE DEMOSTRACIÓN,DEMO: generado localmente,2026-10-08
Lleida,Teruel,27_41_R1,253.669,3.0027,0.0,rapida_demo,DATOS SINTÉTICOS DE DEMOSTRACIÓN,DEMO: generado localmente,2026-10-08
Lleida,Teruel,27_41_R2,248.595,3.3199,7.2,mixta_demo,DATOS SINTÉTICOS DE DEMOSTRACIÓN,DEMO: generado localmente,2026-10-08
Lleida,Teruel,27_41_R3,246.059,3.6616,0.0,economica_demo,DATOS SINTÉTICOS DE DEMOSTRACIÓN,DEMO: generado localmente,2026-10-08
Lleida,Toledo,27_42_R1,547.407,6.4797,0.0,rapida_demo,DATOS SINTÉTICOS DE DEMOSTRACIÓN,DEMO: generado localmente,2026-10-08
Lleida,Toledo,27_42_R2,536.459,7.1642,7.2,mixta_demo,DATOS SINTÉTICOS DE DEMOSTRACIÓN,DEMO: generado localmente,2026-10-08
Lleida,Toledo,27_42_R3,530.985,7.9016,0.0,economica_demo,DATOS SINTÉTICOS DE DEMOSTRACIÓN,DEMO: generado localmente,2026-10-08
Lleida,Valencia,27_43_R1,316.412,3.7454,0.0,rapida_demo,DATOS SINTÉTICOS DE DEMOSTRACIÓN,DEMO: generado localmente,2026-10-08
Lleida,Valencia,27_43_R2,310.084,4.1411,7.2,mixta_demo,DATOS SINTÉTICOS DE DEMOSTRACIÓN,DEMO: generado localmente,2026-10-08
Lleida,Valencia,27_43_R3,306.92,4.5673,0.0,economica_demo,DATOS SINTÉTICOS DE DEMOSTRACIÓN,DEMO: generado localmente,2026-10-08
Lleida,Valladolid,27_44_R1,556.284,6.5848,0.0,rapida_demo,DATOS SINTÉTICOS DE DEMOSTRACIÓN,DEMO: generado localmente,2026-10-08
Lleida,Valladolid,27_44_R2,545.158,7.2804,7.2,mixta_demo,DATOS SINTÉTICOS DE DEMOSTRACIÓN,DEMO: generado localmente,2026-10-08
Lleida,Valladolid,27_44_R3,539.595,8.0297,0.0,economica_demo,DATOS SINTÉTICOS DE DEMOSTRACIÓN,DEMO: generado localmente,2026-10-08
Lleida,Zamora,27_45_R1,662.928,7.8472,0.0,rapida_demo,DATOS SINTÉTICOS DE DEMOSTRACIÓN,DEMO: generado localmente,2026-10-08
Lleida,Zamora,27_45_R2,649.67,8.6761,7.2,mixta_demo,DATOS SINTÉTICOS DE DEMOSTRACIÓN,DEMO: generado localmente,2026-10-08
Lleida,Zamora,27_45_R3,643.04,9.5691,0.0,economica_demo,DATOS SINTÉTICOS DE DEMOSTRACIÓN,DEMO: generado localmente,2026-10-08
Lleida,Zaragoza,27_46_R1,156.349,1.8507,0.0,rapida_demo,DATOS SINTÉTICOS DE DEMOSTRACIÓN,DEMO: generado localmente,2026-10-08
Lleida,Zaragoza,27_46_R2,153.222,2.0462,7.2,mixta_demo,DATOS SINTÉTICOS DE DEMOSTRACIÓN,DEMO: generado localmente,2026-10-08
Lleida,Zaragoza,27_46_R3,151.658,2.2568,0.0,economica_demo,DATOS SINTÉTICOS DE DEMOSTRACIÓN,DEMO: generado localmente,2026-10-08
Lugo,Madrid,28_29_R1,538.77,6.3775,0.0,rapida_demo,DATOS SINTÉTICOS DE DEMOSTRACIÓN,DEMO: generado localmente,2026-10-08
Lugo,Madrid,28_29_R2,527.995,7.0512,7.2,mixta_demo,DATOS SINTÉTICOS DE DEMOSTRACIÓN,DEMO: generado localmente,2026-10-08
Lugo,Madrid,28_29_R3,522.607,7.7769,0.0,economica_demo,DATOS SINTÉTICOS DE DEMOSTRACIÓN,DEMO: generado localmente,2026-10-08
Lugo,Málaga,28_30_R1,936.053,11.0802,0.0,rapida_demo,DATOS SINTÉTICOS DE DEMOSTRACIÓN,DEMO: generado localmente,2026-10-08
Lugo,Málaga,28_30_R2,917.332,12.2507,7.2,mixta_demo,DATOS SINTÉTICOS DE DEMOSTRACIÓN,DEMO: generado localmente,2026-10-08
Lugo,Málaga,28_30_R3,907.972,13.5115,0.0,economica_demo,DATOS SINTÉTICOS DE DEMOSTRACIÓN,DEMO: generado localmente,2026-10-08
Lugo,Murcia,28_31_R1,973.766,11.5266,0.0,rapida_demo,DATOS SINTÉTICOS DE DEMOSTRACIÓN,DEMO: generado localmente,2026-10-08
Lugo,Murcia,28_31_R2,954.29,12.7443,7.2,mixta_demo,DATOS SINTÉTICOS DE DEMOSTRACIÓN,DEMO: generado localmente,2026-10-08
Lugo,Murcia,28_31_R3,944.553,14.0558,0.0,economica_demo,DATOS SINTÉTICOS DE DEMOSTRACIÓN,DEMO: generado localmente,2026-10-08
Lugo,Pamplona/Iruña,28_32_R1,602.198,7.1283,0.0,rapida_demo,DATOS SINTÉTICOS DE DEMOSTRACIÓN,DEMO: generado localmente,2026-10-08
Lugo,Pamplona/Iruña,28_32_R2,590.154,7.8813,7.2,mixta_demo,DATOS SINTÉTICOS DE DEMOSTRACIÓN,DEMO: generado localmente,2026-10-08
Lugo,Pamplona/Iruña,28_32_R3,584.132,8.6924,0.0,economica_demo,DATOS SINTÉTICOS DE DEMOSTRACIÓN,DEMO: generado localmente,2026-10-08
Lugo,Ourense,28_33_R1,98.899,1.1707,0.0,rapida_demo,DATOS SINTÉTICOS DE DEMOSTRACIÓN,DEMO: generado localmente,2026-10-08
Lugo,Ourense,28_33_R2,96.921,1.2944,7.2,mixta_demo,DATOS SINTÉTICOS DE DEMOSTRACIÓN,DEMO: generado localmente,2026-10-08
Lugo,Ourense,28_33_R3,95.932,1.4276,0.0,economica_demo,DATOS SINTÉTICOS DE DEMOSTRACIÓN,DEMO: generado localmente,2026-10-08
Lugo,Palencia,28_34_R1,339.387,4.0174,0.0,rapida_demo,DATOS SINTÉTICOS DE DEMOSTRACIÓN,DEMO: generado localmente,2026-10-08
Lugo,Palencia,28_34_R2,332.599,4.4418,7.2,mixta_demo,DATOS SINTÉTICOS DE DEMOSTRACIÓN,DEMO: generado localmente,2026-10-08
Lugo,Palencia,28_34_R3,329.205,4.8989,0.0,economica_demo,DATOS SINTÉTICOS DE DEMOSTRACIÓN,DEMO: generado localmente,2026-10-08
Lugo,Pontevedra,28_35_R1,137.371,1.6261,0.0,rapida_demo,DATOS SINTÉTICOS DE DEMOSTRACIÓN,DEMO: generado localmente,2026-10-08
Lugo,Pontevedra,28_35_R2,134.624,1.7979,7.2,mixta_demo,DATOS SINTÉTICOS DE DEMOSTRACIÓN,DEMO: generado localmente,2026-10-08
Lugo,Pontevedra,28_35_R3,133.25,1.9829,0.0,economica_demo,DATOS SINTÉTICOS DE DEMOSTRACIÓN,DEMO: generado localmente,2026-10-08
Lugo,Salamanca,28_36_R1,344.888,4.0825,0.0,rapida_demo,DATOS SINTÉTICOS DE DEMOSTRACIÓN,DEMO: generado localmente,2026-10-08
Lugo,Salamanca,28_36_R2,337.99,4.5138,7.2,mixta_demo,DATOS SINTÉTICOS DE DEMOSTRACIÓN,DEMO: generado localmente,2026-10-08
Lugo,Salamanca,28_36_R3,334.541,4.9783,0.0,economica_demo,DATOS SINTÉTICOS DE DEMOSTRACIÓN,DEMO: generado localmente,2026-10-08
Lugo,Segovia,28_37_R1,455.61,5.3931,0.0,rapida_demo,DATOS SINTÉTICOS DE DEMOSTRACIÓN,DEMO: generado localmente,2026-10-08
Lugo,Segovia,28_37_R2,446.498,5.9629,7.2,mixta_demo,DATOS SINTÉTICOS DE DEMOSTRACIÓN,DEMO: generado localmente,2026-10-08
Lugo,Segovia,28_37_R3,441.942,6.5765,0.0,economica_demo,DATOS SINTÉTICOS DE DEMOSTRACIÓN,DEMO: generado localmente,2026-10-08
Lugo,Sevilla,28_38_R1,798.678,9.4541,0.0,rapida_demo,DATOS SINTÉTICOS DE DEMOSTRACIÓN,DEMO: generado localmente,2026-10-08
Lugo,Sevilla,28_38_R2,782.705,10.4528,7.2,mixta_demo,DATOS SINTÉTICOS DE DEMOSTRACIÓN,DEMO: generado localmente,2026-10-08
Lugo,Sevilla,28_38_R3,774.718,11.5285,0.0,economica_demo,DATOS SINTÉTICOS DE DEMOSTRACIÓN,DEMO: generado localmente,2026-10-08
Lugo,Soria,28_39_R1,550.591,6.5174,0.0,rapida_demo,DATOS SINTÉTICOS DE DEMOSTRACIÓN,DEMO: generado localmente,2026-10-08
Lugo,Soria,28_39_R2,539.58,7.2059,7.2,mixta_demo,DATOS SINTÉTICOS DE DEMOSTRACIÓN,DEMO: generado localmente,2026-10-08
Lugo,Soria,28_39_R3,534.074,7.9475,0.0,economica_demo,DATOS SINTÉTICOS DE DEMOSTRACIÓN,DEMO: generado localmente,2026-10-08
Lugo,Tarragona,28_40_R1,945.844,11.1961,0.0,rapida_demo,DATOS SINTÉTICOS DE DEMOSTRACIÓN,DEMO: generado localmente,2026-10-08
Lugo,Tarragona,28_40_R2,926.927,12.3788,7.2,mixta_demo,DATOS SINTÉTICOS DE DEMOSTRACIÓN,DEMO: generado localmente,2026-10-08
Lugo,Tarragona,28_40_R3,917.469,13.6528,0.0,economica_demo,DATOS SINTÉTICOS DE DEMOSTRACIÓN,DEMO: generado localmente,2026-10-08
Lugo,Teruel,28_41_R1,764.803,9.0531,0.0,rapida_demo,DATOS SINTÉTICOS DE DEMOSTRACIÓN,DEMO: generado localmente,2026-10-08
Lugo,Teruel,28_41_R2,749.507,10.0094,7.2,mixta_demo,DATOS SINTÉTICOS DE DEMOSTRACIÓN,DEMO: generado localmente,2026-10-08
Lugo,Teruel,28_41_R3,741.859,11.0396,0.0,economica_demo,DATOS SINTÉTICOS DE DEMOSTRACIÓN,DEMO: generado localmente,2026-10-08
Lugo,Toledo,28_42_R1,572.131,6.7724,0.0,rapida_demo,DATOS SINTÉTICOS DE DEMOSTRACIÓN,DEMO: generado localmente,2026-10-08
Lugo,Toledo,28_42_R2,560.689,7.4878,7.2,mixta_demo,DATOS SINTÉTICOS DE DEMOSTRACIÓN,DEMO: generado localmente,2026-10-08
Lugo,Toledo,28_42_R3,554.967,8.2584,0.0,economica_demo,DATOS SINTÉTICOS DE DEMOSTRACIÓN,DEMO: generado localmente,2026-10-08
Lugo,Valencia,28_43_R1,896.704,10.6144,0.0,rapida_demo,DATOS SINTÉTICOS DE DEMOSTRACIÓN,DEMO: generado localmente,2026-10-08
Lugo,Valencia,28_43_R2,878.77,11.7357,7.2,mixta_demo,DATOS SINTÉTICOS DE DEMOSTRACIÓN,DEMO: generado localmente,2026-10-08
Lugo,Valencia,28_43_R3,869.803,12.9435,0.0,economica_demo,DATOS SINTÉTICOS DE DEMOSTRACIÓN,DEMO: generado localmente,2026-10-08
Lugo,Valladolid,28_44_R1,346.348,4.0998,0.0,rapida_demo,DATOS SINTÉTICOS DE DEMOSTRACIÓN,DEMO: generado localmente,2026-10-08
Lugo,Valladolid,28_44_R2,339.421,4.5329,7.2,mixta_demo,DATOS SINTÉTICOS DE DEMOSTRACIÓN,DEMO: generado localmente,2026-10-08
Lugo,Valladolid,28_44_R3,335.958,4.9994,0.0,economica_demo,DATOS SINTÉTICOS DE DEMOSTRACIÓN,DEMO: generado localmente,2026-10-08
Lugo,Zamora,28_45_R1,280.06,3.3151,0.0,rapida_demo,DATOS SINTÉTICOS DE DEMOSTRACIÓN,DEMO: generado localmente,2026-10-08
Lugo,Zamora,28_45_R2,274.459,3.6653,7.2,mixta_demo,DATOS SINTÉTICOS DE DEMOSTRACIÓN,DEMO: generado localmente,2026-10-08
Lugo,Zamora,28_45_R3,271.658,4.0425,0.0,economica_demo,DATOS SINTÉTICOS DE DEMOSTRACIÓN,DEMO: generado localmente,2026-10-08
Lugo,Zaragoza,28_46_R1,711.306,8.4198,0.0,rapida_demo,DATOS SINTÉTICOS DE DEMOSTRACIÓN,DEMO: generado localmente,2026-10-08
Lugo,Zaragoza,28_46_R2,697.08,9.3093,7.2,mixta_demo,DATOS SINTÉTICOS DE DEMOSTRACIÓN,DEMO: generado localmente,2026-10-08
Lugo,Zaragoza,28_46_R3,689.967,10.2674,0.0,economica_demo,DATOS SINTÉTICOS DE DEMOSTRACIÓN,DEMO: generado localmente,2026-10-08
Madrid,Málaga,29_30_R1,520.068,6.1561,0.0,rapida_demo,DATOS SINTÉTICOS DE DEMOSTRACIÓN,DEMO: generado localmente,2026-10-08
Madrid,Málaga,29_30_R2,509.667,6.8064,7.2,mixta_demo,DATOS SINTÉTICOS DE DEMOSTRACIÓN,DEMO: generado localmente,2026-10-08
Madrid,Málaga,29_30_R3,504.466,7.5069,0.0,economica_demo,DATOS SINTÉTICOS DE DEMOSTRACIÓN,DEMO: generado localmente,2026-10-08
Madrid,Murcia,29_31_R1,436.691,5.1692,0.0,rapida_demo,DATOS SINTÉTICOS DE DEMOSTRACIÓN,DEMO: generado localmente,2026-10-08
Madrid,Murcia,29_31_R2,427.958,5.7152,7.2,mixta_demo,DATOS SINTÉTICOS DE DEMOSTRACIÓN,DEMO: generado localmente,2026-10-08
Madrid,Murcia,29_31_R3,423.591,6.3034,0.0,economica_demo,DATOS SINTÉTICOS DE DEMOSTRACIÓN,DEMO: generado localmente,2026-10-08
Madrid,Pamplona/Iruña,29_32_R1,395.574,4.6825,0.0,rapida_demo,DATOS SINTÉTICOS DE DEMOSTRACIÓN,DEMO: generado localmente,2026-10-08
Madrid,Pamplona/Iruña,29_32_R2,387.663,5.1771,7.2,mixta_demo,DATOS SINTÉTICOS DE DEMOSTRACIÓN,DEMO: generado localmente,2026-10-08
Madrid,Pamplona/Iruña,29_32_R3,383.707,5.7099,0.0,economica_demo,DATOS SINTÉTICOS DE DEMOSTRACIÓN,DEMO: generado localmente,2026-10-08
Madrid,Ourense,29_33_R1,510.086,6.0379,0.0,rapida_demo,DATOS SINTÉTICOS DE DEMOSTRACIÓN,DEMO: generado localmente,2026-10-08
Madrid,Ourense,29_33_R2,499.884,6.6758,7.2,mixta_demo,DATOS SINTÉTICOS DE DEMOSTRACIÓN,DEMO: generado localmente,2026-10-08
Madrid,Ourense,29_33_R3,494.783,7.3628,0.0,economica_demo,DATOS SINTÉTICOS DE DEMOSTRACIÓN,DEMO: generado localmente,2026-10-08
Madrid,Palencia,29_34_R1,238.111,2.8185,0.0,rapida_demo,DATOS SINTÉTICOS DE DEMOSTRACIÓN,DEMO: generado localmente,2026-10-08
Madrid,Palencia,29_34_R2,233.349,3.1163,7.2,mixta_demo,DATOS SINTÉTICOS DE DEMOSTRACIÓN,DEMO: generado localmente,2026-10-08
Madrid,Palencia,29_34_R3,230.968,3.437,0.0,economica_demo,DATOS SINTÉTICOS DE DEMOSTRACIÓN,DEMO: generado localmente,2026-10-08
Madrid,Pontevedra,29_35_R1,587.183,6.9506,0.0,rapida_demo,DATOS SINTÉTICOS DE DEMOSTRACIÓN,DEMO: generado localmente,2026-10-08
Madrid,Pontevedra,29_35_R2,575.439,7.6848,7.2,mixta_demo,DATOS SINTÉTICOS DE DEMOSTRACIÓN,DEMO: generado localmente,2026-10-08
Madrid,Pontevedra,29_35_R3,569.567,8.4757,0.0,economica_demo,DATOS SINTÉTICOS DE DEMOSTRACIÓN,DEMO: generado localmente,2026-10-08
Madrid,Salamanca,29_36_R1,221.23,2.6187,0.0,rapida_demo,DATOS SINTÉTICOS DE DEMOSTRACIÓN,DEMO: generado localmente,2026-10-08
Madrid,Salamanca,29_36_R2,216.805,2.8954,7.2,mixta_demo,DATOS SINTÉTICOS DE DEMOSTRACIÓN,DEMO: generado localmente,2026-10-08
Madrid,Salamanca,29_36_R3,214.593,3.1933,0.0,economica_demo,DATOS SINTÉTICOS DE DEMOSTRACIÓN,DEMO: generado localmente,2026-10-08
Madrid,Segovia,29_37_R1,86.798,1.0274,0.0,rapida_demo,DATOS SINTÉTICOS DE DEMOSTRACIÓN,DEMO: generado localmente,2026-10-08
Madrid,Segovia,29_37_R2,85.062,1.136,7.2,mixta_demo,DATOS SINTÉTICOS DE DEMOSTRACIÓN,DEMO: generado localmente,2026-10-08
Madrid,Segovia,29_37_R3,84.194,1.2529,0.0,economica_demo,DATOS SINTÉTICOS DE DEMOSTRACIÓN,DEMO: generado localmente,2026-10-08
Madrid,Sevilla,29_38_R1,489.278,5.7916,0.0,rapida_demo,DATOS SINTÉTICOS DE DEMOSTRACIÓN,DEMO: generado localmente,2026-10-08
Madrid,Sevilla,29_38_R2,479.493,6.4035,7.2,mixta_demo,DATOS SINTÉTICOS DE DEMOSTRACIÓN,DEMO: generado localmente,2026-10-08
Madrid,Sevilla,29_38_R3,474.6,7.0625,0.0,economica_demo,DATOS SINTÉTICOS DE DEMOSTRACIÓN,DEMO: generado localmente,2026-10-08
Madrid,Soria,29_39_R1,226.804,2.6847,0.0,rapida_demo,DATOS SINTÉTICOS DE DEMOSTRACIÓN,DEMO: generado localmente,2026-10-08
Madrid,Soria,29_39_R2,222.268,2.9683,7.2,mixta_demo,DATOS SINTÉTICOS DE DEMOSTRACIÓN,DEMO: generado localmente,2026-10-08
Madrid,Soria,29_39_R3,220.0,3.2738,0.0,economica_demo,DATOS SINTÉTICOS DE DEMOSTRACIÓN,DEMO: generado localmente,2026-10-08
Madrid,Tarragona,29_40_R1,529.564,6.2685,0.0,rapida_demo,DATOS SINTÉTICOS DE DEMOSTRACIÓN,DEMO: generado localmente,2026-10-08
Madrid,Tarragona,29_40_R2,518.973,6.9307,7.2,mixta_demo,DATOS SINTÉTICOS DE DEMOSTRACIÓN,DEMO: generado localmente,2026-10-08
Madrid,Tarragona,29_40_R3,513.677,7.644,0.0,economica_demo,DATOS SINTÉTICOS DE DEMOSTRACIÓN,DEMO: generado localmente,2026-10-08
Madrid,Teruel,29_41_R1,273.776,3.2407,0.0,rapida_demo,DATOS SINTÉTICOS DE DEMOSTRACIÓN,DEMO: generado localmente,2026-10-08
Madrid,Teruel,29_41_R2,268.3,3.5831,7.2,mixta_demo,DATOS SINTÉTICOS DE DEMOSTRACIÓN,DEMO: generado localmente,2026-10-08
Madrid,Teruel,29_41_R3,265.563,3.9518,0.0,economica_demo,DATOS SINTÉTICOS DE DEMOSTRACIÓN,DEMO: generado localmente,2026-10-08
Madrid,Toledo,29_42_R1,85.836,1.0161,0.0,rapida_demo,DATOS SINTÉTICOS DE DEMOSTRACIÓN,DEMO: generado localmente,2026-10-08
Madrid,Toledo,29_42_R2,84.119,1.1234,7.2,mixta_demo,DATOS SINTÉTICOS DE DEMOSTRACIÓN,DEMO: generado localmente,2026-10-08
Madrid,Toledo,29_42_R3,83.261,1.239,0.0,economica_demo,DATOS SINTÉTICOS DE DEMOSTRACIÓN,DEMO: generado localmente,2026-10-08
Madrid,Valencia,29_43_R1,377.01,4.4627,0.0,rapida_demo,DATOS SINTÉTICOS DE DEMOSTRACIÓN,DEMO: generado localmente,2026-10-08
Madrid,Valencia,29_43_R2,369.47,4.9342,7.2,mixta_demo,DATOS SINTÉTICOS DE DEMOSTRACIÓN,DEMO: generado localmente,2026-10-08
Madrid,Valencia,29_43_R3,365.7,5.442,0.0,economica_demo,DATOS SINTÉTICOS DE DEMOSTRACIÓN,DEMO: generado localmente,2026-10-08
Madrid,Valladolid,29_44_R1,202.994,2.4029,0.0,rapida_demo,DATOS SINTÉTICOS DE DEMOSTRACIÓN,DEMO: generado localmente,2026-10-08
Madrid,Valladolid,29_44_R2,198.934,2.6567,7.2,mixta_demo,DATOS SINTÉTICOS DE DEMOSTRACIÓN,DEMO: generado localmente,2026-10-08
Madrid,Valladolid,29_44_R3,196.904,2.9301,0.0,economica_demo,DATOS SINTÉTICOS DE DEMOSTRACIÓN,DEMO: generado localmente,2026-10-08
Madrid,Zamora,29_45_R1,263.168,3.1152,0.0,rapida_demo,DATOS SINTÉTICOS DE DEMOSTRACIÓN,DEMO: generado localmente,2026-10-08
Madrid,Zamora,29_45_R2,257.905,3.4442,7.2,mixta_demo,DATOS SINTÉTICOS DE DEMOSTRACIÓN,DEMO: generado localmente,2026-10-08
Madrid,Zamora,29_45_R3,255.273,3.7987,0.0,economica_demo,DATOS SINTÉTICOS DE DEMOSTRACIÓN,DEMO: generado localmente,2026-10-08
Madrid,Zaragoza,29_46_R1,341.51,4.0425,0.0,rapida_demo,DATOS SINTÉTICOS DE DEMOSTRACIÓN,DEMO: generado localmente,2026-10-08
Madrid,Zaragoza,29_46_R2,334.68,4.4696,7.2,mixta_demo,DATOS SINTÉTICOS DE DEMOSTRACIÓN,DEMO: generado localmente,2026-10-08
Madrid,Zaragoza,29_46_R3,331.265,4.9295,0.0,economica_demo,DATOS SINTÉTICOS DE DEMOSTRACIÓN,DEMO: generado localmente,2026-10-08
Málaga,Murcia,30_31_R1,403.137,4.772,0.0,rapida_demo,DATOS SINTÉTICOS DE DEMOSTRACIÓN,DEMO: generado localmente,2026-10-08
Málaga,Murcia,30_31_R2,395.074,5.2761,7.2,mixta_demo,DATOS SINTÉTICOS DE DEMOSTRACIÓN,DEMO: generado localmente,2026-10-08
Málaga,Murcia,30_31_R3,391.043,5.8191,0.0,economica_demo,DATOS SINTÉTICOS DE DEMOSTRACIÓN,DEMO: generado localmente,2026-10-08
Málaga,Pamplona/Iruña,30_32_R1,897.674,10.6259,0.0,rapida_demo,DATOS SINTÉTICOS DE DEMOSTRACIÓN,DEMO: generado localmente,2026-10-08
Málaga,Pamplona/Iruña,30_32_R2,879.72,11.7484,7.2,mixta_demo,DATOS SINTÉTICOS DE DEMOSTRACIÓN,DEMO: generado localmente,2026-10-08
Málaga,Pamplona/Iruña,30_32_R3,870.744,12.9575,0.0,economica_demo,DATOS SINTÉTICOS DE DEMOSTRACIÓN,DEMO: generado localmente,2026-10-08
Málaga,Ourense,30_33_R1,863.435,10.2206,0.0,rapida_demo,DATOS SINTÉTICOS DE DEMOSTRACIÓN,DEMO: generado localmente,2026-10-08
Málaga,Ourense,30_33_R2,846.167,11.3003,7.2,mixta_demo,DATOS SINTÉTICOS DE DEMOSTRACIÓN,DEMO: generado localmente,2026-10-08
Málaga,Ourense,30_33_R3,837.532,12.4633,0.0,economica_demo,DATOS SINTÉTICOS DE DEMOSTRACIÓN,DEMO: generado localmente,2026-10-08
Málaga,Palencia,30_34_R1,735.504,8.7063,0.0,rapida_demo,DATOS SINTÉTICOS DE DEMOSTRACIÓN,DEMO: generado localmente,2026-10-08
Málaga,Palencia,30_34_R2,720.794,9.626,7.2,mixta_demo,DATOS SINTÉTICOS DE DEMOSTRACIÓN,DEMO: generado localmente,2026-10-08
Málaga,Palencia,30_34_R3,713.439,10.6167,0.0,economica_demo,DATOS SINTÉTICOS DE DEMOSTRACIÓN,DEMO: generado localmente,2026-10-08
Málaga,Pontevedra,30_35_R1,913.926,10.8183,0.0,rapida_demo,DATOS SINTÉTICOS DE DEMOSTRACIÓN,DEMO: generado localmente,2026-10-08
Málaga,Pontevedra,30_35_R2,895.647,11.9611,7.2,mixta_demo,DATOS SINTÉTICOS DE DEMOSTRACIÓN,DEMO: generado localmente,2026-10-08
Málaga,Pontevedra,30_35_R3,886.508,13.1921,0.0,economica_demo,DATOS SINTÉTICOS DE DEMOSTRACIÓN,DEMO: generado localmente,2026-10-08
Málaga,Salamanca,30_36_R1,605.327,7.1653,0.0,rapida_demo,DATOS SINTÉTICOS DE DEMOSTRACIÓN,DEMO: generado localmente,2026-10-08
Málaga,Salamanca,30_36_R2,593.22,7.9223,7.2,mixta_demo,DATOS SINTÉTICOS DE DEMOSTRACIÓN,DEMO: generado localmente,2026-10-08
Málaga,Salamanca,30_36_R3,587.167,8.7376,0.0,economica_demo,DATOS SINTÉTICOS DE DEMOSTRACIÓN,DEMO: generado localmente,2026-10-08
Málaga,Segovia,30_37_R1,588.826,6.97,0.0,rapida_demo,DATOS SINTÉTICOS DE DEMOSTRACIÓN,DEMO: generado localmente,2026-10-08
Málaga,Segovia,30_37_R2,577.05,7.7063,7.2,mixta_demo,DATOS SINTÉTICOS DE DEMOSTRACIÓN,DEMO: generado localmente,2026-10-08
Málaga,Segovia,30_37_R3,571.161,8.4994,0.0,economica_demo,DATOS SINTÉTICOS DE DEMOSTRACIÓN,DEMO: generado localmente,2026-10-08
Málaga,Sevilla,30_38_R1,198.308,2.3474,0.0,rapida_demo,DATOS SINTÉTICOS DE DEMOSTRACIÓN,DEMO: generado localmente,2026-10-08
Málaga,Sevilla,30_38_R2,194.342,2.5954,7.2,mixta_demo,DATOS SINTÉTICOS DE DEMOSTRACIÓN,DEMO: generado localmente,2026-10-08
Málaga,Sevilla,30_38_R3,192.359,2.8625,0.0,economica_demo,DATOS SINTÉTICOS DE DEMOSTRACIÓN,DEMO: generado localmente,2026-10-08
Málaga,Soria,30_39_R1,731.64,8.6605,0.0,rapida_demo,DATOS SINTÉTICOS DE DEMOSTRACIÓN,DEMO: generado localmente,2026-10-08
Málaga,Soria,30_39_R2,717.008,9.5754,7.2,mixta_demo,DATOS SINTÉTICOS DE DEMOSTRACIÓN,DEMO: generado localmente,2026-10-08
Málaga,Soria,30_39_R3,709.691,10.5609,0.0,economica_demo,DATOS SINTÉTICOS DE DEMOSTRACIÓN,DEMO: generado localmente,2026-10-08
Málaga,Tarragona,30_40_R1,865.295,10.2426,0.0,rapida_demo,DATOS SINTÉTICOS DE DEMOSTRACIÓN,DEMO: generado localmente,2026-10-08
Málaga,Tarragona,30_40_R2,847.989,11.3246,7.2,mixta_demo,DATOS SINTÉTICOS DE DEMOSTRACIÓN,DEMO: generado localmente,2026-10-08
Málaga,Tarragona,30_40_R3,839.336,12.4901,0.0,economica_demo,DATOS SINTÉTICOS DE DEMOSTRACIÓN,DEMO: generado localmente,2026-10-08
Málaga,Teruel,30_41_R1,618.686,7.3235,0.0,rapida_demo,DATOS SINTÉTICOS DE DEMOSTRACIÓN,DEMO: generado localmente,2026-10-08
Málaga,Teruel,30_41_R2,606.313,8.0971,7.2,mixta_demo,DATOS SINTÉTICOS DE DEMOSTRACIÓN,DEMO: generado localmente,2026-10-08
Málaga,Teruel,30_41_R3,600.126,8.9304,0.0,economica_demo,DATOS SINTÉTICOS DE DEMOSTRACIÓN,DEMO: generado localmente,2026-10-08
Málaga,Toledo,30_42_R1,437.983,5.1845,0.0,rapida_demo,DATOS SINTÉTICOS DE DEMOSTRACIÓN,DEMO: generado localmente,2026-10-08
Málaga,Toledo,30_42_R2,429.223,5.7321,7.2,mixta_demo,DATOS SINTÉTICOS DE DEMOSTRACIÓN,DEMO: generado localmente,2026-10-08
Málaga,Toledo,30_42_R3,424.843,6.3221,0.0,economica_demo,DATOS SINTÉTICOS DE DEMOSTRACIÓN,DEMO: generado localmente,2026-10-08
Málaga,Valencia,30_43_R1,583.941,6.9122,0.0,rapida_demo,DATOS SINTÉTICOS DE DEMOSTRACIÓN,DEMO: generado localmente,2026-10-08
Málaga,Valencia,30_43_R2,572.262,7.6424,7.2,mixta_demo,DATOS SINTÉTICOS DE DEMOSTRACIÓN,DEMO: generado localmente,2026-10-08
Málaga,Valencia,30_43_R3,566.423,8.4289,0.0,economica_demo,DATOS SINTÉTICOS DE DEMOSTRACIÓN,DEMO: generado localmente,2026-10-08
Málaga,Valladolid,30_44_R1,686.384,8.1248,0.0,rapida_demo,DATOS SINTÉTICOS DE DEMOSTRACIÓN,DEMO: generado localmente,2026-10-08
Málaga,Valladolid,30_44_R2,672.656,8.9831,7.2,mixta_demo,DATOS SINTÉTICOS DE DEMOSTRACIÓN,DEMO: generado localmente,2026-10-08
Málaga,Valladolid,30_44_R3,665.792,9.9076,0.0,economica_demo,DATOS SINTÉTICOS DE DEMOSTRACIÓN,DEMO: generado localmente,2026-10-08
Málaga,Zamora,30_45_R1,680.211,8.0517,0.0,rapida_demo,DATOS SINTÉTICOS DE DEMOSTRACIÓN,DEMO: generado localmente,2026-10-08
Málaga,Zamora,30_45_R2,666.607,8.9023,7.2,mixta_demo,DATOS SINTÉTICOS DE DEMOSTRACIÓN,DEMO: generado localmente,2026-10-08
Málaga,Zamora,30_45_R3,659.805,9.8185,0.0,economica_demo,DATOS SINTÉTICOS DE DEMOSTRACIÓN,DEMO: generado localmente,2026-10-08
Málaga,Zaragoza,30_46_R1,784.631,9.2878,0.0,rapida_demo,DATOS SINTÉTICOS DE DEMOSTRACIÓN,DEMO: generado localmente,2026-10-08
Málaga,Zaragoza,30_46_R2,768.938,10.2689,7.2,mixta_demo,DATOS SINTÉTICOS DE DEMOSTRACIÓN,DEMO: generado localmente,2026-10-08
Málaga,Zaragoza,30_46_R3,761.092,11.3258,0.0,economica_demo,DATOS SINTÉTICOS DE DEMOSTRACIÓN,DEMO: generado localmente,2026-10-08
Murcia,Pamplona/Iruña,31_32_R1,674.246,7.9811,0.0,rapida_demo,DATOS SINTÉTICOS DE DEMOSTRACIÓN,DEMO: generado localmente,2026-10-08
Murcia,Pamplona/Iruña,31_32_R2,660.761,8.8243,7.2,mixta_demo,DATOS SINTÉTICOS DE DEMOSTRACIÓN,DEMO: generado localmente,2026-10-08
Murcia,Pamplona/Iruña,31_32_R3,654.018,9.7324,0.0,economica_demo,DATOS SINTÉTICOS DE DEMOSTRACIÓN,DEMO: generado localmente,2026-10-08
Murcia,Ourense,31_33_R1,936.236,11.0823,0.0,rapida_demo,DATOS SINTÉTICOS DE DEMOSTRACIÓN,DEMO: generado localmente,2026-10-08
Murcia,Ourense,31_33_R2,917.511,12.2531,7.2,mixta_demo,DATOS SINTÉTICOS DE DEMOSTRACIÓN,DEMO: generado localmente,2026-10-08
Murcia,Ourense,31_33_R3,908.148,13.5141,0.0,economica_demo,DATOS SINTÉTICOS DE DEMOSTRACIÓN,DEMO: generado localmente,2026-10-08
Murcia,Palencia,31_34_R1,666.693,7.8917,0.0,rapida_demo,DATOS SINTÉTICOS DE DEMOSTRACIÓN,DEMO: generado localmente,2026-10-08
Murcia,Palencia,31_34_R2,653.359,8.7254,7.2,mixta_demo,DATOS SINTÉTICOS DE DEMOSTRACIÓN,DEMO: generado localmente,2026-10-08
Murcia,Palencia,31_34_R3,646.693,9.6234,0.0,economica_demo,DATOS SINTÉTICOS DE DEMOSTRACIÓN,DEMO: generado localmente,2026-10-08
Murcia,Pontevedra,31_35_R1,1008.748,11.9407,0.0,rapida_demo,DATOS SINTÉTICOS DE DEMOSTRACIÓN,DEMO: generado localmente,2026-10-08
Murcia,Pontevedra,31_35_R2,988.573,13.2021,7.2,mixta_demo,DATOS SINTÉTICOS DE DEMOSTRACIÓN,DEMO: generado localmente,2026-10-08
Murcia,Pontevedra,31_35_R3,978.485,14.5608,0.0,economica_demo,DATOS SINTÉTICOS DE DEMOSTRACIÓN,DEMO: generado localmente,2026-10-08
Murcia,Salamanca,31_36_R1,638.877,7.5625,0.0,rapida_demo,DATOS SINTÉTICOS DE DEMOSTRACIÓN,DEMO: generado localmente,2026-10-08
Murcia,Salamanca,31_36_R2,626.099,8.3614,7.2,mixta_demo,DATOS SINTÉTICOS DE DEMOSTRACIÓN,DEMO: generado localmente,2026-10-08
Murcia,Salamanca,31_36_R3,619.711,9.2219,0.0,economica_demo,DATOS SINTÉTICOS DE DEMOSTRACIÓN,DEMO: generado localmente,2026-10-08
Murcia,Segovia,31_37_R1,522.697,6.1872,0.0,rapida_demo,DATOS SINTÉTICOS DE DEMOSTRACIÓN,DEMO: generado localmente,2026-10-08
Murcia,Segovia,31_37_R2,512.243,6.8409,7.2,mixta_demo,DATOS SINTÉTICOS DE DEMOSTRACIÓN,DEMO: generado localmente,2026-10-08
Murcia,Segovia,31_37_R3,507.016,7.5449,0.0,economica_demo,DATOS SINTÉTICOS DE DEMOSTRACIÓN,DEMO: generado localmente,2026-10-08
Murcia,Sevilla,31_38_R1,541.333,6.4078,0.0,rapida_demo,DATOS SINTÉTICOS DE DEMOSTRACIÓN,DEMO: generado localmente,2026-10-08
Murcia,Sevilla,31_38_R2,530.506,7.0848,7.2,mixta_demo,DATOS SINTÉTICOS DE DEMOSTRACIÓN,DEMO: generado localmente,2026-10-08
Murcia,Sevilla,31_38_R3,525.093,7.8139,0.0,economica_demo,DATOS SINTÉTICOS DE DEMOSTRACIÓN,DEMO: generado localmente,2026-10-08
Murcia,Soria,31_39_R1,544.244,6.4423,0.0,rapida_demo,DATOS SINTÉTICOS DE DEMOSTRACIÓN,DEMO: generado localmente,2026-10-08
Murcia,Soria,31_39_R2,533.359,7.1229,7.2,mixta_demo,DATOS SINTÉTICOS DE DEMOSTRACIÓN,DEMO: generado localmente,2026-10-08
Murcia,Soria,31_39_R3,527.917,7.8559,0.0,economica_demo,DATOS SINTÉTICOS DE DEMOSTRACIÓN,DEMO: generado localmente,2026-10-08
Murcia,Tarragona,31_40_R1,504.975,5.9774,0.0,rapida_demo,DATOS SINTÉTICOS DE DEMOSTRACIÓN,DEMO: generado localmente,2026-10-08
Murcia,Tarragona,31_40_R2,494.875,6.6089,7.2,mixta_demo,DATOS SINTÉTICOS DE DEMOSTRACIÓN,DEMO: generado localmente,2026-10-08
Murcia,Tarragona,31_40_R3,489.826,7.2891,0.0,economica_demo,DATOS SINTÉTICOS DE DEMOSTRACIÓN,DEMO: generado localmente,2026-10-08
Murcia,Teruel,31_41_R1,328.046,3.8831,0.0,rapida_demo,DATOS SINTÉTICOS DE DEMOSTRACIÓN,DEMO: generado localmente,2026-10-08
Murcia,Teruel,31_41_R2,321.485,4.2933,7.2,mixta_demo,DATOS SINTÉTICOS DE DEMOSTRACIÓN,DEMO: generado localmente,2026-10-08
Murcia,Teruel,31_41_R3,318.205,4.7352,0.0,economica_demo,DATOS SINTÉTICOS DE DEMOSTRACIÓN,DEMO: generado localmente,2026-10-08
Murcia,Toledo,31_42_R1,407.135,4.8193,0.0,rapida_demo,DATOS SINTÉTICOS DE DEMOSTRACIÓN,DEMO: generado localmente,2026-10-08
Murcia,Toledo,31_42_R2,398.992,5.3284,7.2,mixta_demo,DATOS SINTÉTICOS DE DEMOSTRACIÓN,DEMO: generado localmente,2026-10-08
Murcia,Toledo,31_42_R3,394.921,5.8768,0.0,economica_demo,DATOS SINTÉTICOS DE DEMOSTRACIÓN,DEMO: generado localmente,2026-10-08
Murcia,Valencia,31_43_R1,222.146,2.6296,0.0,rapida_demo,DATOS SINTÉTICOS DE DEMOSTRACIÓN,DEMO: generado localmente,2026-10-08
Murcia,Valencia,31_43_R2,217.703,2.9074,7.2,mixta_demo,DATOS SINTÉTICOS DE DEMOSTRACIÓN,DEMO: generado localmente,2026-10-08
Murcia,Valencia,31_43_R3,215.481,3.2066,0.0,economica_demo,DATOS SINTÉTICOS DE DEMOSTRACIÓN,DEMO: generado localmente,2026-10-08
Murcia,Valladolid,31_44_R1,638.346,7.5562,0.0,rapida_demo,DATOS SINTÉTICOS DE DEMOSTRACIÓN,DEMO: generado localmente,2026-10-08
Murcia,Valladolid,31_44_R2,625.58,8.3544,7.2,mixta_demo,DATOS SINTÉTICOS DE DEMOSTRACIÓN,DEMO: generado localmente,2026-10-08
Murcia,Valladolid,31_44_R3,619.196,9.2142,0.0,economica_demo,DATOS SINTÉTICOS DE DEMOSTRACIÓN,DEMO: generado localmente,2026-10-08
Murcia,Zamora,31_45_R1,694.698,8.2232,0.0,rapida_demo,DATOS SINTÉTICOS DE DEMOSTRACIÓN,DEMO: generado localmente,2026-10-08
Murcia,Zamora,31_45_R2,680.804,9.0919,7.2,mixta_demo,DATOS SINTÉTICOS DE DEMOSTRACIÓN,DEMO: generado localmente,2026-10-08
Murcia,Zamora,31_45_R3,673.857,10.0276,0.0,economica_demo,DATOS SINTÉTICOS DE DEMOSTRACIÓN,DEMO: generado localmente,2026-10-08
Murcia,Zaragoza,31_46_R1,511.202,6.0512,0.0,rapida_demo,DATOS SINTÉTICOS DE DEMOSTRACIÓN,DEMO: generado localmente,2026-10-08
Murcia,Zaragoza,31_46_R2,500.978,6.6904,7.2,mixta_demo,DATOS SINTÉTICOS DE DEMOSTRACIÓN,DEMO: generado localmente,2026-10-08
Murcia,Zaragoza,31_46_R3,495.866,7.379,0.0,economica_demo,DATOS SINTÉTICOS DE DEMOSTRACIÓN,DEMO: generado localmente,2026-10-08
Pamplona/Iruña,Ourense,32_33_R1,639.944,7.5751,0.0,rapida_demo,DATOS SINTÉTICOS DE DEMOSTRACIÓN,DEMO: generado localmente,2026-10-08
Pamplona/Iruña,Ourense,32_33_R2,627.145,8.3753,7.2,mixta_demo,DATOS SINTÉTICOS DE DEMOSTRACIÓN,DEMO: generado localmente,2026-10-08
Pamplona/Iruña,Ourense,32_33_R3,620.745,9.2373,0.0,economica_demo,DATOS SINTÉTICOS DE DEMOSTRACIÓN,DEMO: generado localmente,2026-10-08
Pamplona/Iruña,Palencia,32_34_R1,316.911,3.7513,0.0,rapida_demo,DATOS SINTÉTICOS DE DEMOSTRACIÓN,DEMO: generado localmente,2026-10-08
Pamplona/Iruña,Palencia,32_34_R2,310.573,4.1476,7.2,mixta_demo,DATOS SINTÉTICOS DE DEMOSTRACIÓN,DEMO: generado localmente,2026-10-08
Pamplona/Iruña,Palencia,32_34_R3,307.404,4.5745,0.0,economica_demo,DATOS SINTÉTICOS DE DEMOSTRACIÓN,DEMO: generado localmente,2026-10-08
Pamplona/Iruña,Pontevedra,32_35_R1,717.954,8.4985,0.0,rapida_demo,DATOS SINTÉTICOS DE DEMOSTRACIÓN,DEMO: generado localmente,2026-10-08
Pamplona/Iruña,Pontevedra,32_35_R2,703.595,9.3963,7.2,mixta_demo,DATOS SINTÉTICOS DE DEMOSTRACIÓN,DEMO: generado localmente,2026-10-08
Pamplona/Iruña,Pontevedra,32_35_R3,696.415,10.3633,0.0,economica_demo,DATOS SINTÉTICOS DE DEMOSTRACIÓN,DEMO: generado localmente,2026-10-08
Pamplona/Iruña,Salamanca,32_36_R1,489.075,5.7892,0.0,rapida_demo,DATOS SINTÉTICOS DE DEMOSTRACIÓN,DEMO: generado localmente,2026-10-08
Pamplona/Iruña,Salamanca,32_36_R2,479.294,6.4008,7.2,mixta_demo,DATOS SINTÉTICOS DE DEMOSTRACIÓN,DEMO: generado localmente,2026-10-08
Pamplona/Iruña,Salamanca,32_36_R3,474.403,7.0596,0.0,economica_demo,DATOS SINTÉTICOS DE DEMOSTRACIÓN,DEMO: generado localmente,2026-10-08
Pamplona/Iruña,Segovia,32_37_R1,365.018,4.3208,0.0,rapida_demo,DATOS SINTÉTICOS DE DEMOSTRACIÓN,DEMO: generado localmente,2026-10-08
Pamplona/Iruña,Segovia,32_37_R2,357.717,4.7772,7.2,mixta_demo,DATOS SINTÉTICOS DE DEMOSTRACIÓN,DEMO: generado localmente,2026-10-08
Pamplona/Iruña,Segovia,32_37_R3,354.067,5.2689,0.0,economica_demo,DATOS SINTÉTICOS DE DEMOSTRACIÓN,DEMO: generado localmente,2026-10-08
Pamplona/Iruña,Sevilla,32_38_R1,884.843,10.474,0.0,rapida_demo,DATOS SINTÉTICOS DE DEMOSTRACIÓN,DEMO: generado localmente,2026-10-08
Pamplona/Iruña,Sevilla,32_38_R2,867.146,11.5805,7.2,mixta_demo,DATOS SINTÉTICOS DE DEMOSTRACIÓN,DEMO: generado localmente,2026-10-08
Pamplona/Iruña,Sevilla,32_38_R3,858.298,12.7723,0.0,economica_demo,DATOS SINTÉTICOS DE DEMOSTRACIÓN,DEMO: generado localmente,2026-10-08
Pamplona/Iruña,Soria,32_39_R1,169.193,2.0028,0.0,rapida_demo,DATOS SINTÉTICOS DE DEMOSTRACIÓN,DEMO: generado localmente,2026-10-08
Pamplona/Iruña,Soria,32_39_R2,165.809,2.2143,7.2,mixta_demo,DATOS SINTÉTICOS DE DEMOSTRACIÓN,DEMO: generado localmente,2026-10-08
Pamplona/Iruña,Soria,32_39_R3,164.117,2.4422,0.0,economica_demo,DATOS SINTÉTICOS DE DEMOSTRACIÓN,DEMO: generado localmente,2026-10-08
Pamplona/Iruña,Tarragona,32_40_R1,381.582,4.5168,0.0,rapida_demo,DATOS SINTÉTICOS DE DEMOSTRACIÓN,DEMO: generado localmente,2026-10-08
Pamplona/Iruña,Tarragona,32_40_R2,373.951,4.994,7.2,mixta_demo,DATOS SINTÉTICOS DE DEMOSTRACIÓN,DEMO: generado localmente,2026-10-08
Pamplona/Iruña,Tarragona,32_40_R3,370.135,5.508,0.0,economica_demo,DATOS SINTÉTICOS DE DEMOSTRACIÓN,DEMO: generado localmente,2026-10-08
Pamplona/Iruña,Teruel,32_41_R1,348.501,4.1252,0.0,rapida_demo,DATOS SINTÉTICOS DE DEMOSTRACIÓN,DEMO: generado localmente,2026-10-08
Pamplona/Iruña,Teruel,32_41_R2,341.531,4.561,7.2,mixta_demo,DATOS SINTÉTICOS DE DEMOSTRACIÓN,DEMO: generado localmente,2026-10-08
Pamplona/Iruña,Teruel,32_41_R3,338.046,5.0304,0.0,economica_demo,DATOS SINTÉTICOS DE DEMOSTRACIÓN,DEMO: generado localmente,2026-10-08
Pamplona/Iruña,Toledo,32_42_R1,480.825,5.6916,0.0,rapida_demo,DATOS SINTÉTICOS DE DEMOSTRACIÓN,DEMO: generado localmente,2026-10-08
Pamplona/Iruña,Toledo,32_42_R2,471.209,6.2928,7.2,mixta_demo,DATOS SINTÉTICOS DE DEMOSTRACIÓN,DEMO: generado localmente,2026-10-08
Pamplona/Iruña,Toledo,32_42_R3,466.4,6.9405,0.0,economica_demo,DATOS SINTÉTICOS DE DEMOSTRACIÓN,DEMO: generado localmente,2026-10-08
Pamplona/Iruña,Valencia,32_43_R1,483.95,5.7286,0.0,rapida_demo,DATOS SINTÉTICOS DE DEMOSTRACIÓN,DEMO: generado localmente,2026-10-08
Pamplona/Iruña,Valencia,32_43_R2,474.271,6.3338,7.2,mixta_demo,DATOS SINTÉTICOS DE DEMOSTRACIÓN,DEMO: generado localmente,2026-10-08
Pamplona/Iruña,Valencia,32_43_R3,469.432,6.9856,0.0,economica_demo,DATOS SINTÉTICOS DE DEMOSTRACIÓN,DEMO: generado localmente,2026-10-08
Pamplona/Iruña,Valladolid,32_44_R1,356.354,4.2182,0.0,rapida_demo,DATOS SINTÉTICOS DE DEMOSTRACIÓN,DEMO: generado localmente,2026-10-08
Pamplona/Iruña,Valladolid,32_44_R2,349.227,4.6638,7.2,mixta_demo,DATOS SINTÉTICOS DE DEMOSTRACIÓN,DEMO: generado localmente,2026-10-08
Pamplona/Iruña,Valladolid,32_44_R3,345.663,5.1438,0.0,economica_demo,DATOS SINTÉTICOS DE DEMOSTRACIÓN,DEMO: generado localmente,2026-10-08
Pamplona/Iruña,Zamora,32_45_R1,460.433,5.4502,0.0,rapida_demo,DATOS SINTÉTICOS DE DEMOSTRACIÓN,DEMO: generado localmente,2026-10-08
Pamplona/Iruña,Zamora,32_45_R2,451.224,6.026,7.2,mixta_demo,DATOS SINTÉTICOS DE DEMOSTRACIÓN,DEMO: generado localmente,2026-10-08
Pamplona/Iruña,Zamora,32_45_R3,446.62,6.6461,0.0,economica_demo,DATOS SINTÉTICOS DE DEMOSTRACIÓN,DEMO: generado localmente,2026-10-08
Pamplona/Iruña,Zaragoza,32_46_R1,179.811,2.1285,0.0,rapida_demo,DATOS SINTÉTICOS DE DEMOSTRACIÓN,DEMO: generado localmente,2026-10-08
Pamplona/Iruña,Zaragoza,32_46_R2,176.215,2.3533,7.2,mixta_demo,DATOS SINTÉTICOS DE DEMOSTRACIÓN,DEMO: generado localmente,2026-10-08
Pamplona/Iruña,Zaragoza,32_46_R3,174.417,2.5955,0.0,economica_demo,DATOS SINTÉTICOS DE DEMOSTRACIÓN,DEMO: generado localmente,2026-10-08
Ourense,Palencia,33_34_R1,346.059,4.0963,0.0,rapida_demo,DATOS SINTÉTICOS DE DEMOSTRACIÓN,DEMO: generado localmente,2026-10-08
Ourense,Palencia,33_34_R2,339.138,4.5291,7.2,mixta_demo,DATOS SINTÉTICOS DE DEMOSTRACIÓN,DEMO: generado localmente,2026-10-08
Ourense,Palencia,33_34_R3,335.677,4.9952,0.0,economica_demo,DATOS SINTÉTICOS DE DEMOSTRACIÓN,DEMO: generado localmente,2026-10-08
Ourense,Pontevedra,33_35_R1,81.501,0.9647,0.0,rapida_demo,DATOS SINTÉTICOS DE DEMOSTRACIÓN,DEMO: generado localmente,2026-10-08
Ourense,Pontevedra,33_35_R2,79.871,1.0667,7.2,mixta_demo,DATOS SINTÉTICOS DE DEMOSTRACIÓN,DEMO: generado localmente,2026-10-08
Ourense,Pontevedra,33_35_R3,79.056,1.1764,0.0,economica_demo,DATOS SINTÉTICOS DE DEMOSTRACIÓN,DEMO: generado localmente,2026-10-08
Ourense,Salamanca,33_36_R1,297.433,3.5208,0.0,rapida_demo,DATOS SINTÉTICOS DE DEMOSTRACIÓN,DEMO: generado localmente,2026-10-08
Ourense,Salamanca,33_36_R2,291.485,3.8927,7.2,mixta_demo,DATOS SINTÉTICOS DE DEMOSTRACIÓN,DEMO: generado localmente,2026-10-08
Ourense,Salamanca,33_36_R3,288.51,4.2933,0.0,economica_demo,DATOS SINTÉTICOS DE DEMOSTRACIÓN,DEMO: generado localmente,2026-10-08
Ourense,Segovia,33_37_R1,433.461,5.1309,0.0,rapida_demo,DATOS SINTÉTICOS DE DEMOSTRACIÓN,DEMO: generado localmente,2026-10-08
Ourense,Segovia,33_37_R2,424.792,5.673,7.2,mixta_demo,DATOS SINTÉTICOS DE DEMOSTRACIÓN,DEMO: generado localmente,2026-10-08
Ourense,Segovia,33_37_R3,420.457,6.2568,0.0,economica_demo,DATOS SINTÉTICOS DE DEMOSTRACIÓN,DEMO: generado localmente,2026-10-08
Ourense,Sevilla,33_38_R1,715.874,8.4739,0.0,rapida_demo,DATOS SINTÉTICOS DE DEMOSTRACIÓN,DEMO: generado localmente,2026-10-08
Ourense,Sevilla,33_38_R2,701.556,9.3691,7.2,mixta_demo,DATOS SINTÉTICOS DE DEMOSTRACIÓN,DEMO: generado localmente,2026-10-08
Ourense,Sevilla,33_38_R3,694.397,10.3333,0.0,economica_demo,DATOS SINTÉTICOS DE DEMOSTRACIÓN,DEMO: generado localmente,2026-10-08
Ourense,Soria,33_39_R1,562.876,6.6628,0.0,rapida_demo,DATOS SINTÉTICOS DE DEMOSTRACIÓN,DEMO: generado localmente,2026-10-08
Ourense,Soria,33_39_R2,551.618,7.3667,7.2,mixta_demo,DATOS SINTÉTICOS DE DEMOSTRACIÓN,DEMO: generado localmente,2026-10-08
Ourense,Soria,33_39_R3,545.989,8.1248,0.0,economica_demo,DATOS SINTÉTICOS DE DEMOSTRACIÓN,DEMO: generado localmente,2026-10-08
Ourense,Tarragona,33_40_R1,960.395,11.3683,0.0,rapida_demo,DATOS SINTÉTICOS DE DEMOSTRACIÓN,DEMO: generado localmente,2026-10-08
Ourense,Tarragona,33_40_R2,941.187,12.5693,7.2,mixta_demo,DATOS SINTÉTICOS DE DEMOSTRACIÓN,DEMO: generado localmente,2026-10-08
Ourense,Tarragona,33_40_R3,931.583,13.8628,0.0,economica_demo,DATOS SINTÉTICOS DE DEMOSTRACIÓN,DEMO: generado localmente,2026-10-08
Ourense,Teruel,33_41_R1,757.162,8.9626,0.0,rapida_demo,DATOS SINTÉTICOS DE DEMOSTRACIÓN,DEMO: generado localmente,2026-10-08
Ourense,Teruel,33_41_R2,742.019,9.9094,7.2,mixta_demo,DATOS SINTÉTICOS DE DEMOSTRACIÓN,DEMO: generado localmente,2026-10-08
Ourense,Teruel,33_41_R3,734.447,10.9293,0.0,economica_demo,DATOS SINTÉTICOS DE DEMOSTRACIÓN,DEMO: generado localmente,2026-10-08
Ourense,Toledo,33_42_R1,529.42,6.2668,0.0,rapida_demo,DATOS SINTÉTICOS DE DEMOSTRACIÓN,DEMO: generado localmente,2026-10-08
Ourense,Toledo,33_42_R2,518.832,6.9288,7.2,mixta_demo,DATOS SINTÉTICOS DE DEMOSTRACIÓN,DEMO: generado localmente,2026-10-08
Ourense,Toledo,33_42_R3,513.537,7.6419,0.0,economica_demo,DATOS SINTÉTICOS DE DEMOSTRACIÓN,DEMO: generado localmente,2026-10-08
Ourense,Valencia,33_43_R1,881.14,10.4302,0.0,rapida_demo,DATOS SINTÉTICOS DE DEMOSTRACIÓN,DEMO: generado localmente,2026-10-08
Ourense,Valencia,33_43_R2,863.517,11.532,7.2,mixta_demo,DATOS SINTÉTICOS DE DEMOSTRACIÓN,DEMO: generado localmente,2026-10-08
Ourense,Valencia,33_43_R3,854.706,12.7188,0.0,economica_demo,DATOS SINTÉTICOS DE DEMOSTRACIÓN,DEMO: generado localmente,2026-10-08
Ourense,Valladolid,33_44_R1,337.471,3.9947,0.0,rapida_demo,DATOS SINTÉTICOS DE DEMOSTRACIÓN,DEMO: generado localmente,2026-10-08
Ourense,Valladolid,33_44_R2,330.722,4.4167,7.2,mixta_demo,DATOS SINTÉTICOS DE DEMOSTRACIÓN,DEMO: generado localmente,2026-10-08
Ourense,Valladolid,33_44_R3,327.347,4.8712,0.0,economica_demo,DATOS SINTÉTICOS DE DEMOSTRACIÓN,DEMO: generado localmente,2026-10-08
Ourense,Zamora,33_45_R1,247.558,2.9304,0.0,rapida_demo,DATOS SINTÉTICOS DE DEMOSTRACIÓN,DEMO: generado localmente,2026-10-08
Ourense,Zamora,33_45_R2,242.607,3.2399,7.2,mixta_demo,DATOS SINTÉTICOS DE DEMOSTRACIÓN,DEMO: generado localmente,2026-10-08
Ourense,Zamora,33_45_R3,240.131,3.5734,0.0,economica_demo,DATOS SINTÉTICOS DE DEMOSTRACIÓN,DEMO: generado localmente,2026-10-08
Ourense,Zaragoza,33_46_R1,727.639,8.6131,0.0,rapida_demo,DATOS SINTÉTICOS DE DEMOSTRACIÓN,DEMO: generado localmente,2026-10-08
Ourense,Zaragoza,33_46_R2,713.086,9.523,7.2,mixta_demo,DATOS SINTÉTICOS DE DEMOSTRACIÓN,DEMO: generado localmente,2026-10-08
Ourense,Zaragoza,33_46_R3,705.81,10.5031,0.0,economica_demo,DATOS SINTÉTICOS DE DEMOSTRACIÓN,DEMO: generado localmente,2026-10-08
Palencia,Pontevedra,34_35_R1,427.446,5.0597,0.0,rapida_demo,DATOS SINTÉTICOS DE DEMOSTRACIÓN,DEMO: generado localmente,2026-10-08
Palencia,Pontevedra,34_35_R2,418.897,5.5942,7.2,mixta_demo,DATOS SINTÉTICOS DE DEMOSTRACIÓN,DEMO: generado localmente,2026-10-08
Palencia,Pontevedra,34_35_R3,414.622,6.17,0.0,economica_demo,DATOS SINTÉTICOS DE DEMOSTRACIÓN,DEMO: generado localmente,2026-10-08
Palencia,Salamanca,34_36_R1,187.038,2.214,0.0,rapida_demo,DATOS SINTÉTICOS DE DEMOSTRACIÓN,DEMO: generado localmente,2026-10-08
Palencia,Salamanca,34_36_R2,183.297,2.4479,7.2,mixta_demo,DATOS SINTÉTICOS DE DEMOSTRACIÓN,DEMO: generado localmente,2026-10-08
Palencia,Salamanca,34_36_R3,181.427,2.6998,0.0,economica_demo,DATOS SINTÉTICOS DE DEMOSTRACIÓN,DEMO: generado localmente,2026-10-08
Palencia,Segovia,34_37_R1,153.427,1.8161,0.0,rapida_demo,DATOS SINTÉTICOS DE DEMOSTRACIÓN,DEMO: generado localmente,2026-10-08
Palencia,Segovia,34_37_R2,150.358,2.008,7.2,mixta_demo,DATOS SINTÉTICOS DE DEMOSTRACIÓN,DEMO: generado localmente,2026-10-08
Palencia,Segovia,34_37_R3,148.824,2.2146,0.0,economica_demo,DATOS SINTÉTICOS DE DEMOSTRACIÓN,DEMO: generado localmente,2026-10-08
Palencia,Sevilla,34_38_R1,661.206,7.8268,0.0,rapida_demo,DATOS SINTÉTICOS DE DEMOSTRACIÓN,DEMO: generado localmente,2026-10-08
Palencia,Sevilla,34_38_R2,647.982,8.6536,7.2,mixta_demo,DATOS SINTÉTICOS DE DEMOSTRACIÓN,DEMO: generado localmente,2026-10-08
Palencia,Sevilla,34_38_R3,641.37,9.5442,0.0,economica_demo,DATOS SINTÉTICOS DE DEMOSTRACIÓN,DEMO: generado localmente,2026-10-08
Palencia,Soria,34_39_R1,216.817,2.5665,0.0,rapida_demo,DATOS SINTÉTICOS DE DEMOSTRACIÓN,DEMO: generado localmente,2026-10-08
Palencia,Soria,34_39_R2,212.481,2.8376,7.2,mixta_demo,DATOS SINTÉTICOS DE DEMOSTRACIÓN,DEMO: generado localmente,2026-10-08
Palencia,Soria,34_39_R3,210.313,3.1297,0.0,economica_demo,DATOS SINTÉTICOS DE DEMOSTRACIÓN,DEMO: generado localmente,2026-10-08
Palencia,Tarragona,34_40_R1,614.379,7.2725,0.0,rapida_demo,DATOS SINTÉTICOS DE DEMOSTRACIÓN,DEMO: generado localmente,2026-10-08
Palencia,Tarragona,34_40_R2,602.092,8.0408,7.2,mixta_demo,DATOS SINTÉTICOS DE DEMOSTRACIÓN,DEMO: generado localmente,2026-10-08
Palencia,Tarragona,34_40_R3,595.948,8.8683,0.0,economica_demo,DATOS SINTÉTICOS DE DEMOSTRACIÓN,DEMO: generado localmente,2026-10-08
Palencia,Teruel,34_41_R1,426.671,5.0506,0.0,rapida_demo,DATOS SINTÉTICOS DE DEMOSTRACIÓN,DEMO: generado localmente,2026-10-08
Palencia,Teruel,34_41_R2,418.138,5.5841,7.2,mixta_demo,DATOS SINTÉTICOS DE DEMOSTRACIÓN,DEMO: generado localmente,2026-10-08
Palencia,Teruel,34_41_R3,413.871,6.1588,0.0,economica_demo,DATOS SINTÉTICOS DE DEMOSTRACIÓN,DEMO: generado localmente,2026-10-08
Palencia,Toledo,34_42_R1,304.183,3.6006,0.0,rapida_demo,DATOS SINTÉTICOS DE DEMOSTRACIÓN,DEMO: generado localmente,2026-10-08
Palencia,Toledo,34_42_R2,298.099,3.981,7.2,mixta_demo,DATOS SINTÉTICOS DE DEMOSTRACIÓN,DEMO: generado localmente,2026-10-08
Palencia,Toledo,34_42_R3,295.057,4.3907,0.0,economica_demo,DATOS SINTÉTICOS DE DEMOSTRACIÓN,DEMO: generado localmente,2026-10-08
Palencia,Valencia,34_43_R1,562.253,6.6555,0.0,rapida_demo,DATOS SINTÉTICOS DE DEMOSTRACIÓN,DEMO: generado localmente,2026-10-08
Palencia,Valencia,34_43_R2,551.007,7.3585,7.2,mixta_demo,DATOS SINTÉTICOS DE DEMOSTRACIÓN,DEMO: generado localmente,2026-10-08
Palencia,Valencia,34_43_R3,545.385,8.1158,0.0,economica_demo,DATOS SINTÉTICOS DE DEMOSTRACIÓN,DEMO: generado localmente,2026-10-08
Palencia,Valladolid,34_44_R1,53.813,0.637,0.0,rapida_demo,DATOS SINTÉTICOS DE DEMOSTRACIÓN,DEMO: generado localmente,2026-10-08
Palencia,Valladolid,34_44_R2,52.737,0.7043,7.2,mixta_demo,DATOS SINTÉTICOS DE DEMOSTRACIÓN,DEMO: generado localmente,2026-10-08
Palencia,Valladolid,34_44_R3,52.199,0.7768,0.0,economica_demo,DATOS SINTÉTICOS DE DEMOSTRACIÓN,DEMO: generado localmente,2026-10-08
Palencia,Zamora,34_45_R1,144.289,1.708,0.0,rapida_demo,DATOS SINTÉTICOS DE DEMOSTRACIÓN,DEMO: generado localmente,2026-10-08
Palencia,Zamora,34_45_R2,141.404,1.8884,7.2,mixta_demo,DATOS SINTÉTICOS DE DEMOSTRACIÓN,DEMO: generado localmente,2026-10-08
Palencia,Zamora,34_45_R3,139.961,2.0827,0.0,economica_demo,DATOS SINTÉTICOS DE DEMOSTRACIÓN,DEMO: generado localmente,2026-10-08
Palencia,Zaragoza,34_46_R1,381.739,4.5187,0.0,rapida_demo,DATOS SINTÉTICOS DE DEMOSTRACIÓN,DEMO: generado localmente,2026-10-08
Palencia,Zaragoza,34_46_R2,374.104,4.9961,7.2,mixta_demo,DATOS SINTÉTICOS DE DEMOSTRACIÓN,DEMO: generado localmente,2026-10-08
Palencia,Zaragoza,34_46_R3,370.287,5.5102,0.0,economica_demo,DATOS SINTÉTICOS DE DEMOSTRACIÓN,DEMO: generado localmente,2026-10-08
Pontevedra,Salamanca,35_36_R1,370.638,4.3873,0.0,rapida_demo,DATOS SINTÉTICOS DE DEMOSTRACIÓN,DEMO: generado localmente,2026-10-08
Pontevedra,Salamanca,35_36_R2,363.225,4.8508,7.2,mixta_demo,DATOS SINTÉTICOS DE DEMOSTRACIÓN,DEMO: generado localmente,2026-10-08
Pontevedra,Salamanca,35_36_R3,359.519,5.35,0.0,economica_demo,DATOS SINTÉTICOS DE DEMOSTRACIÓN,DEMO: generado localmente,2026-10-08
Pontevedra,Segovia,35_37_R1,512.499,6.0665,0.0,rapida_demo,DATOS SINTÉTICOS DE DEMOSTRACIÓN,DEMO: generado localmente,2026-10-08
Pontevedra,Segovia,35_37_R2,502.249,6.7074,7.2,mixta_demo,DATOS SINTÉTICOS DE DEMOSTRACIÓN,DEMO: generado localmente,2026-10-08
Pontevedra,Segovia,35_37_R3,497.124,7.3977,0.0,economica_demo,DATOS SINTÉTICOS DE DEMOSTRACIÓN,DEMO: generado localmente,2026-10-08
Pontevedra,Sevilla,35_38_R1,755.774,8.9462,0.0,rapida_demo,DATOS SINTÉTICOS DE DEMOSTRACIÓN,DEMO: generado localmente,2026-10-08
Pontevedra,Sevilla,35_38_R2,740.658,9.8913,7.2,mixta_demo,DATOS SINTÉTICOS DE DEMOSTRACIÓN,DEMO: generado localmente,2026-10-08
Pontevedra,Sevilla,35_38_R3,733.101,10.9092,0.0,economica_demo,DATOS SINTÉTICOS DE DEMOSTRACIÓN,DEMO: generado localmente,2026-10-08
Pontevedra,Soria,35_39_R1,644.249,7.6261,0.0,rapida_demo,DATOS SINTÉTICOS DE DEMOSTRACIÓN,DEMO: generado localmente,2026-10-08
Pontevedra,Soria,35_39_R2,631.364,8.4317,7.2,mixta_demo,DATOS SINTÉTICOS DE DEMOSTRACIÓN,DEMO: generado localmente,2026-10-08
Pontevedra,Soria,35_39_R3,624.922,9.2994,0.0,economica_demo,DATOS SINTÉTICOS DE DEMOSTRACIÓN,DEMO: generado localmente,2026-10-08
Pontevedra,Tarragona,35_40_R1,1041.816,12.3321,0.0,rapida_demo,DATOS SINTÉTICOS DE DEMOSTRACIÓN,DEMO: generado localmente,2026-10-08
Pontevedra,Tarragona,35_40_R2,1020.98,13.6349,7.2,mixta_demo,DATOS SINTÉTICOS DE DEMOSTRACIÓN,DEMO: generado localmente,2026-10-08
Pontevedra,Tarragona,35_40_R3,1010.562,15.0381,0.0,economica_demo,DATOS SINTÉTICOS DE DEMOSTRACIÓN,DEMO: generado localmente,2026-10-08
Pontevedra,Teruel,35_41_R1,837.663,9.9155,0.0,rapida_demo,DATOS SINTÉTICOS DE DEMOSTRACIÓN,DEMO: generado localmente,2026-10-08
Pontevedra,Teruel,35_41_R2,820.91,10.963,7.2,mixta_demo,DATOS SINTÉTICOS DE DEMOSTRACIÓN,DEMO: generado localmente,2026-10-08
Pontevedra,Teruel,35_41_R3,812.533,12.0913,0.0,economica_demo,DATOS SINTÉTICOS DE DEMOSTRACIÓN,DEMO: generado localmente,2026-10-08
Pontevedra,Toledo,35_42_R1,601.638,7.1217,0.0,rapida_demo,DATOS SINTÉTICOS DE DEMOSTRACIÓN,DEMO: generado localmente,2026-10-08
Pontevedra,Toledo,35_42_R2,589.605,7.874,7.2,mixta_demo,DATOS SINTÉTICOS DE DEMOSTRACIÓN,DEMO: generado localmente,2026-10-08
Pontevedra,Toledo,35_42_R3,583.589,8.6844,0.0,economica_demo,DATOS SINTÉTICOS DE DEMOSTRACIÓN,DEMO: generado localmente,2026-10-08
Pontevedra,Valencia,35_43_R1,960.216,11.3662,0.0,rapida_demo,DATOS SINTÉTICOS DE DEMOSTRACIÓN,DEMO: generado localmente,2026-10-08
Pontevedra,Valencia,35_43_R2,941.011,12.5669,7.2,mixta_demo,DATOS SINTÉTICOS DE DEMOSTRACIÓN,DEMO: generado localmente,2026-10-08
Pontevedra,Valencia,35_43_R3,931.409,13.8603,0.0,economica_demo,DATOS SINTÉTICOS DE DEMOSTRACIÓN,DEMO: generado localmente,2026-10-08
Pontevedra,Valladolid,35_44_R1,418.664,4.9558,0.0,rapida_demo,DATOS SINTÉTICOS DE DEMOSTRACIÓN,DEMO: generado localmente,2026-10-08
Pontevedra,Valladolid,35_44_R2,410.291,5.4793,7.2,mixta_demo,DATOS SINTÉTICOS DE DEMOSTRACIÓN,DEMO: generado localmente,2026-10-08
Pontevedra,Valladolid,35_44_R3,406.104,6.0432,0.0,economica_demo,DATOS SINTÉTICOS DE DEMOSTRACIÓN,DEMO: generado localmente,2026-10-08
Pontevedra,Zamora,35_45_R1,326.244,3.8618,0.0,rapida_demo,DATOS SINTÉTICOS DE DEMOSTRACIÓN,DEMO: generado localmente,2026-10-08
Pontevedra,Zamora,35_45_R2,319.719,4.2697,7.2,mixta_demo,DATOS SINTÉTICOS DE DEMOSTRACIÓN,DEMO: generado localmente,2026-10-08
Pontevedra,Zamora,35_45_R3,316.456,4.7092,0.0,economica_demo,DATOS SINTÉTICOS DE DEMOSTRACIÓN,DEMO: generado localmente,2026-10-08
Pontevedra,Zaragoza,35_46_R1,808.901,9.5751,0.0,rapida_demo,DATOS SINTÉTICOS DE DEMOSTRACIÓN,DEMO: generado localmente,2026-10-08
Pontevedra,Zaragoza,35_46_R2,792.723,10.5866,7.2,mixta_demo,DATOS SINTÉTICOS DE DEMOSTRACIÓN,DEMO: generado localmente,2026-10-08
Pontevedra,Zaragoza,35_46_R3,784.634,11.6761,0.0,economica_demo,DATOS SINTÉTICOS DE DEMOSTRACIÓN,DEMO: generado localmente,2026-10-08
Salamanca,Segovia,36_37_R1,161.597,1.9128,0.0,rapida_demo,DATOS SINTÉTICOS DE DEMOSTRACIÓN,DEMO: generado localmente,2026-10-08
Salamanca,Segovia,36_37_R2,158.365,2.1149,7.2,mixta_demo,DATOS SINTÉTICOS DE DEMOSTRACIÓN,DEMO: generado localmente,2026-10-08
Salamanca,Segovia,36_37_R3,156.749,2.3326,0.0,economica_demo,DATOS SINTÉTICOS DE DEMOSTRACIÓN,DEMO: generado localmente,2026-10-08
Salamanca,Sevilla,36_38_R1,498.437,5.9001,0.0,rapida_demo,DATOS SINTÉTICOS DE DEMOSTRACIÓN,DEMO: generado localmente,2026-10-08
Salamanca,Sevilla,36_38_R2,488.468,6.5233,7.2,mixta_demo,DATOS SINTÉTICOS DE DEMOSTRACIÓN,DEMO: generado localmente,2026-10-08
Salamanca,Sevilla,36_38_R3,483.484,7.1947,0.0,economica_demo,DATOS SINTÉTICOS DE DEMOSTRACIÓN,DEMO: generado localmente,2026-10-08
Salamanca,Soria,36_39_R1,351.672,4.1628,0.0,rapida_demo,DATOS SINTÉTICOS DE DEMOSTRACIÓN,DEMO: generado localmente,2026-10-08
Salamanca,Soria,36_39_R2,344.638,4.6025,7.2,mixta_demo,DATOS SINTÉTICOS DE DEMOSTRACIÓN,DEMO: generado localmente,2026-10-08
Salamanca,Soria,36_39_R3,341.122,5.0762,0.0,economica_demo,DATOS SINTÉTICOS DE DEMOSTRACIÓN,DEMO: generado localmente,2026-10-08
Salamanca,Tarragona,36_40_R1,725.335,8.5859,0.0,rapida_demo,DATOS SINTÉTICOS DE DEMOSTRACIÓN,DEMO: generado localmente,2026-10-08
Salamanca,Tarragona,36_40_R2,710.828,9.4929,7.2,mixta_demo,DATOS SINTÉTICOS DE DEMOSTRACIÓN,DEMO: generado localmente,2026-10-08
Salamanca,Tarragona,36_40_R3,703.575,10.4699,0.0,economica_demo,DATOS SINTÉTICOS DE DEMOSTRACIÓN,DEMO: generado localmente,2026-10-08
Salamanca,Teruel,36_41_R1,488.034,5.7769,0.0,rapida_demo,DATOS SINTÉTICOS DE DEMOSTRACIÓN,DEMO: generado localmente,2026-10-08
Salamanca,Teruel,36_41_R2,478.274,6.3872,7.2,mixta_demo,DATOS SINTÉTICOS DE DEMOSTRACIÓN,DEMO: generado localmente,2026-10-08
Salamanca,Teruel,36_41_R3,473.393,7.0445,0.0,economica_demo,DATOS SINTÉTICOS DE DEMOSTRACIÓN,DEMO: generado localmente,2026-10-08
Salamanca,Toledo,36_42_R1,231.993,2.7461,0.0,rapida_demo,DATOS SINTÉTICOS DE DEMOSTRACIÓN,DEMO: generado localmente,2026-10-08
Salamanca,Toledo,36_42_R2,227.353,3.0362,7.2,mixta_demo,DATOS SINTÉTICOS DE DEMOSTRACIÓN,DEMO: generado localmente,2026-10-08
Salamanca,Toledo,36_42_R3,225.033,3.3487,0.0,economica_demo,DATOS SINTÉTICOS DE DEMOSTRACIÓN,DEMO: generado localmente,2026-10-08
Salamanca,Valencia,36_43_R1,598.203,7.081,0.0,rapida_demo,DATOS SINTÉTICOS DE DEMOSTRACIÓN,DEMO: generado localmente,2026-10-08
Salamanca,Valencia,36_43_R2,586.239,7.8291,7.2,mixta_demo,DATOS SINTÉTICOS DE DEMOSTRACIÓN,DEMO: generado localmente,2026-10-08
Salamanca,Valencia,36_43_R3,580.257,8.6348,0.0,economica_demo,DATOS SINTÉTICOS DE DEMOSTRACIÓN,DEMO: generado localmente,2026-10-08
Salamanca,Valladolid,36_44_R1,136.552,1.6164,0.0,rapida_demo,DATOS SINTÉTICOS DE DEMOSTRACIÓN,DEMO: generado localmente,2026-10-08
Salamanca,Valladolid,36_44_R2,133.821,1.7871,7.2,mixta_demo,DATOS SINTÉTICOS DE DEMOSTRACIÓN,DEMO: generado localmente,2026-10-08
Salamanca,Valladolid,36_44_R3,132.456,1.9711,0.0,economica_demo,DATOS SINTÉTICOS DE DEMOSTRACIÓN,DEMO: generado localmente,2026-10-08
Salamanca,Zamora,36_45_R1,75.34,0.8918,0.0,rapida_demo,DATOS SINTÉTICOS DE DEMOSTRACIÓN,DEMO: generado localmente,2026-10-08
Salamanca,Zamora,36_45_R2,73.833,0.986,7.2,mixta_demo,DATOS SINTÉTICOS DE DEMOSTRACIÓN,DEMO: generado localmente,2026-10-08
Salamanca,Zamora,36_45_R3,73.08,1.0875,0.0,economica_demo,DATOS SINTÉTICOS DE DEMOSTRACIÓN,DEMO: generado localmente,2026-10-08
Salamanca,Zaragoza,36_46_R1,508.774,6.0224,0.0,rapida_demo,DATOS SINTÉTICOS DE DEMOSTRACIÓN,DEMO: generado localmente,2026-10-08
Salamanca,Zaragoza,36_46_R2,498.599,6.6586,7.2,mixta_demo,DATOS SINTÉTICOS DE DEMOSTRACIÓN,DEMO: generado localmente,2026-10-08
Salamanca,Zaragoza,36_46_R3,493.511,7.3439,0.0,economica_demo,DATOS SINTÉTICOS DE DEMOSTRACIÓN,DEMO: generado localmente,2026-10-08
Segovia,Sevilla,37_38_R1,534.496,6.3269,0.0,rapida_demo,DATOS SINTÉTICOS DE DEMOSTRACIÓN,DEMO: generado localmente,2026-10-08
Segovia,Sevilla,37_38_R2,523.806,6.9953,7.2,mixta_demo,DATOS SINTÉTICOS DE DEMOSTRACIÓN,DEMO: generado localmente,2026-10-08
Segovia,Sevilla,37_38_R3,518.461,7.7152,0.0,economica_demo,DATOS SINTÉTICOS DE DEMOSTRACIÓN,DEMO: generado localmente,2026-10-08
Segovia,Soria,37_39_R1,206.761,2.4475,0.0,rapida_demo,DATOS SINTÉTICOS DE DEMOSTRACIÓN,DEMO: generado localmente,2026-10-08
Segovia,Soria,37_39_R2,202.626,2.706,7.2,mixta_demo,DATOS SINTÉTICOS DE DEMOSTRACIÓN,DEMO: generado localmente,2026-10-08
Segovia,Soria,37_39_R3,200.558,2.9845,0.0,economica_demo,DATOS SINTÉTICOS DE DEMOSTRACIÓN,DEMO: generado localmente,2026-10-08
Segovia,Tarragona,37_40_R1,564.288,6.6795,0.0,rapida_demo,DATOS SINTÉTICOS DE DEMOSTRACIÓN,DEMO: generado localmente,2026-10-08
Segovia,Tarragona,37_40_R2,553.002,7.3852,7.2,mixta_demo,DATOS SINTÉTICOS DE DEMOSTRACIÓN,DEMO: generado localmente,2026-10-08
Segovia,Tarragona,37_40_R3,547.36,8.1452,0.0,economica_demo,DATOS SINTÉTICOS DE DEMOSTRACIÓN,DEMO: generado localmente,2026-10-08
Segovia,Teruel,37_41_R1,329.067,3.8952,0.0,rapida_demo,DATOS SINTÉTICOS DE DEMOSTRACIÓN,DEMO: generado localmente,2026-10-08
Segovia,Teruel,37_41_R2,322.486,4.3067,7.2,mixta_demo,DATOS SINTÉTICOS DE DEMOSTRACIÓN,DEMO: generado localmente,2026-10-08
Segovia,Teruel,37_41_R3,319.195,4.7499,0.0,economica_demo,DATOS SINTÉTICOS DE DEMOSTRACIÓN,DEMO: generado localmente,2026-10-08
Segovia,Toledo,37_42_R1,152.429,1.8043,0.0,rapida_demo,DATOS SINTÉTICOS DE DEMOSTRACIÓN,DEMO: generado localmente,2026-10-08
Segovia,Toledo,37_42_R2,149.381,1.9949,7.2,mixta_demo,DATOS SINTÉTICOS DE DEMOSTRACIÓN,DEMO: generado localmente,2026-10-08
Segovia,Toledo,37_42_R3,147.856,2.2002,0.0,economica_demo,DATOS SINTÉTICOS DE DEMOSTRACIÓN,DEMO: generado localmente,2026-10-08
Segovia,Valencia,37_43_R1,447.75,5.3001,0.0,rapida_demo,DATOS SINTÉTICOS DE DEMOSTRACIÓN,DEMO: generado localmente,2026-10-08
Segovia,Valencia,37_43_R2,438.795,5.86,7.2,mixta_demo,DATOS SINTÉTICOS DE DEMOSTRACIÓN,DEMO: generado localmente,2026-10-08
Segovia,Valencia,37_43_R3,434.318,6.4631,0.0,economica_demo,DATOS SINTÉTICOS DE DEMOSTRACIÓN,DEMO: generado localmente,2026-10-08
Segovia,Valladolid,37_44_R1,116.202,1.3755,0.0,rapida_demo,DATOS SINTÉTICOS DE DEMOSTRACIÓN,DEMO: generado localmente,2026-10-08
Segovia,Valladolid,37_44_R2,113.878,1.5208,7.2,mixta_demo,DATOS SINTÉTICOS DE DEMOSTRACIÓN,DEMO: generado localmente,2026-10-08
Segovia,Valladolid,37_44_R3,112.716,1.6773,0.0,economica_demo,DATOS SINTÉTICOS DE DEMOSTRACIÓN,DEMO: generado localmente,2026-10-08
Segovia,Zamora,37_45_R1,186.258,2.2048,0.0,rapida_demo,DATOS SINTÉTICOS DE DEMOSTRACIÓN,DEMO: generado localmente,2026-10-08
Segovia,Zamora,37_45_R2,182.533,2.4377,7.2,mixta_demo,DATOS SINTÉTICOS DE DEMOSTRACIÓN,DEMO: generado localmente,2026-10-08
Segovia,Zamora,37_45_R3,180.671,2.6885,0.0,economica_demo,DATOS SINTÉTICOS DE DEMOSTRACIÓN,DEMO: generado localmente,2026-10-08
Segovia,Zaragoza,37_46_R1,352.904,4.1774,0.0,rapida_demo,DATOS SINTÉTICOS DE DEMOSTRACIÓN,DEMO: generado localmente,2026-10-08
Segovia,Zaragoza,37_46_R2,345.846,4.6187,7.2,mixta_demo,DATOS SINTÉTICOS DE DEMOSTRACIÓN,DEMO: generado localmente,2026-10-08
Segovia,Zaragoza,37_46_R3,342.317,5.094,0.0,economica_demo,DATOS SINTÉTICOS DE DEMOSTRACIÓN,DEMO: generado localmente,2026-10-08
Sevilla,Soria,38_39_R1,715.895,8.4741,0.0,rapida_demo,DATOS SINTÉTICOS DE DEMOSTRACIÓN,DEMO: generado localmente,2026-10-08
Sevilla,Soria,38_39_R2,701.577,9.3693,7.2,mixta_demo,DATOS SINTÉTICOS DE DEMOSTRACIÓN,DEMO: generado localmente,2026-10-08
Sevilla,Soria,38_39_R3,694.418,10.3336,0.0,economica_demo,DATOS SINTÉTICOS DE DEMOSTRACIÓN,DEMO: generado localmente,2026-10-08
Sevilla,Tarragona,38_40_R1,936.121,11.081,0.0,rapida_demo,DATOS SINTÉTICOS DE DEMOSTRACIÓN,DEMO: generado localmente,2026-10-08
Sevilla,Tarragona,38_40_R2,917.399,12.2516,7.2,mixta_demo,DATOS SINTÉTICOS DE DEMOSTRACIÓN,DEMO: generado localmente,2026-10-08
Sevilla,Tarragona,38_40_R3,908.038,13.5125,0.0,economica_demo,DATOS SINTÉTICOS DE DEMOSTRACIÓN,DEMO: generado localmente,2026-10-08
Sevilla,Teruel,38_41_R1,669.396,7.9237,0.0,rapida_demo,DATOS SINTÉTICOS DE DEMOSTRACIÓN,DEMO: generado localmente,2026-10-08
Sevilla,Teruel,38_41_R2,656.008,8.7608,7.2,mixta_demo,DATOS SINTÉTICOS DE DEMOSTRACIÓN,DEMO: generado localmente,2026-10-08
Sevilla,Teruel,38_41_R3,649.314,9.6624,0.0,economica_demo,DATOS SINTÉTICOS DE DEMOSTRACIÓN,DEMO: generado localmente,2026-10-08
Sevilla,Toledo,38_42_R1,404.184,4.7844,0.0,rapida_demo,DATOS SINTÉTICOS DE DEMOSTRACIÓN,DEMO: generado localmente,2026-10-08
Sevilla,Toledo,38_42_R2,396.1,5.2898,7.2,mixta_demo,DATOS SINTÉTICOS DE DEMOSTRACIÓN,DEMO: generado localmente,2026-10-08
Sevilla,Toledo,38_42_R3,392.059,5.8342,0.0,economica_demo,DATOS SINTÉTICOS DE DEMOSTRACIÓN,DEMO: generado localmente,2026-10-08
Sevilla,Valencia,38_43_R1,676.402,8.0066,0.0,rapida_demo,DATOS SINTÉTICOS DE DEMOSTRACIÓN,DEMO: generado localmente,2026-10-08
Sevilla,Valencia,38_43_R2,662.874,8.8525,7.2,mixta_demo,DATOS SINTÉTICOS DE DEMOSTRACIÓN,DEMO: generado localmente,2026-10-08
Sevilla,Valencia,38_43_R3,656.11,9.7635,0.0,economica_demo,DATOS SINTÉTICOS DE DEMOSTRACIÓN,DEMO: generado localmente,2026-10-08
Sevilla,Valladolid,38_44_R1,607.972,7.1966,0.0,rapida_demo,DATOS SINTÉTICOS DE DEMOSTRACIÓN,DEMO: generado localmente,2026-10-08
Sevilla,Valladolid,38_44_R2,595.813,7.9569,7.2,mixta_demo,DATOS SINTÉTICOS DE DEMOSTRACIÓN,DEMO: generado localmente,2026-10-08
Sevilla,Valladolid,38_44_R3,589.733,8.7758,0.0,economica_demo,DATOS SINTÉTICOS DE DEMOSTRACIÓN,DEMO: generado localmente,2026-10-08
Sevilla,Zamora,38_45_R1,572.612,6.7781,0.0,rapida_demo,DATOS SINTÉTICOS DE DEMOSTRACIÓN,DEMO: generado localmente,2026-10-08
Sevilla,Zamora,38_45_R2,561.159,7.4941,7.2,mixta_demo,DATOS SINTÉTICOS DE DEMOSTRACIÓN,DEMO: generado localmente,2026-10-08
Sevilla,Zamora,38_45_R3,555.433,8.2654,0.0,economica_demo,DATOS SINTÉTICOS DE DEMOSTRACIÓN,DEMO: generado localmente,2026-10-08
Sevilla,Zaragoza,38_46_R1,807.682,9.5606,0.0,rapida_demo,DATOS SINTÉTICOS DE DEMOSTRACIÓN,DEMO: generado localmente,2026-10-08
Sevilla,Zaragoza,38_46_R2,791.528,10.5706,7.2,mixta_demo,DATOS SINTÉTICOS DE DEMOSTRACIÓN,DEMO: generado localmente,2026-10-08
Sevilla,Zaragoza,38_46_R3,783.451,11.6585,0.0,economica_demo,DATOS SINTÉTICOS DE DEMOSTRACIÓN,DEMO: generado localmente,2026-10-08
Soria,Tarragona,39_40_R1,397.645,4.707,0.0,rapida_demo,DATOS SINTÉTICOS DE DEMOSTRACIÓN,DEMO: generado localmente,2026-10-08
Soria,Tarragona,39_40_R2,389.692,5.2042,7.2,mixta_demo,DATOS SINTÉTICOS DE DEMOSTRACIÓN,DEMO: generado localmente,2026-10-08
Soria,Tarragona,39_40_R3,385.716,5.7398,0.0,economica_demo,DATOS SINTÉTICOS DE DEMOSTRACIÓN,DEMO: generado localmente,2026-10-08
Soria,Teruel,39_41_R1,243.157,2.8783,0.0,rapida_demo,DATOS SINTÉTICOS DE DEMOSTRACIÓN,DEMO: generado localmente,2026-10-08
Soria,Teruel,39_41_R2,238.294,3.1823,7.2,mixta_demo,DATOS SINTÉTICOS DE DEMOSTRACIÓN,DEMO: generado localmente,2026-10-08
Soria,Teruel,39_41_R3,235.862,3.5099,0.0,economica_demo,DATOS SINTÉTICOS DE DEMOSTRACIÓN,DEMO: generado localmente,2026-10-08
Soria,Toledo,39_42_R1,311.754,3.6903,0.0,rapida_demo,DATOS SINTÉTICOS DE DEMOSTRACIÓN,DEMO: generado localmente,2026-10-08
Soria,Toledo,39_42_R2,305.519,4.0801,7.2,mixta_demo,DATOS SINTÉTICOS DE DEMOSTRACIÓN,DEMO: generado localmente,2026-10-08
Soria,Toledo,39_42_R3,302.402,4.5,0.0,economica_demo,DATOS SINTÉTICOS DE DEMOSTRACIÓN,DEMO: generado localmente,2026-10-08
Soria,Valencia,39_43_R1,387.346,4.5851,0.0,rapida_demo,DATOS SINTÉTICOS DE DEMOSTRACIÓN,DEMO: generado localmente,2026-10-08
Soria,Valencia,39_43_R2,379.599,5.0694,7.2,mixta_demo,DATOS SINTÉTICOS DE DEMOSTRACIÓN,DEMO: generado localmente,2026-10-08
Soria,Valencia,39_43_R3,375.726,5.5912,0.0,economica_demo,DATOS SINTÉTICOS DE DEMOSTRACIÓN,DEMO: generado localmente,2026-10-08
Soria,Valladolid,39_44_R1,235.484,2.7875,0.0,rapida_demo,DATOS SINTÉTICOS DE DEMOSTRACIÓN,DEMO: generado localmente,2026-10-08
Soria,Valladolid,39_44_R2,230.774,3.0819,7.2,mixta_demo,DATOS SINTÉTICOS DE DEMOSTRACIÓN,DEMO: generado localmente,2026-10-08
Soria,Valladolid,39_44_R3,228.419,3.3991,0.0,economica_demo,DATOS SINTÉTICOS DE DEMOSTRACIÓN,DEMO: generado localmente,2026-10-08
Soria,Zamora,39_45_R1,342.925,4.0592,0.0,rapida_demo,DATOS SINTÉTICOS DE DEMOSTRACIÓN,DEMO: generado localmente,2026-10-08
Soria,Zamora,39_45_R2,336.067,4.4881,7.2,mixta_demo,DATOS SINTÉTICOS DE DEMOSTRACIÓN,DEMO: generado localmente,2026-10-08
Soria,Zamora,39_45_R3,332.638,4.95,0.0,economica_demo,DATOS SINTÉTICOS DE DEMOSTRACIÓN,DEMO: generado localmente,2026-10-08
Soria,Zaragoza,39_46_R1,165.311,1.9568,0.0,rapida_demo,DATOS SINTÉTICOS DE DEMOSTRACIÓN,DEMO: generado localmente,2026-10-08
Soria,Zaragoza,39_46_R2,162.005,2.1635,7.2,mixta_demo,DATOS SINTÉTICOS DE DEMOSTRACIÓN,DEMO: generado localmente,2026-10-08
Soria,Zaragoza,39_46_R3,160.351,2.3862,0.0,economica_demo,DATOS SINTÉTICOS DE DEMOSTRACIÓN,DEMO: generado localmente,2026-10-08
Tarragona,Teruel,40_41_R1,271.049,3.2084,0.0,rapida_demo,DATOS SINTÉTICOS DE DEMOSTRACIÓN,DEMO: generado localmente,2026-10-08
Tarragona,Teruel,40_41_R2,265.628,3.5474,7.2,mixta_demo,DATOS SINTÉTICOS DE DEMOSTRACIÓN,DEMO: generado localmente,2026-10-08
Tarragona,Teruel,40_41_R3,262.917,3.9125,0.0,economica_demo,DATOS SINTÉTICOS DE DEMOSTRACIÓN,DEMO: generado localmente,2026-10-08
Tarragona,Toledo,40_42_R1,584.861,6.9231,0.0,rapida_demo,DATOS SINTÉTICOS DE DEMOSTRACIÓN,DEMO: generado localmente,2026-10-08
Tarragona,Toledo,40_42_R2,573.164,7.6544,7.2,mixta_demo,DATOS SINTÉTICOS DE DEMOSTRACIÓN,DEMO: generado localmente,2026-10-08
Tarragona,Toledo,40_42_R3,567.315,8.4422,0.0,economica_demo,DATOS SINTÉTICOS DE DEMOSTRACIÓN,DEMO: generado localmente,2026-10-08
Tarragona,Valencia,40_43_R1,286.971,3.3969,0.0,rapida_demo,DATOS SINTÉTICOS DE DEMOSTRACIÓN,DEMO: generado localmente,2026-10-08
Tarragona,Valencia,40_43_R2,281.231,3.7558,7.2,mixta_demo,DATOS SINTÉTICOS DE DEMOSTRACIÓN,DEMO: generado localmente,2026-10-08
Tarragona,Valencia,40_43_R3,278.362,4.1423,0.0,economica_demo,DATOS SINTÉTICOS DE DEMOSTRACIÓN,DEMO: generado localmente,2026-10-08
Tarragona,Valladolid,40_44_R1,628.206,7.4362,0.0,rapida_demo,DATOS SINTÉTICOS DE DEMOSTRACIÓN,DEMO: generado localmente,2026-10-08
Tarragona,Valladolid,40_44_R2,615.642,8.2217,7.2,mixta_demo,DATOS SINTÉTICOS DE DEMOSTRACIÓN,DEMO: generado localmente,2026-10-08
Tarragona,Valladolid,40_44_R3,609.36,9.0679,0.0,economica_demo,DATOS SINTÉTICOS DE DEMOSTRACIÓN,DEMO: generado localmente,2026-10-08
Tarragona,Zamora,40_45_R1,732.719,8.6733,0.0,rapida_demo,DATOS SINTÉTICOS DE DEMOSTRACIÓN,DEMO: generado localmente,2026-10-08
Tarragona,Zamora,40_45_R2,718.064,9.5895,7.2,mixta_demo,DATOS SINTÉTICOS DE DEMOSTRACIÓN,DEMO: generado localmente,2026-10-08
Tarragona,Zamora,40_45_R3,710.737,10.5764,0.0,economica_demo,DATOS SINTÉTICOS DE DEMOSTRACIÓN,DEMO: generado localmente,2026-10-08
Tarragona,Zaragoza,40_46_R1,234.542,2.7763,0.0,rapida_demo,DATOS SINTÉTICOS DE DEMOSTRACIÓN,DEMO: generado localmente,2026-10-08
Tarragona,Zaragoza,40_46_R2,229.851,3.0696,7.2,mixta_demo,DATOS SINTÉTICOS DE DEMOSTRACIÓN,DEMO: generado localmente,2026-10-08
Tarragona,Zaragoza,40_46_R3,227.505,3.3855,0.0,economica_demo,DATOS SINTÉTICOS DE DEMOSTRACIÓN,DEMO: generado localmente,2026-10-08
Teruel,Toledo,41_42_R1,317.446,3.7576,0.0,rapida_demo,DATOS SINTÉTICOS DE DEMOSTRACIÓN,DEMO: generado localmente,2026-10-08
Teruel,Toledo,41_42_R2,311.097,4.1546,7.2,mixta_demo,DATOS SINTÉTICOS DE DEMOSTRACIÓN,DEMO: generado localmente,2026-10-08
Teruel,Toledo,41_42_R3,307.923,4.5822,0.0,economica_demo,DATOS SINTÉTICOS DE DEMOSTRACIÓN,DEMO: generado localmente,2026-10-08
Teruel,Valencia,41_43_R1,144.269,1.7077,0.0,rapida_demo,DATOS SINTÉTICOS DE DEMOSTRACIÓN,DEMO: generado localmente,2026-10-08
Teruel,Valencia,41_43_R2,141.384,1.8881,7.2,mixta_demo,DATOS SINTÉTICOS DE DEMOSTRACIÓN,DEMO: generado localmente,2026-10-08
Teruel,Valencia,41_43_R3,139.941,2.0825,0.0,economica_demo,DATOS SINTÉTICOS DE DEMOSTRACIÓN,DEMO: generado localmente,2026-10-08
Teruel,Valladolid,41_44_R1,421.097,4.9846,0.0,rapida_demo,DATOS SINTÉTICOS DE DEMOSTRACIÓN,DEMO: generado localmente,2026-10-08
Teruel,Valladolid,41_44_R2,412.675,5.5111,7.2,mixta_demo,DATOS SINTÉTICOS DE DEMOSTRACIÓN,DEMO: generado localmente,2026-10-08
Teruel,Valladolid,41_44_R3,408.464,6.0783,0.0,economica_demo,DATOS SINTÉTICOS DE DEMOSTRACIÓN,DEMO: generado localmente,2026-10-08
Teruel,Zamora,41_45_R1,513.114,6.0738,0.0,rapida_demo,DATOS SINTÉTICOS DE DEMOSTRACIÓN,DEMO: generado localmente,2026-10-08
Teruel,Zamora,41_45_R2,502.852,6.7154,7.2,mixta_demo,DATOS SINTÉTICOS DE DEMOSTRACIÓN,DEMO: generado localmente,2026-10-08
Teruel,Zamora,41_45_R3,497.721,7.4066,0.0,economica_demo,DATOS SINTÉTICOS DE DEMOSTRACIÓN,DEMO: generado localmente,2026-10-08
Teruel,Zaragoza,41_46_R1,184.05,2.1786,0.0,rapida_demo,DATOS SINTÉTICOS DE DEMOSTRACIÓN,DEMO: generado localmente,2026-10-08
Teruel,Zaragoza,41_46_R2,180.369,2.4088,7.2,mixta_demo,DATOS SINTÉTICOS DE DEMOSTRACIÓN,DEMO: generado localmente,2026-10-08
Teruel,Zaragoza,41_46_R3,178.528,2.6567,0.0,economica_demo,DATOS SINTÉTICOS DE DEMOSTRACIÓN,DEMO: generado localmente,2026-10-08
Toledo,Valencia,42_43_R1,393.972,4.6635,0.0,rapida_demo,DATOS SINTÉTICOS DE DEMOSTRACIÓN,DEMO: generado localmente,2026-10-08
Toledo,Valencia,42_43_R2,386.093,5.1561,7.2,mixta_demo,DATOS SINTÉTICOS DE DEMOSTRACIÓN,DEMO: generado localmente,2026-10-08
Toledo,Valencia,42_43_R3,382.153,5.6868,0.0,economica_demo,DATOS SINTÉTICOS DE DEMOSTRACIÓN,DEMO: generado localmente,2026-10-08
Toledo,Valladolid,42_44_R1,260.388,3.0822,0.0,rapida_demo,DATOS SINTÉTICOS DE DEMOSTRACIÓN,DEMO: generado localmente,2026-10-08
Toledo,Valladolid,42_44_R2,255.18,3.4079,7.2,mixta_demo,DATOS SINTÉTICOS DE DEMOSTRACIÓN,DEMO: generado localmente,2026-10-08
Toledo,Valladolid,42_44_R3,252.577,3.7586,0.0,economica_demo,DATOS SINTÉTICOS DE DEMOSTRACIÓN,DEMO: generado localmente,2026-10-08
Toledo,Zamora,42_45_R1,292.164,3.4584,0.0,rapida_demo,DATOS SINTÉTICOS DE DEMOSTRACIÓN,DEMO: generado localmente,2026-10-08
Toledo,Zamora,42_45_R2,286.32,3.8237,7.2,mixta_demo,DATOS SINTÉTICOS DE DEMOSTRACIÓN,DEMO: generado localmente,2026-10-08
Toledo,Zamora,42_45_R3,283.399,4.2172,0.0,economica_demo,DATOS SINTÉTICOS DE DEMOSTRACIÓN,DEMO: generado localmente,2026-10-08
Toledo,Zaragoza,42_46_R1,415.193,4.9147,0.0,rapida_demo,DATOS SINTÉTICOS DE DEMOSTRACIÓN,DEMO: generado localmente,2026-10-08
Toledo,Zaragoza,42_46_R2,406.889,5.4339,7.2,mixta_demo,DATOS SINTÉTICOS DE DEMOSTRACIÓN,DEMO: generado localmente,2026-10-08
Toledo,Zaragoza,42_46_R3,402.738,5.9931,0.0,economica_demo,DATOS SINTÉTICOS DE DEMOSTRACIÓN,DEMO: generado localmente,2026-10-08
Valencia,Valladolid,43_44_R1,550.478,6.5161,0.0,rapida_demo,DATOS SINTÉTICOS DE DEMOSTRACIÓN,DEMO: generado localmente,2026-10-08
Valencia,Valladolid,43_44_R2,539.469,7.2044,7.2,mixta_demo,DATOS SINTÉTICOS DE DEMOSTRACIÓN,DEMO: generado localmente,2026-10-08
Valencia,Valladolid,43_44_R3,533.964,7.9459,0.0,economica_demo,DATOS SINTÉTICOS DE DEMOSTRACIÓN,DEMO: generado localmente,2026-10-08
Valencia,Zamora,43_45_R1,633.979,7.5045,0.0,rapida_demo,DATOS SINTÉTICOS DE DEMOSTRACIÓN,DEMO: generado localmente,2026-10-08
Valencia,Zamora,43_45_R2,621.299,8.2973,7.2,mixta_demo,DATOS SINTÉTICOS DE DEMOSTRACIÓN,DEMO: generado localmente,2026-10-08
Valencia,Zamora,43_45_R3,614.959,9.1512,0.0,economica_demo,DATOS SINTÉTICOS DE DEMOSTRACIÓN,DEMO: generado localmente,2026-10-08
Valencia,Zaragoza,43_46_R1,308.432,3.6509,0.0,rapida_demo,DATOS SINTÉTICOS DE DEMOSTRACIÓN,DEMO: generado localmente,2026-10-08
Valencia,Zaragoza,43_46_R2,302.263,4.0366,7.2,mixta_demo,DATOS SINTÉTICOS DE DEMOSTRACIÓN,DEMO: generado localmente,2026-10-08
Valencia,Zaragoza,43_46_R3,299.179,4.4521,0.0,economica_demo,DATOS SINTÉTICOS DE DEMOSTRACIÓN,DEMO: generado localmente,2026-10-08
Valladolid,Zamora,44_45_R1,107.876,1.2769,0.0,rapida_demo,DATOS SINTÉTICOS DE DEMOSTRACIÓN,DEMO: generado localmente,2026-10-08
Valladolid,Zamora,44_45_R2,105.718,1.4118,7.2,mixta_demo,DATOS SINTÉTICOS DE DEMOSTRACIÓN,DEMO: generado localmente,2026-10-08
Valladolid,Zamora,44_45_R3,104.639,1.5571,0.0,economica_demo,DATOS SINTÉTICOS DE DEMOSTRACIÓN,DEMO: generado localmente,2026-10-08
Valladolid,Zaragoza,44_46_R1,399.938,4.7341,0.0,rapida_demo,DATOS SINTÉTICOS DE DEMOSTRACIÓN,DEMO: generado localmente,2026-10-08
Valladolid,Zaragoza,44_46_R2,391.939,5.2342,7.2,mixta_demo,DATOS SINTÉTICOS DE DEMOSTRACIÓN,DEMO: generado localmente,2026-10-08
Valladolid,Zaragoza,44_46_R3,387.94,5.7729,0.0,economica_demo,DATOS SINTÉTICOS DE DEMOSTRACIÓN,DEMO: generado localmente,2026-10-08
Zamora,Zaragoza,45_46_R1,506.684,5.9977,0.0,rapida_demo,DATOS SINTÉTICOS DE DEMOSTRACIÓN,DEMO: generado localmente,2026-10-08
Zamora,Zaragoza,45_46_R2,496.55,6.6313,7.2,mixta_demo,DATOS SINTÉTICOS DE DEMOSTRACIÓN,DEMO: generado localmente,2026-10-08
Zamora,Zaragoza,45_46_R3,491.483,7.3137,0.0,economica_demo,DATOS SINTÉTICOS DE DEMOSTRACIÓN,DEMO: generado localmente,2026-10-08
