origen,destino,route_id,distance_km,time_h,toll_eur,route_type,route_description,source,source_date
Vitoria-Gasteiz,Albacete,00_01_R1,542.042,6.1596,0.0,rapida_demo,DATOS SINTÉTICOS DE DEMOSTRACIÓN,DEMO: generado localmente,2026-10-08
Vitoria-Gasteiz,Albacete,00_01_R2,531.201,6.8103,8.0,mixta_demo,DATOS SINTÉTICOS DE DEMOSTRACIÓN,DEMO: generado localmente,2026-10-08
Vitoria-Gasteiz,Albacete,00_01_R3,525.781,7.5112,0.0,economica_demo,DATOS SINTÉTICOS DE DEMOSTRACIÓN,DEMO: generado localmente,2026-10-08
Vitoria-Gasteiz,Alacant/Alicante,00_02_R1,666.976,7.5793,0.0,rapida_demo,DATOS SINTÉTICOS DE DEMOSTRACIÓN,DEMO: generado localmente,2026-10-08
Vitoria-Gasteiz,Alacant/Alicante,00_02_R2,653.637,8.38,8.0,mixta_demo,DATOS SINTÉTICOS DE DEMOSTRACIÓN,DEMO: generado localmente,2026-10-08
Vitoria-Gasteiz,Alacant/Alicante,00_02_R3,646.967,9.2424,0.0,economica_demo,DATOS SINTÉTICOS DE DEMOSTRACIÓN,DEMO: generado localmente,2026-10-08
Vitoria-Gasteiz,Almería,00_03_R1,835.18,9.4907,0.0,rapida_demo,DATOS SINTÉTICOS DE DEMOSTRACIÓN,DEMO: generado localmente,2026-10-08
Vitoria-Gasteiz,Almería,00_03_R2,818.476,10.4933,8.0,mixta_demo,DATOS SINTÉTICOS DE DEMOSTRACIÓN,DEMO: generado localmente,2026-10-08
Vitoria-Gasteiz,Almería,00_03_R3,810.124,11.5732,0.0,economica_demo,DATOS SINTÉTICOS DE DEMOSTRACIÓN,DEMO: generado localmente,2026-10-08
Vitoria-Gasteiz,Oviedo,00_04_R1,329.73,3.7469,0.0,rapida_demo,DATOS SINTÉTICOS DE DEMOSTRACIÓN,DEMO: generado localmente,2026-10-08
Vitoria-Gasteiz,Oviedo,00_04_R2,323.135,4.1428,8.0,mixta_demo,DATOS SINTÉTICOS DE DEMOSTRACIÓN,DEMO: generado localmente,2026-10-08
Vitoria-Gasteiz,Oviedo,00_04_R3,319.838,4.5691,0.0,economica_demo,DATOS SINTÉTICOS DE DEMOSTRACIÓN,DEMO: generado localmente,2026-10-08
Vitoria-Gasteiz,Ávila,00_05_R1,369.931,4.2038,0.0,rapida_demo,DATOS SINTÉTICOS DE DEMOSTRACIÓN,DEMO: generado localmente,2026-10-08
Vitoria-Gasteiz,Ávila,00_05_R2,362.532,4.6478,8.0,mixta_demo,DATOS SINTÉTICOS DE DEMOSTRACIÓN,DEMO: generado localmente,2026-10-08
Vitoria-Gasteiz,Ávila,00_05_R3,358.833,5.1262,0.0,economica_demo,DATOS SINTÉTICOS DE DEMOSTRACIÓN,DEMO: generado localmente,2026-10-08
Vitoria-Gasteiz,Badajoz,00_06_R1,712.687,8.0987,0.0,rapida_demo,DATOS SINTÉTICOS DE DEMOSTRACIÓN,DEMO: generado localmente,2026-10-08
Vitoria-Gasteiz,Badajoz,00_06_R2,698.434,8.9543,8.0,mixta_demo,DATOS SINTÉTICOS DE DEMOSTRACIÓN,DEMO: generado localmente,2026-10-08
Vitoria-Gasteiz,Badajoz,00_06_R3,691.307,9.8758,0.0,economica_demo,DATOS SINTÉTICOS DE DEMOSTRACIÓN,DEMO: generado localmente,2026-10-08
Vitoria-Gasteiz,Barcelona,00_07_R1,539.783,6.1339,0.0,rapida_demo,DATOS SINTÉTICOS DE DEMOSTRACIÓN,DEMO: generado localmente,2026-10-08
Vitoria-Gasteiz,Barcelona,00_07_R2,528.987,6.7819,8.0,mixta_demo,DATOS SINTÉTICOS DE DEMOSTRACIÓN,DEMO: generado localmente,2026-10-08
Vitoria-Gasteiz,Barcelona,00_07_R3,523.589,7.4798,0.0,economica_demo,DATOS SINTÉTICOS DE DEMOSTRACIÓN,DEMO: generado localmente,2026-10-08
Vitoria-Gasteiz,Bilbao,00_08_R1,63.374,0.7202,0.0,rapida_demo,DATOS SINTÉTICOS DE DEMOSTRACIÓN,DEMO: generado localmente,2026-10-08
Vitoria-Gasteiz,Bilbao,00_08_R2,62.106,0.7962,8.0,mixta_demo,DATOS SINTÉTICOS DE DEMOSTRACIÓN,DEMO: generado localmente,2026-10-08
Vitoria-Gasteiz,Bilbao,00_08_R3,61.472,0.8782,0.0,economica_demo,DATOS SINTÉTICOS DE DEMOSTRACIÓN,DEMO: generado localmente,2026-10-08
Vitoria-Gasteiz,Burgos,00_09_R1,126.708,1.4399,0.0,rapida_demo,DATOS SINTÉTICOS DE DEMOSTRACIÓN,DEMO: generado localmente,2026-10-08
Vitoria-Gasteiz,Burgos,00_09_R2,124.173,1.592,8.0,mixta_demo,DATOS SINTÉTICOS DE DEMOSTRACIÓN,DEMO: generado localmente,2026-10-08
Vitoria-Gasteiz,Burgos,00_09_R3,122.906,1.7558,0.0,economica_demo,DATOS SINTÉTICOS DE DEMOSTRACIÓN,DEMO: generado localmente,2026-10-08
Vitoria-Gasteiz,Cáceres,00_10_R1,607.793,6.9067,0.0,rapida_demo,DATOS SINTÉTICOS DE DEMOSTRACIÓN,DEMO: generado localmente,2026-10-08
Vitoria-Gasteiz,Cáceres,00_10_R2,595.637,7.6364,8.0,mixta_demo,DATOS SINTÉTICOS DE DEMOSTRACIÓN,DEMO: generado localmente,2026-10-08
Vitoria-Gasteiz,Cáceres,00_10_R3,589.559,8.4223,0.0,economica_demo,DATOS SINTÉTICOS DE DEMOSTRACIÓN,DEMO: generado localmente,2026-10-08
Vitoria-Gasteiz,Cádiz,00_11_R1,959.408,10.9024,0.0,rapida_demo,DATOS SINTÉTICOS DE DEMOSTRACIÓN,DEMO: generado localmente,2026-10-08
Vitoria-Gasteiz,Cádiz,00_11_R2,940.22,12.0541,8.0,mixta_demo,DATOS SINTÉTICOS DE DEMOSTRACIÓN,DEMO: generado localmente,2026-10-08
Vitoria-Gasteiz,Cádiz,00_11_R3,930.626,13.2947,0.0,economica_demo,DATOS SINTÉTICOS DE DEMOSTRACIÓN,DEMO: generado localmente,2026-10-08
Vitoria-Gasteiz,Santander,00_12_R1,143.616,1.632,0.0,rapida_demo,DATOS SINTÉTICOS DE DEMOSTRACIÓN,DEMO: generado localmente,2026-10-08
Vitoria-Gasteiz,Santander,00_12_R2,140.743,1.8044,8.0,mixta_demo,DATOS SINTÉTICOS DE DEMOSTRACIÓN,DEMO: generado localmente,2026-10-08
Vitoria-Gasteiz,Santander,00_12_R3,139.307,1.9901,0.0,economica_demo,DATOS SINTÉTICOS DE DEMOSTRACIÓN,DEMO: generado localmente,2026-10-08
Vitoria-Gasteiz,Castelló de la Plana/Castellón de la Plana,00_13_R1,483.176,5.4906,0.0,rapida_demo,DATOS SINTÉTICOS DE DEMOSTRACIÓN,DEMO: generado localmente,2026-10-08
Vitoria-Gasteiz,Castelló de la Plana/Castellón de la Plana,00_13_R2,473.513,6.0707,8.0,mixta_demo,DATOS SINTÉTICOS DE DEMOSTRACIÓN,DEMO: generado localmente,2026-10-08
Vitoria-Gasteiz,Castelló de la Plana/Castellón de la Plana,00_13_R3,468.681,6.6954,0.0,economica_demo,DATOS SINTÉTICOS DE DEMOSTRACIÓN,DEMO: generado localmente,2026-10-08
Vitoria-Gasteiz,Ciudad Real,00_14_R1,552.74,6.2811,0.0,rapida_demo,DATOS SINTÉTICOS DE DEMOSTRACIÓN,DEMO: generado localmente,2026-10-08
Vitoria-Gasteiz,Ciudad Real,00_14_R2,541.686,6.9447,8.0,mixta_demo,DATOS SINTÉTICOS DE DEMOSTRACIÓN,DEMO: generado localmente,2026-10-08
Vitoria-Gasteiz,Ciudad Real,00_14_R3,536.158,7.6594,0.0,economica_demo,DATOS SINTÉTICOS DE DEMOSTRACIÓN,DEMO: generado localmente,2026-10-08
Vitoria-Gasteiz,Córdoba,00_15_R1,724.664,8.2348,0.0,rapida_demo,DATOS SINTÉTICOS DE DEMOSTRACIÓN,DEMO: generado localmente,2026-10-08
Vitoria-Gasteiz,Córdoba,00_15_R2,710.171,9.1048,8.0,mixta_demo,DATOS SINTÉTICOS DE DEMOSTRACIÓN,DEMO: generado localmente,2026-10-08
Vitoria-Gasteiz,Córdoba,00_15_R3,702.924,10.0418,0.0,economica_demo,DATOS SINTÉTICOS DE DEMOSTRACIÓN,DEMO: generado localmente,2026-10-08
Vitoria-Gasteiz,A Coruña,00_16_R1,585.219,6.6502,0.0,rapida_demo,DATOS SINTÉTICOS DE DEMOSTRACIÓN,DEMO: generado localmente,2026-10-08
Vitoria-Gasteiz,A Coruña,00_16_R2,573.515,7.3528,8.0,mixta_demo,DATOS SINTÉTICOS DE DEMOSTRACIÓN,DEMO: generado localmente,2026-10-08
Vitoria-Gasteiz,A Coruña,00_16_R3,567.663,8.1095,0.0,economica_demo,DATOS SINTÉTICOS DE DEMOSTRACIÓN,DEMO: generado localmente,2026-10-08
Vitoria-Gasteiz,Cuenca,00_17_R1,388.989,4.4203,0.0,rapida_demo,DATOS SINTÉTICOS DE DEMOSTRACIÓN,DEMO: generado localmente,2026-10-08
Vitoria-Gasteiz,Cuenca,00_17_R2,381.21,4.8873,8.0,mixta_demo,DATOS SINTÉTICOS DE DEMOSTRACIÓN,DEMO: generado localmente,2026-10-08
Vitoria-Gasteiz,Cuenca,00_17_R3,377.32,5.3903,0.0,economica_demo,DATOS SINTÉTICOS DE DEMOSTRACIÓN,DEMO: generado localmente,2026-10-08
Vitoria-Gasteiz,Donostia/San Sebastián,00_18_R1,95.977,1.0906,0.0,rapida_demo,DATOS SINTÉTICOS DE DEMOSTRACIÓN,DEMO: generado localmente,2026-10-08
Vitoria-Gasteiz,Donostia/San Sebastián,00_18_R2,94.057,1.2059,8.0,mixta_demo,DATOS SINTÉTICOS DE DEMOSTRACIÓN,DEMO: generado localmente,2026-10-08
Vitoria-Gasteiz,Donostia/San Sebastián,00_18_R3,93.098,1.33,0.0,economica_demo,DATOS SINTÉTICOS DE DEMOSTRACIÓN,DEMO: generado localmente,2026-10-08
Vitoria-Gasteiz,Girona,00_19_R1,576.614,6.5524,0.0,rapida_demo,DATOS SINTÉTICOS DE DEMOSTRACIÓN,DEMO: generado localmente,2026-10-08
Vitoria-Gasteiz,Girona,00_19_R2,565.081,7.2446,8.0,mixta_demo,DATOS SINTÉTICOS DE DEMOSTRACIÓN,DEMO: generado localmente,2026-10-08
Vitoria-Gasteiz,Girona,00_19_R3,559.315,7.9902,0.0,economica_demo,DATOS SINTÉTICOS DE DEMOSTRACIÓN,DEMO: generado localmente,2026-10-08
Vitoria-Gasteiz,Granada,00_20_R1,794.574,9.0293,0.0,rapida_demo,DATOS SINTÉTICOS DE DEMOSTRACIÓN,DEMO: generado localmente,2026-10-08
Vitoria-Gasteiz,Granada,00_20_R2,778.683,9.9831,8.0,mixta_demo,DATOS SINTÉTICOS DE DEMOSTRACIÓN,DEMO: generado localmente,2026-10-08
Vitoria-Gasteiz,Granada,00_20_R3,770.737,11.0105,0.0,economica_demo,DATOS SINTÉTICOS DE DEMOSTRACIÓN,DEMO: generado localmente,2026-10-08
Vitoria-Gasteiz,Guadalajara,00_21_R1,311.877,3.5441,0.0,rapida_demo,DATOS SINTÉTICOS DE DEMOSTRACIÓN,DEMO: generado localmente,2026-10-08
Vitoria-Gasteiz,Guadalajara,00_21_R2,305.639,3.9185,8.0,mixta_demo,DATOS SINTÉTICOS DE DEMOSTRACIÓN,DEMO: generado localmente,2026-10-08
Vitoria-Gasteiz,Guadalajara,00_21_R3,302.52,4.3217,0.0,economica_demo,DATOS SINTÉTICOS DE DEMOSTRACIÓN,DEMO: generado localmente,2026-10-08
Vitoria-Gasteiz,Huelva,00_22_R1,900.162,10.2291,0.0,rapida_demo,DATOS SINTÉTICOS DE DEMOSTRACIÓN,DEMO: generado localmente,2026-10-08
Vitoria-Gasteiz,Huelva,00_22_R2,882.159,11.3097,8.0,mixta_demo,DATOS SINTÉTICOS DE DEMOSTRACIÓN,DEMO: generado localmente,2026-10-08
Vitoria-Gasteiz,Huelva,00_22_R3,873.157,12.4737,0.0,economica_demo,DATOS SINTÉTICOS DE DEMOSTRACIÓN,DEMO: generado localmente,2026-10-08
Vitoria-Gasteiz,Huesca,00_23_R1,251.863,2.8621,0.0,rapida_demo,DATOS SINTÉTICOS DE DEMOSTRACIÓN,DEMO: generado localmente,2026-10-08
Vitoria-Gasteiz,Huesca,00_23_R2,246.826,3.1644,8.0,mixta_demo,DATOS SINTÉTICOS DE DEMOSTRACIÓN,DEMO: generado localmente,2026-10-08
Vitoria-Gasteiz,Huesca,00_23_R3,244.307,3.4901,0.0,economica_demo,DATOS SINTÉTICOS DE DEMOSTRACIÓN,DEMO: generado localmente,2026-10-08
Vitoria-Gasteiz,Jaén,00_24_R1,716.26,8.1393,0.0,rapida_demo,DATOS SINTÉTICOS DE DEMOSTRACIÓN,DEMO: generado localmente,2026-10-08
Vitoria-Gasteiz,Jaén,00_24_R2,701.935,8.9992,8.0,mixta_demo,DATOS SINTÉTICOS DE DEMOSTRACIÓN,DEMO: generado localmente,2026-10-08
Vitoria-Gasteiz,Jaén,00_24_R3,694.772,9.9253,0.0,economica_demo,DATOS SINTÉTICOS DE DEMOSTRACIÓN,DEMO: generado localmente,2026-10-08
Vitoria-Gasteiz,Logroño,00_25_R1,58.015,0.6593,0.0,rapida_demo,DATOS SINTÉTICOS DE DEMOSTRACIÓN,DEMO: generado localmente,2026-10-08
Vitoria-Gasteiz,Logroño,00_25_R2,56.855,0.7289,8.0,mixta_demo,DATOS SINTÉTICOS DE DEMOSTRACIÓN,DEMO: generado localmente,2026-10-08
Vitoria-Gasteiz,Logroño,00_25_R3,56.274,0.8039,0.0,economica_demo,DATOS SINTÉTICOS DE DEMOSTRACIÓN,DEMO: generado localmente,2026-10-08
Vitoria-Gasteiz,León,00_26_R1,298.32,3.39,0.0,rapida_demo,DATOS SINTÉTICOS DE DEMOSTRACIÓN,DEMO: generado localmente,2026-10-08
Vitoria-Gasteiz,León,00_26_R2,292.353,3.7481,8.0,mixta_demo,DATOS SINTÉTICOS DE DEMOSTRACIÓN,DEMO: generado localmente,2026-10-08
Vitoria-Gasteiz,León,00_26_R3,289.37,4.1339,0.0,economica_demo,DATOS SINTÉTICOS DE DEMOSTRACIÓN,DEMO: generado localmente,2026-10-08
Vitoria-Gasteiz,Lleida,00_27_R1,380.237,4.3209,0.0,rapida_demo,DATOS SINTÉTICOS DE DEMOSTRACIÓN,DEMO: generado localmente,2026-10-08
Vitoria-Gasteiz,Lleida,00_27_R2,372.632,4.7773,8.0,mixta_demo,DATOS SINTÉTICOS DE DEMOSTRACIÓN,DEMO: generado localmente,2026-10-08
Vitoria-Gasteiz,Lleida,00_27_R3,368.83,5.269,0.0,economica_demo,DATOS SINTÉTICOS DE DEMOSTRACIÓN,DEMO: generado localmente,2026-10-08
Vitoria-Gasteiz,Lugo,00_28_R1,497.429,5.6526,0.0,rapida_demo,DATOS SINTÉTICOS DE DEMOSTRACIÓN,DEMO: generado localmente,2026-10-08
Vitoria-Gasteiz,Lugo,00_28_R2,487.48,6.2497,8.0,mixta_demo,DATOS SINTÉTICOS DE DEMOSTRACIÓN,DEMO: generado localmente,2026-10-08
Vitoria-Gasteiz,Lugo,00_28_R3,482.506,6.8929,0.0,economica_demo,DATOS SINTÉTICOS DE DEMOSTRACIÓN,DEMO: generado localmente,2026-10-08
Vitoria-Gasteiz,Madrid,00_29_R1,353.675,4.019,0.0,rapida_demo,DATOS SINTÉTICOS DE DEMOSTRACIÓN,DEMO: generado localmente,2026-10-08
Vitoria-Gasteiz,Madrid,00_29_R2,346.602,4.4436,8.0,mixta_demo,DATOS SINTÉTICOS DE DEMOSTRACIÓN,DEMO: generado localmente,2026-10-08
Vitoria-Gasteiz,Madrid,00_29_R3,343.065,4.9009,0.0,economica_demo,DATOS SINTÉTICOS DE DEMOSTRACIÓN,DEMO: generado localmente,2026-10-08
Vitoria-Gasteiz,Málaga,00_30_R1,871.6,9.9045,0.0,rapida_demo,DATOS SINTÉTICOS DE DEMOSTRACIÓN,DEMO: generado localmente,2026-10-08
Vitoria-Gasteiz,Málaga,00_30_R2,854.168,10.9509,8.0,mixta_demo,DATOS SINTÉTICOS DE DEMOSTRACIÓN,DEMO: generado localmente,2026-10-08
Vitoria-Gasteiz,Málaga,00_30_R3,845.452,12.0779,0.0,economica_demo,DATOS SINTÉTICOS DE DEMOSTRACIÓN,DEMO: generado localmente,2026-10-08
Vitoria-Gasteiz,Murcia,00_31_R1,695.361,7.9018,0.0,rapida_demo,DATOS SINTÉTICOS DE DEMOSTRACIÓN,DEMO: generado localmente,2026-10-08
Vitoria-Gasteiz,Murcia,00_31_R2,681.454,8.7366,8.0,mixta_demo,DATOS SINTÉTICOS DE DEMOSTRACIÓN,DEMO: generado localmente,2026-10-08
Vitoria-Gasteiz,Murcia,00_31_R3,674.5,9.6357,0.0,economica_demo,DATOS SINTÉTICOS DE DEMOSTRACIÓN,DEMO: generado localmente,2026-10-08
Vitoria-Gasteiz,Pamplona/Iruña,00_32_R1,104.85,1.1915,0.0,rapida_demo,DATOS SINTÉTICOS DE DEMOSTRACIÓN,DEMO: generado localmente,2026-10-08
Vitoria-Gasteiz,Pamplona/Iruña,00_32_R2,102.753,1.3173,8.0,mixta_demo,DATOS SINTÉTICOS DE DEMOSTRACIÓN,DEMO: generado localmente,2026-10-08
Vitoria-Gasteiz,Pamplona/Iruña,00_32_R3,101.705,1.4529,0.0,economica_demo,DATOS SINTÉTICOS DE DEMOSTRACIÓN,DEMO: generado localmente,2026-10-08
Vitoria-Gasteiz,Ourense,00_33_R1,535.876,6.0895,0.0,rapida_demo,DATOS SINTÉTICOS DE DEMOSTRACIÓN,DEMO: generado localmente,2026-10-08
Vitoria-Gasteiz,Ourense,00_33_R2,525.158,6.7328,8.0,mixta_demo,DATOS SINTÉTICOS DE DEMOSTRACIÓN,DEMO: generado localmente,2026-10-08
Vitoria-Gasteiz,Ourense,00_33_R3,519.799,7.4257,0.0,economica_demo,DATOS SINTÉTICOS DE DEMOSTRACIÓN,DEMO: generado localmente,2026-10-08
Vitoria-Gasteiz,Palencia,00_34_R1,223.429,2.539,0.0,rapida_demo,DATOS SINTÉTICOS DE DEMOSTRACIÓN,DEMO: generado localmente,2026-10-08
Vitoria-Gasteiz,Palencia,00_34_R2,218.96,2.8072,8.0,mixta_demo,DATOS SINTÉTICOS DE DEMOSTRACIÓN,DEMO: generado localmente,2026-10-08
Vitoria-Gasteiz,Palencia,00_34_R3,216.726,3.0961,0.0,economica_demo,DATOS SINTÉTICOS DE DEMOSTRACIÓN,DEMO: generado localmente,2026-10-08
Vitoria-Gasteiz,Pontevedra,00_35_R1,613.467,6.9712,0.0,rapida_demo,DATOS SINTÉTICOS DE DEMOSTRACIÓN,DEMO: generado localmente,2026-10-08
Vitoria-Gasteiz,Pontevedra,00_35_R2,601.198,7.7077,8.0,mixta_demo,DATOS SINTÉTICOS DE DEMOSTRACIÓN,DEMO: generado localmente,2026-10-08
Vitoria-Gasteiz,Pontevedra,00_35_R3,595.063,8.5009,0.0,economica_demo,DATOS SINTÉTICOS DE DEMOSTRACIÓN,DEMO: generado localmente,2026-10-08
Vitoria-Gasteiz,Salamanca,00_36_R1,405.077,4.6031,0.0,rapida_demo,DATOS SINTÉTICOS DE DEMOSTRACIÓN,DEMO: generado localmente,2026-10-08
Vitoria-Gasteiz,Salamanca,00_36_R2,396.975,5.0894,8.0,mixta_demo,DATOS SINTÉTICOS DE DEMOSTRACIÓN,DEMO: generado localmente,2026-10-08
Vitoria-Gasteiz,Salamanca,00_36_R3,392.925,5.6132,0.0,economica_demo,DATOS SINTÉTICOS DE DEMOSTRACIÓN,DEMO: generado localmente,2026-10-08
Vitoria-Gasteiz,Segovia,00_37_R1,303.353,3.4472,0.0,rapida_demo,DATOS SINTÉTICOS DE DEMOSTRACIÓN,DEMO: generado localmente,2026-10-08
Vitoria-Gasteiz,Segovia,00_37_R2,297.286,3.8114,8.0,mixta_demo,DATOS SINTÉTICOS DE DEMOSTRACIÓN,DEMO: generado localmente,2026-10-08
Vitoria-Gasteiz,Segovia,00_37_R3,294.252,4.2036,0.0,economica_demo,DATOS SINTÉTICOS DE DEMOSTRACIÓN,DEMO: generado localmente,2026-10-08
Vitoria-Gasteiz,Sevilla,00_38_R1,836.621,9.5071,0.0,rapida_demo,DATOS SINTÉTICOS DE DEMOSTRACIÓN,DEMO: generado localmente,2026-10-08
Vitoria-Gasteiz,Sevilla,00_38_R2,819.889,10.5114,8.0,mixta_demo,DATOS SINTÉTICOS DE DEMOSTRACIÓN,DEMO: generado localmente,2026-10-08
Vitoria-Gasteiz,Sevilla,00_38_R3,811.523,11.5932,0.0,economica_demo,DATOS SINTÉTICOS DE DEMOSTRACIÓN,DEMO: generado localmente,2026-10-08
Vitoria-Gasteiz,Soria,00_39_R1,152.154,1.729,0.0,rapida_demo,DATOS SINTÉTICOS DE DEMOSTRACIÓN,DEMO: generado localmente,2026-10-08
Vitoria-Gasteiz,Soria,00_39_R2,149.111,1.9117,8.0,mixta_demo,DATOS SINTÉTICOS DE DEMOSTRACIÓN,DEMO: generado localmente,2026-10-08
Vitoria-Gasteiz,Soria,00_39_R3,147.589,2.1084,0.0,economica_demo,DATOS SINTÉTICOS DE DEMOSTRACIÓN,DEMO: generado localmente,2026-10-08
Vitoria-Gasteiz,Tarragona,00_40_R1,471.479,5.3577,0.0,rapida_demo,DATOS SINTÉTICOS DE DEMOSTRACIÓN,DEMO: generado localmente,2026-10-08
Vitoria-Gasteiz,Tarragona,00_40_R2,462.05,5.9237,8.0,mixta_demo,DATOS SINTÉTICOS DE DEMOSTRACIÓN,DEMO: generado localmente,2026-10-08
Vitoria-Gasteiz,Tarragona,00_40_R3,457.335,6.5334,0.0,economica_demo,DATOS SINTÉTICOS DE DEMOSTRACIÓN,DEMO: generado localmente,2026-10-08
Vitoria-Gasteiz,Teruel,00_41_R1,384.042,4.3641,0.0,rapida_demo,DATOS SINTÉTICOS DE DEMOSTRACIÓN,DEMO: generado localmente,2026-10-08
Vitoria-Gasteiz,Teruel,00_41_R2,376.361,4.8251,8.0,mixta_demo,DATOS SINTÉTICOS DE DEMOSTRACIÓN,DEMO: generado localmente,2026-10-08
Vitoria-Gasteiz,Teruel,00_41_R3,372.52,5.3217,0.0,economica_demo,DATOS SINTÉTICOS DE DEMOSTRACIÓN,DEMO: generado localmente,2026-10-08
Vitoria-Gasteiz,Toledo,00_42_R1,438.938,4.9879,0.0,rapida_demo,DATOS SINTÉTICOS DE DEMOSTRACIÓN,DEMO: generado localmente,2026-10-08
Vitoria-Gasteiz,Toledo,00_42_R2,430.159,5.5149,8.0,mixta_demo,DATOS SINTÉTICOS DE DEMOSTRACIÓN,DEMO: generado localmente,2026-10-08
Vitoria-Gasteiz,Toledo,00_42_R3,425.769,6.0824,0.0,economica_demo,DATOS SINTÉTICOS DE DEMOSTRACIÓN,DEMO: generado localmente,2026-10-08
Vitoria-Gasteiz,Valencia,00_43_R1,527.188,5.9908,0.0,rapida_demo,DATOS SINTÉTICOS DE DEMOSTRACIÓN,DEMO: generado localmente,2026-10-08
Vitoria-Gasteiz,Valencia,00_43_R2,516.645,6.6236,8.0,mixta_demo,DATOS SINTÉTICOS DE DEMOSTRACIÓN,DEMO: generado localmente,2026-10-08
Vitoria-Gasteiz,Valencia,00_43_R3,511.373,7.3053,0.0,economica_demo,DATOS SINTÉTICOS DE DEMOSTRACIÓN,DEMO: generado localmente,2026-10-08
Vitoria-Gasteiz,Valladolid,00_44_R1,268.905,3.0557,0.0,rapida_demo,DATOS SINTÉTICOS DE DEMOSTRACIÓN,DEMO: generado localmente,2026-10-08
Vitoria-Gasteiz,Valladolid,00_44_R2,263.527,3.3786,8.0,mixta_demo,DATOS SINTÉTICOS DE DEMOSTRACIÓN,DEMO: generado localmente,2026-10-08
Vitoria-Gasteiz,Valladolid,00_44_R3,260.838,3.7263,0.0,economica_demo,DATOS SINTÉTICOS DE DEMOSTRACIÓN,DEMO: generado localmente,2026-10-08
Vitoria-Gasteiz,Zamora,00_45_R1,367.59,4.1772,0.0,rapida_demo,DATOS SINTÉTICOS DE DEMOSTRACIÓN,DEMO: generado localmente,2026-10-08
Vitoria-Gasteiz,Zamora,00_45_R2,360.238,4.6184,8.0,mixta_demo,DATOS SINTÉTICOS DE DEMOSTRACIÓN,DEMO: generado localmente,2026-10-08
Vitoria-Gasteiz,Zamora,00_45_R3,356.562,5.0937,0.0,economica_demo,DATOS SINTÉTICOS DE DEMOSTRACIÓN,DEMO: generado localmente,2026-10-08
Vitoria-Gasteiz,Zaragoza,00_46_R1,247.965,2.8178,0.0,rapida_demo,DATOS SINTÉTICOS DE DEMOSTRACIÓN,DEMO: generado localmente,2026-10-08
Vitoria-Gasteiz,Zaragoza,00_46_R2,243.006,3.1155,8.0,mixta_demo,DATOS SINTÉTICOS DE DEMOSTRACIÓN,DEMO: generado localmente,2026-10-08
Vitoria-Gasteiz,Zaragoza,00_46_R3,240.526,3.4361,0.0,economica_demo,DATOS SINTÉTICOS DE DEMOSTRACIÓN,DEMO: generado localmente,2026-10-08
Albacete,Alacant/Alicante,01_02_R1,174.426,1.9821,0.0,rapida_demo,DATOS SINTÉTICOS DE DEMOSTRACIÓN,DEMO: generado localmente,2026-10-08
Albacete,Alacant/Alicante,01_02_R2,170.938,2.1915,8.0,mixta_demo,DATOS SINTÉTICOS DE DEMOSTRACIÓN,DEMO: generado localmente,2026-10-08
Albacete,Alacant/Alicante,01_02_R3,169.194,2.4171,0.0,economica_demo,DATOS SINTÉTICOS DE DEMOSTRACIÓN,DEMO: generado localmente,2026-10-08
Albacete,Almería,01_03_R1,307.092,3.4897,0.0,rapida_demo,DATOS SINTÉTICOS DE DEMOSTRACIÓN,DEMO: generado localmente,2026-10-08
Albacete,Almería,01_03_R2,300.951,3.8583,8.0,mixta_demo,DATOS SINTÉTICOS DE DEMOSTRACIÓN,DEMO: generado localmente,2026-10-08
Albacete,Almería,01_03_R3,297.88,4.2554,0.0,economica_demo,DATOS SINTÉTICOS DE DEMOSTRACIÓN,DEMO: generado localmente,2026-10-08
Albacete,Oviedo,01_04_R1,736.089,8.3646,0.0,rapida_demo,DATOS SINTÉTICOS DE DEMOSTRACIÓN,DEMO: generado localmente,2026-10-08
Albacete,Oviedo,01_04_R2,721.367,9.2483,8.0,mixta_demo,DATOS SINTÉTICOS DE DEMOSTRACIÓN,DEMO: generado localmente,2026-10-08
Albacete,Oviedo,01_04_R3,714.006,10.2001,0.0,economica_demo,DATOS SINTÉTICOS DE DEMOSTRACIÓN,DEMO: generado localmente,2026-10-08
Albacete,Ávila,01_05_R1,381.366,4.3337,0.0,rapida_demo,DATOS SINTÉTICOS DE DEMOSTRACIÓN,DEMO: generado localmente,2026-10-08
Albacete,Ávila,01_05_R2,373.739,4.7915,8.0,mixta_demo,DATOS SINTÉTICOS DE DEMOSTRACIÓN,DEMO: generado localmente,2026-10-08
Albacete,Ávila,01_05_R3,369.925,5.2846,0.0,economica_demo,DATOS SINTÉTICOS DE DEMOSTRACIÓN,DEMO: generado localmente,2026-10-08
Albacete,Badajoz,01_06_R1,553.063,6.2848,0.0,rapida_demo,DATOS SINTÉTICOS DE DEMOSTRACIÓN,DEMO: generado localmente,2026-10-08
Albacete,Badajoz,01_06_R2,542.002,6.9487,8.0,mixta_demo,DATOS SINTÉTICOS DE DEMOSTRACIÓN,DEMO: generado localmente,2026-10-08
Albacete,Badajoz,01_06_R3,536.471,7.6639,0.0,economica_demo,DATOS SINTÉTICOS DE DEMOSTRACIÓN,DEMO: generado localmente,2026-10-08
Albacete,Barcelona,01_07_R1,541.543,6.1539,0.0,rapida_demo,DATOS SINTÉTICOS DE DEMOSTRACIÓN,DEMO: generado localmente,2026-10-08
Albacete,Barcelona,01_07_R2,530.713,6.804,8.0,mixta_demo,DATOS SINTÉTICOS DE DEMOSTRACIÓN,DEMO: generado localmente,2026-10-08
Albacete,Barcelona,01_07_R3,525.297,7.5042,0.0,economica_demo,DATOS SINTÉTICOS DE DEMOSTRACIÓN,DEMO: generado localmente,2026-10-08
Albacete,Bilbao,01_08_R1,603.662,6.8598,0.0,rapida_demo,DATOS SINTÉTICOS DE DEMOSTRACIÓN,DEMO: generado localmente,2026-10-08
Albacete,Bilbao,01_08_R2,591.588,7.5845,8.0,mixta_demo,DATOS SINTÉTICOS DE DEMOSTRACIÓN,DEMO: generado localmente,2026-10-08
Albacete,Bilbao,01_08_R3,585.552,8.365,0.0,economica_demo,DATOS SINTÉTICOS DE DEMOSTRACIÓN,DEMO: generado localmente,2026-10-08
Albacete,Burgos,01_09_R1,503.937,5.7266,0.0,rapida_demo,DATOS SINTÉTICOS DE DEMOSTRACIÓN,DEMO: generado localmente,2026-10-08
Albacete,Burgos,01_09_R2,493.858,6.3315,8.0,mixta_demo,DATOS SINTÉTICOS DE DEMOSTRACIÓN,DEMO: generado localmente,2026-10-08
Albacete,Burgos,01_09_R3,488.819,6.9831,0.0,economica_demo,DATOS SINTÉTICOS DE DEMOSTRACIÓN,DEMO: generado localmente,2026-10-08
Albacete,Cáceres,01_10_R1,490.674,5.5758,0.0,rapida_demo,DATOS SINTÉTICOS DE DEMOSTRACIÓN,DEMO: generado localmente,2026-10-08
Albacete,Cáceres,01_10_R2,480.86,6.1649,8.0,mixta_demo,DATOS SINTÉTICOS DE DEMOSTRACIÓN,DEMO: generado localmente,2026-10-08
Albacete,Cáceres,01_10_R3,475.954,6.7993,0.0,economica_demo,DATOS SINTÉTICOS DE DEMOSTRACIÓN,DEMO: generado localmente,2026-10-08
Albacete,Cádiz,01_11_R1,595.917,6.7718,0.0,rapida_demo,DATOS SINTÉTICOS DE DEMOSTRACIÓN,DEMO: generado localmente,2026-10-08
Albacete,Cádiz,01_11_R2,583.999,7.4872,8.0,mixta_demo,DATOS SINTÉTICOS DE DEMOSTRACIÓN,DEMO: generado localmente,2026-10-08
Albacete,Cádiz,01_11_R3,578.04,8.2577,0.0,economica_demo,DATOS SINTÉTICOS DE DEMOSTRACIÓN,DEMO: generado localmente,2026-10-08
Albacete,Santander,01_12_R1,653.472,7.4258,0.0,rapida_demo,DATOS SINTÉTICOS DE DEMOSTRACIÓN,DEMO: generado localmente,2026-10-08
Albacete,Santander,01_12_R2,640.402,8.2103,8.0,mixta_demo,DATOS SINTÉTICOS DE DEMOSTRACIÓN,DEMO: generado localmente,2026-10-08
Albacete,Santander,01_12_R3,633.867,9.0552,0.0,economica_demo,DATOS SINTÉTICOS DE DEMOSTRACIÓN,DEMO: generado localmente,2026-10-08
Albacete,Castelló de la Plana/Castellón de la Plana,01_13_R1,238.638,2.7118,0.0,rapida_demo,DATOS SINTÉTICOS DE DEMOSTRACIÓN,DEMO: generado localmente,2026-10-08
Albacete,Castelló de la Plana/Castellón de la Plana,01_13_R2,233.865,2.9983,8.0,mixta_demo,DATOS SINTÉTICOS DE DEMOSTRACIÓN,DEMO: generado localmente,2026-10-08
Albacete,Castelló de la Plana/Castellón de la Plana,01_13_R3,231.478,3.3068,0.0,economica_demo,DATOS SINTÉTICOS DE DEMOSTRACIÓN,DEMO: generado localmente,2026-10-08
Albacete,Ciudad Real,01_14_R1,223.932,2.5447,0.0,rapida_demo,DATOS SINTÉTICOS DE DEMOSTRACIÓN,DEMO: generado localmente,2026-10-08
Albacete,Ciudad Real,01_14_R2,219.453,2.8135,8.0,mixta_demo,DATOS SINTÉTICOS DE DEMOSTRACIÓN,DEMO: generado localmente,2026-10-08
Albacete,Ciudad Real,01_14_R3,217.214,3.1031,0.0,economica_demo,DATOS SINTÉTICOS DE DEMOSTRACIÓN,DEMO: generado localmente,2026-10-08
Albacete,Córdoba,01_15_R1,353.44,4.0164,0.0,rapida_demo,DATOS SINTÉTICOS DE DEMOSTRACIÓN,DEMO: generado localmente,2026-10-08
Albacete,Córdoba,01_15_R2,346.372,4.4407,8.0,mixta_demo,DATOS SINTÉTICOS DE DEMOSTRACIÓN,DEMO: generado localmente,2026-10-08
Albacete,Córdoba,01_15_R3,342.837,4.8977,0.0,economica_demo,DATOS SINTÉTICOS DE DEMOSTRACIÓN,DEMO: generado localmente,2026-10-08
Albacete,A Coruña,01_16_R1,914.836,10.3959,0.0,rapida_demo,DATOS SINTÉTICOS DE DEMOSTRACIÓN,DEMO: generado localmente,2026-10-08
Albacete,A Coruña,01_16_R2,896.539,11.4941,8.0,mixta_demo,DATOS SINTÉTICOS DE DEMOSTRACIÓN,DEMO: generado localmente,2026-10-08
Albacete,A Coruña,01_16_R3,887.391,12.677,0.0,economica_demo,DATOS SINTÉTICOS DE DEMOSTRACIÓN,DEMO: generado localmente,2026-10-08
Albacete,Cuenca,01_17_R1,153.202,1.7409,0.0,rapida_demo,DATOS SINTÉTICOS DE DEMOSTRACIÓN,DEMO: generado localmente,2026-10-08
Albacete,Cuenca,01_17_R2,150.138,1.9248,8.0,mixta_demo,DATOS SINTÉTICOS DE DEMOSTRACIÓN,DEMO: generado localmente,2026-10-08
Albacete,Cuenca,01_17_R3,148.606,2.1229,0.0,economica_demo,DATOS SINTÉTICOS DE DEMOSTRACIÓN,DEMO: generado localmente,2026-10-08
Albacete,Donostia/San Sebastián,01_18_R1,601.355,6.8336,0.0,rapida_demo,DATOS SINTÉTICOS DE DEMOSTRACIÓN,DEMO: generado localmente,2026-10-08
Albacete,Donostia/San Sebastián,01_18_R2,589.328,7.5555,8.0,mixta_demo,DATOS SINTÉTICOS DE DEMOSTRACIÓN,DEMO: generado localmente,2026-10-08
Albacete,Donostia/San Sebastián,01_18_R3,583.315,8.3331,0.0,economica_demo,DATOS SINTÉTICOS DE DEMOSTRACIÓN,DEMO: generado localmente,2026-10-08
Albacete,Girona,01_19_R1,645.692,7.3374,0.0,rapida_demo,DATOS SINTÉTICOS DE DEMOSTRACIÓN,DEMO: generado localmente,2026-10-08
Albacete,Girona,01_19_R2,632.778,8.1125,8.0,mixta_demo,DATOS SINTÉTICOS DE DEMOSTRACIÓN,DEMO: generado localmente,2026-10-08
Albacete,Girona,01_19_R3,626.321,8.9474,0.0,economica_demo,DATOS SINTÉTICOS DE DEMOSTRACIÓN,DEMO: generado localmente,2026-10-08
Albacete,Granada,01_20_R1,316.978,3.602,0.0,rapida_demo,DATOS SINTÉTICOS DE DEMOSTRACIÓN,DEMO: generado localmente,2026-10-08
Albacete,Granada,01_20_R2,310.638,3.9825,8.0,mixta_demo,DATOS SINTÉTICOS DE DEMOSTRACIÓN,DEMO: generado localmente,2026-10-08
Albacete,Granada,01_20_R3,307.468,4.3924,0.0,economica_demo,DATOS SINTÉTICOS DE DEMOSTRACIÓN,DEMO: generado localmente,2026-10-08
Albacete,Guadalajara,01_21_R1,267.225,3.0367,0.0,rapida_demo,DATOS SINTÉTICOS DE DEMOSTRACIÓN,DEMO: generado localmente,2026-10-08
Albacete,Guadalajara,01_21_R2,261.881,3.3574,8.0,mixta_demo,DATOS SINTÉTICOS DE DEMOSTRACIÓN,DEMO: generado localmente,2026-10-08
Albacete,Guadalajara,01_21_R3,259.209,3.703,0.0,economica_demo,DATOS SINTÉTICOS DE DEMOSTRACIÓN,DEMO: generado localmente,2026-10-08
Albacete,Huelva,01_22_R1,607.065,6.8985,0.0,rapida_demo,DATOS SINTÉTICOS DE DEMOSTRACIÓN,DEMO: generado localmente,2026-10-08
Albacete,Huelva,01_22_R2,594.923,7.6272,8.0,mixta_demo,DATOS SINTÉTICOS DE DEMOSTRACIÓN,DEMO: generado localmente,2026-10-08
Albacete,Huelva,01_22_R3,588.853,8.4122,0.0,economica_demo,DATOS SINTÉTICOS DE DEMOSTRACIÓN,DEMO: generado localmente,2026-10-08
Albacete,Huesca,01_23_R1,462.965,5.261,0.0,rapida_demo,DATOS SINTÉTICOS DE DEMOSTRACIÓN,DEMO: generado localmente,2026-10-08
Albacete,Huesca,01_23_R2,453.706,5.8167,8.0,mixta_demo,DATOS SINTÉTICOS DE DEMOSTRACIÓN,DEMO: generado localmente,2026-10-08
Albacete,Huesca,01_23_R3,449.076,6.4154,0.0,economica_demo,DATOS SINTÉTICOS DE DEMOSTRACIÓN,DEMO: generado localmente,2026-10-08
Albacete,Jaén,01_24_R1,271.579,3.0861,0.0,rapida_demo,DATOS SINTÉTICOS DE DEMOSTRACIÓN,DEMO: generado localmente,2026-10-08
Albacete,Jaén,01_24_R2,266.148,3.4121,8.0,mixta_demo,DATOS SINTÉTICOS DE DEMOSTRACIÓN,DEMO: generado localmente,2026-10-08
Albacete,Jaén,01_24_R3,263.432,3.7633,0.0,economica_demo,DATOS SINTÉTICOS DE DEMOSTRACIÓN,DEMO: generado localmente,2026-10-08
Albacete,Logroño,01_25_R1,486.227,5.5253,0.0,rapida_demo,DATOS SINTÉTICOS DE DEMOSTRACIÓN,DEMO: generado localmente,2026-10-08
Albacete,Logroño,01_25_R2,476.502,6.109,8.0,mixta_demo,DATOS SINTÉTICOS DE DEMOSTRACIÓN,DEMO: generado localmente,2026-10-08
Albacete,Logroño,01_25_R3,471.64,6.7377,0.0,economica_demo,DATOS SINTÉTICOS DE DEMOSTRACIÓN,DEMO: generado localmente,2026-10-08
Albacete,León,01_26_R1,635.213,7.2183,0.0,rapida_demo,DATOS SINTÉTICOS DE DEMOSTRACIÓN,DEMO: generado localmente,2026-10-08
Albacete,León,01_26_R2,622.509,7.9809,8.0,mixta_demo,DATOS SINTÉTICOS DE DEMOSTRACIÓN,DEMO: generado localmente,2026-10-08
Albacete,León,01_26_R3,616.157,8.8022,0.0,economica_demo,DATOS SINTÉTICOS DE DEMOSTRACIÓN,DEMO: generado localmente,2026-10-08
Albacete,Lleida,01_27_R1,449.071,5.1031,0.0,rapida_demo,DATOS SINTÉTICOS DE DEMOSTRACIÓN,DEMO: generado localmente,2026-10-08
Albacete,Lleida,01_27_R2,440.09,5.6422,8.0,mixta_demo,DATOS SINTÉTICOS DE DEMOSTRACIÓN,DEMO: generado localmente,2026-10-08
Albacete,Lleida,01_27_R3,435.599,6.2228,0.0,economica_demo,DATOS SINTÉTICOS DE DEMOSTRACIÓN,DEMO: generado localmente,2026-10-08
Albacete,Lugo,01_28_R1,817.394,9.2886,0.0,rapida_demo,DATOS SINTÉTICOS DE DEMOSTRACIÓN,DEMO: generado localmente,2026-10-08
Albacete,Lugo,01_28_R2,801.046,10.2698,8.0,mixta_demo,DATOS SINTÉTICOS DE DEMOSTRACIÓN,DEMO: generado localmente,2026-10-08
Albacete,Lugo,01_28_R3,792.872,11.3267,0.0,economica_demo,DATOS SINTÉTICOS DE DEMOSTRACIÓN,DEMO: generado localmente,2026-10-08
Albacete,Madrid,01_29_R1,278.679,3.1668,0.0,rapida_demo,DATOS SINTÉTICOS DE DEMOSTRACIÓN,DEMO: generado localmente,2026-10-08
Albacete,Madrid,01_29_R2,273.106,3.5014,8.0,mixta_demo,DATOS SINTÉTICOS DE DEMOSTRACIÓN,DEMO: generado localmente,2026-10-08
Albacete,Madrid,01_29_R3,270.319,3.8617,0.0,economica_demo,DATOS SINTÉTICOS DE DEMOSTRACIÓN,DEMO: generado localmente,2026-10-08
Albacete,Málaga,01_30_R1,422.981,4.8066,0.0,rapida_demo,DATOS SINTÉTICOS DE DEMOSTRACIÓN,DEMO: generado localmente,2026-10-08
Albacete,Málaga,01_30_R2,414.521,5.3144,8.0,mixta_demo,DATOS SINTÉTICOS DE DEMOSTRACIÓN,DEMO: generado localmente,2026-10-08
Albacete,Málaga,01_30_R3,410.291,5.8613,0.0,economica_demo,DATOS SINTÉTICOS DE DEMOSTRACIÓN,DEMO: generado localmente,2026-10-08
Albacete,Murcia,01_31_R1,161.372,1.8338,0.0,rapida_demo,DATOS SINTÉTICOS DE DEMOSTRACIÓN,DEMO: generado localmente,2026-10-08
Albacete,Murcia,01_31_R2,158.145,2.0275,8.0,mixta_demo,DATOS SINTÉTICOS DE DEMOSTRACIÓN,DEMO: generado localmente,2026-10-08
Albacete,Murcia,01_31_R3,156.531,2.2362,0.0,economica_demo,DATOS SINTÉTICOS DE DEMOSTRACIÓN,DEMO: generado localmente,2026-10-08
Albacete,Pamplona/Iruña,01_32_R1,531.756,6.0427,0.0,rapida_demo,DATOS SINTÉTICOS DE DEMOSTRACIÓN,DEMO: generado localmente,2026-10-08
Albacete,Pamplona/Iruña,01_32_R2,521.121,6.681,8.0,mixta_demo,DATOS SINTÉTICOS DE DEMOSTRACIÓN,DEMO: generado localmente,2026-10-08
Albacete,Pamplona/Iruña,01_32_R3,515.804,7.3686,0.0,economica_demo,DATOS SINTÉTICOS DE DEMOSTRACIÓN,DEMO: generado localmente,2026-10-08
Albacete,Ourense,01_33_R1,784.961,8.92,0.0,rapida_demo,DATOS SINTÉTICOS DE DEMOSTRACIÓN,DEMO: generado localmente,2026-10-08
Albacete,Ourense,01_33_R2,769.262,9.8623,8.0,mixta_demo,DATOS SINTÉTICOS DE DEMOSTRACIÓN,DEMO: generado localmente,2026-10-08
Albacete,Ourense,01_33_R3,761.412,10.8773,0.0,economica_demo,DATOS SINTÉTICOS DE DEMOSTRACIÓN,DEMO: generado localmente,2026-10-08
Albacete,Palencia,01_34_R1,505.57,5.7451,0.0,rapida_demo,DATOS SINTÉTICOS DE DEMOSTRACIÓN,DEMO: generado localmente,2026-10-08
Albacete,Palencia,01_34_R2,495.459,6.352,8.0,mixta_demo,DATOS SINTÉTICOS DE DEMOSTRACIÓN,DEMO: generado localmente,2026-10-08
Albacete,Palencia,01_34_R3,490.403,7.0058,0.0,economica_demo,DATOS SINTÉTICOS DE DEMOSTRACIÓN,DEMO: generado localmente,2026-10-08
Albacete,Pontevedra,01_35_R1,859.78,9.7702,0.0,rapida_demo,DATOS SINTÉTICOS DE DEMOSTRACIÓN,DEMO: generado localmente,2026-10-08
Albacete,Pontevedra,01_35_R2,842.585,10.8024,8.0,mixta_demo,DATOS SINTÉTICOS DE DEMOSTRACIÓN,DEMO: generado localmente,2026-10-08
Albacete,Pontevedra,01_35_R3,833.987,11.9141,0.0,economica_demo,DATOS SINTÉTICOS DE DEMOSTRACIÓN,DEMO: generado localmente,2026-10-08
Albacete,Salamanca,01_36_R1,489.221,5.5593,0.0,rapida_demo,DATOS SINTÉTICOS DE DEMOSTRACIÓN,DEMO: generado localmente,2026-10-08
Albacete,Salamanca,01_36_R2,479.437,6.1466,8.0,mixta_demo,DATOS SINTÉTICOS DE DEMOSTRACIÓN,DEMO: generado localmente,2026-10-08
Albacete,Salamanca,01_36_R3,474.544,6.7792,0.0,economica_demo,DATOS SINTÉTICOS DE DEMOSTRACIÓN,DEMO: generado localmente,2026-10-08
Albacete,Segovia,01_37_R1,363.544,4.1312,0.0,rapida_demo,DATOS SINTÉTICOS DE DEMOSTRACIÓN,DEMO: generado localmente,2026-10-08
Albacete,Segovia,01_37_R2,356.273,4.5676,8.0,mixta_demo,DATOS SINTÉTICOS DE DEMOSTRACIÓN,DEMO: generado localmente,2026-10-08
Albacete,Segovia,01_37_R3,352.638,5.0377,0.0,economica_demo,DATOS SINTÉTICOS DE DEMOSTRACIÓN,DEMO: generado localmente,2026-10-08
Albacete,Sevilla,01_38_R1,504.248,5.7301,0.0,rapida_demo,DATOS SINTÉTICOS DE DEMOSTRACIÓN,DEMO: generado localmente,2026-10-08
Albacete,Sevilla,01_38_R2,494.163,6.3354,8.0,mixta_demo,DATOS SINTÉTICOS DE DEMOSTRACIÓN,DEMO: generado localmente,2026-10-08
Albacete,Sevilla,01_38_R3,489.121,6.9874,0.0,economica_demo,DATOS SINTÉTICOS DE DEMOSTRACIÓN,DEMO: generado localmente,2026-10-08
Albacete,Soria,01_39_R1,389.936,4.4311,0.0,rapida_demo,DATOS SINTÉTICOS DE DEMOSTRACIÓN,DEMO: generado localmente,2026-10-08
Albacete,Soria,01_39_R2,382.137,4.8992,8.0,mixta_demo,DATOS SINTÉTICOS DE DEMOSTRACIÓN,DEMO: generado localmente,2026-10-08
Albacete,Soria,01_39_R3,378.238,5.4034,0.0,economica_demo,DATOS SINTÉTICOS DE DEMOSTRACIÓN,DEMO: generado localmente,2026-10-08
Albacete,Tarragona,01_40_R1,443.108,5.0353,0.0,rapida_demo,DATOS SINTÉTICOS DE DEMOSTRACIÓN,DEMO: generado localmente,2026-10-08
Albacete,Tarragona,01_40_R2,434.246,5.5673,8.0,mixta_demo,DATOS SINTÉTICOS DE DEMOSTRACIÓN,DEMO: generado localmente,2026-10-08
Albacete,Tarragona,01_40_R3,429.815,6.1402,0.0,economica_demo,DATOS SINTÉTICOS DE DEMOSTRACIÓN,DEMO: generado localmente,2026-10-08
Albacete,Teruel,01_41_R1,203.646,2.3142,0.0,rapida_demo,DATOS SINTÉTICOS DE DEMOSTRACIÓN,DEMO: generado localmente,2026-10-08
Albacete,Teruel,01_41_R2,199.573,2.5586,8.0,mixta_demo,DATOS SINTÉTICOS DE DEMOSTRACIÓN,DEMO: generado localmente,2026-10-08
Albacete,Teruel,01_41_R3,197.537,2.822,0.0,economica_demo,DATOS SINTÉTICOS DE DEMOSTRACIÓN,DEMO: generado localmente,2026-10-08
Albacete,Toledo,01_42_R1,261.83,2.9753,0.0,rapida_demo,DATOS SINTÉTICOS DE DEMOSTRACIÓN,DEMO: generado localmente,2026-10-08
Albacete,Toledo,01_42_R2,256.594,3.2897,8.0,mixta_demo,DATOS SINTÉTICOS DE DEMOSTRACIÓN,DEMO: generado localmente,2026-10-08
Albacete,Toledo,01_42_R3,253.976,3.6282,0.0,economica_demo,DATOS SINTÉTICOS DE DEMOSTRACIÓN,DEMO: generado localmente,2026-10-08
Albacete,Valencia,01_43_R1,172.237,1.9572,0.0,rapida_demo,DATOS SINTÉTICOS DE DEMOSTRACIÓN,DEMO: generado localmente,2026-10-08
Albacete,Valencia,01_43_R2,168.792,2.164,8.0,mixta_demo,DATOS SINTÉTICOS DE DEMOSTRACIÓN,DEMO: generado localmente,2026-10-08
Albacete,Valencia,01_43_R3,167.07,2.3867,0.0,economica_demo,DATOS SINTÉTICOS DE DEMOSTRACIÓN,DEMO: generado localmente,2026-10-08
Albacete,Valladolid,01_44_R1,478.488,5.4374,0.0,rapida_demo,DATOS SINTÉTICOS DE DEMOSTRACIÓN,DEMO: generado localmente,2026-10-08
Albacete,Valladolid,01_44_R2,468.919,6.0118,8.0,mixta_demo,DATOS SINTÉTICOS DE DEMOSTRACIÓN,DEMO: generado localmente,2026-10-08
Albacete,Valladolid,01_44_R3,464.134,6.6305,0.0,economica_demo,DATOS SINTÉTICOS DE DEMOSTRACIÓN,DEMO: generado localmente,2026-10-08
Albacete,Zamora,01_45_R1,540.182,6.1384,0.0,rapida_demo,DATOS SINTÉTICOS DE DEMOSTRACIÓN,DEMO: generado localmente,2026-10-08
Albacete,Zamora,01_45_R2,529.378,6.7869,8.0,mixta_demo,DATOS SINTÉTICOS DE DEMOSTRACIÓN,DEMO: generado localmente,2026-10-08
Albacete,Zamora,01_45_R3,523.977,7.4854,0.0,economica_demo,DATOS SINTÉTICOS DE DEMOSTRACIÓN,DEMO: generado localmente,2026-10-08
Albacete,Zaragoza,01_46_R1,383.985,4.3635,0.0,rapida_demo,DATOS SINTÉTICOS DE DEMOSTRACIÓN,DEMO: generado localmente,2026-10-08
Albacete,Zaragoza,01_46_R2,376.305,4.8244,8.0,mixta_demo,DATOS SINTÉTICOS DE DEMOSTRACIÓN,DEMO: generado localmente,2026-10-08
Albacete,Zaragoza,01_46_R3,372.465,5.3209,0.0,economica_demo,DATOS SINTÉTICOS DE DEMOSTRACIÓN,DEMO: generado localmente,2026-10-08
Alacant/Alicante,Almería,02_03_R1,302.682,3.4396,0.0,rapida_demo,DATOS SINTÉTICOS DE DEMOSTRACIÓN,DEMO: generado localmente,2026-10-08
Alacant/Alicante,Almería,02_03_R2,296.628,3.8029,8.0,mixta_demo,DATOS SINTÉTICOS DE DEMOSTRACIÓN,DEMO: generado localmente,2026-10-08
Alacant/Alicante,Almería,02_03_R3,293.601,4.1943,0.0,economica_demo,DATOS SINTÉTICOS DE DEMOSTRACIÓN,DEMO: generado localmente,2026-10-08
Alacant/Alicante,Oviedo,02_04_R1,896.16,10.1836,0.0,rapida_demo,DATOS SINTÉTICOS DE DEMOSTRACIÓN,DEMO: generado localmente,2026-10-08
Alacant/Alicante,Oviedo,02_04_R2,878.237,11.2594,8.0,mixta_demo,DATOS SINTÉTICOS DE DEMOSTRACIÓN,DEMO: generado localmente,2026-10-08
Alacant/Alicante,Oviedo,02_04_R3,869.275,12.4182,0.0,economica_demo,DATOS SINTÉTICOS DE DEMOSTRACIÓN,DEMO: generado localmente,2026-10-08
Alacant/Alicante,Ávila,02_05_R1,554.811,6.3047,0.0,rapida_demo,DATOS SINTÉTICOS DE DEMOSTRACIÓN,DEMO: generado localmente,2026-10-08
Alacant/Alicante,Ávila,02_05_R2,543.715,6.9707,8.0,mixta_demo,DATOS SINTÉTICOS DE DEMOSTRACIÓN,DEMO: generado localmente,2026-10-08
Alacant/Alicante,Ávila,02_05_R3,538.166,7.6881,0.0,economica_demo,DATOS SINTÉTICOS DE DEMOSTRACIÓN,DEMO: generado localmente,2026-10-08
Alacant/Alicante,Badajoz,02_06_R1,708.424,8.0503,0.0,rapida_demo,DATOS SINTÉTICOS DE DEMOSTRACIÓN,DEMO: generado localmente,2026-10-08
Alacant/Alicante,Badajoz,02_06_R2,694.256,8.9007,8.0,mixta_demo,DATOS SINTÉTICOS DE DEMOSTRACIÓN,DEMO: generado localmente,2026-10-08
Alacant/Alicante,Badajoz,02_06_R3,687.171,9.8167,0.0,economica_demo,DATOS SINTÉTICOS DE DEMOSTRACIÓN,DEMO: generado localmente,2026-10-08
Alacant/Alicante,Barcelona,02_07_R1,508.513,5.7786,0.0,rapida_demo,DATOS SINTÉTICOS DE DEMOSTRACIÓN,DEMO: generado localmente,2026-10-08
Alacant/Alicante,Barcelona,02_07_R2,498.343,6.389,8.0,mixta_demo,DATOS SINTÉTICOS DE DEMOSTRACIÓN,DEMO: generado localmente,2026-10-08
Alacant/Alicante,Barcelona,02_07_R3,493.258,7.0465,0.0,economica_demo,DATOS SINTÉTICOS DE DEMOSTRACIÓN,DEMO: generado localmente,2026-10-08
Alacant/Alicante,Bilbao,02_08_R1,730.288,8.2987,0.0,rapida_demo,DATOS SINTÉTICOS DE DEMOSTRACIÓN,DEMO: generado localmente,2026-10-08
Alacant/Alicante,Bilbao,02_08_R2,715.683,9.1754,8.0,mixta_demo,DATOS SINTÉTICOS DE DEMOSTRACIÓN,DEMO: generado localmente,2026-10-08
Alacant/Alicante,Bilbao,02_08_R3,708.38,10.1197,0.0,economica_demo,DATOS SINTÉTICOS DE DEMOSTRACIÓN,DEMO: generado localmente,2026-10-08
Alacant/Alicante,Burgos,02_09_R1,651.643,7.405,0.0,rapida_demo,DATOS SINTÉTICOS DE DEMOSTRACIÓN,DEMO: generado localmente,2026-10-08
Alacant/Alicante,Burgos,02_09_R2,638.611,8.1873,8.0,mixta_demo,DATOS SINTÉTICOS DE DEMOSTRACIÓN,DEMO: generado localmente,2026-10-08
Alacant/Alicante,Burgos,02_09_R3,632.094,9.0299,0.0,economica_demo,DATOS SINTÉTICOS DE DEMOSTRACIÓN,DEMO: generado localmente,2026-10-08
Alacant/Alicante,Cáceres,02_10_R1,656.001,7.4546,0.0,rapida_demo,DATOS SINTÉTICOS DE DEMOSTRACIÓN,DEMO: generado localmente,2026-10-08
Alacant/Alicante,Cáceres,02_10_R2,642.881,8.2421,8.0,mixta_demo,DATOS SINTÉTICOS DE DEMOSTRACIÓN,DEMO: generado localmente,2026-10-08
Alacant/Alicante,Cáceres,02_10_R3,636.321,9.0903,0.0,economica_demo,DATOS SINTÉTICOS DE DEMOSTRACIÓN,DEMO: generado localmente,2026-10-08
Alacant/Alicante,Cádiz,02_11_R1,689.089,7.8306,0.0,rapida_demo,DATOS SINTÉTICOS DE DEMOSTRACIÓN,DEMO: generado localmente,2026-10-08
Alacant/Alicante,Cádiz,02_11_R2,675.307,8.6578,8.0,mixta_demo,DATOS SINTÉTICOS DE DEMOSTRACIÓN,DEMO: generado localmente,2026-10-08
Alacant/Alicante,Cádiz,02_11_R3,668.416,9.5488,0.0,economica_demo,DATOS SINTÉTICOS DE DEMOSTRACIÓN,DEMO: generado localmente,2026-10-08
Alacant/Alicante,Santander,02_12_R1,792.372,9.0042,0.0,rapida_demo,DATOS SINTÉTICOS DE DEMOSTRACIÓN,DEMO: generado localmente,2026-10-08
Alacant/Alicante,Santander,02_12_R2,776.525,9.9554,8.0,mixta_demo,DATOS SINTÉTICOS DE DEMOSTRACIÓN,DEMO: generado localmente,2026-10-08
Alacant/Alicante,Santander,02_12_R3,768.601,10.98,0.0,economica_demo,DATOS SINTÉTICOS DE DEMOSTRACIÓN,DEMO: generado localmente,2026-10-08
Alacant/Alicante,Castelló de la Plana/Castellón de la Plana,02_13_R1,233.006,2.6478,0.0,rapida_demo,DATOS SINTÉTICOS DE DEMOSTRACIÓN,DEMO: generado localmente,2026-10-08
Alacant/Alicante,Castelló de la Plana/Castellón de la Plana,02_13_R2,228.346,2.9275,8.0,mixta_demo,DATOS SINTÉTICOS DE DEMOSTRACIÓN,DEMO: generado localmente,2026-10-08
Alacant/Alicante,Castelló de la Plana/Castellón de la Plana,02_13_R3,226.016,3.2288,0.0,economica_demo,DATOS SINTÉTICOS DE DEMOSTRACIÓN,DEMO: generado localmente,2026-10-08
Alacant/Alicante,Ciudad Real,02_14_R1,384.499,4.3693,0.0,rapida_demo,DATOS SINTÉTICOS DE DEMOSTRACIÓN,DEMO: generado localmente,2026-10-08
Alacant/Alicante,Ciudad Real,02_14_R2,376.809,4.8309,8.0,mixta_demo,DATOS SINTÉTICOS DE DEMOSTRACIÓN,DEMO: generado localmente,2026-10-08
Alacant/Alicante,Ciudad Real,02_14_R3,372.964,5.3281,0.0,economica_demo,DATOS SINTÉTICOS DE DEMOSTRACIÓN,DEMO: generado localmente,2026-10-08
Alacant/Alicante,Córdoba,02_15_R1,473.96,5.3859,0.0,rapida_demo,DATOS SINTÉTICOS DE DEMOSTRACIÓN,DEMO: generado localmente,2026-10-08
Alacant/Alicante,Córdoba,02_15_R2,464.481,5.9549,8.0,mixta_demo,DATOS SINTÉTICOS DE DEMOSTRACIÓN,DEMO: generado localmente,2026-10-08
Alacant/Alicante,Córdoba,02_15_R3,459.741,6.5677,0.0,economica_demo,DATOS SINTÉTICOS DE DEMOSTRACIÓN,DEMO: generado localmente,2026-10-08
Alacant/Alicante,A Coruña,02_16_R1,1085.53,12.3356,0.0,rapida_demo,DATOS SINTÉTICOS DE DEMOSTRACIÓN,DEMO: generado localmente,2026-10-08
Alacant/Alicante,A Coruña,02_16_R2,1063.82,13.6387,8.0,mixta_demo,DATOS SINTÉTICOS DE DEMOSTRACIÓN,DEMO: generado localmente,2026-10-08
Alacant/Alicante,A Coruña,02_16_R3,1052.964,15.0423,0.0,economica_demo,DATOS SINTÉTICOS DE DEMOSTRACIÓN,DEMO: generado localmente,2026-10-08
Alacant/Alicante,Cuenca,02_17_R1,299.181,3.3998,0.0,rapida_demo,DATOS SINTÉTICOS DE DEMOSTRACIÓN,DEMO: generado localmente,2026-10-08
Alacant/Alicante,Cuenca,02_17_R2,293.197,3.7589,8.0,mixta_demo,DATOS SINTÉTICOS DE DEMOSTRACIÓN,DEMO: generado localmente,2026-10-08
Alacant/Alicante,Cuenca,02_17_R3,290.206,4.1458,0.0,economica_demo,DATOS SINTÉTICOS DE DEMOSTRACIÓN,DEMO: generado localmente,2026-10-08
Alacant/Alicante,Donostia/San Sebastián,02_18_R1,709.489,8.0624,0.0,rapida_demo,DATOS SINTÉTICOS DE DEMOSTRACIÓN,DEMO: generado localmente,2026-10-08
Alacant/Alicante,Donostia/San Sebastián,02_18_R2,695.299,8.9141,8.0,mixta_demo,DATOS SINTÉTICOS DE DEMOSTRACIÓN,DEMO: generado localmente,2026-10-08
Alacant/Alicante,Donostia/San Sebastián,02_18_R3,688.204,9.8315,0.0,economica_demo,DATOS SINTÉTICOS DE DEMOSTRACIÓN,DEMO: generado localmente,2026-10-08
Alacant/Alicante,Girona,02_19_R1,615.498,6.9943,0.0,rapida_demo,DATOS SINTÉTICOS DE DEMOSTRACIÓN,DEMO: generado localmente,2026-10-08
Alacant/Alicante,Girona,02_19_R2,603.188,7.7332,8.0,mixta_demo,DATOS SINTÉTICOS DE DEMOSTRACIÓN,DEMO: generado localmente,2026-10-08
Alacant/Alicante,Girona,02_19_R3,597.033,8.529,0.0,economica_demo,DATOS SINTÉTICOS DE DEMOSTRACIÓN,DEMO: generado localmente,2026-10-08
Alacant/Alicante,Granada,02_20_R1,379.225,4.3094,0.0,rapida_demo,DATOS SINTÉTICOS DE DEMOSTRACIÓN,DEMO: generado localmente,2026-10-08
Alacant/Alicante,Granada,02_20_R2,371.64,4.7646,8.0,mixta_demo,DATOS SINTÉTICOS DE DEMOSTRACIÓN,DEMO: generado localmente,2026-10-08
Alacant/Alicante,Granada,02_20_R3,367.848,5.255,0.0,economica_demo,DATOS SINTÉTICOS DE DEMOSTRACIÓN,DEMO: generado localmente,2026-10-08
Alacant/Alicante,Guadalajara,02_21_R1,429.113,4.8763,0.0,rapida_demo,DATOS SINTÉTICOS DE DEMOSTRACIÓN,DEMO: generado localmente,2026-10-08
Alacant/Alicante,Guadalajara,02_21_R2,420.531,5.3914,8.0,mixta_demo,DATOS SINTÉTICOS DE DEMOSTRACIÓN,DEMO: generado localmente,2026-10-08
Alacant/Alicante,Guadalajara,02_21_R3,416.24,5.9463,0.0,economica_demo,DATOS SINTÉTICOS DE DEMOSTRACIÓN,DEMO: generado localmente,2026-10-08
Alacant/Alicante,Huelva,02_22_R1,726.144,8.2516,0.0,rapida_demo,DATOS SINTÉTICOS DE DEMOSTRACIÓN,DEMO: generado localmente,2026-10-08
Alacant/Alicante,Huelva,02_22_R2,711.622,9.1234,8.0,mixta_demo,DATOS SINTÉTICOS DE DEMOSTRACIÓN,DEMO: generado localmente,2026-10-08
Alacant/Alicante,Huelva,02_22_R3,704.36,10.0623,0.0,economica_demo,DATOS SINTÉTICOS DE DEMOSTRACIÓN,DEMO: generado localmente,2026-10-08
Alacant/Alicante,Huesca,02_23_R1,527.581,5.9952,0.0,rapida_demo,DATOS SINTÉTICOS DE DEMOSTRACIÓN,DEMO: generado localmente,2026-10-08
Alacant/Alicante,Huesca,02_23_R2,517.03,6.6286,8.0,mixta_demo,DATOS SINTÉTICOS DE DEMOSTRACIÓN,DEMO: generado localmente,2026-10-08
Alacant/Alicante,Huesca,02_23_R3,511.754,7.3108,0.0,economica_demo,DATOS SINTÉTICOS DE DEMOSTRACIÓN,DEMO: generado localmente,2026-10-08
Alacant/Alicante,Jaén,02_24_R1,371.075,4.2168,0.0,rapida_demo,DATOS SINTÉTICOS DE DEMOSTRACIÓN,DEMO: generado localmente,2026-10-08
Alacant/Alicante,Jaén,02_24_R2,363.654,4.6622,8.0,mixta_demo,DATOS SINTÉTICOS DE DEMOSTRACIÓN,DEMO: generado localmente,2026-10-08
Alacant/Alicante,Jaén,02_24_R3,359.943,5.142,0.0,economica_demo,DATOS SINTÉTICOS DE DEMOSTRACIÓN,DEMO: generado localmente,2026-10-08
Alacant/Alicante,Logroño,02_25_R1,609.069,6.9212,0.0,rapida_demo,DATOS SINTÉTICOS DE DEMOSTRACIÓN,DEMO: generado localmente,2026-10-08
Alacant/Alicante,Logroño,02_25_R2,596.888,7.6524,8.0,mixta_demo,DATOS SINTÉTICOS DE DEMOSTRACIÓN,DEMO: generado localmente,2026-10-08
Alacant/Alicante,Logroño,02_25_R3,590.797,8.44,0.0,economica_demo,DATOS SINTÉTICOS DE DEMOSTRACIÓN,DEMO: generado localmente,2026-10-08
Alacant/Alicante,León,02_26_R1,799.259,9.0825,0.0,rapida_demo,DATOS SINTÉTICOS DE DEMOSTRACIÓN,DEMO: generado localmente,2026-10-08
Alacant/Alicante,León,02_26_R2,783.274,10.042,8.0,mixta_demo,DATOS SINTÉTICOS DE DEMOSTRACIÓN,DEMO: generado localmente,2026-10-08
Alacant/Alicante,León,02_26_R3,775.281,11.0754,0.0,economica_demo,DATOS SINTÉTICOS DE DEMOSTRACIÓN,DEMO: generado localmente,2026-10-08
Alacant/Alicante,Lleida,02_27_R1,469.488,5.3351,0.0,rapida_demo,DATOS SINTÉTICOS DE DEMOSTRACIÓN,DEMO: generado localmente,2026-10-08
Alacant/Alicante,Lleida,02_27_R2,460.098,5.8987,8.0,mixta_demo,DATOS SINTÉTICOS DE DEMOSTRACIÓN,DEMO: generado localmente,2026-10-08
Alacant/Alicante,Lleida,02_27_R3,455.404,6.5058,0.0,economica_demo,DATOS SINTÉTICOS DE DEMOSTRACIÓN,DEMO: generado localmente,2026-10-08
Alacant/Alicante,Lugo,02_28_R1,987.506,11.2217,0.0,rapida_demo,DATOS SINTÉTICOS DE DEMOSTRACIÓN,DEMO: generado localmente,2026-10-08
Alacant/Alicante,Lugo,02_28_R2,967.756,12.4071,8.0,mixta_demo,DATOS SINTÉTICOS DE DEMOSTRACIÓN,DEMO: generado localmente,2026-10-08
Alacant/Alicante,Lugo,02_28_R3,957.881,13.684,0.0,economica_demo,DATOS SINTÉTICOS DE DEMOSTRACIÓN,DEMO: generado localmente,2026-10-08
Alacant/Alicante,Madrid,02_29_R1,449.444,5.1073,0.0,rapida_demo,DATOS SINTÉTICOS DE DEMOSTRACIÓN,DEMO: generado localmente,2026-10-08
Alacant/Alicante,Madrid,02_29_R2,440.455,5.6469,8.0,mixta_demo,DATOS SINTÉTICOS DE DEMOSTRACIÓN,DEMO: generado localmente,2026-10-08
Alacant/Alicante,Madrid,02_29_R3,435.96,6.228,0.0,economica_demo,DATOS SINTÉTICOS DE DEMOSTRACIÓN,DEMO: generado localmente,2026-10-08
Alacant/Alicante,Málaga,02_30_R1,488.816,5.5547,0.0,rapida_demo,DATOS SINTÉTICOS DE DEMOSTRACIÓN,DEMO: generado localmente,2026-10-08
Alacant/Alicante,Málaga,02_30_R2,479.04,6.1415,8.0,mixta_demo,DATOS SINTÉTICOS DE DEMOSTRACIÓN,DEMO: generado localmente,2026-10-08
Alacant/Alicante,Málaga,02_30_R3,474.152,6.7736,0.0,economica_demo,DATOS SINTÉTICOS DE DEMOSTRACIÓN,DEMO: generado localmente,2026-10-08
Alacant/Alicante,Murcia,02_31_R1,86.933,0.9879,0.0,rapida_demo,DATOS SINTÉTICOS DE DEMOSTRACIÓN,DEMO: generado localmente,2026-10-08
Alacant/Alicante,Murcia,02_31_R2,85.194,1.0922,8.0,mixta_demo,DATOS SINTÉTICOS DE DEMOSTRACIÓN,DEMO: generado localmente,2026-10-08
Alacant/Alicante,Murcia,02_31_R3,84.325,1.2046,0.0,economica_demo,DATOS SINTÉTICOS DE DEMOSTRACIÓN,DEMO: generado localmente,2026-10-08
Alacant/Alicante,Pamplona/Iruña,02_32_R1,633.741,7.2016,0.0,rapida_demo,DATOS SINTÉTICOS DE DEMOSTRACIÓN,DEMO: generado localmente,2026-10-08
Alacant/Alicante,Pamplona/Iruña,02_32_R2,621.066,7.9624,8.0,mixta_demo,DATOS SINTÉTICOS DE DEMOSTRACIÓN,DEMO: generado localmente,2026-10-08
Alacant/Alicante,Pamplona/Iruña,02_32_R3,614.728,8.7818,0.0,economica_demo,DATOS SINTÉTICOS DE DEMOSTRACIÓN,DEMO: generado localmente,2026-10-08
Alacant/Alicante,Ourense,02_33_R1,958.212,10.8888,0.0,rapida_demo,DATOS SINTÉTICOS DE DEMOSTRACIÓN,DEMO: generado localmente,2026-10-08
Alacant/Alicante,Ourense,02_33_R2,939.048,12.0391,8.0,mixta_demo,DATOS SINTÉTICOS DE DEMOSTRACIÓN,DEMO: generado localmente,2026-10-08
Alacant/Alicante,Ourense,02_33_R3,929.466,13.2781,0.0,economica_demo,DATOS SINTÉTICOS DE DEMOSTRACIÓN,DEMO: generado localmente,2026-10-08
Alacant/Alicante,Palencia,02_34_R1,666.708,7.5762,0.0,rapida_demo,DATOS SINTÉTICOS DE DEMOSTRACIÓN,DEMO: generado localmente,2026-10-08
Alacant/Alicante,Palencia,02_34_R2,653.374,8.3766,8.0,mixta_demo,DATOS SINTÉTICOS DE DEMOSTRACIÓN,DEMO: generado localmente,2026-10-08
Alacant/Alicante,Palencia,02_34_R3,646.707,9.2387,0.0,economica_demo,DATOS SINTÉTICOS DE DEMOSTRACIÓN,DEMO: generado localmente,2026-10-08
Alacant/Alicante,Pontevedra,02_35_R1,1033.633,11.7458,0.0,rapida_demo,DATOS SINTÉTICOS DE DEMOSTRACIÓN,DEMO: generado localmente,2026-10-08
Alacant/Alicante,Pontevedra,02_35_R2,1012.96,12.9867,8.0,mixta_demo,DATOS SINTÉTICOS DE DEMOSTRACIÓN,DEMO: generado localmente,2026-10-08
Alacant/Alicante,Pontevedra,02_35_R3,1002.624,14.3232,0.0,economica_demo,DATOS SINTÉTICOS DE DEMOSTRACIÓN,DEMO: generado localmente,2026-10-08
Alacant/Alicante,Salamanca,02_36_R1,663.265,7.5371,0.0,rapida_demo,DATOS SINTÉTICOS DE DEMOSTRACIÓN,DEMO: generado localmente,2026-10-08
Alacant/Alicante,Salamanca,02_36_R2,649.999,8.3333,8.0,mixta_demo,DATOS SINTÉTICOS DE DEMOSTRACIÓN,DEMO: generado localmente,2026-10-08
Alacant/Alicante,Salamanca,02_36_R3,643.367,9.191,0.0,economica_demo,DATOS SINTÉTICOS DE DEMOSTRACIÓN,DEMO: generado localmente,2026-10-08
Alacant/Alicante,Segovia,02_37_R1,531.998,6.0454,0.0,rapida_demo,DATOS SINTÉTICOS DE DEMOSTRACIÓN,DEMO: generado localmente,2026-10-08
Alacant/Alicante,Segovia,02_37_R2,521.358,6.6841,8.0,mixta_demo,DATOS SINTÉTICOS DE DEMOSTRACIÓN,DEMO: generado localmente,2026-10-08
Alacant/Alicante,Segovia,02_37_R3,516.039,7.372,0.0,economica_demo,DATOS SINTÉTICOS DE DEMOSTRACIÓN,DEMO: generado localmente,2026-10-08
Alacant/Alicante,Sevilla,02_38_R1,619.273,7.0372,0.0,rapida_demo,DATOS SINTÉTICOS DE DEMOSTRACIÓN,DEMO: generado localmente,2026-10-08
Alacant/Alicante,Sevilla,02_38_R2,606.888,7.7806,8.0,mixta_demo,DATOS SINTÉTICOS DE DEMOSTRACIÓN,DEMO: generado localmente,2026-10-08
Alacant/Alicante,Sevilla,02_38_R3,600.695,8.5814,0.0,economica_demo,DATOS SINTÉTICOS DE DEMOSTRACIÓN,DEMO: generado localmente,2026-10-08
Alacant/Alicante,Soria,02_39_R1,519.729,5.906,0.0,rapida_demo,DATOS SINTÉTICOS DE DEMOSTRACIÓN,DEMO: generado localmente,2026-10-08
Alacant/Alicante,Soria,02_39_R2,509.335,6.5299,8.0,mixta_demo,DATOS SINTÉTICOS DE DEMOSTRACIÓN,DEMO: generado localmente,2026-10-08
Alacant/Alicante,Soria,02_39_R3,504.137,7.202,0.0,economica_demo,DATOS SINTÉTICOS DE DEMOSTRACIÓN,DEMO: generado localmente,2026-10-08
Alacant/Alicante,Tarragona,02_40_R1,427.62,4.8593,0.0,rapida_demo,DATOS SINTÉTICOS DE DEMOSTRACIÓN,DEMO: generado localmente,2026-10-08
Alacant/Alicante,Tarragona,02_40_R2,419.067,5.3727,8.0,mixta_demo,DATOS SINTÉTICOS DE DEMOSTRACIÓN,DEMO: generado localmente,2026-10-08
Alacant/Alicante,Tarragona,02_40_R3,414.791,5.9256,0.0,economica_demo,DATOS SINTÉTICOS DE DEMOSTRACIÓN,DEMO: generado localmente,2026-10-08
Alacant/Alicante,Teruel,02_41_R1,285.791,3.2476,0.0,rapida_demo,DATOS SINTÉTICOS DE DEMOSTRACIÓN,DEMO: generado localmente,2026-10-08
Alacant/Alicante,Teruel,02_41_R2,280.076,3.5907,8.0,mixta_demo,DATOS SINTÉTICOS DE DEMOSTRACIÓN,DEMO: generado localmente,2026-10-08
Alacant/Alicante,Teruel,02_41_R3,277.218,3.9603,0.0,economica_demo,DATOS SINTÉTICOS DE DEMOSTRACIÓN,DEMO: generado localmente,2026-10-08
Alacant/Alicante,Toledo,02_42_R1,436.118,4.9559,0.0,rapida_demo,DATOS SINTÉTICOS DE DEMOSTRACIÓN,DEMO: generado localmente,2026-10-08
Alacant/Alicante,Toledo,02_42_R2,427.396,5.4794,8.0,mixta_demo,DATOS SINTÉTICOS DE DEMOSTRACIÓN,DEMO: generado localmente,2026-10-08
Alacant/Alicante,Toledo,02_42_R3,423.035,6.0434,0.0,economica_demo,DATOS SINTÉTICOS DE DEMOSTRACIÓN,DEMO: generado localmente,2026-10-08
Alacant/Alicante,Valencia,02_43_R1,156.715,1.7809,0.0,rapida_demo,DATOS SINTÉTICOS DE DEMOSTRACIÓN,DEMO: generado localmente,2026-10-08
Alacant/Alicante,Valencia,02_43_R2,153.581,1.969,8.0,mixta_demo,DATOS SINTÉTICOS DE DEMOSTRACIÓN,DEMO: generado localmente,2026-10-08
Alacant/Alicante,Valencia,02_43_R3,152.014,2.1716,0.0,economica_demo,DATOS SINTÉTICOS DE DEMOSTRACIÓN,DEMO: generado localmente,2026-10-08
Alacant/Alicante,Valladolid,02_44_R1,644.682,7.3259,0.0,rapida_demo,DATOS SINTÉTICOS DE DEMOSTRACIÓN,DEMO: generado localmente,2026-10-08
Alacant/Alicante,Valladolid,02_44_R2,631.788,8.0998,8.0,mixta_demo,DATOS SINTÉTICOS DE DEMOSTRACIÓN,DEMO: generado localmente,2026-10-08
Alacant/Alicante,Valladolid,02_44_R3,625.341,8.9334,0.0,economica_demo,DATOS SINTÉTICOS DE DEMOSTRACIÓN,DEMO: generado localmente,2026-10-08
Alacant/Alicante,Zamora,02_45_R1,712.348,8.0949,0.0,rapida_demo,DATOS SINTÉTICOS DE DEMOSTRACIÓN,DEMO: generado localmente,2026-10-08
Alacant/Alicante,Zamora,02_45_R2,698.101,8.95,8.0,mixta_demo,DATOS SINTÉTICOS DE DEMOSTRACIÓN,DEMO: generado localmente,2026-10-08
Alacant/Alicante,Zamora,02_45_R3,690.978,9.8711,0.0,economica_demo,DATOS SINTÉTICOS DE DEMOSTRACIÓN,DEMO: generado localmente,2026-10-08
Alacant/Alicante,Zaragoza,02_46_R1,462.12,5.2514,0.0,rapida_demo,DATOS SINTÉTICOS DE DEMOSTRACIÓN,DEMO: generado localmente,2026-10-08
Alacant/Alicante,Zaragoza,02_46_R2,452.877,5.8061,8.0,mixta_demo,DATOS SINTÉTICOS DE DEMOSTRACIÓN,DEMO: generado localmente,2026-10-08
Alacant/Alicante,Zaragoza,02_46_R3,448.256,6.4037,0.0,economica_demo,DATOS SINTÉTICOS DE DEMOSTRACIÓN,DEMO: generado localmente,2026-10-08
Almería,Oviedo,03_04_R1,974.59,11.0749,0.0,rapida_demo,DATOS SINTÉTICOS DE DEMOSTRACIÓN,DEMO: generado localmente,2026-10-08
Almería,Oviedo,03_04_R2,955.098,12.2448,8.0,mixta_demo,DATOS SINTÉTICOS DE DEMOSTRACIÓN,DEMO: generado localmente,2026-10-08
Almería,Oviedo,03_04_R3,945.352,13.505,0.0,economica_demo,DATOS SINTÉTICOS DE DEMOSTRACIÓN,DEMO: generado localmente,2026-10-08
Almería,Ávila,03_05_R1,583.028,6.6253,0.0,rapida_demo,DATOS SINTÉTICOS DE DEMOSTRACIÓN,DEMO: generado localmente,2026-10-08
Almería,Ávila,03_05_R2,571.367,7.3252,8.0,mixta_demo,DATOS SINTÉTICOS DE DEMOSTRACIÓN,DEMO: generado localmente,2026-10-08
Almería,Ávila,03_05_R3,565.537,8.0791,0.0,economica_demo,DATOS SINTÉTICOS DE DEMOSTRACIÓN,DEMO: generado localmente,2026-10-08
Almería,Badajoz,03_06_R1,569.441,6.4709,0.0,rapida_demo,DATOS SINTÉTICOS DE DEMOSTRACIÓN,DEMO: generado localmente,2026-10-08
Almería,Badajoz,03_06_R2,558.052,7.1545,8.0,mixta_demo,DATOS SINTÉTICOS DE DEMOSTRACIÓN,DEMO: generado localmente,2026-10-08
Almería,Badajoz,03_06_R3,552.357,7.8908,0.0,economica_demo,DATOS SINTÉTICOS DE DEMOSTRACIÓN,DEMO: generado localmente,2026-10-08
Almería,Barcelona,03_07_R1,805.67,9.1553,0.0,rapida_demo,DATOS SINTÉTICOS DE DEMOSTRACIÓN,DEMO: generado localmente,2026-10-08
Almería,Barcelona,03_07_R2,789.557,10.1225,8.0,mixta_demo,DATOS SINTÉTICOS DE DEMOSTRACIÓN,DEMO: generado localmente,2026-10-08
Almería,Barcelona,03_07_R3,781.5,11.1643,0.0,economica_demo,DATOS SINTÉTICOS DE DEMOSTRACIÓN,DEMO: generado localmente,2026-10-08
Almería,Bilbao,03_08_R1,894.222,10.1616,0.0,rapida_demo,DATOS SINTÉTICOS DE DEMOSTRACIÓN,DEMO: generado localmente,2026-10-08
Almería,Bilbao,03_08_R2,876.337,11.2351,8.0,mixta_demo,DATOS SINTÉTICOS DE DEMOSTRACIÓN,DEMO: generado localmente,2026-10-08
Almería,Bilbao,03_08_R3,867.395,12.3914,0.0,economica_demo,DATOS SINTÉTICOS DE DEMOSTRACIÓN,DEMO: generado localmente,2026-10-08
Almería,Burgos,03_09_R1,775.855,8.8165,0.0,rapida_demo,DATOS SINTÉTICOS DE DEMOSTRACIÓN,DEMO: generado localmente,2026-10-08
Almería,Burgos,03_09_R2,760.338,9.7479,8.0,mixta_demo,DATOS SINTÉTICOS DE DEMOSTRACIÓN,DEMO: generado localmente,2026-10-08
Almería,Burgos,03_09_R3,752.579,10.7511,0.0,economica_demo,DATOS SINTÉTICOS DE DEMOSTRACIÓN,DEMO: generado localmente,2026-10-08
Almería,Cáceres,03_10_R1,562.166,6.3882,0.0,rapida_demo,DATOS SINTÉTICOS DE DEMOSTRACIÓN,DEMO: generado localmente,2026-10-08
Almería,Cáceres,03_10_R2,550.922,7.0631,8.0,mixta_demo,DATOS SINTÉTICOS DE DEMOSTRACIÓN,DEMO: generado localmente,2026-10-08
Almería,Cáceres,03_10_R3,545.301,7.79,0.0,economica_demo,DATOS SINTÉTICOS DE DEMOSTRACIÓN,DEMO: generado localmente,2026-10-08
Almería,Cádiz,03_11_R1,428.529,4.8697,0.0,rapida_demo,DATOS SINTÉTICOS DE DEMOSTRACIÓN,DEMO: generado localmente,2026-10-08
Almería,Cádiz,03_11_R2,419.959,5.3841,8.0,mixta_demo,DATOS SINTÉTICOS DE DEMOSTRACIÓN,DEMO: generado localmente,2026-10-08
Almería,Cádiz,03_11_R3,415.674,5.9382,0.0,economica_demo,DATOS SINTÉTICOS DE DEMOSTRACIÓN,DEMO: generado localmente,2026-10-08
Almería,Santander,03_12_R1,931.391,10.584,0.0,rapida_demo,DATOS SINTÉTICOS DE DEMOSTRACIÓN,DEMO: generado localmente,2026-10-08
Almería,Santander,03_12_R2,912.764,11.7021,8.0,mixta_demo,DATOS SINTÉTICOS DE DEMOSTRACIÓN,DEMO: generado localmente,2026-10-08
Almería,Santander,03_12_R3,903.45,12.9064,0.0,economica_demo,DATOS SINTÉTICOS DE DEMOSTRACIÓN,DEMO: generado localmente,2026-10-08
Almería,Castelló de la Plana/Castellón de la Plana,03_13_R1,511.052,5.8074,0.0,rapida_demo,DATOS SINTÉTICOS DE DEMOSTRACIÓN,DEMO: generado localmente,2026-10-08
Almería,Castelló de la Plana/Castellón de la Plana,03_13_R2,500.831,6.4209,8.0,mixta_demo,DATOS SINTÉTICOS DE DEMOSTRACIÓN,DEMO: generado localmente,2026-10-08
Almería,Castelló de la Plana/Castellón de la Plana,03_13_R3,495.72,7.0817,0.0,economica_demo,DATOS SINTÉTICOS DE DEMOSTRACIÓN,DEMO: generado localmente,2026-10-08
Almería,Ciudad Real,03_14_R1,338.412,3.8456,0.0,rapida_demo,DATOS SINTÉTICOS DE DEMOSTRACIÓN,DEMO: generado localmente,2026-10-08
Almería,Ciudad Real,03_14_R2,331.644,4.2518,8.0,mixta_demo,DATOS SINTÉTICOS DE DEMOSTRACIÓN,DEMO: generado localmente,2026-10-08
Almería,Ciudad Real,03_14_R3,328.26,4.6894,0.0,economica_demo,DATOS SINTÉTICOS DE DEMOSTRACIÓN,DEMO: generado localmente,2026-10-08
Almería,Córdoba,03_15_R1,293.489,3.3351,0.0,rapida_demo,DATOS SINTÉTICOS DE DEMOSTRACIÓN,DEMO: generado localmente,2026-10-08
Almería,Córdoba,03_15_R2,287.619,3.6874,8.0,mixta_demo,DATOS SINTÉTICOS DE DEMOSTRACIÓN,DEMO: generado localmente,2026-10-08
Almería,Córdoba,03_15_R3,284.684,4.0669,0.0,economica_demo,DATOS SINTÉTICOS DE DEMOSTRACIÓN,DEMO: generado localmente,2026-10-08
Almería,A Coruña,03_16_R1,1104.457,12.5506,0.0,rapida_demo,DATOS SINTÉTICOS DE DEMOSTRACIÓN,DEMO: generado localmente,2026-10-08
Almería,A Coruña,03_16_R2,1082.368,13.8765,8.0,mixta_demo,DATOS SINTÉTICOS DE DEMOSTRACIÓN,DEMO: generado localmente,2026-10-08
Almería,A Coruña,03_16_R3,1071.323,15.3046,0.0,economica_demo,DATOS SINTÉTICOS DE DEMOSTRACIÓN,DEMO: generado localmente,2026-10-08
Almería,Cuenca,03_17_R1,451.521,5.1309,0.0,rapida_demo,DATOS SINTÉTICOS DE DEMOSTRACIÓN,DEMO: generado localmente,2026-10-08
Almería,Cuenca,03_17_R2,442.491,5.673,8.0,mixta_demo,DATOS SINTÉTICOS DE DEMOSTRACIÓN,DEMO: generado localmente,2026-10-08
Almería,Cuenca,03_17_R3,437.976,6.2568,0.0,economica_demo,DATOS SINTÉTICOS DE DEMOSTRACIÓN,DEMO: generado localmente,2026-10-08
Almería,Donostia/San Sebastián,03_18_R1,902.327,10.2537,0.0,rapida_demo,DATOS SINTÉTICOS DE DEMOSTRACIÓN,DEMO: generado localmente,2026-10-08
Almería,Donostia/San Sebastián,03_18_R2,884.28,11.3369,8.0,mixta_demo,DATOS SINTÉTICOS DE DEMOSTRACIÓN,DEMO: generado localmente,2026-10-08
Almería,Donostia/San Sebastián,03_18_R3,875.257,12.5037,0.0,economica_demo,DATOS SINTÉTICOS DE DEMOSTRACIÓN,DEMO: generado localmente,2026-10-08
Almería,Girona,03_19_R1,912.83,10.3731,0.0,rapida_demo,DATOS SINTÉTICOS DE DEMOSTRACIÓN,DEMO: generado localmente,2026-10-08
Almería,Girona,03_19_R2,894.573,11.4689,8.0,mixta_demo,DATOS SINTÉTICOS DE DEMOSTRACIÓN,DEMO: generado localmente,2026-10-08
Almería,Girona,03_19_R3,885.445,12.6492,0.0,economica_demo,DATOS SINTÉTICOS DE DEMOSTRACIÓN,DEMO: generado localmente,2026-10-08
Almería,Granada,03_20_R1,133.853,1.5211,0.0,rapida_demo,DATOS SINTÉTICOS DE DEMOSTRACIÓN,DEMO: generado localmente,2026-10-08
Almería,Granada,03_20_R2,131.176,1.6817,8.0,mixta_demo,DATOS SINTÉTICOS DE DEMOSTRACIÓN,DEMO: generado localmente,2026-10-08
Almería,Granada,03_20_R3,129.838,1.8548,0.0,economica_demo,DATOS SINTÉTICOS DE DEMOSTRACIÓN,DEMO: generado localmente,2026-10-08
Almería,Guadalajara,03_21_R1,532.696,6.0534,0.0,rapida_demo,DATOS SINTÉTICOS DE DEMOSTRACIÓN,DEMO: generado localmente,2026-10-08
Almería,Guadalajara,03_21_R2,522.042,6.6928,8.0,mixta_demo,DATOS SINTÉTICOS DE DEMOSTRACIÓN,DEMO: generado localmente,2026-10-08
Almería,Guadalajara,03_21_R3,516.715,7.3816,0.0,economica_demo,DATOS SINTÉTICOS DE DEMOSTRACIÓN,DEMO: generado localmente,2026-10-08
Almería,Huelva,03_22_R1,500.507,5.6876,0.0,rapida_demo,DATOS SINTÉTICOS DE DEMOSTRACIÓN,DEMO: generado localmente,2026-10-08
Almería,Huelva,03_22_R2,490.497,6.2884,8.0,mixta_demo,DATOS SINTÉTICOS DE DEMOSTRACIÓN,DEMO: generado localmente,2026-10-08
Almería,Huelva,03_22_R3,485.492,6.9356,0.0,economica_demo,DATOS SINTÉTICOS DE DEMOSTRACIÓN,DEMO: generado localmente,2026-10-08
Almería,Huesca,03_23_R1,769.05,8.7392,0.0,rapida_demo,DATOS SINTÉTICOS DE DEMOSTRACIÓN,DEMO: generado localmente,2026-10-08
Almería,Huesca,03_23_R2,753.669,9.6624,8.0,mixta_demo,DATOS SINTÉTICOS DE DEMOSTRACIÓN,DEMO: generado localmente,2026-10-08
Almería,Huesca,03_23_R3,745.978,10.6568,0.0,economica_demo,DATOS SINTÉTICOS DE DEMOSTRACIÓN,DEMO: generado localmente,2026-10-08
Almería,Jaén,03_24_R1,194.709,2.2126,0.0,rapida_demo,DATOS SINTÉTICOS DE DEMOSTRACIÓN,DEMO: generado localmente,2026-10-08
Almería,Jaén,03_24_R2,190.815,2.4463,8.0,mixta_demo,DATOS SINTÉTICOS DE DEMOSTRACIÓN,DEMO: generado localmente,2026-10-08
Almería,Jaén,03_24_R3,188.868,2.6981,0.0,economica_demo,DATOS SINTÉTICOS DE DEMOSTRACIÓN,DEMO: generado localmente,2026-10-08
Almería,Logroño,03_25_R1,782.011,8.8865,0.0,rapida_demo,DATOS SINTÉTICOS DE DEMOSTRACIÓN,DEMO: generado localmente,2026-10-08
Almería,Logroño,03_25_R2,766.371,9.8253,8.0,mixta_demo,DATOS SINTÉTICOS DE DEMOSTRACIÓN,DEMO: generado localmente,2026-10-08
Almería,Logroño,03_25_R3,758.551,10.8364,0.0,economica_demo,DATOS SINTÉTICOS DE DEMOSTRACIÓN,DEMO: generado localmente,2026-10-08
Almería,León,03_26_R1,866.272,9.844,0.0,rapida_demo,DATOS SINTÉTICOS DE DEMOSTRACIÓN,DEMO: generado localmente,2026-10-08
Almería,León,03_26_R2,848.947,10.8839,8.0,mixta_demo,DATOS SINTÉTICOS DE DEMOSTRACIÓN,DEMO: generado localmente,2026-10-08
Almería,León,03_26_R3,840.284,12.0041,0.0,economica_demo,DATOS SINTÉTICOS DE DEMOSTRACIÓN,DEMO: generado localmente,2026-10-08
Almería,Lleida,03_27_R1,742.44,8.4368,0.0,rapida_demo,DATOS SINTÉTICOS DE DEMOSTRACIÓN,DEMO: generado localmente,2026-10-08
Almería,Lleida,03_27_R2,727.592,9.3281,8.0,mixta_demo,DATOS SINTÉTICOS DE DEMOSTRACIÓN,DEMO: generado localmente,2026-10-08
Almería,Lleida,03_27_R3,720.167,10.2881,0.0,economica_demo,DATOS SINTÉTICOS DE DEMOSTRACIÓN,DEMO: generado localmente,2026-10-08
Almería,Lugo,03_28_R1,1014.203,11.525,0.0,rapida_demo,DATOS SINTÉTICOS DE DEMOSTRACIÓN,DEMO: generado localmente,2026-10-08
Almería,Lugo,03_28_R2,993.919,12.7425,8.0,mixta_demo,DATOS SINTÉTICOS DE DEMOSTRACIÓN,DEMO: generado localmente,2026-10-08
Almería,Lugo,03_28_R3,983.777,14.054,0.0,economica_demo,DATOS SINTÉTICOS DE DEMOSTRACIÓN,DEMO: generado localmente,2026-10-08
Almería,Madrid,03_29_R1,514.886,5.851,0.0,rapida_demo,DATOS SINTÉTICOS DE DEMOSTRACIÓN,DEMO: generado localmente,2026-10-08
Almería,Madrid,03_29_R2,504.589,6.4691,8.0,mixta_demo,DATOS SINTÉTICOS DE DEMOSTRACIÓN,DEMO: generado localmente,2026-10-08
Almería,Madrid,03_29_R3,499.44,7.1349,0.0,economica_demo,DATOS SINTÉTICOS DE DEMOSTRACIÓN,DEMO: generado localmente,2026-10-08
Almería,Málaga,03_30_R1,217.42,2.4707,0.0,rapida_demo,DATOS SINTÉTICOS DE DEMOSTRACIÓN,DEMO: generado localmente,2026-10-08
Almería,Málaga,03_30_R2,213.072,2.7317,8.0,mixta_demo,DATOS SINTÉTICOS DE DEMOSTRACIÓN,DEMO: generado localmente,2026-10-08
Almería,Málaga,03_30_R3,210.897,3.0128,0.0,economica_demo,DATOS SINTÉTICOS DE DEMOSTRACIÓN,DEMO: generado localmente,2026-10-08
Almería,Murcia,03_31_R1,216.922,2.465,0.0,rapida_demo,DATOS SINTÉTICOS DE DEMOSTRACIÓN,DEMO: generado localmente,2026-10-08
Almería,Murcia,03_31_R2,212.584,2.7254,8.0,mixta_demo,DATOS SINTÉTICOS DE DEMOSTRACIÓN,DEMO: generado localmente,2026-10-08
Almería,Murcia,03_31_R3,210.414,3.0059,0.0,economica_demo,DATOS SINTÉTICOS DE DEMOSTRACIÓN,DEMO: generado localmente,2026-10-08
Almería,Pamplona/Iruña,03_32_R1,835.588,9.4953,0.0,rapida_demo,DATOS SINTÉTICOS DE DEMOSTRACIÓN,DEMO: generado localmente,2026-10-08
Almería,Pamplona/Iruña,03_32_R2,818.876,10.4984,8.0,mixta_demo,DATOS SINTÉTICOS DE DEMOSTRACIÓN,DEMO: generado localmente,2026-10-08
Almería,Pamplona/Iruña,03_32_R3,810.52,11.5789,0.0,economica_demo,DATOS SINTÉTICOS DE DEMOSTRACIÓN,DEMO: generado localmente,2026-10-08
Almería,Ourense,03_33_R1,957.418,10.8797,0.0,rapida_demo,DATOS SINTÉTICOS DE DEMOSTRACIÓN,DEMO: generado localmente,2026-10-08
Almería,Ourense,03_33_R2,938.269,12.0291,8.0,mixta_demo,DATOS SINTÉTICOS DE DEMOSTRACIÓN,DEMO: generado localmente,2026-10-08
Almería,Ourense,03_33_R3,928.695,13.2671,0.0,economica_demo,DATOS SINTÉTICOS DE DEMOSTRACIÓN,DEMO: generado localmente,2026-10-08
Almería,Palencia,03_34_R1,752.091,8.5465,0.0,rapida_demo,DATOS SINTÉTICOS DE DEMOSTRACIÓN,DEMO: generado localmente,2026-10-08
Almería,Palencia,03_34_R2,737.049,9.4494,8.0,mixta_demo,DATOS SINTÉTICOS DE DEMOSTRACIÓN,DEMO: generado localmente,2026-10-08
Almería,Palencia,03_34_R3,729.529,10.4218,0.0,economica_demo,DATOS SINTÉTICOS DE DEMOSTRACIÓN,DEMO: generado localmente,2026-10-08
Almería,Pontevedra,03_35_R1,1019.972,11.5906,0.0,rapida_demo,DATOS SINTÉTICOS DE DEMOSTRACIÓN,DEMO: generado localmente,2026-10-08
Almería,Pontevedra,03_35_R2,999.572,12.815,8.0,mixta_demo,DATOS SINTÉTICOS DE DEMOSTRACIÓN,DEMO: generado localmente,2026-10-08
Almería,Pontevedra,03_35_R3,989.373,14.1339,0.0,economica_demo,DATOS SINTÉTICOS DE DEMOSTRACIÓN,DEMO: generado localmente,2026-10-08
Almería,Salamanca,03_36_R1,669.427,7.6071,0.0,rapida_demo,DATOS SINTÉTICOS DE DEMOSTRACIÓN,DEMO: generado localmente,2026-10-08
Almería,Salamanca,03_36_R2,656.038,8.4107,8.0,mixta_demo,DATOS SINTÉTICOS DE DEMOSTRACIÓN,DEMO: generado localmente,2026-10-08
Almería,Salamanca,03_36_R3,649.344,9.2763,0.0,economica_demo,DATOS SINTÉTICOS DE DEMOSTRACIÓN,DEMO: generado localmente,2026-10-08
Almería,Segovia,03_37_R1,598.737,6.8038,0.0,rapida_demo,DATOS SINTÉTICOS DE DEMOSTRACIÓN,DEMO: generado localmente,2026-10-08
Almería,Segovia,03_37_R2,586.762,7.5226,8.0,mixta_demo,DATOS SINTÉTICOS DE DEMOSTRACIÓN,DEMO: generado localmente,2026-10-08
Almería,Segovia,03_37_R3,580.775,8.2968,0.0,economica_demo,DATOS SINTÉTICOS DE DEMOSTRACIÓN,DEMO: generado localmente,2026-10-08
Almería,Sevilla,03_38_R1,398.244,4.5255,0.0,rapida_demo,DATOS SINTÉTICOS DE DEMOSTRACIÓN,DEMO: generado localmente,2026-10-08
Almería,Sevilla,03_38_R2,390.279,5.0036,8.0,mixta_demo,DATOS SINTÉTICOS DE DEMOSTRACIÓN,DEMO: generado localmente,2026-10-08
Almería,Sevilla,03_38_R3,386.296,5.5185,0.0,economica_demo,DATOS SINTÉTICOS DE DEMOSTRACIÓN,DEMO: generado localmente,2026-10-08
Almería,Soria,03_39_R1,684.255,7.7756,0.0,rapida_demo,DATOS SINTÉTICOS DE DEMOSTRACIÓN,DEMO: generado localmente,2026-10-08
Almería,Soria,03_39_R2,670.57,8.597,8.0,mixta_demo,DATOS SINTÉTICOS DE DEMOSTRACIÓN,DEMO: generado localmente,2026-10-08
Almería,Soria,03_39_R3,663.727,9.4818,0.0,economica_demo,DATOS SINTÉTICOS DE DEMOSTRACIÓN,DEMO: generado localmente,2026-10-08
Almería,Tarragona,03_40_R1,717.59,8.1544,0.0,rapida_demo,DATOS SINTÉTICOS DE DEMOSTRACIÓN,DEMO: generado localmente,2026-10-08
Almería,Tarragona,03_40_R2,703.238,9.0159,8.0,mixta_demo,DATOS SINTÉTICOS DE DEMOSTRACIÓN,DEMO: generado localmente,2026-10-08
Almería,Tarragona,03_40_R3,696.062,9.9437,0.0,economica_demo,DATOS SINTÉTICOS DE DEMOSTRACIÓN,DEMO: generado localmente,2026-10-08
Almería,Teruel,03_41_R1,508.845,5.7823,0.0,rapida_demo,DATOS SINTÉTICOS DE DEMOSTRACIÓN,DEMO: generado localmente,2026-10-08
Almería,Teruel,03_41_R2,498.668,6.3932,8.0,mixta_demo,DATOS SINTÉTICOS DE DEMOSTRACIÓN,DEMO: generado localmente,2026-10-08
Almería,Teruel,03_41_R3,493.579,7.0511,0.0,economica_demo,DATOS SINTÉTICOS DE DEMOSTRACIÓN,DEMO: generado localmente,2026-10-08
Almería,Toledo,03_42_R1,452.311,5.1399,0.0,rapida_demo,DATOS SINTÉTICOS DE DEMOSTRACIÓN,DEMO: generado localmente,2026-10-08
Almería,Toledo,03_42_R2,443.265,5.6829,8.0,mixta_demo,DATOS SINTÉTICOS DE DEMOSTRACIÓN,DEMO: generado localmente,2026-10-08
Almería,Toledo,03_42_R3,438.742,6.2677,0.0,economica_demo,DATOS SINTÉTICOS DE DEMOSTRACIÓN,DEMO: generado localmente,2026-10-08
Almería,Valencia,03_43_R1,431.015,4.8979,0.0,rapida_demo,DATOS SINTÉTICOS DE DEMOSTRACIÓN,DEMO: generado localmente,2026-10-08
Almería,Valencia,03_43_R2,422.394,5.4153,8.0,mixta_demo,DATOS SINTÉTICOS DE DEMOSTRACIÓN,DEMO: generado localmente,2026-10-08
Almería,Valencia,03_43_R3,418.084,5.9726,0.0,economica_demo,DATOS SINTÉTICOS DE DEMOSTRACIÓN,DEMO: generado localmente,2026-10-08
Almería,Valladolid,03_44_R1,711.72,8.0877,0.0,rapida_demo,DATOS SINTÉTICOS DE DEMOSTRACIÓN,DEMO: generado localmente,2026-10-08
Almería,Valladolid,03_44_R2,697.485,8.9421,8.0,mixta_demo,DATOS SINTÉTICOS DE DEMOSTRACIÓN,DEMO: generado localmente,2026-10-08
Almería,Valladolid,03_44_R3,690.368,9.8624,0.0,economica_demo,DATOS SINTÉTICOS DE DEMOSTRACIÓN,DEMO: generado localmente,2026-10-08
Almería,Zamora,03_45_R1,738.146,8.388,0.0,rapida_demo,DATOS SINTÉTICOS DE DEMOSTRACIÓN,DEMO: generado localmente,2026-10-08
Almería,Zamora,03_45_R2,723.383,9.2741,8.0,mixta_demo,DATOS SINTÉTICOS DE DEMOSTRACIÓN,DEMO: generado localmente,2026-10-08
Almería,Zamora,03_45_R3,716.002,10.2286,0.0,economica_demo,DATOS SINTÉTICOS DE DEMOSTRACIÓN,DEMO: generado localmente,2026-10-08
Almería,Zaragoza,03_46_R1,690.91,7.8512,0.0,rapida_demo,DATOS SINTÉTICOS DE DEMOSTRACIÓN,DEMO: generado localmente,2026-10-08
Almería,Zaragoza,03_46_R2,677.092,8.6807,8.0,mixta_demo,DATOS SINTÉTICOS DE DEMOSTRACIÓN,DEMO: generado localmente,2026-10-08
Almería,Zaragoza,03_46_R3,670.183,9.574,0.0,economica_demo,DATOS SINTÉTICOS DE DEMOSTRACIÓN,DEMO: generado localmente,2026-10-08
Oviedo,Ávila,04_05_R1,393.94,4.4766,0.0,rapida_demo,DATOS SINTÉTICOS DE DEMOSTRACIÓN,DEMO: generado localmente,2026-10-08
Oviedo,Ávila,04_05_R2,386.061,4.9495,8.0,mixta_demo,DATOS SINTÉTICOS DE DEMOSTRACIÓN,DEMO: generado localmente,2026-10-08
Oviedo,Ávila,04_05_R3,382.122,5.4589,0.0,economica_demo,DATOS SINTÉTICOS DE DEMOSTRACIÓN,DEMO: generado localmente,2026-10-08
Oviedo,Badajoz,04_06_R1,633.939,7.2039,0.0,rapida_demo,DATOS SINTÉTICOS DE DEMOSTRACIÓN,DEMO: generado localmente,2026-10-08
Oviedo,Badajoz,04_06_R2,621.261,7.9649,8.0,mixta_demo,DATOS SINTÉTICOS DE DEMOSTRACIÓN,DEMO: generado localmente,2026-10-08
Oviedo,Badajoz,04_06_R3,614.921,8.7846,0.0,economica_demo,DATOS SINTÉTICOS DE DEMOSTRACIÓN,DEMO: generado localmente,2026-10-08
Oviedo,Barcelona,04_07_R1,868.017,9.8638,0.0,rapida_demo,DATOS SINTÉTICOS DE DEMOSTRACIÓN,DEMO: generado localmente,2026-10-08
Oviedo,Barcelona,04_07_R2,850.656,10.9059,8.0,mixta_demo,DATOS SINTÉTICOS DE DEMOSTRACIÓN,DEMO: generado localmente,2026-10-08
Oviedo,Barcelona,04_07_R3,841.976,12.0282,0.0,economica_demo,DATOS SINTÉTICOS DE DEMOSTRACIÓN,DEMO: generado localmente,2026-10-08
Oviedo,Bilbao,04_08_R1,295.721,3.3605,0.0,rapida_demo,DATOS SINTÉTICOS DE DEMOSTRACIÓN,DEMO: generado localmente,2026-10-08
Oviedo,Bilbao,04_08_R2,289.807,3.7155,8.0,mixta_demo,DATOS SINTÉTICOS DE DEMOSTRACIÓN,DEMO: generado localmente,2026-10-08
Oviedo,Bilbao,04_08_R3,286.849,4.0978,0.0,economica_demo,DATOS SINTÉTICOS DE DEMOSTRACIÓN,DEMO: generado localmente,2026-10-08
Oviedo,Burgos,04_09_R1,260.293,2.9579,0.0,rapida_demo,DATOS SINTÉTICOS DE DEMOSTRACIÓN,DEMO: generado localmente,2026-10-08
Oviedo,Burgos,04_09_R2,255.087,3.2703,8.0,mixta_demo,DATOS SINTÉTICOS DE DEMOSTRACIÓN,DEMO: generado localmente,2026-10-08
Oviedo,Burgos,04_09_R3,252.484,3.6069,0.0,economica_demo,DATOS SINTÉTICOS DE DEMOSTRACIÓN,DEMO: generado localmente,2026-10-08
Oviedo,Cáceres,04_10_R1,542.915,6.1695,0.0,rapida_demo,DATOS SINTÉTICOS DE DEMOSTRACIÓN,DEMO: generado localmente,2026-10-08
Oviedo,Cáceres,04_10_R2,532.057,6.8212,8.0,mixta_demo,DATOS SINTÉTICOS DE DEMOSTRACIÓN,DEMO: generado localmente,2026-10-08
Oviedo,Cáceres,04_10_R3,526.628,7.5233,0.0,economica_demo,DATOS SINTÉTICOS DE DEMOSTRACIÓN,DEMO: generado localmente,2026-10-08
Oviedo,Cádiz,04_11_R1,950.652,10.8029,0.0,rapida_demo,DATOS SINTÉTICOS DE DEMOSTRACIÓN,DEMO: generado localmente,2026-10-08
Oviedo,Cádiz,04_11_R2,931.639,11.9441,8.0,mixta_demo,DATOS SINTÉTICOS DE DEMOSTRACIÓN,DEMO: generado localmente,2026-10-08
Oviedo,Cádiz,04_11_R3,922.132,13.1733,0.0,economica_demo,DATOS SINTÉTICOS DE DEMOSTRACIÓN,DEMO: generado localmente,2026-10-08
Oviedo,Santander,04_12_R1,205.92,2.34,0.0,rapida_demo,DATOS SINTÉTICOS DE DEMOSTRACIÓN,DEMO: generado localmente,2026-10-08
Oviedo,Santander,04_12_R2,201.801,2.5872,8.0,mixta_demo,DATOS SINTÉTICOS DE DEMOSTRACIÓN,DEMO: generado localmente,2026-10-08
Oviedo,Santander,04_12_R3,199.742,2.8535,0.0,economica_demo,DATOS SINTÉTICOS DE DEMOSTRACIÓN,DEMO: generado localmente,2026-10-08
Oviedo,Castelló de la Plana/Castellón de la Plana,04_13_R1,763.508,8.6762,0.0,rapida_demo,DATOS SINTÉTICOS DE DEMOSTRACIÓN,DEMO: generado localmente,2026-10-08
Oviedo,Castelló de la Plana/Castellón de la Plana,04_13_R2,748.238,9.5928,8.0,mixta_demo,DATOS SINTÉTICOS DE DEMOSTRACIÓN,DEMO: generado localmente,2026-10-08
Oviedo,Castelló de la Plana/Castellón de la Plana,04_13_R3,740.603,10.58,0.0,economica_demo,DATOS SINTÉTICOS DE DEMOSTRACIÓN,DEMO: generado localmente,2026-10-08
Oviedo,Ciudad Real,04_14_R1,640.321,7.2764,0.0,rapida_demo,DATOS SINTÉTICOS DE DEMOSTRACIÓN,DEMO: generado localmente,2026-10-08
Oviedo,Ciudad Real,04_14_R2,627.515,8.0451,8.0,mixta_demo,DATOS SINTÉTICOS DE DEMOSTRACIÓN,DEMO: generado localmente,2026-10-08
Oviedo,Ciudad Real,04_14_R3,621.112,8.873,0.0,economica_demo,DATOS SINTÉTICOS DE DEMOSTRACIÓN,DEMO: generado localmente,2026-10-08
Oviedo,Córdoba,04_15_R1,769.316,8.7422,0.0,rapida_demo,DATOS SINTÉTICOS DE DEMOSTRACIÓN,DEMO: generado localmente,2026-10-08
Oviedo,Córdoba,04_15_R2,753.929,9.6658,8.0,mixta_demo,DATOS SINTÉTICOS DE DEMOSTRACIÓN,DEMO: generado localmente,2026-10-08
Oviedo,Córdoba,04_15_R3,746.236,10.6605,0.0,economica_demo,DATOS SINTÉTICOS DE DEMOSTRACIÓN,DEMO: generado localmente,2026-10-08
Oviedo,A Coruña,04_16_R1,257.782,2.9293,0.0,rapida_demo,DATOS SINTÉTICOS DE DEMOSTRACIÓN,DEMO: generado localmente,2026-10-08
Oviedo,A Coruña,04_16_R2,252.627,3.2388,8.0,mixta_demo,DATOS SINTÉTICOS DE DEMOSTRACIÓN,DEMO: generado localmente,2026-10-08
Oviedo,A Coruña,04_16_R3,250.049,3.5721,0.0,economica_demo,DATOS SINTÉTICOS DE DEMOSTRACIÓN,DEMO: generado localmente,2026-10-08
Oviedo,Cuenca,04_17_R1,597.105,6.7853,0.0,rapida_demo,DATOS SINTÉTICOS DE DEMOSTRACIÓN,DEMO: generado localmente,2026-10-08
Oviedo,Cuenca,04_17_R2,585.163,7.5021,8.0,mixta_demo,DATOS SINTÉTICOS DE DEMOSTRACIÓN,DEMO: generado localmente,2026-10-08
Oviedo,Cuenca,04_17_R3,579.192,8.2742,0.0,economica_demo,DATOS SINTÉTICOS DE DEMOSTRACIÓN,DEMO: generado localmente,2026-10-08
Oviedo,Donostia/San Sebastián,04_18_R1,390.09,4.4328,0.0,rapida_demo,DATOS SINTÉTICOS DE DEMOSTRACIÓN,DEMO: generado localmente,2026-10-08
Oviedo,Donostia/San Sebastián,04_18_R2,382.289,4.9011,8.0,mixta_demo,DATOS SINTÉTICOS DE DEMOSTRACIÓN,DEMO: generado localmente,2026-10-08
Oviedo,Donostia/San Sebastián,04_18_R3,378.388,5.4055,0.0,economica_demo,DATOS SINTÉTICOS DE DEMOSTRACIÓN,DEMO: generado localmente,2026-10-08
Oviedo,Girona,04_19_R1,905.966,10.2951,0.0,rapida_demo,DATOS SINTÉTICOS DE DEMOSTRACIÓN,DEMO: generado localmente,2026-10-08
Oviedo,Girona,04_19_R2,887.847,11.3827,8.0,mixta_demo,DATOS SINTÉTICOS DE DEMOSTRACIÓN,DEMO: generado localmente,2026-10-08
Oviedo,Girona,04_19_R3,878.787,12.5541,0.0,economica_demo,DATOS SINTÉTICOS DE DEMOSTRACIÓN,DEMO: generado localmente,2026-10-08
Oviedo,Granada,04_20_R1,892.131,10.1379,0.0,rapida_demo,DATOS SINTÉTICOS DE DEMOSTRACIÓN,DEMO: generado localmente,2026-10-08
Oviedo,Granada,04_20_R2,874.288,11.2088,8.0,mixta_demo,DATOS SINTÉTICOS DE DEMOSTRACIÓN,DEMO: generado localmente,2026-10-08
Oviedo,Granada,04_20_R3,865.367,12.3624,0.0,economica_demo,DATOS SINTÉTICOS DE DEMOSTRACIÓN,DEMO: generado localmente,2026-10-08
Oviedo,Guadalajara,04_21_R1,469.129,5.331,0.0,rapida_demo,DATOS SINTÉTICOS DE DEMOSTRACIÓN,DEMO: generado localmente,2026-10-08
Oviedo,Guadalajara,04_21_R2,459.746,5.8942,8.0,mixta_demo,DATOS SINTÉTICOS DE DEMOSTRACIÓN,DEMO: generado localmente,2026-10-08
Oviedo,Guadalajara,04_21_R3,455.055,6.5008,0.0,economica_demo,DATOS SINTÉTICOS DE DEMOSTRACIÓN,DEMO: generado localmente,2026-10-08
Oviedo,Huelva,04_22_R1,856.436,9.7322,0.0,rapida_demo,DATOS SINTÉTICOS DE DEMOSTRACIÓN,DEMO: generado localmente,2026-10-08
Oviedo,Huelva,04_22_R2,839.307,10.7604,8.0,mixta_demo,DATOS SINTÉTICOS DE DEMOSTRACIÓN,DEMO: generado localmente,2026-10-08
Oviedo,Huelva,04_22_R3,830.743,11.8678,0.0,economica_demo,DATOS SINTÉTICOS DE DEMOSTRACIÓN,DEMO: generado localmente,2026-10-08
Oviedo,Huesca,04_23_R1,579.991,6.5908,0.0,rapida_demo,DATOS SINTÉTICOS DE DEMOSTRACIÓN,DEMO: generado localmente,2026-10-08
Oviedo,Huesca,04_23_R2,568.391,7.2871,8.0,mixta_demo,DATOS SINTÉTICOS DE DEMOSTRACIÓN,DEMO: generado localmente,2026-10-08
Oviedo,Huesca,04_23_R3,562.591,8.037,0.0,economica_demo,DATOS SINTÉTICOS DE DEMOSTRACIÓN,DEMO: generado localmente,2026-10-08
Oviedo,Jaén,04_24_R1,807.392,9.1749,0.0,rapida_demo,DATOS SINTÉTICOS DE DEMOSTRACIÓN,DEMO: generado localmente,2026-10-08
Oviedo,Jaén,04_24_R2,791.244,10.1442,8.0,mixta_demo,DATOS SINTÉTICOS DE DEMOSTRACIÓN,DEMO: generado localmente,2026-10-08
Oviedo,Jaén,04_24_R3,783.17,11.1881,0.0,economica_demo,DATOS SINTÉTICOS DE DEMOSTRACIÓN,DEMO: generado localmente,2026-10-08
Oviedo,Logroño,04_25_R1,368.245,4.1846,0.0,rapida_demo,DATOS SINTÉTICOS DE DEMOSTRACIÓN,DEMO: generado localmente,2026-10-08
Oviedo,Logroño,04_25_R2,360.88,4.6267,8.0,mixta_demo,DATOS SINTÉTICOS DE DEMOSTRACIÓN,DEMO: generado localmente,2026-10-08
Oviedo,Logroño,04_25_R3,357.197,5.1028,0.0,economica_demo,DATOS SINTÉTICOS DE DEMOSTRACIÓN,DEMO: generado localmente,2026-10-08
Oviedo,León,04_26_R1,109.544,1.2448,0.0,rapida_demo,DATOS SINTÉTICOS DE DEMOSTRACIÓN,DEMO: generado localmente,2026-10-08
Oviedo,León,04_26_R2,107.353,1.3763,8.0,mixta_demo,DATOS SINTÉTICOS DE DEMOSTRACIÓN,DEMO: generado localmente,2026-10-08
Oviedo,León,04_26_R3,106.257,1.518,0.0,economica_demo,DATOS SINTÉTICOS DE DEMOSTRACIÓN,DEMO: generado localmente,2026-10-08
Oviedo,Lleida,04_27_R1,706.053,8.0233,0.0,rapida_demo,DATOS SINTÉTICOS DE DEMOSTRACIÓN,DEMO: generado localmente,2026-10-08
Oviedo,Lleida,04_27_R2,691.932,8.8709,8.0,mixta_demo,DATOS SINTÉTICOS DE DEMOSTRACIÓN,DEMO: generado localmente,2026-10-08
Oviedo,Lleida,04_27_R3,684.872,9.7839,0.0,economica_demo,DATOS SINTÉTICOS DE DEMOSTRACIÓN,DEMO: generado localmente,2026-10-08
Oviedo,Lugo,04_28_R1,180.114,2.0467,0.0,rapida_demo,DATOS SINTÉTICOS DE DEMOSTRACIÓN,DEMO: generado localmente,2026-10-08
Oviedo,Lugo,04_28_R2,176.511,2.263,8.0,mixta_demo,DATOS SINTÉTICOS DE DEMOSTRACIÓN,DEMO: generado localmente,2026-10-08
Oviedo,Lugo,04_28_R3,174.71,2.4959,0.0,economica_demo,DATOS SINTÉTICOS DE DEMOSTRACIÓN,DEMO: generado localmente,2026-10-08
Oviedo,Madrid,04_29_R1,465.542,5.2903,0.0,rapida_demo,DATOS SINTÉTICOS DE DEMOSTRACIÓN,DEMO: generado localmente,2026-10-08
Oviedo,Madrid,04_29_R2,456.231,5.8491,8.0,mixta_demo,DATOS SINTÉTICOS DE DEMOSTRACIÓN,DEMO: generado localmente,2026-10-08
Oviedo,Madrid,04_29_R3,451.576,6.4511,0.0,economica_demo,DATOS SINTÉTICOS DE DEMOSTRACIÓN,DEMO: generado localmente,2026-10-08
Oviedo,Málaga,04_30_R1,935.364,10.6291,0.0,rapida_demo,DATOS SINTÉTICOS DE DEMOSTRACIÓN,DEMO: generado localmente,2026-10-08
Oviedo,Málaga,04_30_R2,916.657,11.752,8.0,mixta_demo,DATOS SINTÉTICOS DE DEMOSTRACIÓN,DEMO: generado localmente,2026-10-08
Oviedo,Málaga,04_30_R3,907.303,12.9615,0.0,economica_demo,DATOS SINTÉTICOS DE DEMOSTRACIÓN,DEMO: generado localmente,2026-10-08
Oviedo,Murcia,04_31_R1,897.182,10.1952,0.0,rapida_demo,DATOS SINTÉTICOS DE DEMOSTRACIÓN,DEMO: generado localmente,2026-10-08
Oviedo,Murcia,04_31_R2,879.238,11.2723,8.0,mixta_demo,DATOS SINTÉTICOS DE DEMOSTRACIÓN,DEMO: generado localmente,2026-10-08
Oviedo,Murcia,04_31_R3,870.266,12.4324,0.0,economica_demo,DATOS SINTÉTICOS DE DEMOSTRACIÓN,DEMO: generado localmente,2026-10-08
Oviedo,Pamplona/Iruña,04_32_R1,432.899,4.9193,0.0,rapida_demo,DATOS SINTÉTICOS DE DEMOSTRACIÓN,DEMO: generado localmente,2026-10-08
Oviedo,Pamplona/Iruña,04_32_R2,424.241,5.439,8.0,mixta_demo,DATOS SINTÉTICOS DE DEMOSTRACIÓN,DEMO: generado localmente,2026-10-08
Oviedo,Pamplona/Iruña,04_32_R3,419.912,5.9987,0.0,economica_demo,DATOS SINTÉTICOS DE DEMOSTRACIÓN,DEMO: generado localmente,2026-10-08
Oviedo,Ourense,04_33_R1,250.261,2.8439,0.0,rapida_demo,DATOS SINTÉTICOS DE DEMOSTRACIÓN,DEMO: generado localmente,2026-10-08
Oviedo,Ourense,04_33_R2,245.256,3.1443,8.0,mixta_demo,DATOS SINTÉTICOS DE DEMOSTRACIÓN,DEMO: generado localmente,2026-10-08
Oviedo,Ourense,04_33_R3,242.753,3.4679,0.0,economica_demo,DATOS SINTÉTICOS DE DEMOSTRACIÓN,DEMO: generado localmente,2026-10-08
Oviedo,Palencia,04_34_R1,230.519,2.6195,0.0,rapida_demo,DATOS SINTÉTICOS DE DEMOSTRACIÓN,DEMO: generado localmente,2026-10-08
Oviedo,Palencia,04_34_R2,225.909,2.8963,8.0,mixta_demo,DATOS SINTÉTICOS DE DEMOSTRACIÓN,DEMO: generado localmente,2026-10-08
Oviedo,Palencia,04_34_R3,223.604,3.1943,0.0,economica_demo,DATOS SINTÉTICOS DE DEMOSTRACIÓN,DEMO: generado localmente,2026-10-08
Oviedo,Pontevedra,04_35_R1,313.145,3.5585,0.0,rapida_demo,DATOS SINTÉTICOS DE DEMOSTRACIÓN,DEMO: generado localmente,2026-10-08
Oviedo,Pontevedra,04_35_R2,306.882,3.9344,8.0,mixta_demo,DATOS SINTÉTICOS DE DEMOSTRACIÓN,DEMO: generado localmente,2026-10-08
Oviedo,Pontevedra,04_35_R3,303.75,4.3393,0.0,economica_demo,DATOS SINTÉTICOS DE DEMOSTRACIÓN,DEMO: generado localmente,2026-10-08
Oviedo,Salamanca,04_36_R1,333.413,3.7888,0.0,rapida_demo,DATOS SINTÉTICOS DE DEMOSTRACIÓN,DEMO: generado localmente,2026-10-08
Oviedo,Salamanca,04_36_R2,326.745,4.189,8.0,mixta_demo,DATOS SINTÉTICOS DE DEMOSTRACIÓN,DEMO: generado localmente,2026-10-08
Oviedo,Salamanca,04_36_R3,323.411,4.6202,0.0,economica_demo,DATOS SINTÉTICOS DE DEMOSTRACIÓN,DEMO: generado localmente,2026-10-08
Oviedo,Segovia,04_37_R1,378.961,4.3064,0.0,rapida_demo,DATOS SINTÉTICOS DE DEMOSTRACIÓN,DEMO: generado localmente,2026-10-08
Oviedo,Segovia,04_37_R2,371.381,4.7613,8.0,mixta_demo,DATOS SINTÉTICOS DE DEMOSTRACIÓN,DEMO: generado localmente,2026-10-08
Oviedo,Segovia,04_37_R3,367.592,5.2513,0.0,economica_demo,DATOS SINTÉTICOS DE DEMOSTRACIÓN,DEMO: generado localmente,2026-10-08
Oviedo,Sevilla,04_38_R1,830.205,9.4341,0.0,rapida_demo,DATOS SINTÉTICOS DE DEMOSTRACIÓN,DEMO: generado localmente,2026-10-08
Oviedo,Sevilla,04_38_R2,813.601,10.4308,8.0,mixta_demo,DATOS SINTÉTICOS DE DEMOSTRACIÓN,DEMO: generado localmente,2026-10-08
Oviedo,Sevilla,04_38_R3,805.299,11.5043,0.0,economica_demo,DATOS SINTÉTICOS DE DEMOSTRACIÓN,DEMO: generado localmente,2026-10-08
Oviedo,Soria,04_39_R1,411.138,4.672,0.0,rapida_demo,DATOS SINTÉTICOS DE DEMOSTRACIÓN,DEMO: generado localmente,2026-10-08
Oviedo,Soria,04_39_R2,402.916,5.1656,8.0,mixta_demo,DATOS SINTÉTICOS DE DEMOSTRACIÓN,DEMO: generado localmente,2026-10-08
Oviedo,Soria,04_39_R3,398.804,5.6972,0.0,economica_demo,DATOS SINTÉTICOS DE DEMOSTRACIÓN,DEMO: generado localmente,2026-10-08
Oviedo,Tarragona,04_40_R1,793.898,9.0216,0.0,rapida_demo,DATOS SINTÉTICOS DE DEMOSTRACIÓN,DEMO: generado localmente,2026-10-08
Oviedo,Tarragona,04_40_R2,778.02,9.9746,8.0,mixta_demo,DATOS SINTÉTICOS DE DEMOSTRACIÓN,DEMO: generado localmente,2026-10-08
Oviedo,Tarragona,04_40_R3,770.081,11.0012,0.0,economica_demo,DATOS SINTÉTICOS DE DEMOSTRACIÓN,DEMO: generado localmente,2026-10-08
Oviedo,Teruel,04_41_R1,645.042,7.33,0.0,rapida_demo,DATOS SINTÉTICOS DE DEMOSTRACIÓN,DEMO: generado localmente,2026-10-08
Oviedo,Teruel,04_41_R2,632.141,8.1044,8.0,mixta_demo,DATOS SINTÉTICOS DE DEMOSTRACIÓN,DEMO: generado localmente,2026-10-08
Oviedo,Teruel,04_41_R3,625.691,8.9384,0.0,economica_demo,DATOS SINTÉTICOS DE DEMOSTRACIÓN,DEMO: generado localmente,2026-10-08
Oviedo,Toledo,04_42_R1,522.414,5.9365,0.0,rapida_demo,DATOS SINTÉTICOS DE DEMOSTRACIÓN,DEMO: generado localmente,2026-10-08
Oviedo,Toledo,04_42_R2,511.966,6.5637,8.0,mixta_demo,DATOS SINTÉTICOS DE DEMOSTRACIÓN,DEMO: generado localmente,2026-10-08
Oviedo,Toledo,04_42_R3,506.742,7.2392,0.0,economica_demo,DATOS SINTÉTICOS DE DEMOSTRACIÓN,DEMO: generado localmente,2026-10-08
Oviedo,Valencia,04_43_R1,785.288,8.9237,0.0,rapida_demo,DATOS SINTÉTICOS DE DEMOSTRACIÓN,DEMO: generado localmente,2026-10-08
Oviedo,Valencia,04_43_R2,769.582,9.8664,8.0,mixta_demo,DATOS SINTÉTICOS DE DEMOSTRACIÓN,DEMO: generado localmente,2026-10-08
Oviedo,Valencia,04_43_R3,761.729,10.8818,0.0,economica_demo,DATOS SINTÉTICOS DE DEMOSTRACIÓN,DEMO: generado localmente,2026-10-08
Oviedo,Valladolid,04_44_R1,263.497,2.9943,0.0,rapida_demo,DATOS SINTÉTICOS DE DEMOSTRACIÓN,DEMO: generado localmente,2026-10-08
Oviedo,Valladolid,04_44_R2,258.227,3.3106,8.0,mixta_demo,DATOS SINTÉTICOS DE DEMOSTRACIÓN,DEMO: generado localmente,2026-10-08
Oviedo,Valladolid,04_44_R3,255.592,3.6513,0.0,economica_demo,DATOS SINTÉTICOS DE DEMOSTRACIÓN,DEMO: generado localmente,2026-10-08
Oviedo,Zamora,04_45_R1,258.252,2.9347,0.0,rapida_demo,DATOS SINTÉTICOS DE DEMOSTRACIÓN,DEMO: generado localmente,2026-10-08
Oviedo,Zamora,04_45_R2,253.087,3.2447,8.0,mixta_demo,DATOS SINTÉTICOS DE DEMOSTRACIÓN,DEMO: generado localmente,2026-10-08
Oviedo,Zamora,04_45_R3,250.504,3.5786,0.0,economica_demo,DATOS SINTÉTICOS DE DEMOSTRACIÓN,DEMO: generado localmente,2026-10-08
Oviedo,Zaragoza,04_46_R1,561.268,6.378,0.0,rapida_demo,DATOS SINTÉTICOS DE DEMOSTRACIÓN,DEMO: generado localmente,2026-10-08
Oviedo,Zaragoza,04_46_R2,550.042,7.0518,8.0,mixta_demo,DATOS SINTÉTICOS DE DEMOSTRACIÓN,DEMO: generado localmente,2026-10-08
Oviedo,Zaragoza,04_46_R3,544.43,7.7776,0.0,economica_demo,DATOS SINTÉTICOS DE DEMOSTRACIÓN,DEMO: generado localmente,2026-10-08
Ávila,Badajoz,05_06_R1,346.188,3.934,0.0,rapida_demo,DATOS SINTÉTICOS DE DEMOSTRACIÓN,DEMO: generado localmente,2026-10-08
Ávila,Badajoz,05_06_R2,339.264,4.3495,8.0,mixta_demo,DATOS SINTÉTICOS DE DEMOSTRACIÓN,DEMO: generado localmente,2026-10-08
Ávila,Badajoz,05_06_R3,335.802,4.7972,0.0,economica_demo,DATOS SINTÉTICOS DE DEMOSTRACIÓN,DEMO: generado localmente,2026-10-08
Ávila,Barcelona,05_07_R1,728.05,8.2733,0.0,rapida_demo,DATOS SINTÉTICOS DE DEMOSTRACIÓN,DEMO: generado localmente,2026-10-08
Ávila,Barcelona,05_07_R2,713.489,9.1473,8.0,mixta_demo,DATOS SINTÉTICOS DE DEMOSTRACIÓN,DEMO: generado localmente,2026-10-08
Ávila,Barcelona,05_07_R3,706.208,10.0887,0.0,economica_demo,DATOS SINTÉTICOS DE DEMOSTRACIÓN,DEMO: generado localmente,2026-10-08
Ávila,Bilbao,05_08_R1,406.251,4.6165,0.0,rapida_demo,DATOS SINTÉTICOS DE DEMOSTRACIÓN,DEMO: generado localmente,2026-10-08
Ávila,Bilbao,05_08_R2,398.126,5.1042,8.0,mixta_demo,DATOS SINTÉTICOS DE DEMOSTRACIÓN,DEMO: generado localmente,2026-10-08
Ávila,Bilbao,05_08_R3,394.064,5.6295,0.0,economica_demo,DATOS SINTÉTICOS DE DEMOSTRACIÓN,DEMO: generado localmente,2026-10-08
Ávila,Burgos,05_09_R1,256.048,2.9096,0.0,rapida_demo,DATOS SINTÉTICOS DE DEMOSTRACIÓN,DEMO: generado localmente,2026-10-08
Ávila,Burgos,05_09_R2,250.927,3.217,8.0,mixta_demo,DATOS SINTÉTICOS DE DEMOSTRACIÓN,DEMO: generado localmente,2026-10-08
Ávila,Burgos,05_09_R3,248.367,3.5481,0.0,economica_demo,DATOS SINTÉTICOS DE DEMOSTRACIÓN,DEMO: generado localmente,2026-10-08
Ávila,Cáceres,05_10_R1,242.126,2.7514,0.0,rapida_demo,DATOS SINTÉTICOS DE DEMOSTRACIÓN,DEMO: generado localmente,2026-10-08
Ávila,Cáceres,05_10_R2,237.283,3.0421,8.0,mixta_demo,DATOS SINTÉTICOS DE DEMOSTRACIÓN,DEMO: generado localmente,2026-10-08
Ávila,Cáceres,05_10_R3,234.862,3.3552,0.0,economica_demo,DATOS SINTÉTICOS DE DEMOSTRACIÓN,DEMO: generado localmente,2026-10-08
Ávila,Cádiz,05_11_R1,599.157,6.8086,0.0,rapida_demo,DATOS SINTÉTICOS DE DEMOSTRACIÓN,DEMO: generado localmente,2026-10-08
Ávila,Cádiz,05_11_R2,587.173,7.5279,8.0,mixta_demo,DATOS SINTÉTICOS DE DEMOSTRACIÓN,DEMO: generado localmente,2026-10-08
Ávila,Cádiz,05_11_R3,581.182,8.3026,0.0,economica_demo,DATOS SINTÉTICOS DE DEMOSTRACIÓN,DEMO: generado localmente,2026-10-08
Ávila,Santander,05_12_R1,400.616,4.5525,0.0,rapida_demo,DATOS SINTÉTICOS DE DEMOSTRACIÓN,DEMO: generado localmente,2026-10-08
Ávila,Santander,05_12_R2,392.603,5.0334,8.0,mixta_demo,DATOS SINTÉTICOS DE DEMOSTRACIÓN,DEMO: generado localmente,2026-10-08
Ávila,Santander,05_12_R3,388.597,5.5514,0.0,economica_demo,DATOS SINTÉTICOS DE DEMOSTRACIÓN,DEMO: generado localmente,2026-10-08
Ávila,Castelló de la Plana/Castellón de la Plana,05_13_R1,502.721,5.7127,0.0,rapida_demo,DATOS SINTÉTICOS DE DEMOSTRACIÓN,DEMO: generado localmente,2026-10-08
Ávila,Castelló de la Plana/Castellón de la Plana,05_13_R2,492.667,6.3162,8.0,mixta_demo,DATOS SINTÉTICOS DE DEMOSTRACIÓN,DEMO: generado localmente,2026-10-08
Ávila,Castelló de la Plana/Castellón de la Plana,05_13_R3,487.64,6.9663,0.0,economica_demo,DATOS SINTÉTICOS DE DEMOSTRACIÓN,DEMO: generado localmente,2026-10-08
Ávila,Ciudad Real,05_14_R1,246.548,2.8017,0.0,rapida_demo,DATOS SINTÉTICOS DE DEMOSTRACIÓN,DEMO: generado localmente,2026-10-08
Ávila,Ciudad Real,05_14_R2,241.617,3.0977,8.0,mixta_demo,DATOS SINTÉTICOS DE DEMOSTRACIÓN,DEMO: generado localmente,2026-10-08
Ávila,Ciudad Real,05_14_R3,239.152,3.4165,0.0,economica_demo,DATOS SINTÉTICOS DE DEMOSTRACIÓN,DEMO: generado localmente,2026-10-08
Ávila,Córdoba,05_15_R1,385.323,4.3787,0.0,rapida_demo,DATOS SINTÉTICOS DE DEMOSTRACIÓN,DEMO: generado localmente,2026-10-08
Ávila,Córdoba,05_15_R2,377.617,4.8412,8.0,mixta_demo,DATOS SINTÉTICOS DE DEMOSTRACIÓN,DEMO: generado localmente,2026-10-08
Ávila,Córdoba,05_15_R3,373.764,5.3395,0.0,economica_demo,DATOS SINTÉTICOS DE DEMOSTRACIÓN,DEMO: generado localmente,2026-10-08
Ávila,A Coruña,05_16_R1,536.583,6.0975,0.0,rapida_demo,DATOS SINTÉTICOS DE DEMOSTRACIÓN,DEMO: generado localmente,2026-10-08
Ávila,A Coruña,05_16_R2,525.851,6.7417,8.0,mixta_demo,DATOS SINTÉTICOS DE DEMOSTRACIÓN,DEMO: generado localmente,2026-10-08
Ávila,A Coruña,05_16_R3,520.485,7.4355,0.0,economica_demo,DATOS SINTÉTICOS DE DEMOSTRACIÓN,DEMO: generado localmente,2026-10-08
Ávila,Cuenca,05_17_R1,283.797,3.225,0.0,rapida_demo,DATOS SINTÉTICOS DE DEMOSTRACIÓN,DEMO: generado localmente,2026-10-08
Ávila,Cuenca,05_17_R2,278.121,3.5657,8.0,mixta_demo,DATOS SINTÉTICOS DE DEMOSTRACIÓN,DEMO: generado localmente,2026-10-08
Ávila,Cuenca,05_17_R3,275.283,3.9326,0.0,economica_demo,DATOS SINTÉTICOS DE DEMOSTRACIÓN,DEMO: generado localmente,2026-10-08
Ávila,Donostia/San Sebastián,05_18_R1,464.499,5.2784,0.0,rapida_demo,DATOS SINTÉTICOS DE DEMOSTRACIÓN,DEMO: generado localmente,2026-10-08
Ávila,Donostia/San Sebastián,05_18_R2,455.209,5.836,8.0,mixta_demo,DATOS SINTÉTICOS DE DEMOSTRACIÓN,DEMO: generado localmente,2026-10-08
Ávila,Donostia/San Sebastián,05_18_R3,450.564,6.4366,0.0,economica_demo,DATOS SINTÉTICOS DE DEMOSTRACIÓN,DEMO: generado localmente,2026-10-08
Ávila,Girona,05_19_R1,806.556,9.1654,0.0,rapida_demo,DATOS SINTÉTICOS DE DEMOSTRACIÓN,DEMO: generado localmente,2026-10-08
Ávila,Girona,05_19_R2,790.425,10.1337,8.0,mixta_demo,DATOS SINTÉTICOS DE DEMOSTRACIÓN,DEMO: generado localmente,2026-10-08
Ávila,Girona,05_19_R3,782.359,11.1766,0.0,economica_demo,DATOS SINTÉTICOS DE DEMOSTRACIÓN,DEMO: generado localmente,2026-10-08
Ávila,Granada,05_20_R1,498.475,5.6645,0.0,rapida_demo,DATOS SINTÉTICOS DE DEMOSTRACIÓN,DEMO: generado localmente,2026-10-08
Ávila,Granada,05_20_R2,488.505,6.2629,8.0,mixta_demo,DATOS SINTÉTICOS DE DEMOSTRACIÓN,DEMO: generado localmente,2026-10-08
Ávila,Granada,05_20_R3,483.52,6.9074,0.0,economica_demo,DATOS SINTÉTICOS DE DEMOSTRACIÓN,DEMO: generado localmente,2026-10-08
Ávila,Guadalajara,05_21_R1,161.667,1.8371,0.0,rapida_demo,DATOS SINTÉTICOS DE DEMOSTRACIÓN,DEMO: generado localmente,2026-10-08
Ávila,Guadalajara,05_21_R2,158.434,2.0312,8.0,mixta_demo,DATOS SINTÉTICOS DE DEMOSTRACIÓN,DEMO: generado localmente,2026-10-08
Ávila,Guadalajara,05_21_R3,156.817,2.2402,0.0,economica_demo,DATOS SINTÉTICOS DE DEMOSTRACIÓN,DEMO: generado localmente,2026-10-08
Ávila,Huelva,05_22_R1,531.439,6.0391,0.0,rapida_demo,DATOS SINTÉTICOS DE DEMOSTRACIÓN,DEMO: generado localmente,2026-10-08
Ávila,Huelva,05_22_R2,520.81,6.6771,8.0,mixta_demo,DATOS SINTÉTICOS DE DEMOSTRACIÓN,DEMO: generado localmente,2026-10-08
Ávila,Huelva,05_22_R3,515.496,7.3642,0.0,economica_demo,DATOS SINTÉTICOS DE DEMOSTRACIÓN,DEMO: generado localmente,2026-10-08
Ávila,Huesca,05_23_R1,492.565,5.5973,0.0,rapida_demo,DATOS SINTÉTICOS DE DEMOSTRACIÓN,DEMO: generado localmente,2026-10-08
Ávila,Huesca,05_23_R2,482.714,6.1886,8.0,mixta_demo,DATOS SINTÉTICOS DE DEMOSTRACIÓN,DEMO: generado localmente,2026-10-08
Ávila,Huesca,05_23_R3,477.788,6.8255,0.0,economica_demo,DATOS SINTÉTICOS DE DEMOSTRACIÓN,DEMO: generado localmente,2026-10-08
Ávila,Jaén,05_24_R1,413.748,4.7017,0.0,rapida_demo,DATOS SINTÉTICOS DE DEMOSTRACIÓN,DEMO: generado localmente,2026-10-08
Ávila,Jaén,05_24_R2,405.473,5.1984,8.0,mixta_demo,DATOS SINTÉTICOS DE DEMOSTRACIÓN,DEMO: generado localmente,2026-10-08
Ávila,Jaén,05_24_R3,401.335,5.7334,0.0,economica_demo,DATOS SINTÉTICOS DE DEMOSTRACIÓN,DEMO: generado localmente,2026-10-08
Ávila,Logroño,05_25_R1,344.282,3.9123,0.0,rapida_demo,DATOS SINTÉTICOS DE DEMOSTRACIÓN,DEMO: generado localmente,2026-10-08
Ávila,Logroño,05_25_R2,337.397,4.3256,8.0,mixta_demo,DATOS SINTÉTICOS DE DEMOSTRACIÓN,DEMO: generado localmente,2026-10-08
Ávila,Logroño,05_25_R3,333.954,4.7708,0.0,economica_demo,DATOS SINTÉTICOS DE DEMOSTRACIÓN,DEMO: generado localmente,2026-10-08
Ávila,León,05_26_R1,284.635,3.2345,0.0,rapida_demo,DATOS SINTÉTICOS DE DEMOSTRACIÓN,DEMO: generado localmente,2026-10-08
Ávila,León,05_26_R2,278.942,3.5762,8.0,mixta_demo,DATOS SINTÉTICOS DE DEMOSTRACIÓN,DEMO: generado localmente,2026-10-08
Ávila,León,05_26_R3,276.096,3.9442,0.0,economica_demo,DATOS SINTÉTICOS DE DEMOSTRACIÓN,DEMO: generado localmente,2026-10-08
Ávila,Lleida,05_27_R1,573.197,6.5136,0.0,rapida_demo,DATOS SINTÉTICOS DE DEMOSTRACIÓN,DEMO: generado localmente,2026-10-08
Ávila,Lleida,05_27_R2,561.733,7.2017,8.0,mixta_demo,DATOS SINTÉTICOS DE DEMOSTRACIÓN,DEMO: generado localmente,2026-10-08
Ávila,Lleida,05_27_R3,556.001,7.9429,0.0,economica_demo,DATOS SINTÉTICOS DE DEMOSTRACIÓN,DEMO: generado localmente,2026-10-08
Ávila,Lugo,05_28_R1,440.895,5.0102,0.0,rapida_demo,DATOS SINTÉTICOS DE DEMOSTRACIÓN,DEMO: generado localmente,2026-10-08
Ávila,Lugo,05_28_R2,432.077,5.5395,8.0,mixta_demo,DATOS SINTÉTICOS DE DEMOSTRACIÓN,DEMO: generado localmente,2026-10-08
Ávila,Lugo,05_28_R3,427.668,6.1095,0.0,economica_demo,DATOS SINTÉTICOS DE DEMOSTRACIÓN,DEMO: generado localmente,2026-10-08
Ávila,Madrid,05_29_R1,111.496,1.267,0.0,rapida_demo,DATOS SINTÉTICOS DE DEMOSTRACIÓN,DEMO: generado localmente,2026-10-08
Ávila,Madrid,05_29_R2,109.266,1.4009,8.0,mixta_demo,DATOS SINTÉTICOS DE DEMOSTRACIÓN,DEMO: generado localmente,2026-10-08
Ávila,Madrid,05_29_R3,108.152,1.545,0.0,economica_demo,DATOS SINTÉTICOS DE DEMOSTRACIÓN,DEMO: generado localmente,2026-10-08
Ávila,Málaga,05_30_R1,548.028,6.2276,0.0,rapida_demo,DATOS SINTÉTICOS DE DEMOSTRACIÓN,DEMO: generado localmente,2026-10-08
Ávila,Málaga,05_30_R2,537.067,6.8855,8.0,mixta_demo,DATOS SINTÉTICOS DE DEMOSTRACIÓN,DEMO: generado localmente,2026-10-08
Ávila,Málaga,05_30_R3,531.587,7.5941,0.0,economica_demo,DATOS SINTÉTICOS DE DEMOSTRACIÓN,DEMO: generado localmente,2026-10-08
Ávila,Murcia,05_31_R1,534.153,6.0699,0.0,rapida_demo,DATOS SINTÉTICOS DE DEMOSTRACIÓN,DEMO: generado localmente,2026-10-08
Ávila,Murcia,05_31_R2,523.47,6.7112,8.0,mixta_demo,DATOS SINTÉTICOS DE DEMOSTRACIÓN,DEMO: generado localmente,2026-10-08
Ávila,Murcia,05_31_R3,518.128,7.4018,0.0,economica_demo,DATOS SINTÉTICOS DE DEMOSTRACIÓN,DEMO: generado localmente,2026-10-08
Ávila,Pamplona/Iruña,05_32_R1,436.661,4.9621,0.0,rapida_demo,DATOS SINTÉTICOS DE DEMOSTRACIÓN,DEMO: generado localmente,2026-10-08
Ávila,Pamplona/Iruña,05_32_R2,427.927,5.4862,8.0,mixta_demo,DATOS SINTÉTICOS DE DEMOSTRACIÓN,DEMO: generado localmente,2026-10-08
Ávila,Pamplona/Iruña,05_32_R3,423.561,6.0509,0.0,economica_demo,DATOS SINTÉTICOS DE DEMOSTRACIÓN,DEMO: generado localmente,2026-10-08
Ávila,Ourense,05_33_R1,403.595,4.5863,0.0,rapida_demo,DATOS SINTÉTICOS DE DEMOSTRACIÓN,DEMO: generado localmente,2026-10-08
Ávila,Ourense,05_33_R2,395.523,5.0708,8.0,mixta_demo,DATOS SINTÉTICOS DE DEMOSTRACIÓN,DEMO: generado localmente,2026-10-08
Ávila,Ourense,05_33_R3,391.487,5.5927,0.0,economica_demo,DATOS SINTÉTICOS DE DEMOSTRACIÓN,DEMO: generado localmente,2026-10-08
Ávila,Palencia,05_34_R1,189.048,2.1483,0.0,rapida_demo,DATOS SINTÉTICOS DE DEMOSTRACIÓN,DEMO: generado localmente,2026-10-08
Ávila,Palencia,05_34_R2,185.267,2.3752,8.0,mixta_demo,DATOS SINTÉTICOS DE DEMOSTRACIÓN,DEMO: generado localmente,2026-10-08
Ávila,Palencia,05_34_R3,183.377,2.6197,0.0,economica_demo,DATOS SINTÉTICOS DE DEMOSTRACIÓN,DEMO: generado localmente,2026-10-08
Ávila,Pontevedra,05_35_R1,478.938,5.4425,0.0,rapida_demo,DATOS SINTÉTICOS DE DEMOSTRACIÓN,DEMO: generado localmente,2026-10-08
Ávila,Pontevedra,05_35_R2,469.359,6.0174,8.0,mixta_demo,DATOS SINTÉTICOS DE DEMOSTRACIÓN,DEMO: generado localmente,2026-10-08
Ávila,Pontevedra,05_35_R3,464.57,6.6367,0.0,economica_demo,DATOS SINTÉTICOS DE DEMOSTRACIÓN,DEMO: generado localmente,2026-10-08
Ávila,Salamanca,05_36_R1,110.073,1.2508,0.0,rapida_demo,DATOS SINTÉTICOS DE DEMOSTRACIÓN,DEMO: generado localmente,2026-10-08
Ávila,Salamanca,05_36_R2,107.871,1.383,8.0,mixta_demo,DATOS SINTÉTICOS DE DEMOSTRACIÓN,DEMO: generado localmente,2026-10-08
Ávila,Salamanca,05_36_R3,106.771,1.5253,0.0,economica_demo,DATOS SINTÉTICOS DE DEMOSTRACIÓN,DEMO: generado localmente,2026-10-08
Ávila,Segovia,05_37_R1,73.059,0.8302,0.0,rapida_demo,DATOS SINTÉTICOS DE DEMOSTRACIÓN,DEMO: generado localmente,2026-10-08
Ávila,Segovia,05_37_R2,71.597,0.9179,8.0,mixta_demo,DATOS SINTÉTICOS DE DEMOSTRACIÓN,DEMO: generado localmente,2026-10-08
Ávila,Segovia,05_37_R3,70.867,1.0124,0.0,economica_demo,DATOS SINTÉTICOS DE DEMOSTRACIÓN,DEMO: generado localmente,2026-10-08
Ávila,Sevilla,05_38_R1,475.257,5.4006,0.0,rapida_demo,DATOS SINTÉTICOS DE DEMOSTRACIÓN,DEMO: generado localmente,2026-10-08
Ávila,Sevilla,05_38_R2,465.752,5.9712,8.0,mixta_demo,DATOS SINTÉTICOS DE DEMOSTRACIÓN,DEMO: generado localmente,2026-10-08
Ávila,Sevilla,05_38_R3,460.999,6.5857,0.0,economica_demo,DATOS SINTÉTICOS DE DEMOSTRACIÓN,DEMO: generado localmente,2026-10-08
Ávila,Soria,05_39_R1,279.819,3.1798,0.0,rapida_demo,DATOS SINTÉTICOS DE DEMOSTRACIÓN,DEMO: generado localmente,2026-10-08
Ávila,Soria,05_39_R2,274.223,3.5157,8.0,mixta_demo,DATOS SINTÉTICOS DE DEMOSTRACIÓN,DEMO: generado localmente,2026-10-08
Ávila,Soria,05_39_R3,271.425,3.8775,0.0,economica_demo,DATOS SINTÉTICOS DE DEMOSTRACIÓN,DEMO: generado localmente,2026-10-08
Ávila,Tarragona,05_40_R1,628.808,7.1455,0.0,rapida_demo,DATOS SINTÉTICOS DE DEMOSTRACIÓN,DEMO: generado localmente,2026-10-08
Ávila,Tarragona,05_40_R2,616.232,7.9004,8.0,mixta_demo,DATOS SINTÉTICOS DE DEMOSTRACIÓN,DEMO: generado localmente,2026-10-08
Ávila,Tarragona,05_40_R3,609.944,8.7135,0.0,economica_demo,DATOS SINTÉTICOS DE DEMOSTRACIÓN,DEMO: generado localmente,2026-10-08
Ávila,Teruel,05_41_R1,382.108,4.3421,0.0,rapida_demo,DATOS SINTÉTICOS DE DEMOSTRACIÓN,DEMO: generado localmente,2026-10-08
Ávila,Teruel,05_41_R2,374.466,4.8008,8.0,mixta_demo,DATOS SINTÉTICOS DE DEMOSTRACIÓN,DEMO: generado localmente,2026-10-08
Ávila,Teruel,05_41_R3,370.645,5.2949,0.0,economica_demo,DATOS SINTÉTICOS DE DEMOSTRACIÓN,DEMO: generado localmente,2026-10-08
Ávila,Toledo,05_42_R1,132.277,1.5031,0.0,rapida_demo,DATOS SINTÉTICOS DE DEMOSTRACIÓN,DEMO: generado localmente,2026-10-08
Ávila,Toledo,05_42_R2,129.631,1.6619,8.0,mixta_demo,DATOS SINTÉTICOS DE DEMOSTRACIÓN,DEMO: generado localmente,2026-10-08
Ávila,Toledo,05_42_R3,128.308,1.833,0.0,economica_demo,DATOS SINTÉTICOS DE DEMOSTRACIÓN,DEMO: generado localmente,2026-10-08
Ávila,Valencia,05_43_R1,488.462,5.5507,0.0,rapida_demo,DATOS SINTÉTICOS DE DEMOSTRACIÓN,DEMO: generado localmente,2026-10-08
Ávila,Valencia,05_43_R2,478.693,6.1371,8.0,mixta_demo,DATOS SINTÉTICOS DE DEMOSTRACIÓN,DEMO: generado localmente,2026-10-08
Ávila,Valencia,05_43_R3,473.808,6.7687,0.0,economica_demo,DATOS SINTÉTICOS DE DEMOSTRACIÓN,DEMO: generado localmente,2026-10-08
Ávila,Valladolid,05_44_R1,138.43,1.5731,0.0,rapida_demo,DATOS SINTÉTICOS DE DEMOSTRACIÓN,DEMO: generado localmente,2026-10-08
Ávila,Valladolid,05_44_R2,135.661,1.7392,8.0,mixta_demo,DATOS SINTÉTICOS DE DEMOSTRACIÓN,DEMO: generado localmente,2026-10-08
Ávila,Valladolid,05_44_R3,134.277,1.9182,0.0,economica_demo,DATOS SINTÉTICOS DE DEMOSTRACIÓN,DEMO: generado localmente,2026-10-08
Ávila,Zamora,05_45_R1,160.917,1.8286,0.0,rapida_demo,DATOS SINTÉTICOS DE DEMOSTRACIÓN,DEMO: generado localmente,2026-10-08
Ávila,Zamora,05_45_R2,157.698,2.0218,8.0,mixta_demo,DATOS SINTÉTICOS DE DEMOSTRACIÓN,DEMO: generado localmente,2026-10-08
Ávila,Zamora,05_45_R3,156.089,2.2298,0.0,economica_demo,DATOS SINTÉTICOS DE DEMOSTRACIÓN,DEMO: generado localmente,2026-10-08
Ávila,Zaragoza,05_46_R1,423.436,4.8118,0.0,rapida_demo,DATOS SINTÉTICOS DE DEMOSTRACIÓN,DEMO: generado localmente,2026-10-08
Ávila,Zaragoza,05_46_R2,414.968,5.3201,8.0,mixta_demo,DATOS SINTÉTICOS DE DEMOSTRACIÓN,DEMO: generado localmente,2026-10-08
Ávila,Zaragoza,05_46_R3,410.733,5.8676,0.0,economica_demo,DATOS SINTÉTICOS DE DEMOSTRACIÓN,DEMO: generado localmente,2026-10-08
Badajoz,Barcelona,06_07_R1,1031.845,11.7255,0.0,rapida_demo,DATOS SINTÉTICOS DE DEMOSTRACIÓN,DEMO: generado localmente,2026-10-08
Badajoz,Barcelona,06_07_R2,1011.209,12.9642,8.0,mixta_demo,DATOS SINTÉTICOS DE DEMOSTRACIÓN,DEMO: generado localmente,2026-10-08
Badajoz,Barcelona,06_07_R3,1000.89,14.2984,0.0,economica_demo,DATOS SINTÉTICOS DE DEMOSTRACIÓN,DEMO: generado localmente,2026-10-08
Badajoz,Bilbao,06_08_R1,742.277,8.435,0.0,rapida_demo,DATOS SINTÉTICOS DE DEMOSTRACIÓN,DEMO: generado localmente,2026-10-08
Badajoz,Bilbao,06_08_R2,727.431,9.326,8.0,mixta_demo,DATOS SINTÉTICOS DE DEMOSTRACIÓN,DEMO: generado localmente,2026-10-08
Badajoz,Bilbao,06_08_R3,720.008,10.2858,0.0,economica_demo,DATOS SINTÉTICOS DE DEMOSTRACIÓN,DEMO: generado localmente,2026-10-08
Badajoz,Burgos,06_09_R1,591.822,6.7253,0.0,rapida_demo,DATOS SINTÉTICOS DE DEMOSTRACIÓN,DEMO: generado localmente,2026-10-08
Badajoz,Burgos,06_09_R2,579.986,7.4357,8.0,mixta_demo,DATOS SINTÉTICOS DE DEMOSTRACIÓN,DEMO: generado localmente,2026-10-08
Badajoz,Burgos,06_09_R3,574.068,8.201,0.0,economica_demo,DATOS SINTÉTICOS DE DEMOSTRACIÓN,DEMO: generado localmente,2026-10-08
Badajoz,Cáceres,06_10_R1,104.895,1.192,0.0,rapida_demo,DATOS SINTÉTICOS DE DEMOSTRACIÓN,DEMO: generado localmente,2026-10-08
Badajoz,Cáceres,06_10_R2,102.797,1.3179,8.0,mixta_demo,DATOS SINTÉTICOS DE DEMOSTRACIÓN,DEMO: generado localmente,2026-10-08
Badajoz,Cáceres,06_10_R3,101.748,1.4535,0.0,economica_demo,DATOS SINTÉTICOS DE DEMOSTRACIÓN,DEMO: generado localmente,2026-10-08
Badajoz,Cádiz,06_11_R1,334.909,3.8058,0.0,rapida_demo,DATOS SINTÉTICOS DE DEMOSTRACIÓN,DEMO: generado localmente,2026-10-08
Badajoz,Cádiz,06_11_R2,328.211,4.2078,8.0,mixta_demo,DATOS SINTÉTICOS DE DEMOSTRACIÓN,DEMO: generado localmente,2026-10-08
Badajoz,Cádiz,06_11_R3,324.861,4.6409,0.0,economica_demo,DATOS SINTÉTICOS DE DEMOSTRACIÓN,DEMO: generado localmente,2026-10-08
Badajoz,Santander,06_12_R1,717.597,8.1545,0.0,rapida_demo,DATOS SINTÉTICOS DE DEMOSTRACIÓN,DEMO: generado localmente,2026-10-08
Badajoz,Santander,06_12_R2,703.245,9.016,8.0,mixta_demo,DATOS SINTÉTICOS DE DEMOSTRACIÓN,DEMO: generado localmente,2026-10-08
Badajoz,Santander,06_12_R3,696.069,9.9438,0.0,economica_demo,DATOS SINTÉTICOS DE DEMOSTRACIÓN,DEMO: generado localmente,2026-10-08
Badajoz,Castelló de la Plana/Castellón de la Plana,06_13_R1,759.7,8.633,0.0,rapida_demo,DATOS SINTÉTICOS DE DEMOSTRACIÓN,DEMO: generado localmente,2026-10-08
Badajoz,Castelló de la Plana/Castellón de la Plana,06_13_R2,744.506,9.5449,8.0,mixta_demo,DATOS SINTÉTICOS DE DEMOSTRACIÓN,DEMO: generado localmente,2026-10-08
Badajoz,Castelló de la Plana/Castellón de la Plana,06_13_R3,736.909,10.5273,0.0,economica_demo,DATOS SINTÉTICOS DE DEMOSTRACIÓN,DEMO: generado localmente,2026-10-08
Badajoz,Ciudad Real,06_14_R1,329.137,3.7402,0.0,rapida_demo,DATOS SINTÉTICOS DE DEMOSTRACIÓN,DEMO: generado localmente,2026-10-08
Badajoz,Ciudad Real,06_14_R2,322.555,4.1353,8.0,mixta_demo,DATOS SINTÉTICOS DE DEMOSTRACIÓN,DEMO: generado localmente,2026-10-08
Badajoz,Ciudad Real,06_14_R3,319.263,4.5609,0.0,economica_demo,DATOS SINTÉTICOS DE DEMOSTRACIÓN,DEMO: generado localmente,2026-10-08
Badajoz,Córdoba,06_15_R1,276.017,3.1366,0.0,rapida_demo,DATOS SINTÉTICOS DE DEMOSTRACIÓN,DEMO: generado localmente,2026-10-08
Badajoz,Córdoba,06_15_R2,270.497,3.4679,8.0,mixta_demo,DATOS SINTÉTICOS DE DEMOSTRACIÓN,DEMO: generado localmente,2026-10-08
Badajoz,Córdoba,06_15_R3,267.737,3.8248,0.0,economica_demo,DATOS SINTÉTICOS DE DEMOSTRACIÓN,DEMO: generado localmente,2026-10-08
Badajoz,A Coruña,06_16_R1,642.016,7.2956,0.0,rapida_demo,DATOS SINTÉTICOS DE DEMOSTRACIÓN,DEMO: generado localmente,2026-10-08
Badajoz,A Coruña,06_16_R2,629.176,8.0664,8.0,mixta_demo,DATOS SINTÉTICOS DE DEMOSTRACIÓN,DEMO: generado localmente,2026-10-08
Badajoz,A Coruña,06_16_R3,622.756,8.8965,0.0,economica_demo,DATOS SINTÉTICOS DE DEMOSTRACIÓN,DEMO: generado localmente,2026-10-08
Badajoz,Cuenca,06_17_R1,545.216,6.1956,0.0,rapida_demo,DATOS SINTÉTICOS DE DEMOSTRACIÓN,DEMO: generado localmente,2026-10-08
Badajoz,Cuenca,06_17_R2,534.312,6.8502,8.0,mixta_demo,DATOS SINTÉTICOS DE DEMOSTRACIÓN,DEMO: generado localmente,2026-10-08
Badajoz,Cuenca,06_17_R3,528.86,7.5551,0.0,economica_demo,DATOS SINTÉTICOS DE DEMOSTRACIÓN,DEMO: generado localmente,2026-10-08
Badajoz,Donostia/San Sebastián,06_18_R1,808.261,9.1848,0.0,rapida_demo,DATOS SINTÉTICOS DE DEMOSTRACIÓN,DEMO: generado localmente,2026-10-08
Badajoz,Donostia/San Sebastián,06_18_R2,792.096,10.1551,8.0,mixta_demo,DATOS SINTÉTICOS DE DEMOSTRACIÓN,DEMO: generado localmente,2026-10-08
Badajoz,Donostia/San Sebastián,06_18_R3,784.014,11.2002,0.0,economica_demo,DATOS SINTÉTICOS DE DEMOSTRACIÓN,DEMO: generado localmente,2026-10-08
Badajoz,Girona,06_19_R1,1121.63,12.7458,0.0,rapida_demo,DATOS SINTÉTICOS DE DEMOSTRACIÓN,DEMO: generado localmente,2026-10-08
Badajoz,Girona,06_19_R2,1099.198,14.0923,8.0,mixta_demo,DATOS SINTÉTICOS DE DEMOSTRACIÓN,DEMO: generado localmente,2026-10-08
Badajoz,Girona,06_19_R3,1087.981,15.5426,0.0,economica_demo,DATOS SINTÉTICOS DE DEMOSTRACIÓN,DEMO: generado localmente,2026-10-08
Badajoz,Granada,06_20_R1,438.541,4.9834,0.0,rapida_demo,DATOS SINTÉTICOS DE DEMOSTRACIÓN,DEMO: generado localmente,2026-10-08
Badajoz,Granada,06_20_R2,429.77,5.5099,8.0,mixta_demo,DATOS SINTÉTICOS DE DEMOSTRACIÓN,DEMO: generado localmente,2026-10-08
Badajoz,Granada,06_20_R3,425.385,6.0769,0.0,economica_demo,DATOS SINTÉTICOS DE DEMOSTRACIÓN,DEMO: generado localmente,2026-10-08
Badajoz,Guadalajara,06_21_R1,473.806,5.3842,0.0,rapida_demo,DATOS SINTÉTICOS DE DEMOSTRACIÓN,DEMO: generado localmente,2026-10-08
Badajoz,Guadalajara,06_21_R2,464.329,5.9529,8.0,mixta_demo,DATOS SINTÉTICOS DE DEMOSTRACIÓN,DEMO: generado localmente,2026-10-08
Badajoz,Guadalajara,06_21_R3,459.591,6.5656,0.0,economica_demo,DATOS SINTÉTICOS DE DEMOSTRACIÓN,DEMO: generado localmente,2026-10-08
Badajoz,Huelva,06_22_R1,225.509,2.5626,0.0,rapida_demo,DATOS SINTÉTICOS DE DEMOSTRACIÓN,DEMO: generado localmente,2026-10-08
Badajoz,Huelva,06_22_R2,220.999,2.8333,8.0,mixta_demo,DATOS SINTÉTICOS DE DEMOSTRACIÓN,DEMO: generado localmente,2026-10-08
Badajoz,Huelva,06_22_R3,218.744,3.1249,0.0,economica_demo,DATOS SINTÉTICOS DE DEMOSTRACIÓN,DEMO: generado localmente,2026-10-08
Badajoz,Huesca,06_23_R1,827.994,9.409,0.0,rapida_demo,DATOS SINTÉTICOS DE DEMOSTRACIÓN,DEMO: generado localmente,2026-10-08
Badajoz,Huesca,06_23_R2,811.434,10.403,8.0,mixta_demo,DATOS SINTÉTICOS DE DEMOSTRACIÓN,DEMO: generado localmente,2026-10-08
Badajoz,Huesca,06_23_R3,803.154,11.4736,0.0,economica_demo,DATOS SINTÉTICOS DE DEMOSTRACIÓN,DEMO: generado localmente,2026-10-08
Badajoz,Jaén,06_24_R1,379.638,4.3141,0.0,rapida_demo,DATOS SINTÉTICOS DE DEMOSTRACIÓN,DEMO: generado localmente,2026-10-08
Badajoz,Jaén,06_24_R2,372.046,4.7698,8.0,mixta_demo,DATOS SINTÉTICOS DE DEMOSTRACIÓN,DEMO: generado localmente,2026-10-08
Badajoz,Jaén,06_24_R3,368.249,5.2607,0.0,economica_demo,DATOS SINTÉTICOS DE DEMOSTRACIÓN,DEMO: generado localmente,2026-10-08
Badajoz,Logroño,06_25_R1,690.255,7.8438,0.0,rapida_demo,DATOS SINTÉTICOS DE DEMOSTRACIÓN,DEMO: generado localmente,2026-10-08
Badajoz,Logroño,06_25_R2,676.45,8.6724,8.0,mixta_demo,DATOS SINTÉTICOS DE DEMOSTRACIÓN,DEMO: generado localmente,2026-10-08
Badajoz,Logroño,06_25_R3,669.547,9.565,0.0,economica_demo,DATOS SINTÉTICOS DE DEMOSTRACIÓN,DEMO: generado localmente,2026-10-08
Badajoz,León,06_26_R1,537.343,6.1062,0.0,rapida_demo,DATOS SINTÉTICOS DE DEMOSTRACIÓN,DEMO: generado localmente,2026-10-08
Badajoz,León,06_26_R2,526.596,6.7512,8.0,mixta_demo,DATOS SINTÉTICOS DE DEMOSTRACIÓN,DEMO: generado localmente,2026-10-08
Badajoz,León,06_26_R3,521.223,7.446,0.0,economica_demo,DATOS SINTÉTICOS DE DEMOSTRACIÓN,DEMO: generado localmente,2026-10-08
Badajoz,Lleida,06_27_R1,890.667,10.1212,0.0,rapida_demo,DATOS SINTÉTICOS DE DEMOSTRACIÓN,DEMO: generado localmente,2026-10-08
Badajoz,Lleida,06_27_R2,872.854,11.1904,8.0,mixta_demo,DATOS SINTÉTICOS DE DEMOSTRACIÓN,DEMO: generado localmente,2026-10-08
Badajoz,Lleida,06_27_R3,863.947,12.3421,0.0,economica_demo,DATOS SINTÉTICOS DE DEMOSTRACIÓN,DEMO: generado localmente,2026-10-08
Badajoz,Lugo,06_28_R1,577.481,6.5623,0.0,rapida_demo,DATOS SINTÉTICOS DE DEMOSTRACIÓN,DEMO: generado localmente,2026-10-08
Badajoz,Lugo,06_28_R2,565.931,7.2555,8.0,mixta_demo,DATOS SINTÉTICOS DE DEMOSTRACIÓN,DEMO: generado localmente,2026-10-08
Badajoz,Lugo,06_28_R3,560.156,8.0022,0.0,economica_demo,DATOS SINTÉTICOS DE DEMOSTRACIÓN,DEMO: generado localmente,2026-10-08
Badajoz,Madrid,06_29_R1,410.899,4.6693,0.0,rapida_demo,DATOS SINTÉTICOS DE DEMOSTRACIÓN,DEMO: generado localmente,2026-10-08
Badajoz,Madrid,06_29_R2,402.681,5.1626,8.0,mixta_demo,DATOS SINTÉTICOS DE DEMOSTRACIÓN,DEMO: generado localmente,2026-10-08
Badajoz,Madrid,06_29_R3,398.572,5.6939,0.0,economica_demo,DATOS SINTÉTICOS DE DEMOSTRACIÓN,DEMO: generado localmente,2026-10-08
Badajoz,Málaga,06_30_R1,410.749,4.6676,0.0,rapida_demo,DATOS SINTÉTICOS DE DEMOSTRACIÓN,DEMO: generado localmente,2026-10-08
Badajoz,Málaga,06_30_R2,402.534,5.1607,8.0,mixta_demo,DATOS SINTÉTICOS DE DEMOSTRACIÓN,DEMO: generado localmente,2026-10-08
Badajoz,Málaga,06_30_R3,398.427,5.6918,0.0,economica_demo,DATOS SINTÉTICOS DE DEMOSTRACIÓN,DEMO: generado localmente,2026-10-08
Badajoz,Murcia,06_31_R1,647.757,7.3609,0.0,rapida_demo,DATOS SINTÉTICOS DE DEMOSTRACIÓN,DEMO: generado localmente,2026-10-08
Badajoz,Murcia,06_31_R2,634.801,8.1385,8.0,mixta_demo,DATOS SINTÉTICOS DE DEMOSTRACIÓN,DEMO: generado localmente,2026-10-08
Badajoz,Murcia,06_31_R3,628.324,8.9761,0.0,economica_demo,DATOS SINTÉTICOS DE DEMOSTRACIÓN,DEMO: generado localmente,2026-10-08
Badajoz,Pamplona/Iruña,06_32_R1,782.845,8.896,0.0,rapida_demo,DATOS SINTÉTICOS DE DEMOSTRACIÓN,DEMO: generado localmente,2026-10-08
Badajoz,Pamplona/Iruña,06_32_R2,767.188,9.8357,8.0,mixta_demo,DATOS SINTÉTICOS DE DEMOSTRACIÓN,DEMO: generado localmente,2026-10-08
Badajoz,Pamplona/Iruña,06_32_R3,759.36,10.848,0.0,economica_demo,DATOS SINTÉTICOS DE DEMOSTRACIÓN,DEMO: generado localmente,2026-10-08
Badajoz,Ourense,06_33_R1,489.617,5.5638,0.0,rapida_demo,DATOS SINTÉTICOS DE DEMOSTRACIÓN,DEMO: generado localmente,2026-10-08
Badajoz,Ourense,06_33_R2,479.825,6.1516,8.0,mixta_demo,DATOS SINTÉTICOS DE DEMOSTRACIÓN,DEMO: generado localmente,2026-10-08
Badajoz,Ourense,06_33_R3,474.929,6.7847,0.0,economica_demo,DATOS SINTÉTICOS DE DEMOSTRACIÓN,DEMO: generado localmente,2026-10-08
Badajoz,Palencia,06_34_R1,505.891,5.7488,0.0,rapida_demo,DATOS SINTÉTICOS DE DEMOSTRACIÓN,DEMO: generado localmente,2026-10-08
Badajoz,Palencia,06_34_R2,495.773,6.3561,8.0,mixta_demo,DATOS SINTÉTICOS DE DEMOSTRACIÓN,DEMO: generado localmente,2026-10-08
Badajoz,Palencia,06_34_R3,490.714,7.0102,0.0,economica_demo,DATOS SINTÉTICOS DE DEMOSTRACIÓN,DEMO: generado localmente,2026-10-08
Badajoz,Pontevedra,06_35_R1,524.536,5.9606,0.0,rapida_demo,DATOS SINTÉTICOS DE DEMOSTRACIÓN,DEMO: generado localmente,2026-10-08
Badajoz,Pontevedra,06_35_R2,514.045,6.5903,8.0,mixta_demo,DATOS SINTÉTICOS DE DEMOSTRACIÓN,DEMO: generado localmente,2026-10-08
Badajoz,Pontevedra,06_35_R3,508.8,7.2686,0.0,economica_demo,DATOS SINTÉTICOS DE DEMOSTRACIÓN,DEMO: generado localmente,2026-10-08
Badajoz,Salamanca,06_36_R1,321.699,3.6557,0.0,rapida_demo,DATOS SINTÉTICOS DE DEMOSTRACIÓN,DEMO: generado localmente,2026-10-08
Badajoz,Salamanca,06_36_R2,315.265,4.0419,8.0,mixta_demo,DATOS SINTÉTICOS DE DEMOSTRACIÓN,DEMO: generado localmente,2026-10-08
Badajoz,Salamanca,06_36_R3,312.048,4.4578,0.0,economica_demo,DATOS SINTÉTICOS DE DEMOSTRACIÓN,DEMO: generado localmente,2026-10-08
Badajoz,Segovia,06_37_R1,418.206,4.7523,0.0,rapida_demo,DATOS SINTÉTICOS DE DEMOSTRACIÓN,DEMO: generado localmente,2026-10-08
Badajoz,Segovia,06_37_R2,409.842,5.2544,8.0,mixta_demo,DATOS SINTÉTICOS DE DEMOSTRACIÓN,DEMO: generado localmente,2026-10-08
Badajoz,Segovia,06_37_R3,405.66,5.7951,0.0,economica_demo,DATOS SINTÉTICOS DE DEMOSTRACIÓN,DEMO: generado localmente,2026-10-08
Badajoz,Sevilla,06_38_R1,232.963,2.6473,0.0,rapida_demo,DATOS SINTÉTICOS DE DEMOSTRACIÓN,DEMO: generado localmente,2026-10-08
Badajoz,Sevilla,06_38_R2,228.304,2.927,8.0,mixta_demo,DATOS SINTÉTICOS DE DEMOSTRACIÓN,DEMO: generado localmente,2026-10-08
Badajoz,Sevilla,06_38_R3,225.974,3.2282,0.0,economica_demo,DATOS SINTÉTICOS DE DEMOSTRACIÓN,DEMO: generado localmente,2026-10-08
Badajoz,Soria,06_39_R1,623.284,7.0828,0.0,rapida_demo,DATOS SINTÉTICOS DE DEMOSTRACIÓN,DEMO: generado localmente,2026-10-08
Badajoz,Soria,06_39_R2,610.819,7.831,8.0,mixta_demo,DATOS SINTÉTICOS DE DEMOSTRACIÓN,DEMO: generado localmente,2026-10-08
Badajoz,Soria,06_39_R3,604.586,8.6369,0.0,economica_demo,DATOS SINTÉTICOS DE DEMOSTRACIÓN,DEMO: generado localmente,2026-10-08
Badajoz,Tarragona,06_40_R1,928.841,10.555,0.0,rapida_demo,DATOS SINTÉTICOS DE DEMOSTRACIÓN,DEMO: generado localmente,2026-10-08
Badajoz,Tarragona,06_40_R2,910.264,11.6701,8.0,mixta_demo,DATOS SINTÉTICOS DE DEMOSTRACIÓN,DEMO: generado localmente,2026-10-08
Badajoz,Tarragona,06_40_R3,900.976,12.8711,0.0,economica_demo,DATOS SINTÉTICOS DE DEMOSTRACIÓN,DEMO: generado localmente,2026-10-08
Badajoz,Teruel,06_41_R1,659.695,7.4965,0.0,rapida_demo,DATOS SINTÉTICOS DE DEMOSTRACIÓN,DEMO: generado localmente,2026-10-08
Badajoz,Teruel,06_41_R2,646.501,8.2885,8.0,mixta_demo,DATOS SINTÉTICOS DE DEMOSTRACIÓN,DEMO: generado localmente,2026-10-08
Badajoz,Teruel,06_41_R3,639.904,9.1415,0.0,economica_demo,DATOS SINTÉTICOS DE DEMOSTRACIÓN,DEMO: generado localmente,2026-10-08
Badajoz,Toledo,06_42_R1,344.311,3.9126,0.0,rapida_demo,DATOS SINTÉTICOS DE DEMOSTRACIÓN,DEMO: generado localmente,2026-10-08
Badajoz,Toledo,06_42_R2,337.425,4.326,8.0,mixta_demo,DATOS SINTÉTICOS DE DEMOSTRACIÓN,DEMO: generado localmente,2026-10-08
Badajoz,Toledo,06_42_R3,333.982,4.7712,0.0,economica_demo,DATOS SINTÉTICOS DE DEMOSTRACIÓN,DEMO: generado localmente,2026-10-08
Badajoz,Valencia,06_43_R1,714.901,8.1239,0.0,rapida_demo,DATOS SINTÉTICOS DE DEMOSTRACIÓN,DEMO: generado localmente,2026-10-08
Badajoz,Valencia,06_43_R2,700.603,8.9821,8.0,mixta_demo,DATOS SINTÉTICOS DE DEMOSTRACIÓN,DEMO: generado localmente,2026-10-08
Badajoz,Valencia,06_43_R3,693.454,9.9065,0.0,economica_demo,DATOS SINTÉTICOS DE DEMOSTRACIÓN,DEMO: generado localmente,2026-10-08
Badajoz,Valladolid,06_44_R1,452.854,5.1461,0.0,rapida_demo,DATOS SINTÉTICOS DE DEMOSTRACIÓN,DEMO: generado localmente,2026-10-08
Badajoz,Valladolid,06_44_R2,443.797,5.6897,8.0,mixta_demo,DATOS SINTÉTICOS DE DEMOSTRACIÓN,DEMO: generado localmente,2026-10-08
Badajoz,Valladolid,06_44_R3,439.268,6.2753,0.0,economica_demo,DATOS SINTÉTICOS DE DEMOSTRACIÓN,DEMO: generado localmente,2026-10-08
Badajoz,Zamora,06_45_R1,387.254,4.4006,0.0,rapida_demo,DATOS SINTÉTICOS DE DEMOSTRACIÓN,DEMO: generado localmente,2026-10-08
Badajoz,Zamora,06_45_R2,379.509,4.8655,8.0,mixta_demo,DATOS SINTÉTICOS DE DEMOSTRACIÓN,DEMO: generado localmente,2026-10-08
Badajoz,Zamora,06_45_R3,375.636,5.3662,0.0,economica_demo,DATOS SINTÉTICOS DE DEMOSTRACIÓN,DEMO: generado localmente,2026-10-08
Badajoz,Zaragoza,06_46_R1,752.39,8.5499,0.0,rapida_demo,DATOS SINTÉTICOS DE DEMOSTRACIÓN,DEMO: generado localmente,2026-10-08
Badajoz,Zaragoza,06_46_R2,737.343,9.4531,8.0,mixta_demo,DATOS SINTÉTICOS DE DEMOSTRACIÓN,DEMO: generado localmente,2026-10-08
Badajoz,Zaragoza,06_46_R3,729.819,10.426,0.0,economica_demo,DATOS SINTÉTICOS DE DEMOSTRACIÓN,DEMO: generado localmente,2026-10-08
Barcelona,Bilbao,07_08_R1,585.695,6.6556,0.0,rapida_demo,DATOS SINTÉTICOS DE DEMOSTRACIÓN,DEMO: generado localmente,2026-10-08
Barcelona,Bilbao,07_08_R2,573.981,7.3587,8.0,mixta_demo,DATOS SINTÉTICOS DE DEMOSTRACIÓN,DEMO: generado localmente,2026-10-08
Barcelona,Bilbao,07_08_R3,568.124,8.1161,0.0,economica_demo,DATOS SINTÉTICOS DE DEMOSTRACIÓN,DEMO: generado localmente,2026-10-08
Barcelona,Burgos,07_09_R1,622.905,7.0785,0.0,rapida_demo,DATOS SINTÉTICOS DE DEMOSTRACIÓN,DEMO: generado localmente,2026-10-08
Barcelona,Burgos,07_09_R2,610.447,7.8262,8.0,mixta_demo,DATOS SINTÉTICOS DE DEMOSTRACIÓN,DEMO: generado localmente,2026-10-08
Barcelona,Burgos,07_09_R3,604.218,8.6317,0.0,economica_demo,DATOS SINTÉTICOS DE DEMOSTRACIÓN,DEMO: generado localmente,2026-10-08
Barcelona,Cáceres,07_10_R1,942.151,10.7063,0.0,rapida_demo,DATOS SINTÉTICOS DE DEMOSTRACIÓN,DEMO: generado localmente,2026-10-08
Barcelona,Cáceres,07_10_R2,923.308,11.8373,8.0,mixta_demo,DATOS SINTÉTICOS DE DEMOSTRACIÓN,DEMO: generado localmente,2026-10-08
Barcelona,Cáceres,07_10_R3,913.887,13.0555,0.0,economica_demo,DATOS SINTÉTICOS DE DEMOSTRACIÓN,DEMO: generado localmente,2026-10-08
Barcelona,Cádiz,07_11_R1,1136.241,12.9118,0.0,rapida_demo,DATOS SINTÉTICOS DE DEMOSTRACIÓN,DEMO: generado localmente,2026-10-08
Barcelona,Cádiz,07_11_R2,1113.516,14.2759,8.0,mixta_demo,DATOS SINTÉTICOS DE DEMOSTRACIÓN,DEMO: generado localmente,2026-10-08
Barcelona,Cádiz,07_11_R3,1102.154,15.7451,0.0,economica_demo,DATOS SINTÉTICOS DE DEMOSTRACIÓN,DEMO: generado localmente,2026-10-08
Barcelona,Santander,07_12_R1,678.743,7.713,0.0,rapida_demo,DATOS SINTÉTICOS DE DEMOSTRACIÓN,DEMO: generado localmente,2026-10-08
Barcelona,Santander,07_12_R2,665.169,8.5278,8.0,mixta_demo,DATOS SINTÉTICOS DE DEMOSTRACIÓN,DEMO: generado localmente,2026-10-08
Barcelona,Santander,07_12_R3,658.381,9.4054,0.0,economica_demo,DATOS SINTÉTICOS DE DEMOSTRACIÓN,DEMO: generado localmente,2026-10-08
Barcelona,Castelló de la Plana/Castellón de la Plana,07_13_R1,303.596,3.45,0.0,rapida_demo,DATOS SINTÉTICOS DE DEMOSTRACIÓN,DEMO: generado localmente,2026-10-08
Barcelona,Castelló de la Plana/Castellón de la Plana,07_13_R2,297.524,3.8144,8.0,mixta_demo,DATOS SINTÉTICOS DE DEMOSTRACIÓN,DEMO: generado localmente,2026-10-08
Barcelona,Castelló de la Plana/Castellón de la Plana,07_13_R3,294.488,4.207,0.0,economica_demo,DATOS SINTÉTICOS DE DEMOSTRACIÓN,DEMO: generado localmente,2026-10-08
Barcelona,Ciudad Real,07_14_R1,728.748,8.2812,0.0,rapida_demo,DATOS SINTÉTICOS DE DEMOSTRACIÓN,DEMO: generado localmente,2026-10-08
Barcelona,Ciudad Real,07_14_R2,714.173,9.1561,8.0,mixta_demo,DATOS SINTÉTICOS DE DEMOSTRACIÓN,DEMO: generado localmente,2026-10-08
Barcelona,Ciudad Real,07_14_R3,706.886,10.0984,0.0,economica_demo,DATOS SINTÉTICOS DE DEMOSTRACIÓN,DEMO: generado localmente,2026-10-08
Barcelona,Córdoba,07_15_R1,888.551,10.0972,0.0,rapida_demo,DATOS SINTÉTICOS DE DEMOSTRACIÓN,DEMO: generado localmente,2026-10-08
Barcelona,Córdoba,07_15_R2,870.78,11.1639,8.0,mixta_demo,DATOS SINTÉTICOS DE DEMOSTRACIÓN,DEMO: generado localmente,2026-10-08
Barcelona,Córdoba,07_15_R3,861.895,12.3128,0.0,economica_demo,DATOS SINTÉTICOS DE DEMOSTRACIÓN,DEMO: generado localmente,2026-10-08
Barcelona,A Coruña,07_16_R1,1119.436,12.7209,0.0,rapida_demo,DATOS SINTÉTICOS DE DEMOSTRACIÓN,DEMO: generado localmente,2026-10-08
Barcelona,A Coruña,07_16_R2,1097.047,14.0647,8.0,mixta_demo,DATOS SINTÉTICOS DE DEMOSTRACIÓN,DEMO: generado localmente,2026-10-08
Barcelona,A Coruña,07_16_R3,1085.853,15.5122,0.0,economica_demo,DATOS SINTÉTICOS DE DEMOSTRACIÓN,DEMO: generado localmente,2026-10-08
Barcelona,Cuenca,07_17_R1,488.518,5.5513,0.0,rapida_demo,DATOS SINTÉTICOS DE DEMOSTRACIÓN,DEMO: generado localmente,2026-10-08
Barcelona,Cuenca,07_17_R2,478.748,6.1378,8.0,mixta_demo,DATOS SINTÉTICOS DE DEMOSTRACIÓN,DEMO: generado localmente,2026-10-08
Barcelona,Cuenca,07_17_R3,473.862,6.7695,0.0,economica_demo,DATOS SINTÉTICOS DE DEMOSTRACIÓN,DEMO: generado localmente,2026-10-08
Barcelona,Donostia/San Sebastián,07_18_R1,505.399,5.7432,0.0,rapida_demo,DATOS SINTÉTICOS DE DEMOSTRACIÓN,DEMO: generado localmente,2026-10-08
Barcelona,Donostia/San Sebastián,07_18_R2,495.291,6.3499,8.0,mixta_demo,DATOS SINTÉTICOS DE DEMOSTRACIÓN,DEMO: generado localmente,2026-10-08
Barcelona,Donostia/San Sebastián,07_18_R3,490.237,7.0034,0.0,economica_demo,DATOS SINTÉTICOS DE DEMOSTRACIÓN,DEMO: generado localmente,2026-10-08
Barcelona,Girona,07_19_R1,107.185,1.218,0.0,rapida_demo,DATOS SINTÉTICOS DE DEMOSTRACIÓN,DEMO: generado localmente,2026-10-08
Barcelona,Girona,07_19_R2,105.041,1.3467,8.0,mixta_demo,DATOS SINTÉTICOS DE DEMOSTRACIÓN,DEMO: generado localmente,2026-10-08
Barcelona,Girona,07_19_R3,103.969,1.4853,0.0,economica_demo,DATOS SINTÉTICOS DE DEMOSTRACIÓN,DEMO: generado localmente,2026-10-08
Barcelona,Granada,07_20_R1,853.029,9.6935,0.0,rapida_demo,DATOS SINTÉTICOS DE DEMOSTRACIÓN,DEMO: generado localmente,2026-10-08
Barcelona,Granada,07_20_R2,835.969,10.7175,8.0,mixta_demo,DATOS SINTÉTICOS DE DEMOSTRACIÓN,DEMO: generado localmente,2026-10-08
Barcelona,Granada,07_20_R3,827.438,11.8205,0.0,economica_demo,DATOS SINTÉTICOS DE DEMOSTRACIÓN,DEMO: generado localmente,2026-10-08
Barcelona,Guadalajara,07_21_R1,570.084,6.4782,0.0,rapida_demo,DATOS SINTÉTICOS DE DEMOSTRACIÓN,DEMO: generado localmente,2026-10-08
Barcelona,Guadalajara,07_21_R2,558.683,7.1626,8.0,mixta_demo,DATOS SINTÉTICOS DE DEMOSTRACIÓN,DEMO: generado localmente,2026-10-08
Barcelona,Guadalajara,07_21_R3,552.982,7.8997,0.0,economica_demo,DATOS SINTÉTICOS DE DEMOSTRACIÓN,DEMO: generado localmente,2026-10-08
Barcelona,Huelva,07_22_R1,1135.764,12.9064,0.0,rapida_demo,DATOS SINTÉTICOS DE DEMOSTRACIÓN,DEMO: generado localmente,2026-10-08
Barcelona,Huelva,07_22_R2,1113.049,14.2699,8.0,mixta_demo,DATOS SINTÉTICOS DE DEMOSTRACIÓN,DEMO: generado localmente,2026-10-08
Barcelona,Huelva,07_22_R3,1101.691,15.7384,0.0,economica_demo,DATOS SINTÉTICOS DE DEMOSTRACIÓN,DEMO: generado localmente,2026-10-08
Barcelona,Huesca,07_23_R1,288.117,3.2741,0.0,rapida_demo,DATOS SINTÉTICOS DE DEMOSTRACIÓN,DEMO: generado localmente,2026-10-08
Barcelona,Huesca,07_23_R2,282.355,3.6199,8.0,mixta_demo,DATOS SINTÉTICOS DE DEMOSTRACIÓN,DEMO: generado localmente,2026-10-08
Barcelona,Huesca,07_23_R3,279.473,3.9925,0.0,economica_demo,DATOS SINTÉTICOS DE DEMOSTRACIÓN,DEMO: generado localmente,2026-10-08
Barcelona,Jaén,07_24_R1,813.113,9.2399,0.0,rapida_demo,DATOS SINTÉTICOS DE DEMOSTRACIÓN,DEMO: generado localmente,2026-10-08
Barcelona,Jaén,07_24_R2,796.851,10.216,8.0,mixta_demo,DATOS SINTÉTICOS DE DEMOSTRACIÓN,DEMO: generado localmente,2026-10-08
Barcelona,Jaén,07_24_R3,788.72,11.2674,0.0,economica_demo,DATOS SINTÉTICOS DE DEMOSTRACIÓN,DEMO: generado localmente,2026-10-08
Barcelona,Logroño,07_25_R1,500.553,5.6881,0.0,rapida_demo,DATOS SINTÉTICOS DE DEMOSTRACIÓN,DEMO: generado localmente,2026-10-08
Barcelona,Logroño,07_25_R2,490.542,6.289,8.0,mixta_demo,DATOS SINTÉTICOS DE DEMOSTRACIÓN,DEMO: generado localmente,2026-10-08
Barcelona,Logroño,07_25_R3,485.537,6.9362,0.0,economica_demo,DATOS SINTÉTICOS DE DEMOSTRACIÓN,DEMO: generado localmente,2026-10-08
Barcelona,León,07_26_R1,818.12,9.2968,0.0,rapida_demo,DATOS SINTÉTICOS DE DEMOSTRACIÓN,DEMO: generado localmente,2026-10-08
Barcelona,León,07_26_R2,801.757,10.2789,8.0,mixta_demo,DATOS SINTÉTICOS DE DEMOSTRACIÓN,DEMO: generado localmente,2026-10-08
Barcelona,León,07_26_R3,793.576,11.3368,0.0,economica_demo,DATOS SINTÉTICOS DE DEMOSTRACIÓN,DEMO: generado localmente,2026-10-08
Barcelona,Lleida,07_27_R1,164.63,1.8708,0.0,rapida_demo,DATOS SINTÉTICOS DE DEMOSTRACIÓN,DEMO: generado localmente,2026-10-08
Barcelona,Lleida,07_27_R2,161.338,2.0684,8.0,mixta_demo,DATOS SINTÉTICOS DE DEMOSTRACIÓN,DEMO: generado localmente,2026-10-08
Barcelona,Lleida,07_27_R3,159.691,2.2813,0.0,economica_demo,DATOS SINTÉTICOS DE DEMOSTRACIÓN,DEMO: generado localmente,2026-10-08
Barcelona,Lugo,07_28_R1,1026.821,11.6684,0.0,rapida_demo,DATOS SINTÉTICOS DE DEMOSTRACIÓN,DEMO: generado localmente,2026-10-08
Barcelona,Lugo,07_28_R2,1006.285,12.9011,8.0,mixta_demo,DATOS SINTÉTICOS DE DEMOSTRACIÓN,DEMO: generado localmente,2026-10-08
Barcelona,Lugo,07_28_R3,996.016,14.2288,0.0,economica_demo,DATOS SINTÉTICOS DE DEMOSTRACIÓN,DEMO: generado localmente,2026-10-08
Barcelona,Madrid,07_29_R1,630.86,7.1689,0.0,rapida_demo,DATOS SINTÉTICOS DE DEMOSTRACIÓN,DEMO: generado localmente,2026-10-08
Barcelona,Madrid,07_29_R2,618.243,7.9262,8.0,mixta_demo,DATOS SINTÉTICOS DE DEMOSTRACIÓN,DEMO: generado localmente,2026-10-08
Barcelona,Madrid,07_29_R3,611.934,8.7419,0.0,economica_demo,DATOS SINTÉTICOS DE DEMOSTRACIÓN,DEMO: generado localmente,2026-10-08
Barcelona,Málaga,07_30_R1,961.871,10.9304,0.0,rapida_demo,DATOS SINTÉTICOS DE DEMOSTRACIÓN,DEMO: generado localmente,2026-10-08
Barcelona,Málaga,07_30_R2,942.633,12.085,8.0,mixta_demo,DATOS SINTÉTICOS DE DEMOSTRACIÓN,DEMO: generado localmente,2026-10-08
Barcelona,Málaga,07_30_R3,933.015,13.3288,0.0,economica_demo,DATOS SINTÉTICOS DE DEMOSTRACIÓN,DEMO: generado localmente,2026-10-08
Barcelona,Murcia,07_31_R1,590.114,6.7058,0.0,rapida_demo,DATOS SINTÉTICOS DE DEMOSTRACIÓN,DEMO: generado localmente,2026-10-08
Barcelona,Murcia,07_31_R2,578.312,7.4143,8.0,mixta_demo,DATOS SINTÉTICOS DE DEMOSTRACIÓN,DEMO: generado localmente,2026-10-08
Barcelona,Murcia,07_31_R3,572.41,8.1773,0.0,economica_demo,DATOS SINTÉTICOS DE DEMOSTRACIÓN,DEMO: generado localmente,2026-10-08
Barcelona,Pamplona/Iruña,07_32_R1,441.757,5.02,0.0,rapida_demo,DATOS SINTÉTICOS DE DEMOSTRACIÓN,DEMO: generado localmente,2026-10-08
Barcelona,Pamplona/Iruña,07_32_R2,432.922,5.5503,8.0,mixta_demo,DATOS SINTÉTICOS DE DEMOSTRACIÓN,DEMO: generado localmente,2026-10-08
Barcelona,Pamplona/Iruña,07_32_R3,428.504,6.1215,0.0,economica_demo,DATOS SINTÉTICOS DE DEMOSTRACIÓN,DEMO: generado localmente,2026-10-08
Barcelona,Ourense,07_33_R1,1047.265,11.9007,0.0,rapida_demo,DATOS SINTÉTICOS DE DEMOSTRACIÓN,DEMO: generado localmente,2026-10-08
Barcelona,Ourense,07_33_R2,1026.32,13.1579,8.0,mixta_demo,DATOS SINTÉTICOS DE DEMOSTRACIÓN,DEMO: generado localmente,2026-10-08
Barcelona,Ourense,07_33_R3,1015.847,14.5121,0.0,economica_demo,DATOS SINTÉTICOS DE DEMOSTRACIÓN,DEMO: generado localmente,2026-10-08
Barcelona,Palencia,07_34_R1,701.688,7.9737,0.0,rapida_demo,DATOS SINTÉTICOS DE DEMOSTRACIÓN,DEMO: generado localmente,2026-10-08
Barcelona,Palencia,07_34_R2,687.654,8.8161,8.0,mixta_demo,DATOS SINTÉTICOS DE DEMOSTRACIÓN,DEMO: generado localmente,2026-10-08
Barcelona,Palencia,07_34_R3,680.637,9.7234,0.0,economica_demo,DATOS SINTÉTICOS DE DEMOSTRACIÓN,DEMO: generado localmente,2026-10-08
Barcelona,Pontevedra,07_35_R1,1128.373,12.8224,0.0,rapida_demo,DATOS SINTÉTICOS DE DEMOSTRACIÓN,DEMO: generado localmente,2026-10-08
Barcelona,Pontevedra,07_35_R2,1105.806,14.177,8.0,mixta_demo,DATOS SINTÉTICOS DE DEMOSTRACIÓN,DEMO: generado localmente,2026-10-08
Barcelona,Pontevedra,07_35_R3,1094.522,15.636,0.0,economica_demo,DATOS SINTÉTICOS DE DEMOSTRACIÓN,DEMO: generado localmente,2026-10-08
Barcelona,Salamanca,07_36_R1,822.113,9.3422,0.0,rapida_demo,DATOS SINTÉTICOS DE DEMOSTRACIÓN,DEMO: generado localmente,2026-10-08
Barcelona,Salamanca,07_36_R2,805.671,10.3291,8.0,mixta_demo,DATOS SINTÉTICOS DE DEMOSTRACIÓN,DEMO: generado localmente,2026-10-08
Barcelona,Salamanca,07_36_R3,797.45,11.3921,0.0,economica_demo,DATOS SINTÉTICOS DE DEMOSTRACIÓN,DEMO: generado localmente,2026-10-08
Barcelona,Segovia,07_37_R1,661.948,7.5221,0.0,rapida_demo,DATOS SINTÉTICOS DE DEMOSTRACIÓN,DEMO: generado localmente,2026-10-08
Barcelona,Segovia,07_37_R2,648.709,8.3168,8.0,mixta_demo,DATOS SINTÉTICOS DE DEMOSTRACIÓN,DEMO: generado localmente,2026-10-08
Barcelona,Segovia,07_37_R3,642.09,9.1727,0.0,economica_demo,DATOS SINTÉTICOS DE DEMOSTRACIÓN,DEMO: generado localmente,2026-10-08
Barcelona,Sevilla,07_38_R1,1037.953,11.7949,0.0,rapida_demo,DATOS SINTÉTICOS DE DEMOSTRACIÓN,DEMO: generado localmente,2026-10-08
Barcelona,Sevilla,07_38_R2,1017.193,13.0409,8.0,mixta_demo,DATOS SINTÉTICOS DE DEMOSTRACIÓN,DEMO: generado localmente,2026-10-08
Barcelona,Sevilla,07_38_R3,1006.814,14.3831,0.0,economica_demo,DATOS SINTÉTICOS DE DEMOSTRACIÓN,DEMO: generado localmente,2026-10-08
Barcelona,Soria,07_39_R1,485.471,5.5167,0.0,rapida_demo,DATOS SINTÉTICOS DE DEMOSTRACIÓN,DEMO: generado localmente,2026-10-08
Barcelona,Soria,07_39_R2,475.761,6.0995,8.0,mixta_demo,DATOS SINTÉTICOS DE DEMOSTRACIÓN,DEMO: generado localmente,2026-10-08
Barcelona,Soria,07_39_R3,470.907,6.7272,0.0,economica_demo,DATOS SINTÉTICOS DE DEMOSTRACIÓN,DEMO: generado localmente,2026-10-08
Barcelona,Tarragona,07_40_R1,103.267,1.1735,0.0,rapida_demo,DATOS SINTÉTICOS DE DEMOSTRACIÓN,DEMO: generado localmente,2026-10-08
Barcelona,Tarragona,07_40_R2,101.201,1.2975,8.0,mixta_demo,DATOS SINTÉTICOS DE DEMOSTRACIÓN,DEMO: generado localmente,2026-10-08
Barcelona,Tarragona,07_40_R3,100.169,1.431,0.0,economica_demo,DATOS SINTÉTICOS DE DEMOSTRACIÓN,DEMO: generado localmente,2026-10-08
Barcelona,Teruel,07_41_R1,374.293,4.2533,0.0,rapida_demo,DATOS SINTÉTICOS DE DEMOSTRACIÓN,DEMO: generado localmente,2026-10-08
Barcelona,Teruel,07_41_R2,366.807,4.7026,8.0,mixta_demo,DATOS SINTÉTICOS DE DEMOSTRACIÓN,DEMO: generado localmente,2026-10-08
Barcelona,Teruel,07_41_R3,363.064,5.1866,0.0,economica_demo,DATOS SINTÉTICOS DE DEMOSTRACIÓN,DEMO: generado localmente,2026-10-08
Barcelona,Toledo,07_42_R1,687.726,7.8151,0.0,rapida_demo,DATOS SINTÉTICOS DE DEMOSTRACIÓN,DEMO: generado localmente,2026-10-08
Barcelona,Toledo,07_42_R2,673.972,8.6407,8.0,mixta_demo,DATOS SINTÉTICOS DE DEMOSTRACIÓN,DEMO: generado localmente,2026-10-08
Barcelona,Toledo,07_42_R3,667.094,9.5299,0.0,economica_demo,DATOS SINTÉTICOS DE DEMOSTRACIÓN,DEMO: generado localmente,2026-10-08
Barcelona,Valencia,07_43_R1,379.081,4.3077,0.0,rapida_demo,DATOS SINTÉTICOS DE DEMOSTRACIÓN,DEMO: generado localmente,2026-10-08
Barcelona,Valencia,07_43_R2,371.499,4.7628,8.0,mixta_demo,DATOS SINTÉTICOS DE DEMOSTRACIÓN,DEMO: generado localmente,2026-10-08
Barcelona,Valencia,07_43_R3,367.708,5.253,0.0,economica_demo,DATOS SINTÉTICOS DE DEMOSTRACIÓN,DEMO: generado localmente,2026-10-08
Barcelona,Valladolid,07_44_R1,719.523,8.1764,0.0,rapida_demo,DATOS SINTÉTICOS DE DEMOSTRACIÓN,DEMO: generado localmente,2026-10-08
Barcelona,Valladolid,07_44_R2,705.132,9.0402,8.0,mixta_demo,DATOS SINTÉTICOS DE DEMOSTRACIÓN,DEMO: generado localmente,2026-10-08
Barcelona,Valladolid,07_44_R3,697.937,9.9705,0.0,economica_demo,DATOS SINTÉTICOS DE DEMOSTRACIÓN,DEMO: generado localmente,2026-10-08
Barcelona,Zamora,07_45_R1,825.545,9.3812,0.0,rapida_demo,DATOS SINTÉTICOS DE DEMOSTRACIÓN,DEMO: generado localmente,2026-10-08
Barcelona,Zamora,07_45_R2,809.034,10.3722,8.0,mixta_demo,DATOS SINTÉTICOS DE DEMOSTRACIÓN,DEMO: generado localmente,2026-10-08
Barcelona,Zamora,07_45_R3,800.779,11.4397,0.0,economica_demo,DATOS SINTÉTICOS DE DEMOSTRACIÓN,DEMO: generado localmente,2026-10-08
Barcelona,Zaragoza,07_46_R1,320.16,3.6382,0.0,rapida_demo,DATOS SINTÉTICOS DE DEMOSTRACIÓN,DEMO: generado localmente,2026-10-08
Barcelona,Zaragoza,07_46_R2,313.757,4.0225,8.0,mixta_demo,DATOS SINTÉTICOS DE DEMOSTRACIÓN,DEMO: generado localmente,2026-10-08
Barcelona,Zaragoza,07_46_R3,310.555,4.4365,0.0,economica_demo,DATOS SINTÉTICOS DE DEMOSTRACIÓN,DEMO: generado localmente,2026-10-08
Bilbao,Burgos,08_09_R1,150.954,1.7154,0.0,rapida_demo,DATOS SINTÉTICOS DE DEMOSTRACIÓN,DEMO: generado localmente,2026-10-08
Bilbao,Burgos,08_09_R2,147.935,1.8966,8.0,mixta_demo,DATOS SINTÉTICOS DE DEMOSTRACIÓN,DEMO: generado localmente,2026-10-08
Bilbao,Burgos,08_09_R3,146.426,2.0918,0.0,economica_demo,DATOS SINTÉTICOS DE DEMOSTRACIÓN,DEMO: generado localmente,2026-10-08
Bilbao,Cáceres,08_10_R1,637.708,7.2467,0.0,rapida_demo,DATOS SINTÉTICOS DE DEMOSTRACIÓN,DEMO: generado localmente,2026-10-08
Bilbao,Cáceres,08_10_R2,624.954,8.0122,8.0,mixta_demo,DATOS SINTÉTICOS DE DEMOSTRACIÓN,DEMO: generado localmente,2026-10-08
Bilbao,Cáceres,08_10_R3,618.577,8.8368,0.0,economica_demo,DATOS SINTÉTICOS DE DEMOSTRACIÓN,DEMO: generado localmente,2026-10-08
Bilbao,Cádiz,08_11_R1,1002.424,11.3912,0.0,rapida_demo,DATOS SINTÉTICOS DE DEMOSTRACIÓN,DEMO: generado localmente,2026-10-08
Bilbao,Cádiz,08_11_R2,982.376,12.5946,8.0,mixta_demo,DATOS SINTÉTICOS DE DEMOSTRACIÓN,DEMO: generado localmente,2026-10-08
Bilbao,Cádiz,08_11_R3,972.351,13.8907,0.0,economica_demo,DATOS SINTÉTICOS DE DEMOSTRACIÓN,DEMO: generado localmente,2026-10-08
Bilbao,Santander,08_12_R1,93.721,1.065,0.0,rapida_demo,DATOS SINTÉTICOS DE DEMOSTRACIÓN,DEMO: generado localmente,2026-10-08
Bilbao,Santander,08_12_R2,91.846,1.1775,8.0,mixta_demo,DATOS SINTÉTICOS DE DEMOSTRACIÓN,DEMO: generado localmente,2026-10-08
Bilbao,Santander,08_12_R3,90.909,1.2987,0.0,economica_demo,DATOS SINTÉTICOS DE DEMOSTRACIÓN,DEMO: generado localmente,2026-10-08
Bilbao,Castelló de la Plana/Castellón de la Plana,08_13_R1,545.352,6.1972,0.0,rapida_demo,DATOS SINTÉTICOS DE DEMOSTRACIÓN,DEMO: generado localmente,2026-10-08
Bilbao,Castelló de la Plana/Castellón de la Plana,08_13_R2,534.445,6.8519,8.0,mixta_demo,DATOS SINTÉTICOS DE DEMOSTRACIÓN,DEMO: generado localmente,2026-10-08
Bilbao,Castelló de la Plana/Castellón de la Plana,08_13_R3,528.991,7.557,0.0,economica_demo,DATOS SINTÉTICOS DE DEMOSTRACIÓN,DEMO: generado localmente,2026-10-08
Bilbao,Ciudad Real,08_14_R1,604.021,6.8639,0.0,rapida_demo,DATOS SINTÉTICOS DE DEMOSTRACIÓN,DEMO: generado localmente,2026-10-08
Bilbao,Ciudad Real,08_14_R2,591.94,7.589,8.0,mixta_demo,DATOS SINTÉTICOS DE DEMOSTRACIÓN,DEMO: generado localmente,2026-10-08
Bilbao,Ciudad Real,08_14_R3,585.9,8.37,0.0,economica_demo,DATOS SINTÉTICOS DE DEMOSTRACIÓN,DEMO: generado localmente,2026-10-08
Bilbao,Córdoba,08_15_R1,772.755,8.7813,0.0,rapida_demo,DATOS SINTÉTICOS DE DEMOSTRACIÓN,DEMO: generado localmente,2026-10-08
Bilbao,Córdoba,08_15_R2,757.3,9.709,8.0,mixta_demo,DATOS SINTÉTICOS DE DEMOSTRACIÓN,DEMO: generado localmente,2026-10-08
Bilbao,Córdoba,08_15_R3,749.572,10.7082,0.0,economica_demo,DATOS SINTÉTICOS DE DEMOSTRACIÓN,DEMO: generado localmente,2026-10-08
Bilbao,A Coruña,08_16_R1,553.501,6.2898,0.0,rapida_demo,DATOS SINTÉTICOS DE DEMOSTRACIÓN,DEMO: generado localmente,2026-10-08
Bilbao,A Coruña,08_16_R2,542.431,6.9542,8.0,mixta_demo,DATOS SINTÉTICOS DE DEMOSTRACIÓN,DEMO: generado localmente,2026-10-08
Bilbao,A Coruña,08_16_R3,536.896,7.6699,0.0,economica_demo,DATOS SINTÉTICOS DE DEMOSTRACIÓN,DEMO: generado localmente,2026-10-08
Bilbao,Cuenca,08_17_R1,450.473,5.119,0.0,rapida_demo,DATOS SINTÉTICOS DE DEMOSTRACIÓN,DEMO: generado localmente,2026-10-08
Bilbao,Cuenca,08_17_R2,441.464,5.6598,8.0,mixta_demo,DATOS SINTÉTICOS DE DEMOSTRACIÓN,DEMO: generado localmente,2026-10-08
Bilbao,Cuenca,08_17_R3,436.959,6.2423,0.0,economica_demo,DATOS SINTÉTICOS DE DEMOSTRACIÓN,DEMO: generado localmente,2026-10-08
Bilbao,Donostia/San Sebastián,08_18_R1,95.202,1.0818,0.0,rapida_demo,DATOS SINTÉTICOS DE DEMOSTRACIÓN,DEMO: generado localmente,2026-10-08
Bilbao,Donostia/San Sebastián,08_18_R2,93.298,1.1961,8.0,mixta_demo,DATOS SINTÉTICOS DE DEMOSTRACIÓN,DEMO: generado localmente,2026-10-08
Bilbao,Donostia/San Sebastián,08_18_R3,92.346,1.3192,0.0,economica_demo,DATOS SINTÉTICOS DE DEMOSTRACIÓN,DEMO: generado localmente,2026-10-08
Bilbao,Girona,08_19_R1,614.123,6.9787,0.0,rapida_demo,DATOS SINTÉTICOS DE DEMOSTRACIÓN,DEMO: generado localmente,2026-10-08
Bilbao,Girona,08_19_R2,601.841,7.7159,8.0,mixta_demo,DATOS SINTÉTICOS DE DEMOSTRACIÓN,DEMO: generado localmente,2026-10-08
Bilbao,Girona,08_19_R3,595.699,8.51,0.0,economica_demo,DATOS SINTÉTICOS DE DEMOSTRACIÓN,DEMO: generado localmente,2026-10-08
Bilbao,Granada,08_20_R1,849.481,9.6532,0.0,rapida_demo,DATOS SINTÉTICOS DE DEMOSTRACIÓN,DEMO: generado localmente,2026-10-08
Bilbao,Granada,08_20_R2,832.491,10.673,8.0,mixta_demo,DATOS SINTÉTICOS DE DEMOSTRACIÓN,DEMO: generado localmente,2026-10-08
Bilbao,Granada,08_20_R3,823.996,11.7714,0.0,economica_demo,DATOS SINTÉTICOS DE DEMOSTRACIÓN,DEMO: generado localmente,2026-10-08
Bilbao,Guadalajara,08_21_R1,366.506,4.1648,0.0,rapida_demo,DATOS SINTÉTICOS DE DEMOSTRACIÓN,DEMO: generado localmente,2026-10-08
Bilbao,Guadalajara,08_21_R2,359.176,4.6048,8.0,mixta_demo,DATOS SINTÉTICOS DE DEMOSTRACIÓN,DEMO: generado localmente,2026-10-08
Bilbao,Guadalajara,08_21_R3,355.511,5.0787,0.0,economica_demo,DATOS SINTÉTICOS DE DEMOSTRACIÓN,DEMO: generado localmente,2026-10-08
Bilbao,Huelva,08_22_R1,937.594,10.6545,0.0,rapida_demo,DATOS SINTÉTICOS DE DEMOSTRACIÓN,DEMO: generado localmente,2026-10-08
Bilbao,Huelva,08_22_R2,918.842,11.78,8.0,mixta_demo,DATOS SINTÉTICOS DE DEMOSTRACIÓN,DEMO: generado localmente,2026-10-08
Bilbao,Huelva,08_22_R3,909.466,12.9924,0.0,economica_demo,DATOS SINTÉTICOS DE DEMOSTRACIÓN,DEMO: generado localmente,2026-10-08
Bilbao,Huesca,08_23_R1,300.569,3.4156,0.0,rapida_demo,DATOS SINTÉTICOS DE DEMOSTRACIÓN,DEMO: generado localmente,2026-10-08
Bilbao,Huesca,08_23_R2,294.558,3.7764,8.0,mixta_demo,DATOS SINTÉTICOS DE DEMOSTRACIÓN,DEMO: generado localmente,2026-10-08
Bilbao,Huesca,08_23_R3,291.552,4.165,0.0,economica_demo,DATOS SINTÉTICOS DE DEMOSTRACIÓN,DEMO: generado localmente,2026-10-08
Bilbao,Jaén,08_24_R1,769.878,8.7486,0.0,rapida_demo,DATOS SINTÉTICOS DE DEMOSTRACIÓN,DEMO: generado localmente,2026-10-08
Bilbao,Jaén,08_24_R2,754.48,9.6728,8.0,mixta_demo,DATOS SINTÉTICOS DE DEMOSTRACIÓN,DEMO: generado localmente,2026-10-08
Bilbao,Jaén,08_24_R3,746.781,10.6683,0.0,economica_demo,DATOS SINTÉTICOS DE DEMOSTRACIÓN,DEMO: generado localmente,2026-10-08
Bilbao,Logroño,08_25_R1,121.386,1.3794,0.0,rapida_demo,DATOS SINTÉTICOS DE DEMOSTRACIÓN,DEMO: generado localmente,2026-10-08
Bilbao,Logroño,08_25_R2,118.959,1.5251,8.0,mixta_demo,DATOS SINTÉTICOS DE DEMOSTRACIÓN,DEMO: generado localmente,2026-10-08
Bilbao,Logroño,08_25_R3,117.745,1.6821,0.0,economica_demo,DATOS SINTÉTICOS DE DEMOSTRACIÓN,DEMO: generado localmente,2026-10-08
Bilbao,León,08_26_R1,285.215,3.2411,0.0,rapida_demo,DATOS SINTÉTICOS DE DEMOSTRACIÓN,DEMO: generado localmente,2026-10-08
Bilbao,León,08_26_R2,279.511,3.5835,8.0,mixta_demo,DATOS SINTÉTICOS DE DEMOSTRACIÓN,DEMO: generado localmente,2026-10-08
Bilbao,León,08_26_R3,276.658,3.9523,0.0,economica_demo,DATOS SINTÉTICOS DE DEMOSTRACIÓN,DEMO: generado localmente,2026-10-08
Bilbao,Lleida,08_27_R1,430.268,4.8894,0.0,rapida_demo,DATOS SINTÉTICOS DE DEMOSTRACIÓN,DEMO: generado localmente,2026-10-08
Bilbao,Lleida,08_27_R2,421.662,5.4059,8.0,mixta_demo,DATOS SINTÉTICOS DE DEMOSTRACIÓN,DEMO: generado localmente,2026-10-08
Bilbao,Lleida,08_27_R3,417.36,5.9623,0.0,economica_demo,DATOS SINTÉTICOS DE DEMOSTRACIÓN,DEMO: generado localmente,2026-10-08
Bilbao,Lugo,08_28_R1,471.09,5.3533,0.0,rapida_demo,DATOS SINTÉTICOS DE DEMOSTRACIÓN,DEMO: generado localmente,2026-10-08
Bilbao,Lugo,08_28_R2,461.668,5.9188,8.0,mixta_demo,DATOS SINTÉTICOS DE DEMOSTRACIÓN,DEMO: generado localmente,2026-10-08
Bilbao,Lugo,08_28_R3,456.957,6.528,0.0,economica_demo,DATOS SINTÉTICOS DE DEMOSTRACIÓN,DEMO: generado localmente,2026-10-08
Bilbao,Madrid,08_29_R1,403.386,4.5839,0.0,rapida_demo,DATOS SINTÉTICOS DE DEMOSTRACIÓN,DEMO: generado localmente,2026-10-08
Bilbao,Madrid,08_29_R2,395.318,5.0682,8.0,mixta_demo,DATOS SINTÉTICOS DE DEMOSTRACIÓN,DEMO: generado localmente,2026-10-08
Bilbao,Madrid,08_29_R3,391.284,5.5898,0.0,economica_demo,DATOS SINTÉTICOS DE DEMOSTRACIÓN,DEMO: generado localmente,2026-10-08
Bilbao,Málaga,08_30_R1,923.285,10.4919,0.0,rapida_demo,DATOS SINTÉTICOS DE DEMOSTRACIÓN,DEMO: generado localmente,2026-10-08
Bilbao,Málaga,08_30_R2,904.819,11.6002,8.0,mixta_demo,DATOS SINTÉTICOS DE DEMOSTRACIÓN,DEMO: generado localmente,2026-10-08
Bilbao,Málaga,08_30_R3,895.586,12.7941,0.0,economica_demo,DATOS SINTÉTICOS DE DEMOSTRACIÓN,DEMO: generado localmente,2026-10-08
Bilbao,Murcia,08_31_R1,757.926,8.6128,0.0,rapida_demo,DATOS SINTÉTICOS DE DEMOSTRACIÓN,DEMO: generado localmente,2026-10-08
Bilbao,Murcia,08_31_R2,742.768,9.5227,8.0,mixta_demo,DATOS SINTÉTICOS DE DEMOSTRACIÓN,DEMO: generado localmente,2026-10-08
Bilbao,Murcia,08_31_R3,735.188,10.5027,0.0,economica_demo,DATOS SINTÉTICOS DE DEMOSTRACIÓN,DEMO: generado localmente,2026-10-08
Bilbao,Pamplona/Iruña,08_32_R1,143.94,1.6357,0.0,rapida_demo,DATOS SINTÉTICOS DE DEMOSTRACIÓN,DEMO: generado localmente,2026-10-08
Bilbao,Pamplona/Iruña,08_32_R2,141.061,1.8085,8.0,mixta_demo,DATOS SINTÉTICOS DE DEMOSTRACIÓN,DEMO: generado localmente,2026-10-08
Bilbao,Pamplona/Iruña,08_32_R3,139.622,1.9946,0.0,economica_demo,DATOS SINTÉTICOS DE DEMOSTRACIÓN,DEMO: generado localmente,2026-10-08
Bilbao,Ourense,08_33_R1,520.023,5.9094,0.0,rapida_demo,DATOS SINTÉTICOS DE DEMOSTRACIÓN,DEMO: generado localmente,2026-10-08
Bilbao,Ourense,08_33_R2,509.622,6.5336,8.0,mixta_demo,DATOS SINTÉTICOS DE DEMOSTRACIÓN,DEMO: generado localmente,2026-10-08
Bilbao,Ourense,08_33_R3,504.422,7.206,0.0,economica_demo,DATOS SINTÉTICOS DE DEMOSTRACIÓN,DEMO: generado localmente,2026-10-08
Bilbao,Palencia,08_34_R1,239.605,2.7228,0.0,rapida_demo,DATOS SINTÉTICOS DE DEMOSTRACIÓN,DEMO: generado localmente,2026-10-08
Bilbao,Palencia,08_34_R2,234.813,3.0104,8.0,mixta_demo,DATOS SINTÉTICOS DE DEMOSTRACIÓN,DEMO: generado localmente,2026-10-08
Bilbao,Palencia,08_34_R3,232.417,3.3202,0.0,economica_demo,DATOS SINTÉTICOS DE DEMOSTRACIÓN,DEMO: generado localmente,2026-10-08
Bilbao,Pontevedra,08_35_R1,594.472,6.7554,0.0,rapida_demo,DATOS SINTÉTICOS DE DEMOSTRACIÓN,DEMO: generado localmente,2026-10-08
Bilbao,Pontevedra,08_35_R2,582.583,7.469,8.0,mixta_demo,DATOS SINTÉTICOS DE DEMOSTRACIÓN,DEMO: generado localmente,2026-10-08
Bilbao,Pontevedra,08_35_R3,576.638,8.2377,0.0,economica_demo,DATOS SINTÉTICOS DE DEMOSTRACIÓN,DEMO: generado localmente,2026-10-08
Bilbao,Salamanca,08_36_R1,426.453,4.8461,0.0,rapida_demo,DATOS SINTÉTICOS DE DEMOSTRACIÓN,DEMO: generado localmente,2026-10-08
Bilbao,Salamanca,08_36_R2,417.924,5.358,8.0,mixta_demo,DATOS SINTÉTICOS DE DEMOSTRACIÓN,DEMO: generado localmente,2026-10-08
Bilbao,Salamanca,08_36_R3,413.66,5.9094,0.0,economica_demo,DATOS SINTÉTICOS DE DEMOSTRACIÓN,DEMO: generado localmente,2026-10-08
Bilbao,Segovia,08_37_R1,344.587,3.9158,0.0,rapida_demo,DATOS SINTÉTICOS DE DEMOSTRACIÓN,DEMO: generado localmente,2026-10-08
Bilbao,Segovia,08_37_R2,337.695,4.3294,8.0,mixta_demo,DATOS SINTÉTICOS DE DEMOSTRACIÓN,DEMO: generado localmente,2026-10-08
Bilbao,Segovia,08_37_R3,334.249,4.775,0.0,economica_demo,DATOS SINTÉTICOS DE DEMOSTRACIÓN,DEMO: generado localmente,2026-10-08
Bilbao,Sevilla,08_38_R1,878.943,9.988,0.0,rapida_demo,DATOS SINTÉTICOS DE DEMOSTRACIÓN,DEMO: generado localmente,2026-10-08
Bilbao,Sevilla,08_38_R2,861.364,11.0431,8.0,mixta_demo,DATOS SINTÉTICOS DE DEMOSTRACIÓN,DEMO: generado localmente,2026-10-08
Bilbao,Sevilla,08_38_R3,852.575,12.1796,0.0,economica_demo,DATOS SINTÉTICOS DE DEMOSTRACIÓN,DEMO: generado localmente,2026-10-08
Bilbao,Soria,08_39_R1,213.897,2.4306,0.0,rapida_demo,DATOS SINTÉTICOS DE DEMOSTRACIÓN,DEMO: generado localmente,2026-10-08
Bilbao,Soria,08_39_R2,209.619,2.6874,8.0,mixta_demo,DATOS SINTÉTICOS DE DEMOSTRACIÓN,DEMO: generado localmente,2026-10-08
Bilbao,Soria,08_39_R3,207.48,2.964,0.0,economica_demo,DATOS SINTÉTICOS DE DEMOSTRACIÓN,DEMO: generado localmente,2026-10-08
Bilbao,Tarragona,08_40_R1,523.461,5.9484,0.0,rapida_demo,DATOS SINTÉTICOS DE DEMOSTRACIÓN,DEMO: generado localmente,2026-10-08
Bilbao,Tarragona,08_40_R2,512.992,6.5768,8.0,mixta_demo,DATOS SINTÉTICOS DE DEMOSTRACIÓN,DEMO: generado localmente,2026-10-08
Bilbao,Tarragona,08_40_R3,507.758,7.2537,0.0,economica_demo,DATOS SINTÉTICOS DE DEMOSTRACIÓN,DEMO: generado localmente,2026-10-08
Bilbao,Teruel,08_41_R1,447.384,5.0839,0.0,rapida_demo,DATOS SINTÉTICOS DE DEMOSTRACIÓN,DEMO: generado localmente,2026-10-08
Bilbao,Teruel,08_41_R2,438.437,5.621,8.0,mixta_demo,DATOS SINTÉTICOS DE DEMOSTRACIÓN,DEMO: generado localmente,2026-10-08
Bilbao,Teruel,08_41_R3,433.963,6.1995,0.0,economica_demo,DATOS SINTÉTICOS DE DEMOSTRACIÓN,DEMO: generado localmente,2026-10-08
Bilbao,Toledo,08_42_R1,487.304,5.5375,0.0,rapida_demo,DATOS SINTÉTICOS DE DEMOSTRACIÓN,DEMO: generado localmente,2026-10-08
Bilbao,Toledo,08_42_R2,477.558,6.1225,8.0,mixta_demo,DATOS SINTÉTICOS DE DEMOSTRACIÓN,DEMO: generado localmente,2026-10-08
Bilbao,Toledo,08_42_R3,472.685,6.7526,0.0,economica_demo,DATOS SINTÉTICOS DE DEMOSTRACIÓN,DEMO: generado localmente,2026-10-08
Bilbao,Valencia,08_43_R1,590.409,6.7092,0.0,rapida_demo,DATOS SINTÉTICOS DE DEMOSTRACIÓN,DEMO: generado localmente,2026-10-08
Bilbao,Valencia,08_43_R2,578.601,7.418,8.0,mixta_demo,DATOS SINTÉTICOS DE DEMOSTRACIÓN,DEMO: generado localmente,2026-10-08
Bilbao,Valencia,08_43_R3,572.697,8.1814,0.0,economica_demo,DATOS SINTÉTICOS DE DEMOSTRACIÓN,DEMO: generado localmente,2026-10-08
Bilbao,Valladolid,08_44_R1,290.59,3.3022,0.0,rapida_demo,DATOS SINTÉTICOS DE DEMOSTRACIÓN,DEMO: generado localmente,2026-10-08
Bilbao,Valladolid,08_44_R2,284.778,3.651,8.0,mixta_demo,DATOS SINTÉTICOS DE DEMOSTRACIÓN,DEMO: generado localmente,2026-10-08
Bilbao,Valladolid,08_44_R3,281.872,4.0267,0.0,economica_demo,DATOS SINTÉTICOS DE DEMOSTRACIÓN,DEMO: generado localmente,2026-10-08
Bilbao,Zamora,08_45_R1,379.298,4.3102,0.0,rapida_demo,DATOS SINTÉTICOS DE DEMOSTRACIÓN,DEMO: generado localmente,2026-10-08
Bilbao,Zamora,08_45_R2,371.713,4.7655,8.0,mixta_demo,DATOS SINTÉTICOS DE DEMOSTRACIÓN,DEMO: generado localmente,2026-10-08
Bilbao,Zamora,08_45_R3,367.92,5.256,0.0,economica_demo,DATOS SINTÉTICOS DE DEMOSTRACIÓN,DEMO: generado localmente,2026-10-08
Bilbao,Zaragoza,08_46_R1,306.535,3.4834,0.0,rapida_demo,DATOS SINTÉTICOS DE DEMOSTRACIÓN,DEMO: generado localmente,2026-10-08
Bilbao,Zaragoza,08_46_R2,300.405,3.8513,8.0,mixta_demo,DATOS SINTÉTICOS DE DEMOSTRACIÓN,DEMO: generado localmente,2026-10-08
Bilbao,Zaragoza,08_46_R3,297.339,4.2477,0.0,economica_demo,DATOS SINTÉTICOS DE DEMOSTRACIÓN,DEMO: generado localmente,2026-10-08
Burgos,Cáceres,09_10_R1,487.117,5.5354,0.0,rapida_demo,DATOS SINTÉTICOS DE DEMOSTRACIÓN,DEMO: generado localmente,2026-10-08
Burgos,Cáceres,09_10_R2,477.375,6.1202,8.0,mixta_demo,DATOS SINTÉTICOS DE DEMOSTRACIÓN,DEMO: generado localmente,2026-10-08
Burgos,Cáceres,09_10_R3,472.504,6.7501,0.0,economica_demo,DATOS SINTÉTICOS DE DEMOSTRACIÓN,DEMO: generado localmente,2026-10-08
Burgos,Cádiz,09_11_R1,854.114,9.7058,0.0,rapida_demo,DATOS SINTÉTICOS DE DEMOSTRACIÓN,DEMO: generado localmente,2026-10-08
Burgos,Cádiz,09_11_R2,837.032,10.7312,8.0,mixta_demo,DATOS SINTÉTICOS DE DEMOSTRACIÓN,DEMO: generado localmente,2026-10-08
Burgos,Cádiz,09_11_R3,828.49,11.8356,0.0,economica_demo,DATOS SINTÉTICOS DE DEMOSTRACIÓN,DEMO: generado localmente,2026-10-08
Burgos,Santander,09_12_R1,156.303,1.7762,0.0,rapida_demo,DATOS SINTÉTICOS DE DEMOSTRACIÓN,DEMO: generado localmente,2026-10-08
Burgos,Santander,09_12_R2,153.177,1.9638,8.0,mixta_demo,DATOS SINTÉTICOS DE DEMOSTRACIÓN,DEMO: generado localmente,2026-10-08
Burgos,Santander,09_12_R3,151.614,2.1659,0.0,economica_demo,DATOS SINTÉTICOS DE DEMOSTRACIÓN,DEMO: generado localmente,2026-10-08
Burgos,Castelló de la Plana/Castellón de la Plana,09_13_R1,504.018,5.7275,0.0,rapida_demo,DATOS SINTÉTICOS DE DEMOSTRACIÓN,DEMO: generado localmente,2026-10-08
Burgos,Castelló de la Plana/Castellón de la Plana,09_13_R2,493.938,6.3325,8.0,mixta_demo,DATOS SINTÉTICOS DE DEMOSTRACIÓN,DEMO: generado localmente,2026-10-08
Burgos,Castelló de la Plana/Castellón de la Plana,09_13_R3,488.898,6.9843,0.0,economica_demo,DATOS SINTÉTICOS DE DEMOSTRACIÓN,DEMO: generado localmente,2026-10-08
Burgos,Ciudad Real,09_14_R1,467.028,5.3071,0.0,rapida_demo,DATOS SINTÉTICOS DE DEMOSTRACIÓN,DEMO: generado localmente,2026-10-08
Burgos,Ciudad Real,09_14_R2,457.688,5.8678,8.0,mixta_demo,DATOS SINTÉTICOS DE DEMOSTRACIÓN,DEMO: generado localmente,2026-10-08
Burgos,Ciudad Real,09_14_R3,453.018,6.4717,0.0,economica_demo,DATOS SINTÉTICOS DE DEMOSTRACIÓN,DEMO: generado localmente,2026-10-08
Burgos,Córdoba,09_15_R1,629.691,7.1556,0.0,rapida_demo,DATOS SINTÉTICOS DE DEMOSTRACIÓN,DEMO: generado localmente,2026-10-08
Burgos,Córdoba,09_15_R2,617.097,7.9115,8.0,mixta_demo,DATOS SINTÉTICOS DE DEMOSTRACIÓN,DEMO: generado localmente,2026-10-08
Burgos,Córdoba,09_15_R3,610.8,8.7257,0.0,economica_demo,DATOS SINTÉTICOS DE DEMOSTRACIÓN,DEMO: generado localmente,2026-10-08
Burgos,A Coruña,09_16_R1,499.166,5.6723,0.0,rapida_demo,DATOS SINTÉTICOS DE DEMOSTRACIÓN,DEMO: generado localmente,2026-10-08
Burgos,A Coruña,09_16_R2,489.183,6.2716,8.0,mixta_demo,DATOS SINTÉTICOS DE DEMOSTRACIÓN,DEMO: generado localmente,2026-10-08
Burgos,A Coruña,09_16_R3,484.191,6.917,0.0,economica_demo,DATOS SINTÉTICOS DE DEMOSTRACIÓN,DEMO: generado localmente,2026-10-08
Burgos,Cuenca,09_17_R1,354.859,4.0325,0.0,rapida_demo,DATOS SINTÉTICOS DE DEMOSTRACIÓN,DEMO: generado localmente,2026-10-08
Burgos,Cuenca,09_17_R2,347.762,4.4585,8.0,mixta_demo,DATOS SINTÉTICOS DE DEMOSTRACIÓN,DEMO: generado localmente,2026-10-08
Burgos,Cuenca,09_17_R3,344.213,4.9173,0.0,economica_demo,DATOS SINTÉTICOS DE DEMOSTRACIÓN,DEMO: generado localmente,2026-10-08
Burgos,Donostia/San Sebastián,09_18_R1,221.806,2.5205,0.0,rapida_demo,DATOS SINTÉTICOS DE DEMOSTRACIÓN,DEMO: generado localmente,2026-10-08
Burgos,Donostia/San Sebastián,09_18_R2,217.37,2.7868,8.0,mixta_demo,DATOS SINTÉTICOS DE DEMOSTRACIÓN,DEMO: generado localmente,2026-10-08
Burgos,Donostia/San Sebastián,09_18_R3,215.152,3.0736,0.0,economica_demo,DATOS SINTÉTICOS DE DEMOSTRACIÓN,DEMO: generado localmente,2026-10-08
Burgos,Girona,09_19_R1,674.135,7.6606,0.0,rapida_demo,DATOS SINTÉTICOS DE DEMOSTRACIÓN,DEMO: generado localmente,2026-10-08
Burgos,Girona,09_19_R2,660.652,8.4699,8.0,mixta_demo,DATOS SINTÉTICOS DE DEMOSTRACIÓN,DEMO: generado localmente,2026-10-08
Burgos,Girona,09_19_R3,653.911,9.3416,0.0,economica_demo,DATOS SINTÉTICOS DE DEMOSTRACIÓN,DEMO: generado localmente,2026-10-08
Burgos,Granada,09_20_R1,718.167,8.161,0.0,rapida_demo,DATOS SINTÉTICOS DE DEMOSTRACIÓN,DEMO: generado localmente,2026-10-08
Burgos,Granada,09_20_R2,703.804,9.0231,8.0,mixta_demo,DATOS SINTÉTICOS DE DEMOSTRACIÓN,DEMO: generado localmente,2026-10-08
Burgos,Granada,09_20_R3,696.622,9.9517,0.0,economica_demo,DATOS SINTÉTICOS DE DEMOSTRACIÓN,DEMO: generado localmente,2026-10-08
Burgos,Guadalajara,09_21_R1,243.703,2.7694,0.0,rapida_demo,DATOS SINTÉTICOS DE DEMOSTRACIÓN,DEMO: generado localmente,2026-10-08
Burgos,Guadalajara,09_21_R2,238.829,3.0619,8.0,mixta_demo,DATOS SINTÉTICOS DE DEMOSTRACIÓN,DEMO: generado localmente,2026-10-08
Burgos,Guadalajara,09_21_R3,236.392,3.377,0.0,economica_demo,DATOS SINTÉTICOS DE DEMOSTRACIÓN,DEMO: generado localmente,2026-10-08
Burgos,Huelva,09_22_R1,786.994,8.9431,0.0,rapida_demo,DATOS SINTÉTICOS DE DEMOSTRACIÓN,DEMO: generado localmente,2026-10-08
Burgos,Huelva,09_22_R2,771.254,9.8879,8.0,mixta_demo,DATOS SINTÉTICOS DE DEMOSTRACIÓN,DEMO: generado localmente,2026-10-08
Burgos,Huelva,09_22_R3,763.384,10.9055,0.0,economica_demo,DATOS SINTÉTICOS DE DEMOSTRACIÓN,DEMO: generado localmente,2026-10-08
Burgos,Huesca,09_23_R1,339.985,3.8635,0.0,rapida_demo,DATOS SINTÉTICOS DE DEMOSTRACIÓN,DEMO: generado localmente,2026-10-08
Burgos,Huesca,09_23_R2,333.185,4.2716,8.0,mixta_demo,DATOS SINTÉTICOS DE DEMOSTRACIÓN,DEMO: generado localmente,2026-10-08
Burgos,Huesca,09_23_R3,329.785,4.7112,0.0,economica_demo,DATOS SINTÉTICOS DE DEMOSTRACIÓN,DEMO: generado localmente,2026-10-08
Burgos,Jaén,09_24_R1,636.106,7.2285,0.0,rapida_demo,DATOS SINTÉTICOS DE DEMOSTRACIÓN,DEMO: generado localmente,2026-10-08
Burgos,Jaén,09_24_R2,623.384,7.9921,8.0,mixta_demo,DATOS SINTÉTICOS DE DEMOSTRACIÓN,DEMO: generado localmente,2026-10-08
Burgos,Jaén,09_24_R3,617.023,8.8146,0.0,economica_demo,DATOS SINTÉTICOS DE DEMOSTRACIÓN,DEMO: generado localmente,2026-10-08
Burgos,Logroño,09_25_R1,130.807,1.4864,0.0,rapida_demo,DATOS SINTÉTICOS DE DEMOSTRACIÓN,DEMO: generado localmente,2026-10-08
Burgos,Logroño,09_25_R2,128.191,1.6435,8.0,mixta_demo,DATOS SINTÉTICOS DE DEMOSTRACIÓN,DEMO: generado localmente,2026-10-08
Burgos,Logroño,09_25_R3,126.883,1.8126,0.0,economica_demo,DATOS SINTÉTICOS DE DEMOSTRACIÓN,DEMO: generado localmente,2026-10-08
Burgos,León,09_26_R1,195.23,2.2185,0.0,rapida_demo,DATOS SINTÉTICOS DE DEMOSTRACIÓN,DEMO: generado localmente,2026-10-08
Burgos,León,09_26_R2,191.325,2.4529,8.0,mixta_demo,DATOS SINTÉTICOS DE DEMOSTRACIÓN,DEMO: generado localmente,2026-10-08
Burgos,León,09_26_R3,189.373,2.7053,0.0,economica_demo,DATOS SINTÉTICOS DE DEMOSTRACIÓN,DEMO: generado localmente,2026-10-08
Burgos,Lleida,09_27_R1,458.482,5.21,0.0,rapida_demo,DATOS SINTÉTICOS DE DEMOSTRACIÓN,DEMO: generado localmente,2026-10-08
Burgos,Lleida,09_27_R2,449.312,5.7604,8.0,mixta_demo,DATOS SINTÉTICOS DE DEMOSTRACIÓN,DEMO: generado localmente,2026-10-08
Burgos,Lleida,09_27_R3,444.727,6.3532,0.0,economica_demo,DATOS SINTÉTICOS DE DEMOSTRACIÓN,DEMO: generado localmente,2026-10-08
Burgos,Lugo,09_28_R1,404.584,4.5975,0.0,rapida_demo,DATOS SINTÉTICOS DE DEMOSTRACIÓN,DEMO: generado localmente,2026-10-08
Burgos,Lugo,09_28_R2,396.492,5.0832,8.0,mixta_demo,DATOS SINTÉTICOS DE DEMOSTRACIÓN,DEMO: generado localmente,2026-10-08
Burgos,Lugo,09_28_R3,392.447,5.6064,0.0,economica_demo,DATOS SINTÉTICOS DE DEMOSTRACIÓN,DEMO: generado localmente,2026-10-08
Burgos,Madrid,09_29_R1,267.087,3.0351,0.0,rapida_demo,DATOS SINTÉTICOS DE DEMOSTRACIÓN,DEMO: generado localmente,2026-10-08
Burgos,Madrid,09_29_R2,261.745,3.3557,8.0,mixta_demo,DATOS SINTÉTICOS DE DEMOSTRACIÓN,DEMO: generado localmente,2026-10-08
Burgos,Madrid,09_29_R3,259.074,3.7011,0.0,economica_demo,DATOS SINTÉTICOS DE DEMOSTRACIÓN,DEMO: generado localmente,2026-10-08
Burgos,Málaga,09_30_R1,784.909,8.9194,0.0,rapida_demo,DATOS SINTÉTICOS DE DEMOSTRACIÓN,DEMO: generado localmente,2026-10-08
Burgos,Málaga,09_30_R2,769.211,9.8617,8.0,mixta_demo,DATOS SINTÉTICOS DE DEMOSTRACIÓN,DEMO: generado localmente,2026-10-08
Burgos,Málaga,09_30_R3,761.361,10.8766,0.0,economica_demo,DATOS SINTÉTICOS DE DEMOSTRACIÓN,DEMO: generado localmente,2026-10-08
Burgos,Murcia,09_31_R1,664.295,7.5488,0.0,rapida_demo,DATOS SINTÉTICOS DE DEMOSTRACIÓN,DEMO: generado localmente,2026-10-08
Burgos,Murcia,09_31_R2,651.009,8.3463,8.0,mixta_demo,DATOS SINTÉTICOS DE DEMOSTRACIÓN,DEMO: generado localmente,2026-10-08
Burgos,Murcia,09_31_R3,644.366,9.2052,0.0,economica_demo,DATOS SINTÉTICOS DE DEMOSTRACIÓN,DEMO: generado localmente,2026-10-08
Burgos,Pamplona/Iruña,09_32_R1,220.829,2.5094,0.0,rapida_demo,DATOS SINTÉTICOS DE DEMOSTRACIÓN,DEMO: generado localmente,2026-10-08
Burgos,Pamplona/Iruña,09_32_R2,216.412,2.7745,8.0,mixta_demo,DATOS SINTÉTICOS DE DEMOSTRACIÓN,DEMO: generado localmente,2026-10-08
Burgos,Pamplona/Iruña,09_32_R3,214.204,3.0601,0.0,economica_demo,DATOS SINTÉTICOS DE DEMOSTRACIÓN,DEMO: generado localmente,2026-10-08
Burgos,Ourense,09_33_R1,427.535,4.8583,0.0,rapida_demo,DATOS SINTÉTICOS DE DEMOSTRACIÓN,DEMO: generado localmente,2026-10-08
Burgos,Ourense,09_33_R2,418.984,5.3716,8.0,mixta_demo,DATOS SINTÉTICOS DE DEMOSTRACIÓN,DEMO: generado localmente,2026-10-08
Burgos,Ourense,09_33_R3,414.709,5.9244,0.0,economica_demo,DATOS SINTÉTICOS DE DEMOSTRACIÓN,DEMO: generado localmente,2026-10-08
Burgos,Palencia,09_34_R1,97.043,1.1028,0.0,rapida_demo,DATOS SINTÉTICOS DE DEMOSTRACIÓN,DEMO: generado localmente,2026-10-08
Burgos,Palencia,09_34_R2,95.102,1.2193,8.0,mixta_demo,DATOS SINTÉTICOS DE DEMOSTRACIÓN,DEMO: generado localmente,2026-10-08
Burgos,Palencia,09_34_R3,94.132,1.3447,0.0,economica_demo,DATOS SINTÉTICOS DE DEMOSTRACIÓN,DEMO: generado localmente,2026-10-08
Burgos,Pontevedra,09_35_R1,507.723,5.7696,0.0,rapida_demo,DATOS SINTÉTICOS DE DEMOSTRACIÓN,DEMO: generado localmente,2026-10-08
Burgos,Pontevedra,09_35_R2,497.569,6.3791,8.0,mixta_demo,DATOS SINTÉTICOS DE DEMOSTRACIÓN,DEMO: generado localmente,2026-10-08
Burgos,Pontevedra,09_35_R3,492.492,7.0356,0.0,economica_demo,DATOS SINTÉTICOS DE DEMOSTRACIÓN,DEMO: generado localmente,2026-10-08
Burgos,Salamanca,09_36_R1,279.314,3.174,0.0,rapida_demo,DATOS SINTÉTICOS DE DEMOSTRACIÓN,DEMO: generado localmente,2026-10-08
Burgos,Salamanca,09_36_R2,273.728,3.5093,8.0,mixta_demo,DATOS SINTÉTICOS DE DEMOSTRACIÓN,DEMO: generado localmente,2026-10-08
Burgos,Salamanca,09_36_R3,270.935,3.8705,0.0,economica_demo,DATOS SINTÉTICOS DE DEMOSTRACIÓN,DEMO: generado localmente,2026-10-08
Burgos,Segovia,09_37_R1,198.114,2.2513,0.0,rapida_demo,DATOS SINTÉTICOS DE DEMOSTRACIÓN,DEMO: generado localmente,2026-10-08
Burgos,Segovia,09_37_R2,194.152,2.4891,8.0,mixta_demo,DATOS SINTÉTICOS DE DEMOSTRACIÓN,DEMO: generado localmente,2026-10-08
Burgos,Segovia,09_37_R3,192.171,2.7453,0.0,economica_demo,DATOS SINTÉTICOS DE DEMOSTRACIÓN,DEMO: generado localmente,2026-10-08
Burgos,Sevilla,09_38_R1,730.364,8.2996,0.0,rapida_demo,DATOS SINTÉTICOS DE DEMOSTRACIÓN,DEMO: generado localmente,2026-10-08
Burgos,Sevilla,09_38_R2,715.757,9.1764,8.0,mixta_demo,DATOS SINTÉTICOS DE DEMOSTRACIÓN,DEMO: generado localmente,2026-10-08
Burgos,Sevilla,09_38_R3,708.453,10.1208,0.0,economica_demo,DATOS SINTÉTICOS DE DEMOSTRACIÓN,DEMO: generado localmente,2026-10-08
Burgos,Soria,09_39_R1,150.904,1.7148,0.0,rapida_demo,DATOS SINTÉTICOS DE DEMOSTRACIÓN,DEMO: generado localmente,2026-10-08
Burgos,Soria,09_39_R2,147.886,1.896,8.0,mixta_demo,DATOS SINTÉTICOS DE DEMOSTRACIÓN,DEMO: generado localmente,2026-10-08
Burgos,Soria,09_39_R3,146.377,2.0911,0.0,economica_demo,DATOS SINTÉTICOS DE DEMOSTRACIÓN,DEMO: generado localmente,2026-10-08
Burgos,Tarragona,09_40_R1,541.407,6.1524,0.0,rapida_demo,DATOS SINTÉTICOS DE DEMOSTRACIÓN,DEMO: generado localmente,2026-10-08
Burgos,Tarragona,09_40_R2,530.579,6.8023,8.0,mixta_demo,DATOS SINTÉTICOS DE DEMOSTRACIÓN,DEMO: generado localmente,2026-10-08
Burgos,Tarragona,09_40_R3,525.165,7.5024,0.0,economica_demo,DATOS SINTÉTICOS DE DEMOSTRACIÓN,DEMO: generado localmente,2026-10-08
Burgos,Teruel,09_41_R1,387.687,4.4055,0.0,rapida_demo,DATOS SINTÉTICOS DE DEMOSTRACIÓN,DEMO: generado localmente,2026-10-08
Burgos,Teruel,09_41_R2,379.934,4.8709,8.0,mixta_demo,DATOS SINTÉTICOS DE DEMOSTRACIÓN,DEMO: generado localmente,2026-10-08
Burgos,Teruel,09_41_R3,376.057,5.3722,0.0,economica_demo,DATOS SINTÉTICOS DE DEMOSTRACIÓN,DEMO: generado localmente,2026-10-08
Burgos,Toledo,09_42_R1,346.927,3.9424,0.0,rapida_demo,DATOS SINTÉTICOS DE DEMOSTRACIÓN,DEMO: generado localmente,2026-10-08
Burgos,Toledo,09_42_R2,339.989,4.3588,8.0,mixta_demo,DATOS SINTÉTICOS DE DEMOSTRACIÓN,DEMO: generado localmente,2026-10-08
Burgos,Toledo,09_42_R3,336.519,4.8074,0.0,economica_demo,DATOS SINTÉTICOS DE DEMOSTRACIÓN,DEMO: generado localmente,2026-10-08
Burgos,Valencia,09_43_R1,530.187,6.0249,0.0,rapida_demo,DATOS SINTÉTICOS DE DEMOSTRACIÓN,DEMO: generado localmente,2026-10-08
Burgos,Valencia,09_43_R2,519.583,6.6613,8.0,mixta_demo,DATOS SINTÉTICOS DE DEMOSTRACIÓN,DEMO: generado localmente,2026-10-08
Burgos,Valencia,09_43_R3,514.281,7.3469,0.0,economica_demo,DATOS SINTÉTICOS DE DEMOSTRACIÓN,DEMO: generado localmente,2026-10-08
Burgos,Valladolid,09_44_R1,142.792,1.6226,0.0,rapida_demo,DATOS SINTÉTICOS DE DEMOSTRACIÓN,DEMO: generado localmente,2026-10-08
Burgos,Valladolid,09_44_R2,139.936,1.7941,8.0,mixta_demo,DATOS SINTÉTICOS DE DEMOSTRACIÓN,DEMO: generado localmente,2026-10-08
Burgos,Valladolid,09_44_R3,138.508,1.9787,0.0,economica_demo,DATOS SINTÉTICOS DE DEMOSTRACIÓN,DEMO: generado localmente,2026-10-08
Burgos,Zamora,09_45_R1,241.331,2.7424,0.0,rapida_demo,DATOS SINTÉTICOS DE DEMOSTRACIÓN,DEMO: generado localmente,2026-10-08
Burgos,Zamora,09_45_R2,236.505,3.0321,8.0,mixta_demo,DATOS SINTÉTICOS DE DEMOSTRACIÓN,DEMO: generado localmente,2026-10-08
Burgos,Zamora,09_45_R3,234.091,3.3442,0.0,economica_demo,DATOS SINTÉTICOS DE DEMOSTRACIÓN,DEMO: generado localmente,2026-10-08
Burgos,Zaragoza,09_46_R1,306.889,3.4874,0.0,rapida_demo,DATOS SINTÉTICOS DE DEMOSTRACIÓN,DEMO: generado localmente,2026-10-08
Burgos,Zaragoza,09_46_R2,300.751,3.8558,8.0,mixta_demo,DATOS SINTÉTICOS DE DEMOSTRACIÓN,DEMO: generado localmente,2026-10-08
Burgos,Zaragoza,09_46_R3,297.683,4.2526,0.0,economica_demo,DATOS SINTÉTICOS DE DEMOSTRACIÓN,DEMO: generado localmente,2026-10-08
Cáceres,Cádiz,10_11_R1,409.416,4.6525,0.0,rapida_demo,DATOS SINTÉTICOS DE DEMOSTRACIÓN,DEMO: generado localmente,2026-10-08
Cáceres,Cádiz,10_11_R2,401.227,5.1439,8.0,mixta_demo,DATOS SINTÉTICOS DE DEMOSTRACIÓN,DEMO: generado localmente,2026-10-08
Cáceres,Cádiz,10_11_R3,397.133,5.6733,0.0,economica_demo,DATOS SINTÉTICOS DE DEMOSTRACIÓN,DEMO: generado localmente,2026-10-08
Cáceres,Santander,10_12_R1,615.078,6.9895,0.0,rapida_demo,DATOS SINTÉTICOS DE DEMOSTRACIÓN,DEMO: generado localmente,2026-10-08
Cáceres,Santander,10_12_R2,602.777,7.7279,8.0,mixta_demo,DATOS SINTÉTICOS DE DEMOSTRACIÓN,DEMO: generado localmente,2026-10-08
Cáceres,Santander,10_12_R3,596.626,8.5232,0.0,economica_demo,DATOS SINTÉTICOS DE DEMOSTRACIÓN,DEMO: generado localmente,2026-10-08
Cáceres,Castelló de la Plana/Castellón de la Plana,10_13_R1,680.647,7.7346,0.0,rapida_demo,DATOS SINTÉTICOS DE DEMOSTRACIÓN,DEMO: generado localmente,2026-10-08
Cáceres,Castelló de la Plana/Castellón de la Plana,10_13_R2,667.034,8.5517,8.0,mixta_demo,DATOS SINTÉTICOS DE DEMOSTRACIÓN,DEMO: generado localmente,2026-10-08
Cáceres,Castelló de la Plana/Castellón de la Plana,10_13_R3,660.227,9.4318,0.0,economica_demo,DATOS SINTÉTICOS DE DEMOSTRACIÓN,DEMO: generado localmente,2026-10-08
Cáceres,Ciudad Real,10_14_R1,271.718,3.0877,0.0,rapida_demo,DATOS SINTÉTICOS DE DEMOSTRACIÓN,DEMO: generado localmente,2026-10-08
Cáceres,Ciudad Real,10_14_R2,266.284,3.4139,8.0,mixta_demo,DATOS SINTÉTICOS DE DEMOSTRACIÓN,DEMO: generado localmente,2026-10-08
Cáceres,Ciudad Real,10_14_R3,263.567,3.7652,0.0,economica_demo,DATOS SINTÉTICOS DE DEMOSTRACIÓN,DEMO: generado localmente,2026-10-08
Cáceres,Córdoba,10_15_R1,280.654,3.1893,0.0,rapida_demo,DATOS SINTÉTICOS DE DEMOSTRACIÓN,DEMO: generado localmente,2026-10-08
Cáceres,Córdoba,10_15_R2,275.041,3.5262,8.0,mixta_demo,DATOS SINTÉTICOS DE DEMOSTRACIÓN,DEMO: generado localmente,2026-10-08
Cáceres,Córdoba,10_15_R3,272.235,3.8891,0.0,economica_demo,DATOS SINTÉTICOS DE DEMOSTRACIÓN,DEMO: generado localmente,2026-10-08
Cáceres,A Coruña,10_16_R1,581.232,6.6049,0.0,rapida_demo,DATOS SINTÉTICOS DE DEMOSTRACIÓN,DEMO: generado localmente,2026-10-08
Cáceres,A Coruña,10_16_R2,569.607,7.3027,8.0,mixta_demo,DATOS SINTÉTICOS DE DEMOSTRACIÓN,DEMO: generado localmente,2026-10-08
Cáceres,A Coruña,10_16_R3,563.795,8.0542,0.0,economica_demo,DATOS SINTÉTICOS DE DEMOSTRACIÓN,DEMO: generado localmente,2026-10-08
Cáceres,Cuenca,10_17_R1,460.767,5.236,0.0,rapida_demo,DATOS SINTÉTICOS DE DEMOSTRACIÓN,DEMO: generado localmente,2026-10-08
Cáceres,Cuenca,10_17_R2,451.552,5.7891,8.0,mixta_demo,DATOS SINTÉTICOS DE DEMOSTRACIÓN,DEMO: generado localmente,2026-10-08
Cáceres,Cuenca,10_17_R3,446.944,6.3849,0.0,economica_demo,DATOS SINTÉTICOS DE DEMOSTRACIÓN,DEMO: generado localmente,2026-10-08
Cáceres,Donostia/San Sebastián,10_18_R1,703.381,7.993,0.0,rapida_demo,DATOS SINTÉTICOS DE DEMOSTRACIÓN,DEMO: generado localmente,2026-10-08
Cáceres,Donostia/San Sebastián,10_18_R2,689.314,8.8374,8.0,mixta_demo,DATOS SINTÉTICOS DE DEMOSTRACIÓN,DEMO: generado localmente,2026-10-08
Cáceres,Donostia/San Sebastián,10_18_R3,682.28,9.7469,0.0,economica_demo,DATOS SINTÉTICOS DE DEMOSTRACIÓN,DEMO: generado localmente,2026-10-08
Cáceres,Girona,10_19_R1,1028.873,11.6917,0.0,rapida_demo,DATOS SINTÉTICOS DE DEMOSTRACIÓN,DEMO: generado localmente,2026-10-08
Cáceres,Girona,10_19_R2,1008.296,12.9269,8.0,mixta_demo,DATOS SINTÉTICOS DE DEMOSTRACIÓN,DEMO: generado localmente,2026-10-08
Cáceres,Girona,10_19_R3,998.007,14.2572,0.0,economica_demo,DATOS SINTÉTICOS DE DEMOSTRACIÓN,DEMO: generado localmente,2026-10-08
Cáceres,Granada,10_20_R1,440.019,5.0002,0.0,rapida_demo,DATOS SINTÉTICOS DE DEMOSTRACIÓN,DEMO: generado localmente,2026-10-08
Cáceres,Granada,10_20_R2,431.218,5.5284,8.0,mixta_demo,DATOS SINTÉTICOS DE DEMOSTRACIÓN,DEMO: generado localmente,2026-10-08
Cáceres,Granada,10_20_R3,426.818,6.0974,0.0,economica_demo,DATOS SINTÉTICOS DE DEMOSTRACIÓN,DEMO: generado localmente,2026-10-08
Cáceres,Guadalajara,10_21_R1,377.04,4.2845,0.0,rapida_demo,DATOS SINTÉTICOS DE DEMOSTRACIÓN,DEMO: generado localmente,2026-10-08
Cáceres,Guadalajara,10_21_R2,369.499,4.7372,8.0,mixta_demo,DATOS SINTÉTICOS DE DEMOSTRACIÓN,DEMO: generado localmente,2026-10-08
Cáceres,Guadalajara,10_21_R3,365.728,5.2247,0.0,economica_demo,DATOS SINTÉTICOS DE DEMOSTRACIÓN,DEMO: generado localmente,2026-10-08
Cáceres,Huelva,10_22_R1,314.646,3.5755,0.0,rapida_demo,DATOS SINTÉTICOS DE DEMOSTRACIÓN,DEMO: generado localmente,2026-10-08
Cáceres,Huelva,10_22_R2,308.353,3.9532,8.0,mixta_demo,DATOS SINTÉTICOS DE DEMOSTRACIÓN,DEMO: generado localmente,2026-10-08
Cáceres,Huelva,10_22_R3,305.206,4.3601,0.0,economica_demo,DATOS SINTÉTICOS DE DEMOSTRACIÓN,DEMO: generado localmente,2026-10-08
Cáceres,Huesca,10_23_R1,728.338,8.2766,0.0,rapida_demo,DATOS SINTÉTICOS DE DEMOSTRACIÓN,DEMO: generado localmente,2026-10-08
Cáceres,Huesca,10_23_R2,713.771,9.1509,8.0,mixta_demo,DATOS SINTÉTICOS DE DEMOSTRACIÓN,DEMO: generado localmente,2026-10-08
Cáceres,Huesca,10_23_R3,706.488,10.0927,0.0,economica_demo,DATOS SINTÉTICOS DE DEMOSTRACIÓN,DEMO: generado localmente,2026-10-08
Cáceres,Jaén,10_24_R1,367.457,4.1757,0.0,rapida_demo,DATOS SINTÉTICOS DE DEMOSTRACIÓN,DEMO: generado localmente,2026-10-08
Cáceres,Jaén,10_24_R2,360.108,4.6168,8.0,mixta_demo,DATOS SINTÉTICOS DE DEMOSTRACIÓN,DEMO: generado localmente,2026-10-08
Cáceres,Jaén,10_24_R3,356.434,5.0919,0.0,economica_demo,DATOS SINTÉTICOS DE DEMOSTRACIÓN,DEMO: generado localmente,2026-10-08
Cáceres,Logroño,10_25_R1,585.76,6.6564,0.0,rapida_demo,DATOS SINTÉTICOS DE DEMOSTRACIÓN,DEMO: generado localmente,2026-10-08
Cáceres,Logroño,10_25_R2,574.044,7.3595,8.0,mixta_demo,DATOS SINTÉTICOS DE DEMOSTRACIÓN,DEMO: generado localmente,2026-10-08
Cáceres,Logroño,10_25_R3,568.187,8.117,0.0,economica_demo,DATOS SINTÉTICOS DE DEMOSTRACIÓN,DEMO: generado localmente,2026-10-08
Cáceres,León,10_26_R1,442.068,5.0235,0.0,rapida_demo,DATOS SINTÉTICOS DE DEMOSTRACIÓN,DEMO: generado localmente,2026-10-08
Cáceres,León,10_26_R2,433.227,5.5542,8.0,mixta_demo,DATOS SINTÉTICOS DE DEMOSTRACIÓN,DEMO: generado localmente,2026-10-08
Cáceres,León,10_26_R3,428.806,6.1258,0.0,economica_demo,DATOS SINTÉTICOS DE DEMOSTRACIÓN,DEMO: generado localmente,2026-10-08
Cáceres,Lleida,10_27_R1,796.502,9.0512,0.0,rapida_demo,DATOS SINTÉTICOS DE DEMOSTRACIÓN,DEMO: generado localmente,2026-10-08
Cáceres,Lleida,10_27_R2,780.572,10.0073,8.0,mixta_demo,DATOS SINTÉTICOS DE DEMOSTRACIÓN,DEMO: generado localmente,2026-10-08
Cáceres,Lleida,10_27_R3,772.607,11.0372,0.0,economica_demo,DATOS SINTÉTICOS DE DEMOSTRACIÓN,DEMO: generado localmente,2026-10-08
Cáceres,Lugo,10_28_R1,506.733,5.7583,0.0,rapida_demo,DATOS SINTÉTICOS DE DEMOSTRACIÓN,DEMO: generado localmente,2026-10-08
Cáceres,Lugo,10_28_R2,496.598,6.3666,8.0,mixta_demo,DATOS SINTÉTICOS DE DEMOSTRACIÓN,DEMO: generado localmente,2026-10-08
Cáceres,Lugo,10_28_R3,491.531,7.0219,0.0,economica_demo,DATOS SINTÉTICOS DE DEMOSTRACIÓN,DEMO: generado localmente,2026-10-08
Cáceres,Madrid,10_29_R1,314.275,3.5713,0.0,rapida_demo,DATOS SINTÉTICOS DE DEMOSTRACIÓN,DEMO: generado localmente,2026-10-08
Cáceres,Madrid,10_29_R2,307.989,3.9486,8.0,mixta_demo,DATOS SINTÉTICOS DE DEMOSTRACIÓN,DEMO: generado localmente,2026-10-08
Cáceres,Madrid,10_29_R3,304.847,4.355,0.0,economica_demo,DATOS SINTÉTICOS DE DEMOSTRACIÓN,DEMO: generado localmente,2026-10-08
Cáceres,Málaga,10_30_R1,438.569,4.9837,0.0,rapida_demo,DATOS SINTÉTICOS DE DEMOSTRACIÓN,DEMO: generado localmente,2026-10-08
Cáceres,Málaga,10_30_R2,429.798,5.5102,8.0,mixta_demo,DATOS SINTÉTICOS DE DEMOSTRACIÓN,DEMO: generado localmente,2026-10-08
Cáceres,Málaga,10_30_R3,425.412,6.0773,0.0,economica_demo,DATOS SINTÉTICOS DE DEMOSTRACIÓN,DEMO: generado localmente,2026-10-08
Cáceres,Murcia,10_31_R1,604.845,6.8732,0.0,rapida_demo,DATOS SINTÉTICOS DE DEMOSTRACIÓN,DEMO: generado localmente,2026-10-08
Cáceres,Murcia,10_31_R2,592.748,7.5993,8.0,mixta_demo,DATOS SINTÉTICOS DE DEMOSTRACIÓN,DEMO: generado localmente,2026-10-08
Cáceres,Murcia,10_31_R3,586.7,8.3814,0.0,economica_demo,DATOS SINTÉTICOS DE DEMOSTRACIÓN,DEMO: generado localmente,2026-10-08
Cáceres,Pamplona/Iruña,10_32_R1,678.663,7.7121,0.0,rapida_demo,DATOS SINTÉTICOS DE DEMOSTRACIÓN,DEMO: generado localmente,2026-10-08
Cáceres,Pamplona/Iruña,10_32_R2,665.089,8.5268,8.0,mixta_demo,DATOS SINTÉTICOS DE DEMOSTRACIÓN,DEMO: generado localmente,2026-10-08
Cáceres,Pamplona/Iruña,10_32_R3,658.303,9.4043,0.0,economica_demo,DATOS SINTÉTICOS DE DEMOSTRACIÓN,DEMO: generado localmente,2026-10-08
Cáceres,Ourense,10_33_R1,427.417,4.857,0.0,rapida_demo,DATOS SINTÉTICOS DE DEMOSTRACIÓN,DEMO: generado localmente,2026-10-08
Cáceres,Ourense,10_33_R2,418.869,5.3701,8.0,mixta_demo,DATOS SINTÉTICOS DE DEMOSTRACIÓN,DEMO: generado localmente,2026-10-08
Cáceres,Ourense,10_33_R3,414.594,5.9228,0.0,economica_demo,DATOS SINTÉTICOS DE DEMOSTRACIÓN,DEMO: generado localmente,2026-10-08
Cáceres,Palencia,10_34_R1,402.235,4.5709,0.0,rapida_demo,DATOS SINTÉTICOS DE DEMOSTRACIÓN,DEMO: generado localmente,2026-10-08
Cáceres,Palencia,10_34_R2,394.19,5.0537,8.0,mixta_demo,DATOS SINTÉTICOS DE DEMOSTRACIÓN,DEMO: generado localmente,2026-10-08
Cáceres,Palencia,10_34_R3,390.168,5.5738,0.0,economica_demo,DATOS SINTÉTICOS DE DEMOSTRACIÓN,DEMO: generado localmente,2026-10-08
Cáceres,Pontevedra,10_35_R1,475.362,5.4018,0.0,rapida_demo,DATOS SINTÉTICOS DE DEMOSTRACIÓN,DEMO: generado localmente,2026-10-08
Cáceres,Pontevedra,10_35_R2,465.855,5.9725,8.0,mixta_demo,DATOS SINTÉTICOS DE DEMOSTRACIÓN,DEMO: generado localmente,2026-10-08
Cáceres,Pontevedra,10_35_R3,461.101,6.5872,0.0,economica_demo,DATOS SINTÉTICOS DE DEMOSTRACIÓN,DEMO: generado localmente,2026-10-08
Cáceres,Salamanca,10_36_R1,220.446,2.5051,0.0,rapida_demo,DATOS SINTÉTICOS DE DEMOSTRACIÓN,DEMO: generado localmente,2026-10-08
Cáceres,Salamanca,10_36_R2,216.037,2.7697,8.0,mixta_demo,DATOS SINTÉTICOS DE DEMOSTRACIÓN,DEMO: generado localmente,2026-10-08
Cáceres,Salamanca,10_36_R3,213.833,3.0548,0.0,economica_demo,DATOS SINTÉTICOS DE DEMOSTRACIÓN,DEMO: generado localmente,2026-10-08
Cáceres,Segovia,10_37_R1,314.633,3.5754,0.0,rapida_demo,DATOS SINTÉTICOS DE DEMOSTRACIÓN,DEMO: generado localmente,2026-10-08
Cáceres,Segovia,10_37_R2,308.34,3.9531,8.0,mixta_demo,DATOS SINTÉTICOS DE DEMOSTRACIÓN,DEMO: generado localmente,2026-10-08
Cáceres,Segovia,10_37_R3,305.194,4.3599,0.0,economica_demo,DATOS SINTÉTICOS DE DEMOSTRACIÓN,DEMO: generado localmente,2026-10-08
Cáceres,Sevilla,10_38_R1,292.819,3.3275,0.0,rapida_demo,DATOS SINTÉTICOS DE DEMOSTRACIÓN,DEMO: generado localmente,2026-10-08
Cáceres,Sevilla,10_38_R2,286.963,3.679,8.0,mixta_demo,DATOS SINTÉTICOS DE DEMOSTRACIÓN,DEMO: generado localmente,2026-10-08
Cáceres,Sevilla,10_38_R3,284.035,4.0576,0.0,economica_demo,DATOS SINTÉTICOS DE DEMOSTRACIÓN,DEMO: generado localmente,2026-10-08
Cáceres,Soria,10_39_R1,520.636,5.9163,0.0,rapida_demo,DATOS SINTÉTICOS DE DEMOSTRACIÓN,DEMO: generado localmente,2026-10-08
Cáceres,Soria,10_39_R2,510.223,6.5413,8.0,mixta_demo,DATOS SINTÉTICOS DE DEMOSTRACIÓN,DEMO: generado localmente,2026-10-08
Cáceres,Soria,10_39_R3,505.017,7.2145,0.0,economica_demo,DATOS SINTÉTICOS DE DEMOSTRACIÓN,DEMO: generado localmente,2026-10-08
Cáceres,Tarragona,10_40_R1,839.759,9.5427,0.0,rapida_demo,DATOS SINTÉTICOS DE DEMOSTRACIÓN,DEMO: generado localmente,2026-10-08
Cáceres,Tarragona,10_40_R2,822.964,10.5508,8.0,mixta_demo,DATOS SINTÉTICOS DE DEMOSTRACIÓN,DEMO: generado localmente,2026-10-08
Cáceres,Tarragona,10_40_R3,814.566,11.6367,0.0,economica_demo,DATOS SINTÉTICOS DE DEMOSTRACIÓN,DEMO: generado localmente,2026-10-08
Cáceres,Teruel,10_41_R1,573.969,6.5224,0.0,rapida_demo,DATOS SINTÉTICOS DE DEMOSTRACIÓN,DEMO: generado localmente,2026-10-08
Cáceres,Teruel,10_41_R2,562.489,7.2114,8.0,mixta_demo,DATOS SINTÉTICOS DE DEMOSTRACIÓN,DEMO: generado localmente,2026-10-08
Cáceres,Teruel,10_41_R3,556.75,7.9536,0.0,economica_demo,DATOS SINTÉTICOS DE DEMOSTRACIÓN,DEMO: generado localmente,2026-10-08
Cáceres,Toledo,10_42_R1,256.614,2.9161,0.0,rapida_demo,DATOS SINTÉTICOS DE DEMOSTRACIÓN,DEMO: generado localmente,2026-10-08
Cáceres,Toledo,10_42_R2,251.482,3.2241,8.0,mixta_demo,DATOS SINTÉTICOS DE DEMOSTRACIÓN,DEMO: generado localmente,2026-10-08
Cáceres,Toledo,10_42_R3,248.916,3.5559,0.0,economica_demo,DATOS SINTÉTICOS DE DEMOSTRACIÓN,DEMO: generado localmente,2026-10-08
Cáceres,Valencia,10_43_R1,643.049,7.3074,0.0,rapida_demo,DATOS SINTÉTICOS DE DEMOSTRACIÓN,DEMO: generado localmente,2026-10-08
Cáceres,Valencia,10_43_R2,630.188,8.0793,8.0,mixta_demo,DATOS SINTÉTICOS DE DEMOSTRACIÓN,DEMO: generado localmente,2026-10-08
Cáceres,Valencia,10_43_R3,623.758,8.9108,0.0,economica_demo,DATOS SINTÉTICOS DE DEMOSTRACIÓN,DEMO: generado localmente,2026-10-08
Cáceres,Valladolid,10_44_R1,348.907,3.9649,0.0,rapida_demo,DATOS SINTÉTICOS DE DEMOSTRACIÓN,DEMO: generado localmente,2026-10-08
Cáceres,Valladolid,10_44_R2,341.929,4.3837,8.0,mixta_demo,DATOS SINTÉTICOS DE DEMOSTRACIÓN,DEMO: generado localmente,2026-10-08
Cáceres,Valladolid,10_44_R3,338.44,4.8349,0.0,economica_demo,DATOS SINTÉTICOS DE DEMOSTRACIÓN,DEMO: generado localmente,2026-10-08
Cáceres,Zamora,10_45_R1,289.7,3.292,0.0,rapida_demo,DATOS SINTÉTICOS DE DEMOSTRACIÓN,DEMO: generado localmente,2026-10-08
Cáceres,Zamora,10_45_R2,283.906,3.6398,8.0,mixta_demo,DATOS SINTÉTICOS DE DEMOSTRACIÓN,DEMO: generado localmente,2026-10-08
Cáceres,Zamora,10_45_R3,281.009,4.0144,0.0,economica_demo,DATOS SINTÉTICOS DE DEMOSTRACIÓN,DEMO: generado localmente,2026-10-08
Cáceres,Zaragoza,10_46_R1,654.447,7.4369,0.0,rapida_demo,DATOS SINTÉTICOS DE DEMOSTRACIÓN,DEMO: generado localmente,2026-10-08
Cáceres,Zaragoza,10_46_R2,641.358,8.2225,8.0,mixta_demo,DATOS SINTÉTICOS DE DEMOSTRACIÓN,DEMO: generado localmente,2026-10-08
Cáceres,Zaragoza,10_46_R3,634.814,9.0688,0.0,economica_demo,DATOS SINTÉTICOS DE DEMOSTRACIÓN,DEMO: generado localmente,2026-10-08
Cádiz,Santander,11_12_R1,999.086,11.3532,0.0,rapida_demo,DATOS SINTÉTICOS DE DEMOSTRACIÓN,DEMO: generado localmente,2026-10-08
Cádiz,Santander,11_12_R2,979.104,12.5526,8.0,mixta_demo,DATOS SINTÉTICOS DE DEMOSTRACIÓN,DEMO: generado localmente,2026-10-08
Cádiz,Santander,11_12_R3,969.113,13.8445,0.0,economica_demo,DATOS SINTÉTICOS DE DEMOSTRACIÓN,DEMO: generado localmente,2026-10-08
Cádiz,Castelló de la Plana/Castellón de la Plana,11_13_R1,834.446,9.4823,0.0,rapida_demo,DATOS SINTÉTICOS DE DEMOSTRACIÓN,DEMO: generado localmente,2026-10-08
Cádiz,Castelló de la Plana/Castellón de la Plana,11_13_R2,817.757,10.4841,8.0,mixta_demo,DATOS SINTÉTICOS DE DEMOSTRACIÓN,DEMO: generado localmente,2026-10-08
Cádiz,Castelló de la Plana/Castellón de la Plana,11_13_R3,809.413,11.563,0.0,economica_demo,DATOS SINTÉTICOS DE DEMOSTRACIÓN,DEMO: generado localmente,2026-10-08
Cádiz,Ciudad Real,11_14_R1,428.89,4.8737,0.0,rapida_demo,DATOS SINTÉTICOS DE DEMOSTRACIÓN,DEMO: generado localmente,2026-10-08
Cádiz,Ciudad Real,11_14_R2,420.312,5.3886,8.0,mixta_demo,DATOS SINTÉTICOS DE DEMOSTRACIÓN,DEMO: generado localmente,2026-10-08
Cádiz,Ciudad Real,11_14_R3,416.023,5.9432,0.0,economica_demo,DATOS SINTÉTICOS DE DEMOSTRACIÓN,DEMO: generado localmente,2026-10-08
Cádiz,Córdoba,11_15_R1,252.368,2.8678,0.0,rapida_demo,DATOS SINTÉTICOS DE DEMOSTRACIÓN,DEMO: generado localmente,2026-10-08
Cádiz,Córdoba,11_15_R2,247.32,3.1708,8.0,mixta_demo,DATOS SINTÉTICOS DE DEMOSTRACIÓN,DEMO: generado localmente,2026-10-08
Cádiz,Córdoba,11_15_R3,244.797,3.4971,0.0,economica_demo,DATOS SINTÉTICOS DE DEMOSTRACIÓN,DEMO: generado localmente,2026-10-08
Cádiz,A Coruña,11_16_R1,976.925,11.1014,0.0,rapida_demo,DATOS SINTÉTICOS DE DEMOSTRACIÓN,DEMO: generado localmente,2026-10-08
Cádiz,A Coruña,11_16_R2,957.386,12.2742,8.0,mixta_demo,DATOS SINTÉTICOS DE DEMOSTRACIÓN,DEMO: generado localmente,2026-10-08
Cádiz,A Coruña,11_16_R3,947.617,13.5374,0.0,economica_demo,DATOS SINTÉTICOS DE DEMOSTRACIÓN,DEMO: generado localmente,2026-10-08
Cádiz,Cuenca,11_17_R1,670.207,7.616,0.0,rapida_demo,DATOS SINTÉTICOS DE DEMOSTRACIÓN,DEMO: generado localmente,2026-10-08
Cádiz,Cuenca,11_17_R2,656.802,8.4205,8.0,mixta_demo,DATOS SINTÉTICOS DE DEMOSTRACIÓN,DEMO: generado localmente,2026-10-08
Cádiz,Cuenca,11_17_R3,650.1,9.2871,0.0,economica_demo,DATOS SINTÉTICOS DE DEMOSTRACIÓN,DEMO: generado localmente,2026-10-08
Cádiz,Donostia/San Sebastián,11_18_R1,1049.371,11.9247,0.0,rapida_demo,DATOS SINTÉTICOS DE DEMOSTRACIÓN,DEMO: generado localmente,2026-10-08
Cádiz,Donostia/San Sebastián,11_18_R2,1028.384,13.1844,8.0,mixta_demo,DATOS SINTÉTICOS DE DEMOSTRACIÓN,DEMO: generado localmente,2026-10-08
Cádiz,Donostia/San Sebastián,11_18_R3,1017.89,14.5413,0.0,economica_demo,DATOS SINTÉTICOS DE DEMOSTRACIÓN,DEMO: generado localmente,2026-10-08
Cádiz,Girona,11_19_R1,1238.759,14.0768,0.0,rapida_demo,DATOS SINTÉTICOS DE DEMOSTRACIÓN,DEMO: generado localmente,2026-10-08
Cádiz,Girona,11_19_R2,1213.983,15.5639,8.0,mixta_demo,DATOS SINTÉTICOS DE DEMOSTRACIÓN,DEMO: generado localmente,2026-10-08
Cádiz,Girona,11_19_R3,1201.596,17.1657,0.0,economica_demo,DATOS SINTÉTICOS DE DEMOSTRACIÓN,DEMO: generado localmente,2026-10-08
Cádiz,Granada,11_20_R1,312.756,3.5541,0.0,rapida_demo,DATOS SINTÉTICOS DE DEMOSTRACIÓN,DEMO: generado localmente,2026-10-08
Cádiz,Granada,11_20_R2,306.501,3.9295,8.0,mixta_demo,DATOS SINTÉTICOS DE DEMOSTRACIÓN,DEMO: generado localmente,2026-10-08
Cádiz,Granada,11_20_R3,303.374,4.3339,0.0,economica_demo,DATOS SINTÉTICOS DE DEMOSTRACIÓN,DEMO: generado localmente,2026-10-08
Cádiz,Guadalajara,11_21_R1,663.753,7.5427,0.0,rapida_demo,DATOS SINTÉTICOS DE DEMOSTRACIÓN,DEMO: generado localmente,2026-10-08
Cádiz,Guadalajara,11_21_R2,650.478,8.3395,8.0,mixta_demo,DATOS SINTÉTICOS DE DEMOSTRACIÓN,DEMO: generado localmente,2026-10-08
Cádiz,Guadalajara,11_21_R3,643.841,9.1977,0.0,economica_demo,DATOS SINTÉTICOS DE DEMOSTRACIÓN,DEMO: generado localmente,2026-10-08
Cádiz,Huelva,11_22_R1,124.646,1.4164,0.0,rapida_demo,DATOS SINTÉTICOS DE DEMOSTRACIÓN,DEMO: generado localmente,2026-10-08
Cádiz,Huelva,11_22_R2,122.153,1.5661,8.0,mixta_demo,DATOS SINTÉTICOS DE DEMOSTRACIÓN,DEMO: generado localmente,2026-10-08
Cádiz,Huelva,11_22_R3,120.906,1.7272,0.0,economica_demo,DATOS SINTÉTICOS DE DEMOSTRACIÓN,DEMO: generado localmente,2026-10-08
Cádiz,Huesca,11_23_R1,1003.622,11.4048,0.0,rapida_demo,DATOS SINTÉTICOS DE DEMOSTRACIÓN,DEMO: generado localmente,2026-10-08
Cádiz,Huesca,11_23_R2,983.549,12.6096,8.0,mixta_demo,DATOS SINTÉTICOS DE DEMOSTRACIÓN,DEMO: generado localmente,2026-10-08
Cádiz,Huesca,11_23_R3,973.513,13.9073,0.0,economica_demo,DATOS SINTÉTICOS DE DEMOSTRACIÓN,DEMO: generado localmente,2026-10-08
Cádiz,Jaén,11_24_R1,326.031,3.7049,0.0,rapida_demo,DATOS SINTÉTICOS DE DEMOSTRACIÓN,DEMO: generado localmente,2026-10-08
Cádiz,Jaén,11_24_R2,319.51,4.0963,8.0,mixta_demo,DATOS SINTÉTICOS DE DEMOSTRACIÓN,DEMO: generado localmente,2026-10-08
Cádiz,Jaén,11_24_R3,316.25,4.5179,0.0,economica_demo,DATOS SINTÉTICOS DE DEMOSTRACIÓN,DEMO: generado localmente,2026-10-08
Cádiz,Logroño,11_25_R1,922.637,10.4845,0.0,rapida_demo,DATOS SINTÉTICOS DE DEMOSTRACIÓN,DEMO: generado localmente,2026-10-08
Cádiz,Logroño,11_25_R2,904.184,11.5921,8.0,mixta_demo,DATOS SINTÉTICOS DE DEMOSTRACIÓN,DEMO: generado localmente,2026-10-08
Cádiz,Logroño,11_25_R3,894.958,12.7851,0.0,economica_demo,DATOS SINTÉTICOS DE DEMOSTRACIÓN,DEMO: generado localmente,2026-10-08
Cádiz,León,11_26_R1,846.917,9.6241,0.0,rapida_demo,DATOS SINTÉTICOS DE DEMOSTRACIÓN,DEMO: generado localmente,2026-10-08
Cádiz,León,11_26_R2,829.979,10.6408,8.0,mixta_demo,DATOS SINTÉTICOS DE DEMOSTRACIÓN,DEMO: generado localmente,2026-10-08
Cádiz,León,11_26_R3,821.51,11.7359,0.0,economica_demo,DATOS SINTÉTICOS DE DEMOSTRACIÓN,DEMO: generado localmente,2026-10-08
Cádiz,Lleida,11_27_R1,1027.497,11.6761,0.0,rapida_demo,DATOS SINTÉTICOS DE DEMOSTRACIÓN,DEMO: generado localmente,2026-10-08
Cádiz,Lleida,11_27_R2,1006.947,12.9096,8.0,mixta_demo,DATOS SINTÉTICOS DE DEMOSTRACIÓN,DEMO: generado localmente,2026-10-08
Cádiz,Lleida,11_27_R3,996.672,14.2382,0.0,economica_demo,DATOS SINTÉTICOS DE DEMOSTRACIÓN,DEMO: generado localmente,2026-10-08
Cádiz,Lugo,11_28_R1,910.751,10.3494,0.0,rapida_demo,DATOS SINTÉTICOS DE DEMOSTRACIÓN,DEMO: generado localmente,2026-10-08
Cádiz,Lugo,11_28_R2,892.536,11.4428,8.0,mixta_demo,DATOS SINTÉTICOS DE DEMOSTRACIÓN,DEMO: generado localmente,2026-10-08
Cádiz,Lugo,11_28_R3,883.428,12.6204,0.0,economica_demo,DATOS SINTÉTICOS DE DEMOSTRACIÓN,DEMO: generado localmente,2026-10-08
Cádiz,Madrid,11_29_R1,610.136,6.9334,0.0,rapida_demo,DATOS SINTÉTICOS DE DEMOSTRACIÓN,DEMO: generado localmente,2026-10-08
Cádiz,Madrid,11_29_R2,597.933,7.6658,8.0,mixta_demo,DATOS SINTÉTICOS DE DEMOSTRACIÓN,DEMO: generado localmente,2026-10-08
Cádiz,Madrid,11_29_R3,591.832,8.4547,0.0,economica_demo,DATOS SINTÉTICOS DE DEMOSTRACIÓN,DEMO: generado localmente,2026-10-08
Cádiz,Málaga,11_30_R1,211.155,2.3995,0.0,rapida_demo,DATOS SINTÉTICOS DE DEMOSTRACIÓN,DEMO: generado localmente,2026-10-08
Cádiz,Málaga,11_30_R2,206.932,2.653,8.0,mixta_demo,DATOS SINTÉTICOS DE DEMOSTRACIÓN,DEMO: generado localmente,2026-10-08
Cádiz,Málaga,11_30_R3,204.82,2.926,0.0,economica_demo,DATOS SINTÉTICOS DE DEMOSTRACIÓN,DEMO: generado localmente,2026-10-08
Cádiz,Murcia,11_31_R1,605.741,6.8834,0.0,rapida_demo,DATOS SINTÉTICOS DE DEMOSTRACIÓN,DEMO: generado localmente,2026-10-08
Cádiz,Murcia,11_31_R2,593.626,7.6106,8.0,mixta_demo,DATOS SINTÉTICOS DE DEMOSTRACIÓN,DEMO: generado localmente,2026-10-08
Cádiz,Murcia,11_31_R3,587.569,8.3938,0.0,economica_demo,DATOS SINTÉTICOS DE DEMOSTRACIÓN,DEMO: generado localmente,2026-10-08
Cádiz,Pamplona/Iruña,11_32_R1,1005.285,11.4237,0.0,rapida_demo,DATOS SINTÉTICOS DE DEMOSTRACIÓN,DEMO: generado localmente,2026-10-08
Cádiz,Pamplona/Iruña,11_32_R2,985.18,12.6305,8.0,mixta_demo,DATOS SINTÉTICOS DE DEMOSTRACIÓN,DEMO: generado localmente,2026-10-08
Cádiz,Pamplona/Iruña,11_32_R3,975.127,13.9304,0.0,economica_demo,DATOS SINTÉTICOS DE DEMOSTRACIÓN,DEMO: generado localmente,2026-10-08
Cádiz,Ourense,11_33_R1,824.376,9.3679,0.0,rapida_demo,DATOS SINTÉTICOS DE DEMOSTRACIÓN,DEMO: generado localmente,2026-10-08
Cádiz,Ourense,11_33_R2,807.889,10.3575,8.0,mixta_demo,DATOS SINTÉTICOS DE DEMOSTRACIÓN,DEMO: generado localmente,2026-10-08
Cádiz,Ourense,11_33_R3,799.645,11.4235,0.0,economica_demo,DATOS SINTÉTICOS DE DEMOSTRACIÓN,DEMO: generado localmente,2026-10-08
Cádiz,Palencia,11_34_R1,785.033,8.9208,0.0,rapida_demo,DATOS SINTÉTICOS DE DEMOSTRACIÓN,DEMO: generado localmente,2026-10-08
Cádiz,Palencia,11_34_R2,769.332,9.8632,8.0,mixta_demo,DATOS SINTÉTICOS DE DEMOSTRACIÓN,DEMO: generado localmente,2026-10-08
Cádiz,Palencia,11_34_R3,761.482,10.8783,0.0,economica_demo,DATOS SINTÉTICOS DE DEMOSTRACIÓN,DEMO: generado localmente,2026-10-08
Cádiz,Pontevedra,11_35_R1,858.28,9.7532,0.0,rapida_demo,DATOS SINTÉTICOS DE DEMOSTRACIÓN,DEMO: generado localmente,2026-10-08
Cádiz,Pontevedra,11_35_R2,841.115,10.7835,8.0,mixta_demo,DATOS SINTÉTICOS DE DEMOSTRACIÓN,DEMO: generado localmente,2026-10-08
Cádiz,Pontevedra,11_35_R3,832.532,11.8933,0.0,economica_demo,DATOS SINTÉTICOS DE DEMOSTRACIÓN,DEMO: generado localmente,2026-10-08
Cádiz,Salamanca,11_36_R1,620.321,7.0491,0.0,rapida_demo,DATOS SINTÉTICOS DE DEMOSTRACIÓN,DEMO: generado localmente,2026-10-08
Cádiz,Salamanca,11_36_R2,607.914,7.7938,8.0,mixta_demo,DATOS SINTÉTICOS DE DEMOSTRACIÓN,DEMO: generado localmente,2026-10-08
Cádiz,Salamanca,11_36_R3,601.711,8.5959,0.0,economica_demo,DATOS SINTÉTICOS DE DEMOSTRACIÓN,DEMO: generado localmente,2026-10-08
Cádiz,Segovia,11_37_R1,657.87,7.4758,0.0,rapida_demo,DATOS SINTÉTICOS DE DEMOSTRACIÓN,DEMO: generado localmente,2026-10-08
Cádiz,Segovia,11_37_R2,644.712,8.2655,8.0,mixta_demo,DATOS SINTÉTICOS DE DEMOSTRACIÓN,DEMO: generado localmente,2026-10-08
Cádiz,Segovia,11_37_R3,638.134,9.1162,0.0,economica_demo,DATOS SINTÉTICOS DE DEMOSTRACIÓN,DEMO: generado localmente,2026-10-08
Cádiz,Sevilla,11_38_R1,123.918,1.4082,0.0,rapida_demo,DATOS SINTÉTICOS DE DEMOSTRACIÓN,DEMO: generado localmente,2026-10-08
Cádiz,Sevilla,11_38_R2,121.439,1.5569,8.0,mixta_demo,DATOS SINTÉTICOS DE DEMOSTRACIÓN,DEMO: generado localmente,2026-10-08
Cádiz,Sevilla,11_38_R3,120.2,1.7171,0.0,economica_demo,DATOS SINTÉTICOS DE DEMOSTRACIÓN,DEMO: generado localmente,2026-10-08
Cádiz,Soria,11_39_R1,836.123,9.5014,0.0,rapida_demo,DATOS SINTÉTICOS DE DEMOSTRACIÓN,DEMO: generado localmente,2026-10-08
Cádiz,Soria,11_39_R2,819.401,10.5051,8.0,mixta_demo,DATOS SINTÉTICOS DE DEMOSTRACIÓN,DEMO: generado localmente,2026-10-08
Cádiz,Soria,11_39_R3,811.04,11.5863,0.0,economica_demo,DATOS SINTÉTICOS DE DEMOSTRACIÓN,DEMO: generado localmente,2026-10-08
Cádiz,Tarragona,11_40_R1,1035.914,11.7717,0.0,rapida_demo,DATOS SINTÉTICOS DE DEMOSTRACIÓN,DEMO: generado localmente,2026-10-08
Cádiz,Tarragona,11_40_R2,1015.196,13.0153,8.0,mixta_demo,DATOS SINTÉTICOS DE DEMOSTRACIÓN,DEMO: generado localmente,2026-10-08
Cádiz,Tarragona,11_40_R3,1004.837,14.3548,0.0,economica_demo,DATOS SINTÉTICOS DE DEMOSTRACIÓN,DEMO: generado localmente,2026-10-08
Cádiz,Teruel,11_41_R1,774.117,8.7968,0.0,rapida_demo,DATOS SINTÉTICOS DE DEMOSTRACIÓN,DEMO: generado localmente,2026-10-08
Cádiz,Teruel,11_41_R2,758.635,9.7261,8.0,mixta_demo,DATOS SINTÉTICOS DE DEMOSTRACIÓN,DEMO: generado localmente,2026-10-08
Cádiz,Teruel,11_41_R3,750.894,10.7271,0.0,economica_demo,DATOS SINTÉTICOS DE DEMOSTRACIÓN,DEMO: generado localmente,2026-10-08
Cádiz,Toledo,11_42_R1,524.54,5.9607,0.0,rapida_demo,DATOS SINTÉTICOS DE DEMOSTRACIÓN,DEMO: generado localmente,2026-10-08
Cádiz,Toledo,11_42_R2,514.049,6.5904,8.0,mixta_demo,DATOS SINTÉTICOS DE DEMOSTRACIÓN,DEMO: generado localmente,2026-10-08
Cádiz,Toledo,11_42_R3,508.804,7.2686,0.0,economica_demo,DATOS SINTÉTICOS DE DEMOSTRACIÓN,DEMO: generado localmente,2026-10-08
Cádiz,Valencia,11_43_R1,765.785,8.7021,0.0,rapida_demo,DATOS SINTÉTICOS DE DEMOSTRACIÓN,DEMO: generado localmente,2026-10-08
Cádiz,Valencia,11_43_R2,750.469,9.6214,8.0,mixta_demo,DATOS SINTÉTICOS DE DEMOSTRACIÓN,DEMO: generado localmente,2026-10-08
Cádiz,Valencia,11_43_R3,742.812,10.6116,0.0,economica_demo,DATOS SINTÉTICOS DE DEMOSTRACIÓN,DEMO: generado localmente,2026-10-08
Cádiz,Valladolid,11_44_R1,731.738,8.3152,0.0,rapida_demo,DATOS SINTÉTICOS DE DEMOSTRACIÓN,DEMO: generado localmente,2026-10-08
Cádiz,Valladolid,11_44_R2,717.104,9.1936,8.0,mixta_demo,DATOS SINTÉTICOS DE DEMOSTRACIÓN,DEMO: generado localmente,2026-10-08
Cádiz,Valladolid,11_44_R3,709.786,10.1398,0.0,economica_demo,DATOS SINTÉTICOS DE DEMOSTRACIÓN,DEMO: generado localmente,2026-10-08
Cádiz,Zamora,11_45_R1,693.902,7.8853,0.0,rapida_demo,DATOS SINTÉTICOS DE DEMOSTRACIÓN,DEMO: generado localmente,2026-10-08
Cádiz,Zamora,11_45_R2,680.024,8.7183,8.0,mixta_demo,DATOS SINTÉTICOS DE DEMOSTRACIÓN,DEMO: generado localmente,2026-10-08
Cádiz,Zamora,11_45_R3,673.085,9.6155,0.0,economica_demo,DATOS SINTÉTICOS DE DEMOSTRACIÓN,DEMO: generado localmente,2026-10-08
Cádiz,Zaragoza,11_46_R1,921.023,10.4662,0.0,rapida_demo,DATOS SINTÉTICOS DE DEMOSTRACIÓN,DEMO: generado localmente,2026-10-08
Cádiz,Zaragoza,11_46_R2,902.603,11.5718,8.0,mixta_demo,DATOS SINTÉTICOS DE DEMOSTRACIÓN,DEMO: generado localmente,2026-10-08
Cádiz,Zaragoza,11_46_R3,893.392,12.7627,0.0,economica_demo,DATOS SINTÉTICOS DE DEMOSTRACIÓN,DEMO: generado localmente,2026-10-08
Santander,Castelló de la Plana/Castellón de la Plana,12_13_R1,621.621,7.0639,0.0,rapida_demo,DATOS SINTÉTICOS DE DEMOSTRACIÓN,DEMO: generado localmente,2026-10-08
Santander,Castelló de la Plana/Castellón de la Plana,12_13_R2,609.188,7.8101,8.0,mixta_demo,DATOS SINTÉTICOS DE DEMOSTRACIÓN,DEMO: generado localmente,2026-10-08
Santander,Castelló de la Plana/Castellón de la Plana,12_13_R3,602.972,8.6139,0.0,economica_demo,DATOS SINTÉTICOS DE DEMOSTRACIÓN,DEMO: generado localmente,2026-10-08
Santander,Ciudad Real,12_14_R1,622.46,7.0734,0.0,rapida_demo,DATOS SINTÉTICOS DE DEMOSTRACIÓN,DEMO: generado localmente,2026-10-08
Santander,Ciudad Real,12_14_R2,610.01,7.8206,8.0,mixta_demo,DATOS SINTÉTICOS DE DEMOSTRACIÓN,DEMO: generado localmente,2026-10-08
Santander,Ciudad Real,12_14_R3,603.786,8.6255,0.0,economica_demo,DATOS SINTÉTICOS DE DEMOSTRACIÓN,DEMO: generado localmente,2026-10-08
Santander,Córdoba,12_15_R1,781.834,8.8845,0.0,rapida_demo,DATOS SINTÉTICOS DE DEMOSTRACIÓN,DEMO: generado localmente,2026-10-08
Santander,Córdoba,12_15_R2,766.198,9.823,8.0,mixta_demo,DATOS SINTÉTICOS DE DEMOSTRACIÓN,DEMO: generado localmente,2026-10-08
Santander,Córdoba,12_15_R3,758.379,10.834,0.0,economica_demo,DATOS SINTÉTICOS DE DEMOSTRACIÓN,DEMO: generado localmente,2026-10-08
Santander,A Coruña,12_16_R1,463.104,5.2626,0.0,rapida_demo,DATOS SINTÉTICOS DE DEMOSTRACIÓN,DEMO: generado localmente,2026-10-08
Santander,A Coruña,12_16_R2,453.842,5.8185,8.0,mixta_demo,DATOS SINTÉTICOS DE DEMOSTRACIÓN,DEMO: generado localmente,2026-10-08
Santander,A Coruña,12_16_R3,449.211,6.4173,0.0,economica_demo,DATOS SINTÉTICOS DE DEMOSTRACIÓN,DEMO: generado localmente,2026-10-08
Santander,Cuenca,12_17_R1,501.592,5.6999,0.0,rapida_demo,DATOS SINTÉTICOS DE DEMOSTRACIÓN,DEMO: generado localmente,2026-10-08
Santander,Cuenca,12_17_R2,491.56,6.302,8.0,mixta_demo,DATOS SINTÉTICOS DE DEMOSTRACIÓN,DEMO: generado localmente,2026-10-08
Santander,Cuenca,12_17_R3,486.544,6.9506,0.0,economica_demo,DATOS SINTÉTICOS DE DEMOSTRACIÓN,DEMO: generado localmente,2026-10-08
Santander,Donostia/San Sebastián,12_18_R1,185.289,2.1056,0.0,rapida_demo,DATOS SINTÉTICOS DE DEMOSTRACIÓN,DEMO: generado localmente,2026-10-08
Santander,Donostia/San Sebastián,12_18_R2,181.583,2.328,8.0,mixta_demo,DATOS SINTÉTICOS DE DEMOSTRACIÓN,DEMO: generado localmente,2026-10-08
Santander,Donostia/San Sebastián,12_18_R3,179.73,2.5676,0.0,economica_demo,DATOS SINTÉTICOS DE DEMOSTRACIÓN,DEMO: generado localmente,2026-10-08
Santander,Girona,12_19_R1,707.766,8.0428,0.0,rapida_demo,DATOS SINTÉTICOS DE DEMOSTRACIÓN,DEMO: generado localmente,2026-10-08
Santander,Girona,12_19_R2,693.611,8.8924,8.0,mixta_demo,DATOS SINTÉTICOS DE DEMOSTRACIÓN,DEMO: generado localmente,2026-10-08
Santander,Girona,12_19_R3,686.533,9.8076,0.0,economica_demo,DATOS SINTÉTICOS DE DEMOSTRACIÓN,DEMO: generado localmente,2026-10-08
Santander,Granada,12_20_R1,874.286,9.9351,0.0,rapida_demo,DATOS SINTÉTICOS DE DEMOSTRACIÓN,DEMO: generado localmente,2026-10-08
Santander,Granada,12_20_R2,856.8,10.9846,8.0,mixta_demo,DATOS SINTÉTICOS DE DEMOSTRACIÓN,DEMO: generado localmente,2026-10-08
Santander,Granada,12_20_R3,848.057,12.1151,0.0,economica_demo,DATOS SINTÉTICOS DE DEMOSTRACIÓN,DEMO: generado localmente,2026-10-08
Santander,Guadalajara,12_21_R1,398.727,4.531,0.0,rapida_demo,DATOS SINTÉTICOS DE DEMOSTRACIÓN,DEMO: generado localmente,2026-10-08
Santander,Guadalajara,12_21_R2,390.752,5.0096,8.0,mixta_demo,DATOS SINTÉTICOS DE DEMOSTRACIÓN,DEMO: generado localmente,2026-10-08
Santander,Guadalajara,12_21_R3,386.765,5.5252,0.0,economica_demo,DATOS SINTÉTICOS DE DEMOSTRACIÓN,DEMO: generado localmente,2026-10-08
Santander,Huelva,12_22_R1,924.251,10.5029,0.0,rapida_demo,DATOS SINTÉTICOS DE DEMOSTRACIÓN,DEMO: generado localmente,2026-10-08
Santander,Huelva,12_22_R2,905.766,11.6124,8.0,mixta_demo,DATOS SINTÉTICOS DE DEMOSTRACIÓN,DEMO: generado localmente,2026-10-08
Santander,Huelva,12_22_R3,896.524,12.8075,0.0,economica_demo,DATOS SINTÉTICOS DE DEMOSTRACIÓN,DEMO: generado localmente,2026-10-08
Santander,Huesca,12_23_R1,392.44,4.4595,0.0,rapida_demo,DATOS SINTÉTICOS DE DEMOSTRACIÓN,DEMO: generado localmente,2026-10-08
Santander,Huesca,12_23_R2,384.591,4.9307,8.0,mixta_demo,DATOS SINTÉTICOS DE DEMOSTRACIÓN,DEMO: generado localmente,2026-10-08
Santander,Huesca,12_23_R3,380.666,5.4381,0.0,economica_demo,DATOS SINTÉTICOS DE DEMOSTRACIÓN,DEMO: generado localmente,2026-10-08
Santander,Jaén,12_24_R1,791.956,8.9995,0.0,rapida_demo,DATOS SINTÉTICOS DE DEMOSTRACIÓN,DEMO: generado localmente,2026-10-08
Santander,Jaén,12_24_R2,776.117,9.9502,8.0,mixta_demo,DATOS SINTÉTICOS DE DEMOSTRACIÓN,DEMO: generado localmente,2026-10-08
Santander,Jaén,12_24_R3,768.197,10.9742,0.0,economica_demo,DATOS SINTÉTICOS DE DEMOSTRACIÓN,DEMO: generado localmente,2026-10-08
Santander,Logroño,12_25_R1,196.486,2.2328,0.0,rapida_demo,DATOS SINTÉTICOS DE DEMOSTRACIÓN,DEMO: generado localmente,2026-10-08
Santander,Logroño,12_25_R2,192.557,2.4687,8.0,mixta_demo,DATOS SINTÉTICOS DE DEMOSTRACIÓN,DEMO: generado localmente,2026-10-08
Santander,Logroño,12_25_R3,190.592,2.7227,0.0,economica_demo,DATOS SINTÉTICOS DE DEMOSTRACIÓN,DEMO: generado localmente,2026-10-08
Santander,León,12_26_R1,215.81,2.4524,0.0,rapida_demo,DATOS SINTÉTICOS DE DEMOSTRACIÓN,DEMO: generado localmente,2026-10-08
Santander,León,12_26_R2,211.494,2.7115,8.0,mixta_demo,DATOS SINTÉTICOS DE DEMOSTRACIÓN,DEMO: generado localmente,2026-10-08
Santander,León,12_26_R3,209.336,2.9905,0.0,economica_demo,DATOS SINTÉTICOS DE DEMOSTRACIÓN,DEMO: generado localmente,2026-10-08
Santander,Lleida,12_27_R1,521.827,5.9299,0.0,rapida_demo,DATOS SINTÉTICOS DE DEMOSTRACIÓN,DEMO: generado localmente,2026-10-08
Santander,Lleida,12_27_R2,511.391,6.5563,8.0,mixta_demo,DATOS SINTÉTICOS DE DEMOSTRACIÓN,DEMO: generado localmente,2026-10-08
Santander,Lleida,12_27_R3,506.172,7.231,0.0,economica_demo,DATOS SINTÉTICOS DE DEMOSTRACIÓN,DEMO: generado localmente,2026-10-08
Santander,Lugo,12_28_R1,384.431,4.3685,0.0,rapida_demo,DATOS SINTÉTICOS DE DEMOSTRACIÓN,DEMO: generado localmente,2026-10-08
Santander,Lugo,12_28_R2,376.743,4.83,8.0,mixta_demo,DATOS SINTÉTICOS DE DEMOSTRACIÓN,DEMO: generado localmente,2026-10-08
Santander,Lugo,12_28_R3,372.898,5.3271,0.0,economica_demo,DATOS SINTÉTICOS DE DEMOSTRACIÓN,DEMO: generado localmente,2026-10-08
Santander,Madrid,12_29_R1,423.178,4.8088,0.0,rapida_demo,DATOS SINTÉTICOS DE DEMOSTRACIÓN,DEMO: generado localmente,2026-10-08
Santander,Madrid,12_29_R2,414.714,5.3168,8.0,mixta_demo,DATOS SINTÉTICOS DE DEMOSTRACIÓN,DEMO: generado localmente,2026-10-08
Santander,Madrid,12_29_R3,410.482,5.864,0.0,economica_demo,DATOS SINTÉTICOS DE DEMOSTRACIÓN,DEMO: generado localmente,2026-10-08
Santander,Málaga,12_30_R1,939.304,10.6739,0.0,rapida_demo,DATOS SINTÉTICOS DE DEMOSTRACIÓN,DEMO: generado localmente,2026-10-08
Santander,Málaga,12_30_R2,920.518,11.8015,8.0,mixta_demo,DATOS SINTÉTICOS DE DEMOSTRACIÓN,DEMO: generado localmente,2026-10-08
Santander,Málaga,12_30_R3,911.125,13.0161,0.0,economica_demo,DATOS SINTÉTICOS DE DEMOSTRACIÓN,DEMO: generado localmente,2026-10-08
Santander,Murcia,12_31_R1,812.043,9.2278,0.0,rapida_demo,DATOS SINTÉTICOS DE DEMOSTRACIÓN,DEMO: generado localmente,2026-10-08
Santander,Murcia,12_31_R2,795.802,10.2026,8.0,mixta_demo,DATOS SINTÉTICOS DE DEMOSTRACIÓN,DEMO: generado localmente,2026-10-08
Santander,Murcia,12_31_R3,787.681,11.2526,0.0,economica_demo,DATOS SINTÉTICOS DE DEMOSTRACIÓN,DEMO: generado localmente,2026-10-08
Santander,Pamplona/Iruña,12_32_R1,237.154,2.6949,0.0,rapida_demo,DATOS SINTÉTICOS DE DEMOSTRACIÓN,DEMO: generado localmente,2026-10-08
Santander,Pamplona/Iruña,12_32_R2,232.411,2.9796,8.0,mixta_demo,DATOS SINTÉTICOS DE DEMOSTRACIÓN,DEMO: generado localmente,2026-10-08
Santander,Pamplona/Iruña,12_32_R3,230.039,3.2863,0.0,economica_demo,DATOS SINTÉTICOS DE DEMOSTRACIÓN,DEMO: generado localmente,2026-10-08
Santander,Ourense,12_33_R1,441.42,5.0161,0.0,rapida_demo,DATOS SINTÉTICOS DE DEMOSTRACIÓN,DEMO: generado localmente,2026-10-08
Santander,Ourense,12_33_R2,432.592,5.5461,8.0,mixta_demo,DATOS SINTÉTICOS DE DEMOSTRACIÓN,DEMO: generado localmente,2026-10-08
Santander,Ourense,12_33_R3,428.178,6.1168,0.0,economica_demo,DATOS SINTÉTICOS DE DEMOSTRACIÓN,DEMO: generado localmente,2026-10-08
Santander,Palencia,12_34_R1,214.782,2.4407,0.0,rapida_demo,DATOS SINTÉTICOS DE DEMOSTRACIÓN,DEMO: generado localmente,2026-10-08
Santander,Palencia,12_34_R2,210.486,2.6985,8.0,mixta_demo,DATOS SINTÉTICOS DE DEMOSTRACIÓN,DEMO: generado localmente,2026-10-08
Santander,Palencia,12_34_R3,208.338,2.9763,0.0,economica_demo,DATOS SINTÉTICOS DE DEMOSTRACIÓN,DEMO: generado localmente,2026-10-08
Santander,Pontevedra,12_35_R1,512.434,5.8231,0.0,rapida_demo,DATOS SINTÉTICOS DE DEMOSTRACIÓN,DEMO: generado localmente,2026-10-08
Santander,Pontevedra,12_35_R2,502.186,6.4383,8.0,mixta_demo,DATOS SINTÉTICOS DE DEMOSTRACIÓN,DEMO: generado localmente,2026-10-08
Santander,Pontevedra,12_35_R3,497.061,7.1009,0.0,economica_demo,DATOS SINTÉTICOS DE DEMOSTRACIÓN,DEMO: generado localmente,2026-10-08
Santander,Salamanca,12_36_R1,396.02,4.5002,0.0,rapida_demo,DATOS SINTÉTICOS DE DEMOSTRACIÓN,DEMO: generado localmente,2026-10-08
Santander,Salamanca,12_36_R2,388.099,4.9756,8.0,mixta_demo,DATOS SINTÉTICOS DE DEMOSTRACIÓN,DEMO: generado localmente,2026-10-08
Santander,Salamanca,12_36_R3,384.139,5.4877,0.0,economica_demo,DATOS SINTÉTICOS DE DEMOSTRACIÓN,DEMO: generado localmente,2026-10-08
Santander,Segovia,12_37_R1,350.616,3.9843,0.0,rapida_demo,DATOS SINTÉTICOS DE DEMOSTRACIÓN,DEMO: generado localmente,2026-10-08
Santander,Segovia,12_37_R2,343.604,4.4052,8.0,mixta_demo,DATOS SINTÉTICOS DE DEMOSTRACIÓN,DEMO: generado localmente,2026-10-08
Santander,Segovia,12_37_R3,340.098,4.8585,0.0,economica_demo,DATOS SINTÉTICOS DE DEMOSTRACIÓN,DEMO: generado localmente,2026-10-08
Santander,Sevilla,12_38_R1,875.185,9.9453,0.0,rapida_demo,DATOS SINTÉTICOS DE DEMOSTRACIÓN,DEMO: generado localmente,2026-10-08
Santander,Sevilla,12_38_R2,857.681,10.9959,8.0,mixta_demo,DATOS SINTÉTICOS DE DEMOSTRACIÓN,DEMO: generado localmente,2026-10-08
Santander,Sevilla,12_38_R3,848.929,12.1276,0.0,economica_demo,DATOS SINTÉTICOS DE DEMOSTRACIÓN,DEMO: generado localmente,2026-10-08
Santander,Soria,12_39_R1,273.381,3.1066,0.0,rapida_demo,DATOS SINTÉTICOS DE DEMOSTRACIÓN,DEMO: generado localmente,2026-10-08
Santander,Soria,12_39_R2,267.913,3.4348,8.0,mixta_demo,DATOS SINTÉTICOS DE DEMOSTRACIÓN,DEMO: generado localmente,2026-10-08
Santander,Soria,12_39_R3,265.179,3.7883,0.0,economica_demo,DATOS SINTÉTICOS DE DEMOSTRACIÓN,DEMO: generado localmente,2026-10-08
Santander,Tarragona,12_40_R1,614.119,6.9786,0.0,rapida_demo,DATOS SINTÉTICOS DE DEMOSTRACIÓN,DEMO: generado localmente,2026-10-08
Santander,Tarragona,12_40_R2,601.837,7.7159,8.0,mixta_demo,DATOS SINTÉTICOS DE DEMOSTRACIÓN,DEMO: generado localmente,2026-10-08
Santander,Tarragona,12_40_R3,595.696,8.5099,0.0,economica_demo,DATOS SINTÉTICOS DE DEMOSTRACIÓN,DEMO: generado localmente,2026-10-08
Santander,Teruel,12_41_R1,515.727,5.8605,0.0,rapida_demo,DATOS SINTÉTICOS DE DEMOSTRACIÓN,DEMO: generado localmente,2026-10-08
Santander,Teruel,12_41_R2,505.412,6.4796,8.0,mixta_demo,DATOS SINTÉTICOS DE DEMOSTRACIÓN,DEMO: generado localmente,2026-10-08
Santander,Teruel,12_41_R3,500.255,7.1465,0.0,economica_demo,DATOS SINTÉTICOS DE DEMOSTRACIÓN,DEMO: generado localmente,2026-10-08
Santander,Toledo,12_42_R1,501.688,5.701,0.0,rapida_demo,DATOS SINTÉTICOS DE DEMOSTRACIÓN,DEMO: generado localmente,2026-10-08
Santander,Toledo,12_42_R2,491.655,6.3033,8.0,mixta_demo,DATOS SINTÉTICOS DE DEMOSTRACIÓN,DEMO: generado localmente,2026-10-08
Santander,Toledo,12_42_R3,486.638,6.952,0.0,economica_demo,DATOS SINTÉTICOS DE DEMOSTRACIÓN,DEMO: generado localmente,2026-10-08
Santander,Valencia,12_43_R1,659.979,7.4998,0.0,rapida_demo,DATOS SINTÉTICOS DE DEMOSTRACIÓN,DEMO: generado localmente,2026-10-08
Santander,Valencia,12_43_R2,646.779,8.292,8.0,mixta_demo,DATOS SINTÉTICOS DE DEMOSTRACIÓN,DEMO: generado localmente,2026-10-08
Santander,Valencia,12_43_R3,640.179,9.1454,0.0,economica_demo,DATOS SINTÉTICOS DE DEMOSTRACIÓN,DEMO: generado localmente,2026-10-08
Santander,Valladolid,12_44_R1,268.559,3.0518,0.0,rapida_demo,DATOS SINTÉTICOS DE DEMOSTRACIÓN,DEMO: generado localmente,2026-10-08
Santander,Valladolid,12_44_R2,263.187,3.3742,8.0,mixta_demo,DATOS SINTÉTICOS DE DEMOSTRACIÓN,DEMO: generado localmente,2026-10-08
Santander,Valladolid,12_44_R3,260.502,3.7215,0.0,economica_demo,DATOS SINTÉTICOS DE DEMOSTRACIÓN,DEMO: generado localmente,2026-10-08
Santander,Zamora,12_45_R1,336.908,3.8285,0.0,rapida_demo,DATOS SINTÉTICOS DE DEMOSTRACIÓN,DEMO: generado localmente,2026-10-08
Santander,Zamora,12_45_R2,330.17,4.2329,8.0,mixta_demo,DATOS SINTÉTICOS DE DEMOSTRACIÓN,DEMO: generado localmente,2026-10-08
Santander,Zamora,12_45_R3,326.801,4.6686,0.0,economica_demo,DATOS SINTÉTICOS DE DEMOSTRACIÓN,DEMO: generado localmente,2026-10-08
Santander,Zaragoza,12_46_R1,391.324,4.4469,0.0,rapida_demo,DATOS SINTÉTICOS DE DEMOSTRACIÓN,DEMO: generado localmente,2026-10-08
Santander,Zaragoza,12_46_R2,383.497,4.9166,8.0,mixta_demo,DATOS SINTÉTICOS DE DEMOSTRACIÓN,DEMO: generado localmente,2026-10-08
Santander,Zaragoza,12_46_R3,379.584,5.4226,0.0,economica_demo,DATOS SINTÉTICOS DE DEMOSTRACIÓN,DEMO: generado localmente,2026-10-08
Castelló de la Plana/Castellón de la Plana,Ciudad Real,13_14_R1,439.902,4.9989,0.0,rapida_demo,DATOS SINTÉTICOS DE DEMOSTRACIÓN,DEMO: generado localmente,2026-10-08
Castelló de la Plana/Castellón de la Plana,Ciudad Real,13_14_R2,431.104,5.527,8.0,mixta_demo,DATOS SINTÉTICOS DE DEMOSTRACIÓN,DEMO: generado localmente,2026-10-08
Castelló de la Plana/Castellón de la Plana,Ciudad Real,13_14_R3,426.705,6.0958,0.0,economica_demo,DATOS SINTÉTICOS DE DEMOSTRACIÓN,DEMO: generado localmente,2026-10-08
Castelló de la Plana/Castellón de la Plana,Córdoba,13_15_R1,589.551,6.6994,0.0,rapida_demo,DATOS SINTÉTICOS DE DEMOSTRACIÓN,DEMO: generado localmente,2026-10-08
Castelló de la Plana/Castellón de la Plana,Córdoba,13_15_R2,577.76,7.4072,8.0,mixta_demo,DATOS SINTÉTICOS DE DEMOSTRACIÓN,DEMO: generado localmente,2026-10-08
Castelló de la Plana/Castellón de la Plana,Córdoba,13_15_R3,571.865,8.1695,0.0,economica_demo,DATOS SINTÉTICOS DE DEMOSTRACIÓN,DEMO: generado localmente,2026-10-08
Castelló de la Plana/Castellón de la Plana,A Coruña,13_16_R1,986.37,11.2088,0.0,rapida_demo,DATOS SINTÉTICOS DE DEMOSTRACIÓN,DEMO: generado localmente,2026-10-08
Castelló de la Plana/Castellón de la Plana,A Coruña,13_16_R2,966.643,12.3929,8.0,mixta_demo,DATOS SINTÉTICOS DE DEMOSTRACIÓN,DEMO: generado localmente,2026-10-08
Castelló de la Plana/Castellón de la Plana,A Coruña,13_16_R3,956.779,13.6683,0.0,economica_demo,DATOS SINTÉTICOS DE DEMOSTRACIÓN,DEMO: generado localmente,2026-10-08
Castelló de la Plana/Castellón de la Plana,Cuenca,13_17_R1,223.027,2.5344,0.0,rapida_demo,DATOS SINTÉTICOS DE DEMOSTRACIÓN,DEMO: generado localmente,2026-10-08
Castelló de la Plana/Castellón de la Plana,Cuenca,13_17_R2,218.566,2.8021,8.0,mixta_demo,DATOS SINTÉTICOS DE DEMOSTRACIÓN,DEMO: generado localmente,2026-10-08
Castelló de la Plana/Castellón de la Plana,Cuenca,13_17_R3,216.336,3.0905,0.0,economica_demo,DATOS SINTÉTICOS DE DEMOSTRACIÓN,DEMO: generado localmente,2026-10-08
Castelló de la Plana/Castellón de la Plana,Donostia/San Sebastián,13_18_R1,505.782,5.7475,0.0,rapida_demo,DATOS SINTÉTICOS DE DEMOSTRACIÓN,DEMO: generado localmente,2026-10-08
Castelló de la Plana/Castellón de la Plana,Donostia/San Sebastián,13_18_R2,495.666,6.3547,8.0,mixta_demo,DATOS SINTÉTICOS DE DEMOSTRACIÓN,DEMO: generado localmente,2026-10-08
Castelló de la Plana/Castellón de la Plana,Donostia/San Sebastián,13_18_R3,490.609,7.0087,0.0,economica_demo,DATOS SINTÉTICOS DE DEMOSTRACIÓN,DEMO: generado localmente,2026-10-08
Castelló de la Plana/Castellón de la Plana,Girona,13_19_R1,408.932,4.647,0.0,rapida_demo,DATOS SINTÉTICOS DE DEMOSTRACIÓN,DEMO: generado localmente,2026-10-08
Castelló de la Plana/Castellón de la Plana,Girona,13_19_R2,400.754,5.1379,8.0,mixta_demo,DATOS SINTÉTICOS DE DEMOSTRACIÓN,DEMO: generado localmente,2026-10-08
Castelló de la Plana/Castellón de la Plana,Girona,13_19_R3,396.664,5.6666,0.0,economica_demo,DATOS SINTÉTICOS DE DEMOSTRACIÓN,DEMO: generado localmente,2026-10-08
Castelló de la Plana/Castellón de la Plana,Granada,13_20_R1,549.845,6.2482,0.0,rapida_demo,DATOS SINTÉTICOS DE DEMOSTRACIÓN,DEMO: generado localmente,2026-10-08
Castelló de la Plana/Castellón de la Plana,Granada,13_20_R2,538.848,6.9083,8.0,mixta_demo,DATOS SINTÉTICOS DE DEMOSTRACIÓN,DEMO: generado localmente,2026-10-08
Castelló de la Plana/Castellón de la Plana,Granada,13_20_R3,533.349,7.6193,0.0,economica_demo,DATOS SINTÉTICOS DE DEMOSTRACIÓN,DEMO: generado localmente,2026-10-08
Castelló de la Plana/Castellón de la Plana,Guadalajara,13_21_R1,343.677,3.9054,0.0,rapida_demo,DATOS SINTÉTICOS DE DEMOSTRACIÓN,DEMO: generado localmente,2026-10-08
Castelló de la Plana/Castellón de la Plana,Guadalajara,13_21_R2,336.804,4.318,8.0,mixta_demo,DATOS SINTÉTICOS DE DEMOSTRACIÓN,DEMO: generado localmente,2026-10-08
Castelló de la Plana/Castellón de la Plana,Guadalajara,13_21_R3,333.367,4.7624,0.0,economica_demo,DATOS SINTÉTICOS DE DEMOSTRACIÓN,DEMO: generado localmente,2026-10-08
Castelló de la Plana/Castellón de la Plana,Huelva,13_22_R1,840.664,9.553,0.0,rapida_demo,DATOS SINTÉTICOS DE DEMOSTRACIÓN,DEMO: generado localmente,2026-10-08
Castelló de la Plana/Castellón de la Plana,Huelva,13_22_R2,823.85,10.5622,8.0,mixta_demo,DATOS SINTÉTICOS DE DEMOSTRACIÓN,DEMO: generado localmente,2026-10-08
Castelló de la Plana/Castellón de la Plana,Huelva,13_22_R3,815.444,11.6492,0.0,economica_demo,DATOS SINTÉTICOS DE DEMOSTRACIÓN,DEMO: generado localmente,2026-10-08
Castelló de la Plana/Castellón de la Plana,Huesca,13_23_R1,301.988,3.4317,0.0,rapida_demo,DATOS SINTÉTICOS DE DEMOSTRACIÓN,DEMO: generado localmente,2026-10-08
Castelló de la Plana/Castellón de la Plana,Huesca,13_23_R2,295.948,3.7942,8.0,mixta_demo,DATOS SINTÉTICOS DE DEMOSTRACIÓN,DEMO: generado localmente,2026-10-08
Castelló de la Plana/Castellón de la Plana,Huesca,13_23_R3,292.928,4.1847,0.0,economica_demo,DATOS SINTÉTICOS DE DEMOSTRACIÓN,DEMO: generado localmente,2026-10-08
Castelló de la Plana/Castellón de la Plana,Jaén,13_24_R1,510.077,5.7963,0.0,rapida_demo,DATOS SINTÉTICOS DE DEMOSTRACIÓN,DEMO: generado localmente,2026-10-08
Castelló de la Plana/Castellón de la Plana,Jaén,13_24_R2,499.876,6.4087,8.0,mixta_demo,DATOS SINTÉTICOS DE DEMOSTRACIÓN,DEMO: generado localmente,2026-10-08
Castelló de la Plana/Castellón de la Plana,Jaén,13_24_R3,494.775,7.0682,0.0,economica_demo,DATOS SINTÉTICOS DE DEMOSTRACIÓN,DEMO: generado localmente,2026-10-08
Castelló de la Plana/Castellón de la Plana,Logroño,13_25_R1,426.407,4.8455,0.0,rapida_demo,DATOS SINTÉTICOS DE DEMOSTRACIÓN,DEMO: generado localmente,2026-10-08
Castelló de la Plana/Castellón de la Plana,Logroño,13_25_R2,417.879,5.3574,8.0,mixta_demo,DATOS SINTÉTICOS DE DEMOSTRACIÓN,DEMO: generado localmente,2026-10-08
Castelló de la Plana/Castellón de la Plana,Logroño,13_25_R3,413.615,5.9088,0.0,economica_demo,DATOS SINTÉTICOS DE DEMOSTRACIÓN,DEMO: generado localmente,2026-10-08
Castelló de la Plana/Castellón de la Plana,León,13_26_R1,682.465,7.7553,0.0,rapida_demo,DATOS SINTÉTICOS DE DEMOSTRACIÓN,DEMO: generado localmente,2026-10-08
Castelló de la Plana/Castellón de la Plana,León,13_26_R2,668.816,8.5746,8.0,mixta_demo,DATOS SINTÉTICOS DE DEMOSTRACIÓN,DEMO: generado localmente,2026-10-08
Castelló de la Plana/Castellón de la Plana,León,13_26_R3,661.991,9.457,0.0,economica_demo,DATOS SINTÉTICOS DE DEMOSTRACIÓN,DEMO: generado localmente,2026-10-08
Castelló de la Plana/Castellón de la Plana,Lleida,13_27_R1,236.925,2.6923,0.0,rapida_demo,DATOS SINTÉTICOS DE DEMOSTRACIÓN,DEMO: generado localmente,2026-10-08
Castelló de la Plana/Castellón de la Plana,Lleida,13_27_R2,232.186,2.9767,8.0,mixta_demo,DATOS SINTÉTICOS DE DEMOSTRACIÓN,DEMO: generado localmente,2026-10-08
Castelló de la Plana/Castellón de la Plana,Lleida,13_27_R3,229.817,3.2831,0.0,economica_demo,DATOS SINTÉTICOS DE DEMOSTRACIÓN,DEMO: generado localmente,2026-10-08
Castelló de la Plana/Castellón de la Plana,Lugo,13_28_R1,887.865,10.0894,0.0,rapida_demo,DATOS SINTÉTICOS DE DEMOSTRACIÓN,DEMO: generado localmente,2026-10-08
Castelló de la Plana/Castellón de la Plana,Lugo,13_28_R2,870.108,11.1552,8.0,mixta_demo,DATOS SINTÉTICOS DE DEMOSTRACIÓN,DEMO: generado localmente,2026-10-08
Castelló de la Plana/Castellón de la Plana,Lugo,13_28_R3,861.229,12.3033,0.0,economica_demo,DATOS SINTÉTICOS DE DEMOSTRACIÓN,DEMO: generado localmente,2026-10-08
Castelló de la Plana/Castellón de la Plana,Madrid,13_29_R1,392.529,4.4606,0.0,rapida_demo,DATOS SINTÉTICOS DE DEMOSTRACIÓN,DEMO: generado localmente,2026-10-08
Castelló de la Plana/Castellón de la Plana,Madrid,13_29_R2,384.678,4.9318,8.0,mixta_demo,DATOS SINTÉTICOS DE DEMOSTRACIÓN,DEMO: generado localmente,2026-10-08
Castelló de la Plana/Castellón de la Plana,Madrid,13_29_R3,380.753,5.4393,0.0,economica_demo,DATOS SINTÉTICOS DE DEMOSTRACIÓN,DEMO: generado localmente,2026-10-08
Castelló de la Plana/Castellón de la Plana,Málaga,13_30_R1,658.372,7.4815,0.0,rapida_demo,DATOS SINTÉTICOS DE DEMOSTRACIÓN,DEMO: generado localmente,2026-10-08
Castelló de la Plana/Castellón de la Plana,Málaga,13_30_R2,645.204,8.2719,8.0,mixta_demo,DATOS SINTÉTICOS DE DEMOSTRACIÓN,DEMO: generado localmente,2026-10-08
Castelló de la Plana/Castellón de la Plana,Málaga,13_30_R3,638.621,9.1232,0.0,economica_demo,DATOS SINTÉTICOS DE DEMOSTRACIÓN,DEMO: generado localmente,2026-10-08
Castelló de la Plana/Castellón de la Plana,Murcia,13_31_R1,302.327,3.4355,0.0,rapida_demo,DATOS SINTÉTICOS DE DEMOSTRACIÓN,DEMO: generado localmente,2026-10-08
Castelló de la Plana/Castellón de la Plana,Murcia,13_31_R2,296.28,3.7985,8.0,mixta_demo,DATOS SINTÉTICOS DE DEMOSTRACIÓN,DEMO: generado localmente,2026-10-08
Castelló de la Plana/Castellón de la Plana,Murcia,13_31_R3,293.257,4.1894,0.0,economica_demo,DATOS SINTÉTICOS DE DEMOSTRACIÓN,DEMO: generado localmente,2026-10-08
Castelló de la Plana/Castellón de la Plana,Pamplona/Iruña,13_32_R1,427.827,4.8617,0.0,rapida_demo,DATOS SINTÉTICOS DE DEMOSTRACIÓN,DEMO: generado localmente,2026-10-08
Castelló de la Plana/Castellón de la Plana,Pamplona/Iruña,13_32_R2,419.271,5.3753,8.0,mixta_demo,DATOS SINTÉTICOS DE DEMOSTRACIÓN,DEMO: generado localmente,2026-10-08
Castelló de la Plana/Castellón de la Plana,Pamplona/Iruña,13_32_R3,414.992,5.9285,0.0,economica_demo,DATOS SINTÉTICOS DE DEMOSTRACIÓN,DEMO: generado localmente,2026-10-08
Castelló de la Plana/Castellón de la Plana,Ourense,13_33_R1,881.217,10.0138,0.0,rapida_demo,DATOS SINTÉTICOS DE DEMOSTRACIÓN,DEMO: generado localmente,2026-10-08
Castelló de la Plana/Castellón de la Plana,Ourense,13_33_R2,863.593,11.0717,8.0,mixta_demo,DATOS SINTÉTICOS DE DEMOSTRACIÓN,DEMO: generado localmente,2026-10-08
Castelló de la Plana/Castellón de la Plana,Ourense,13_33_R3,854.781,12.2112,0.0,economica_demo,DATOS SINTÉTICOS DE DEMOSTRACIÓN,DEMO: generado localmente,2026-10-08
Castelló de la Plana/Castellón de la Plana,Palencia,13_34_R1,549.038,6.2391,0.0,rapida_demo,DATOS SINTÉTICOS DE DEMOSTRACIÓN,DEMO: generado localmente,2026-10-08
Castelló de la Plana/Castellón de la Plana,Palencia,13_34_R2,538.057,6.8982,8.0,mixta_demo,DATOS SINTÉTICOS DE DEMOSTRACIÓN,DEMO: generado localmente,2026-10-08
Castelló de la Plana/Castellón de la Plana,Palencia,13_34_R3,532.567,7.6081,0.0,economica_demo,DATOS SINTÉTICOS DE DEMOSTRACIÓN,DEMO: generado localmente,2026-10-08
Castelló de la Plana/Castellón de la Plana,Pontevedra,13_35_R1,961.716,10.9286,0.0,rapida_demo,DATOS SINTÉTICOS DE DEMOSTRACIÓN,DEMO: generado localmente,2026-10-08
Castelló de la Plana/Castellón de la Plana,Pontevedra,13_35_R2,942.481,12.0831,8.0,mixta_demo,DATOS SINTÉTICOS DE DEMOSTRACIÓN,DEMO: generado localmente,2026-10-08
Castelló de la Plana/Castellón de la Plana,Pontevedra,13_35_R3,932.864,13.3266,0.0,economica_demo,DATOS SINTÉTICOS DE DEMOSTRACIÓN,DEMO: generado localmente,2026-10-08
Castelló de la Plana/Castellón de la Plana,Salamanca,13_36_R1,610.072,6.9326,0.0,rapida_demo,DATOS SINTÉTICOS DE DEMOSTRACIÓN,DEMO: generado localmente,2026-10-08
Castelló de la Plana/Castellón de la Plana,Salamanca,13_36_R2,597.871,7.665,8.0,mixta_demo,DATOS SINTÉTICOS DE DEMOSTRACIÓN,DEMO: generado localmente,2026-10-08
Castelló de la Plana/Castellón de la Plana,Salamanca,13_36_R3,591.77,8.4539,0.0,economica_demo,DATOS SINTÉTICOS DE DEMOSTRACIÓN,DEMO: generado localmente,2026-10-08
Castelló de la Plana/Castellón de la Plana,Segovia,13_37_R1,452.367,5.1405,0.0,rapida_demo,DATOS SINTÉTICOS DE DEMOSTRACIÓN,DEMO: generado localmente,2026-10-08
Castelló de la Plana/Castellón de la Plana,Segovia,13_37_R2,443.319,5.6836,8.0,mixta_demo,DATOS SINTÉTICOS DE DEMOSTRACIÓN,DEMO: generado localmente,2026-10-08
Castelló de la Plana/Castellón de la Plana,Segovia,13_37_R3,438.796,6.2685,0.0,economica_demo,DATOS SINTÉTICOS DE DEMOSTRACIÓN,DEMO: generado localmente,2026-10-08
Castelló de la Plana/Castellón de la Plana,Sevilla,13_38_R1,740.022,8.4093,0.0,rapida_demo,DATOS SINTÉTICOS DE DEMOSTRACIÓN,DEMO: generado localmente,2026-10-08
Castelló de la Plana/Castellón de la Plana,Sevilla,13_38_R2,725.221,9.2977,8.0,mixta_demo,DATOS SINTÉTICOS DE DEMOSTRACIÓN,DEMO: generado localmente,2026-10-08
Castelló de la Plana/Castellón de la Plana,Sevilla,13_38_R3,717.821,10.2546,0.0,economica_demo,DATOS SINTÉTICOS DE DEMOSTRACIÓN,DEMO: generado localmente,2026-10-08
Castelló de la Plana/Castellón de la Plana,Soria,13_39_R1,354.972,4.0338,0.0,rapida_demo,DATOS SINTÉTICOS DE DEMOSTRACIÓN,DEMO: generado localmente,2026-10-08
Castelló de la Plana/Castellón de la Plana,Soria,13_39_R2,347.872,4.4599,8.0,mixta_demo,DATOS SINTÉTICOS DE DEMOSTRACIÓN,DEMO: generado localmente,2026-10-08
Castelló de la Plana/Castellón de la Plana,Soria,13_39_R3,344.323,4.9189,0.0,economica_demo,DATOS SINTÉTICOS DE DEMOSTRACIÓN,DEMO: generado localmente,2026-10-08
Castelló de la Plana/Castellón de la Plana,Tarragona,13_40_R1,208.198,2.3659,0.0,rapida_demo,DATOS SINTÉTICOS DE DEMOSTRACIÓN,DEMO: generado localmente,2026-10-08
Castelló de la Plana/Castellón de la Plana,Tarragona,13_40_R2,204.034,2.6158,8.0,mixta_demo,DATOS SINTÉTICOS DE DEMOSTRACIÓN,DEMO: generado localmente,2026-10-08
Castelló de la Plana/Castellón de la Plana,Tarragona,13_40_R3,201.952,2.885,0.0,economica_demo,DATOS SINTÉTICOS DE DEMOSTRACIÓN,DEMO: generado localmente,2026-10-08
Castelló de la Plana/Castellón de la Plana,Teruel,13_41_R1,124.057,1.4097,0.0,rapida_demo,DATOS SINTÉTICOS DE DEMOSTRACIÓN,DEMO: generado localmente,2026-10-08
Castelló de la Plana/Castellón de la Plana,Teruel,13_41_R2,121.576,1.5587,8.0,mixta_demo,DATOS SINTÉTICOS DE DEMOSTRACIÓN,DEMO: generado localmente,2026-10-08
Castelló de la Plana/Castellón de la Plana,Teruel,13_41_R3,120.335,1.7191,0.0,economica_demo,DATOS SINTÉTICOS DE DEMOSTRACIÓN,DEMO: generado localmente,2026-10-08
Castelló de la Plana/Castellón de la Plana,Toledo,13_42_R1,425.398,4.8341,0.0,rapida_demo,DATOS SINTÉTICOS DE DEMOSTRACIÓN,DEMO: generado localmente,2026-10-08
Castelló de la Plana/Castellón de la Plana,Toledo,13_42_R2,416.89,5.3447,8.0,mixta_demo,DATOS SINTÉTICOS DE DEMOSTRACIÓN,DEMO: generado localmente,2026-10-08
Castelló de la Plana/Castellón de la Plana,Toledo,13_42_R3,412.636,5.8948,0.0,economica_demo,DATOS SINTÉTICOS DE DEMOSTRACIÓN,DEMO: generado localmente,2026-10-08
Castelló de la Plana/Castellón de la Plana,Valencia,13_43_R1,80.4,0.9136,0.0,rapida_demo,DATOS SINTÉTICOS DE DEMOSTRACIÓN,DEMO: generado localmente,2026-10-08
Castelló de la Plana/Castellón de la Plana,Valencia,13_43_R2,78.792,1.0102,8.0,mixta_demo,DATOS SINTÉTICOS DE DEMOSTRACIÓN,DEMO: generado localmente,2026-10-08
Castelló de la Plana/Castellón de la Plana,Valencia,13_43_R3,77.988,1.1141,0.0,economica_demo,DATOS SINTÉTICOS DE DEMOSTRACIÓN,DEMO: generado localmente,2026-10-08
Castelló de la Plana/Castellón de la Plana,Valladolid,13_44_R1,544.974,6.1929,0.0,rapida_demo,DATOS SINTÉTICOS DE DEMOSTRACIÓN,DEMO: generado localmente,2026-10-08
Castelló de la Plana/Castellón de la Plana,Valladolid,13_44_R2,534.075,6.8471,8.0,mixta_demo,DATOS SINTÉTICOS DE DEMOSTRACIÓN,DEMO: generado localmente,2026-10-08
Castelló de la Plana/Castellón de la Plana,Valladolid,13_44_R3,528.625,7.5518,0.0,economica_demo,DATOS SINTÉTICOS DE DEMOSTRACIÓN,DEMO: generado localmente,2026-10-08
Castelló de la Plana/Castellón de la Plana,Zamora,13_45_R1,636.991,7.2385,0.0,rapida_demo,DATOS SINTÉTICOS DE DEMOSTRACIÓN,DEMO: generado localmente,2026-10-08
Castelló de la Plana/Castellón de la Plana,Zamora,13_45_R2,624.252,8.0032,8.0,mixta_demo,DATOS SINTÉTICOS DE DEMOSTRACIÓN,DEMO: generado localmente,2026-10-08
Castelló de la Plana/Castellón de la Plana,Zamora,13_45_R3,617.882,8.8269,0.0,economica_demo,DATOS SINTÉTICOS DE DEMOSTRACIÓN,DEMO: generado localmente,2026-10-08
Castelló de la Plana/Castellón de la Plana,Zaragoza,13_46_R1,248.364,2.8223,0.0,rapida_demo,DATOS SINTÉTICOS DE DEMOSTRACIÓN,DEMO: generado localmente,2026-10-08
Castelló de la Plana/Castellón de la Plana,Zaragoza,13_46_R2,243.397,3.1205,8.0,mixta_demo,DATOS SINTÉTICOS DE DEMOSTRACIÓN,DEMO: generado localmente,2026-10-08
Castelló de la Plana/Castellón de la Plana,Zaragoza,13_46_R3,240.913,3.4416,0.0,economica_demo,DATOS SINTÉTICOS DE DEMOSTRACIÓN,DEMO: generado localmente,2026-10-08
Ciudad Real,Córdoba,14_15_R1,178.555,2.029,0.0,rapida_demo,DATOS SINTÉTICOS DE DEMOSTRACIÓN,DEMO: generado localmente,2026-10-08
Ciudad Real,Córdoba,14_15_R2,174.984,2.2434,8.0,mixta_demo,DATOS SINTÉTICOS DE DEMOSTRACIÓN,DEMO: generado localmente,2026-10-08
Ciudad Real,Córdoba,14_15_R3,173.198,2.4743,0.0,economica_demo,DATOS SINTÉTICOS DE DEMOSTRACIÓN,DEMO: generado localmente,2026-10-08
Ciudad Real,A Coruña,14_16_R1,767.962,8.7268,0.0,rapida_demo,DATOS SINTÉTICOS DE DEMOSTRACIÓN,DEMO: generado localmente,2026-10-08
Ciudad Real,A Coruña,14_16_R2,752.603,9.6488,8.0,mixta_demo,DATOS SINTÉTICOS DE DEMOSTRACIÓN,DEMO: generado localmente,2026-10-08
Ciudad Real,A Coruña,14_16_R3,744.923,10.6418,0.0,economica_demo,DATOS SINTÉTICOS DE DEMOSTRACIÓN,DEMO: generado localmente,2026-10-08
Ciudad Real,Cuenca,14_17_R1,245.443,2.7891,0.0,rapida_demo,DATOS SINTÉTICOS DE DEMOSTRACIÓN,DEMO: generado localmente,2026-10-08
Ciudad Real,Cuenca,14_17_R2,240.534,3.0838,8.0,mixta_demo,DATOS SINTÉTICOS DE DEMOSTRACIÓN,DEMO: generado localmente,2026-10-08
Ciudad Real,Cuenca,14_17_R3,238.08,3.4011,0.0,economica_demo,DATOS SINTÉTICOS DE DEMOSTRACIÓN,DEMO: generado localmente,2026-10-08
Ciudad Real,Donostia/San Sebastián,14_18_R1,636.079,7.2282,0.0,rapida_demo,DATOS SINTÉTICOS DE DEMOSTRACIÓN,DEMO: generado localmente,2026-10-08
Ciudad Real,Donostia/San Sebastián,14_18_R2,623.357,7.9918,8.0,mixta_demo,DATOS SINTÉTICOS DE DEMOSTRACIÓN,DEMO: generado localmente,2026-10-08
Ciudad Real,Donostia/San Sebastián,14_18_R3,616.997,8.8142,0.0,economica_demo,DATOS SINTÉTICOS DE DEMOSTRACIÓN,DEMO: generado localmente,2026-10-08
Ciudad Real,Girona,14_19_R1,826.283,9.3896,0.0,rapida_demo,DATOS SINTÉTICOS DE DEMOSTRACIÓN,DEMO: generado localmente,2026-10-08
Ciudad Real,Girona,14_19_R2,809.758,10.3815,8.0,mixta_demo,DATOS SINTÉTICOS DE DEMOSTRACIÓN,DEMO: generado localmente,2026-10-08
Ciudad Real,Girona,14_19_R3,801.495,11.4499,0.0,economica_demo,DATOS SINTÉTICOS DE DEMOSTRACIÓN,DEMO: generado localmente,2026-10-08
Ciudad Real,Granada,14_20_R1,254.236,2.889,0.0,rapida_demo,DATOS SINTÉTICOS DE DEMOSTRACIÓN,DEMO: generado localmente,2026-10-08
Ciudad Real,Granada,14_20_R2,249.151,3.1942,8.0,mixta_demo,DATOS SINTÉTICOS DE DEMOSTRACIÓN,DEMO: generado localmente,2026-10-08
Ciudad Real,Granada,14_20_R3,246.609,3.523,0.0,economica_demo,DATOS SINTÉTICOS DE DEMOSTRACIÓN,DEMO: generado localmente,2026-10-08
Ciudad Real,Guadalajara,14_21_R1,243.139,2.7629,0.0,rapida_demo,DATOS SINTÉTICOS DE DEMOSTRACIÓN,DEMO: generado localmente,2026-10-08
Ciudad Real,Guadalajara,14_21_R2,238.276,3.0548,8.0,mixta_demo,DATOS SINTÉTICOS DE DEMOSTRACIÓN,DEMO: generado localmente,2026-10-08
Ciudad Real,Guadalajara,14_21_R3,235.844,3.3692,0.0,economica_demo,DATOS SINTÉTICOS DE DEMOSTRACIÓN,DEMO: generado localmente,2026-10-08
Ciudad Real,Huelva,14_22_R1,408.423,4.6412,0.0,rapida_demo,DATOS SINTÉTICOS DE DEMOSTRACIÓN,DEMO: generado localmente,2026-10-08
Ciudad Real,Huelva,14_22_R2,400.254,5.1315,8.0,mixta_demo,DATOS SINTÉTICOS DE DEMOSTRACIÓN,DEMO: generado localmente,2026-10-08
Ciudad Real,Huelva,14_22_R3,396.17,5.6596,0.0,economica_demo,DATOS SINTÉTICOS DE DEMOSTRACIÓN,DEMO: generado localmente,2026-10-08
Ciudad Real,Huesca,14_23_R1,574.78,6.5316,0.0,rapida_demo,DATOS SINTÉTICOS DE DEMOSTRACIÓN,DEMO: generado localmente,2026-10-08
Ciudad Real,Huesca,14_23_R2,563.284,7.2216,8.0,mixta_demo,DATOS SINTÉTICOS DE DEMOSTRACIÓN,DEMO: generado localmente,2026-10-08
Ciudad Real,Huesca,14_23_R3,557.536,7.9648,0.0,economica_demo,DATOS SINTÉTICOS DE DEMOSTRACIÓN,DEMO: generado localmente,2026-10-08
Ciudad Real,Jaén,14_24_R1,170.279,1.935,0.0,rapida_demo,DATOS SINTÉTICOS DE DEMOSTRACIÓN,DEMO: generado localmente,2026-10-08
Ciudad Real,Jaén,14_24_R2,166.873,2.1394,8.0,mixta_demo,DATOS SINTÉTICOS DE DEMOSTRACIÓN,DEMO: generado localmente,2026-10-08
Ciudad Real,Jaén,14_24_R3,165.17,2.3596,0.0,economica_demo,DATOS SINTÉTICOS DE DEMOSTRACIÓN,DEMO: generado localmente,2026-10-08
Ciudad Real,Logroño,14_25_R1,508.666,5.7803,0.0,rapida_demo,DATOS SINTÉTICOS DE DEMOSTRACIÓN,DEMO: generado localmente,2026-10-08
Ciudad Real,Logroño,14_25_R2,498.493,6.3909,8.0,mixta_demo,DATOS SINTÉTICOS DE DEMOSTRACIÓN,DEMO: generado localmente,2026-10-08
Ciudad Real,Logroño,14_25_R3,493.406,7.0487,0.0,economica_demo,DATOS SINTÉTICOS DE DEMOSTRACIÓN,DEMO: generado localmente,2026-10-08
Ciudad Real,León,14_26_R1,531.141,6.0357,0.0,rapida_demo,DATOS SINTÉTICOS DE DEMOSTRACIÓN,DEMO: generado localmente,2026-10-08
Ciudad Real,León,14_26_R2,520.518,6.6733,8.0,mixta_demo,DATOS SINTÉTICOS DE DEMOSTRACIÓN,DEMO: generado localmente,2026-10-08
Ciudad Real,León,14_26_R3,515.207,7.3601,0.0,economica_demo,DATOS SINTÉTICOS DE DEMOSTRACIÓN,DEMO: generado localmente,2026-10-08
Ciudad Real,Lleida,14_27_R1,605.478,6.8804,0.0,rapida_demo,DATOS SINTÉTICOS DE DEMOSTRACIÓN,DEMO: generado localmente,2026-10-08
Ciudad Real,Lleida,14_27_R2,593.369,7.6073,8.0,mixta_demo,DATOS SINTÉTICOS DE DEMOSTRACIÓN,DEMO: generado localmente,2026-10-08
Ciudad Real,Lleida,14_27_R3,587.314,8.3902,0.0,economica_demo,DATOS SINTÉTICOS DE DEMOSTRACIÓN,DEMO: generado localmente,2026-10-08
Ciudad Real,Lugo,14_28_R1,676.439,7.6868,0.0,rapida_demo,DATOS SINTÉTICOS DE DEMOSTRACIÓN,DEMO: generado localmente,2026-10-08
Ciudad Real,Lugo,14_28_R2,662.91,8.4988,8.0,mixta_demo,DATOS SINTÉTICOS DE DEMOSTRACIÓN,DEMO: generado localmente,2026-10-08
Ciudad Real,Lugo,14_28_R3,656.146,9.3735,0.0,economica_demo,DATOS SINTÉTICOS DE DEMOSTRACIÓN,DEMO: generado localmente,2026-10-08
Ciudad Real,Madrid,14_29_R1,200.932,2.2833,0.0,rapida_demo,DATOS SINTÉTICOS DE DEMOSTRACIÓN,DEMO: generado localmente,2026-10-08
Ciudad Real,Madrid,14_29_R2,196.914,2.5245,8.0,mixta_demo,DATOS SINTÉTICOS DE DEMOSTRACIÓN,DEMO: generado localmente,2026-10-08
Ciudad Real,Madrid,14_29_R3,194.904,2.7843,0.0,economica_demo,DATOS SINTÉTICOS DE DEMOSTRACIÓN,DEMO: generado localmente,2026-10-08
Ciudad Real,Málaga,14_30_R1,319.265,3.628,0.0,rapida_demo,DATOS SINTÉTICOS DE DEMOSTRACIÓN,DEMO: generado localmente,2026-10-08
Ciudad Real,Málaga,14_30_R2,312.879,4.0113,8.0,mixta_demo,DATOS SINTÉTICOS DE DEMOSTRACIÓN,DEMO: generado localmente,2026-10-08
Ciudad Real,Málaga,14_30_R3,309.687,4.4241,0.0,economica_demo,DATOS SINTÉTICOS DE DEMOSTRACIÓN,DEMO: generado localmente,2026-10-08
Ciudad Real,Murcia,14_31_R1,334.746,3.8039,0.0,rapida_demo,DATOS SINTÉTICOS DE DEMOSTRACIÓN,DEMO: generado localmente,2026-10-08
Ciudad Real,Murcia,14_31_R2,328.051,4.2058,8.0,mixta_demo,DATOS SINTÉTICOS DE DEMOSTRACIÓN,DEMO: generado localmente,2026-10-08
Ciudad Real,Murcia,14_31_R3,324.704,4.6386,0.0,economica_demo,DATOS SINTÉTICOS DE DEMOSTRACIÓN,DEMO: generado localmente,2026-10-08
Ciudad Real,Pamplona/Iruña,14_32_R1,584.329,6.6401,0.0,rapida_demo,DATOS SINTÉTICOS DE DEMOSTRACIÓN,DEMO: generado localmente,2026-10-08
Ciudad Real,Pamplona/Iruña,14_32_R2,572.643,7.3416,8.0,mixta_demo,DATOS SINTÉTICOS DE DEMOSTRACIÓN,DEMO: generado localmente,2026-10-08
Ciudad Real,Pamplona/Iruña,14_32_R3,566.799,8.0971,0.0,economica_demo,DATOS SINTÉTICOS DE DEMOSTRACIÓN,DEMO: generado localmente,2026-10-08
Ciudad Real,Ourense,14_33_R1,623.602,7.0864,0.0,rapida_demo,DATOS SINTÉTICOS DE DEMOSTRACIÓN,DEMO: generado localmente,2026-10-08
Ciudad Real,Ourense,14_33_R2,611.13,7.835,8.0,mixta_demo,DATOS SINTÉTICOS DE DEMOSTRACIÓN,DEMO: generado localmente,2026-10-08
Ciudad Real,Ourense,14_33_R3,604.894,8.6413,0.0,economica_demo,DATOS SINTÉTICOS DE DEMOSTRACIÓN,DEMO: generado localmente,2026-10-08
Ciudad Real,Palencia,14_34_R1,425.444,4.8346,0.0,rapida_demo,DATOS SINTÉTICOS DE DEMOSTRACIÓN,DEMO: generado localmente,2026-10-08
Ciudad Real,Palencia,14_34_R2,416.935,5.3453,8.0,mixta_demo,DATOS SINTÉTICOS DE DEMOSTRACIÓN,DEMO: generado localmente,2026-10-08
Ciudad Real,Palencia,14_34_R3,412.681,5.8954,0.0,economica_demo,DATOS SINTÉTICOS DE DEMOSTRACIÓN,DEMO: generado localmente,2026-10-08
Ciudad Real,Pontevedra,14_35_R1,690.223,7.8434,0.0,rapida_demo,DATOS SINTÉTICOS DE DEMOSTRACIÓN,DEMO: generado localmente,2026-10-08
Ciudad Real,Pontevedra,14_35_R2,676.419,8.672,8.0,mixta_demo,DATOS SINTÉTICOS DE DEMOSTRACIÓN,DEMO: generado localmente,2026-10-08
Ciudad Real,Pontevedra,14_35_R3,669.517,9.5645,0.0,economica_demo,DATOS SINTÉTICOS DE DEMOSTRACIÓN,DEMO: generado localmente,2026-10-08
Ciudad Real,Salamanca,14_36_R1,331.559,3.7677,0.0,rapida_demo,DATOS SINTÉTICOS DE DEMOSTRACIÓN,DEMO: generado localmente,2026-10-08
Ciudad Real,Salamanca,14_36_R2,324.928,4.1657,8.0,mixta_demo,DATOS SINTÉTICOS DE DEMOSTRACIÓN,DEMO: generado localmente,2026-10-08
Ciudad Real,Salamanca,14_36_R3,321.612,4.5945,0.0,economica_demo,DATOS SINTÉTICOS DE DEMOSTRACIÓN,DEMO: generado localmente,2026-10-08
Ciudad Real,Segovia,14_37_R1,274.009,3.1137,0.0,rapida_demo,DATOS SINTÉTICOS DE DEMOSTRACIÓN,DEMO: generado localmente,2026-10-08
Ciudad Real,Segovia,14_37_R2,268.529,3.4427,8.0,mixta_demo,DATOS SINTÉTICOS DE DEMOSTRACIÓN,DEMO: generado localmente,2026-10-08
Ciudad Real,Segovia,14_37_R3,265.789,3.797,0.0,economica_demo,DATOS SINTÉTICOS DE DEMOSTRACIÓN,DEMO: generado localmente,2026-10-08
Ciudad Real,Sevilla,14_38_R1,316.479,3.5963,0.0,rapida_demo,DATOS SINTÉTICOS DE DEMOSTRACIÓN,DEMO: generado localmente,2026-10-08
Ciudad Real,Sevilla,14_38_R2,310.149,3.9763,8.0,mixta_demo,DATOS SINTÉTICOS DE DEMOSTRACIÓN,DEMO: generado localmente,2026-10-08
Ciudad Real,Sevilla,14_38_R3,306.984,4.3855,0.0,economica_demo,DATOS SINTÉTICOS DE DEMOSTRACIÓN,DEMO: generado localmente,2026-10-08
Ciudad Real,Soria,14_39_R1,416.097,4.7284,0.0,rapida_demo,DATOS SINTÉTICOS DE DEMOSTRACIÓN,DEMO: generado localmente,2026-10-08
Ciudad Real,Soria,14_39_R2,407.775,5.2279,8.0,mixta_demo,DATOS SINTÉTICOS DE DEMOSTRACIÓN,DEMO: generado localmente,2026-10-08
Ciudad Real,Soria,14_39_R3,403.614,5.7659,0.0,economica_demo,DATOS SINTÉTICOS DE DEMOSTRACIÓN,DEMO: generado localmente,2026-10-08
Ciudad Real,Tarragona,14_40_R1,625.873,7.1122,0.0,rapida_demo,DATOS SINTÉTICOS DE DEMOSTRACIÓN,DEMO: generado localmente,2026-10-08
Ciudad Real,Tarragona,14_40_R2,613.356,7.8635,8.0,mixta_demo,DATOS SINTÉTICOS DE DEMOSTRACIÓN,DEMO: generado localmente,2026-10-08
Ciudad Real,Tarragona,14_40_R3,607.097,8.6728,0.0,economica_demo,DATOS SINTÉTICOS DE DEMOSTRACIÓN,DEMO: generado localmente,2026-10-08
Ciudad Real,Teruel,14_41_R1,355.967,4.0451,0.0,rapida_demo,DATOS SINTÉTICOS DE DEMOSTRACIÓN,DEMO: generado localmente,2026-10-08
Ciudad Real,Teruel,14_41_R2,348.848,4.4724,8.0,mixta_demo,DATOS SINTÉTICOS DE DEMOSTRACIÓN,DEMO: generado localmente,2026-10-08
Ciudad Real,Teruel,14_41_R3,345.288,4.9327,0.0,economica_demo,DATOS SINTÉTICOS DE DEMOSTRACIÓN,DEMO: generado localmente,2026-10-08
Ciudad Real,Toledo,14_42_R1,121.591,1.3817,0.0,rapida_demo,DATOS SINTÉTICOS DE DEMOSTRACIÓN,DEMO: generado localmente,2026-10-08
Ciudad Real,Toledo,14_42_R2,119.159,1.5277,8.0,mixta_demo,DATOS SINTÉTICOS DE DEMOSTRACIÓN,DEMO: generado localmente,2026-10-08
Ciudad Real,Toledo,14_42_R3,117.943,1.6849,0.0,economica_demo,DATOS SINTÉTICOS DE DEMOSTRACIÓN,DEMO: generado localmente,2026-10-08
Ciudad Real,Valencia,14_43_R1,388.217,4.4116,0.0,rapida_demo,DATOS SINTÉTICOS DE DEMOSTRACIÓN,DEMO: generado localmente,2026-10-08
Ciudad Real,Valencia,14_43_R2,380.453,4.8776,8.0,mixta_demo,DATOS SINTÉTICOS DE DEMOSTRACIÓN,DEMO: generado localmente,2026-10-08
Ciudad Real,Valencia,14_43_R3,376.571,5.3796,0.0,economica_demo,DATOS SINTÉTICOS DE DEMOSTRACIÓN,DEMO: generado localmente,2026-10-08
Ciudad Real,Valladolid,14_44_R1,380.351,4.3222,0.0,rapida_demo,DATOS SINTÉTICOS DE DEMOSTRACIÓN,DEMO: generado localmente,2026-10-08
Ciudad Real,Valladolid,14_44_R2,372.744,4.7788,8.0,mixta_demo,DATOS SINTÉTICOS DE DEMOSTRACIÓN,DEMO: generado localmente,2026-10-08
Ciudad Real,Valladolid,14_44_R3,368.941,5.2706,0.0,economica_demo,DATOS SINTÉTICOS DE DEMOSTRACIÓN,DEMO: generado localmente,2026-10-08
Ciudad Real,Zamora,14_45_R1,399.739,4.5425,0.0,rapida_demo,DATOS SINTÉTICOS DE DEMOSTRACIÓN,DEMO: generado localmente,2026-10-08
Ciudad Real,Zamora,14_45_R2,391.744,5.0224,8.0,mixta_demo,DATOS SINTÉTICOS DE DEMOSTRACIÓN,DEMO: generado localmente,2026-10-08
Ciudad Real,Zamora,14_45_R3,387.747,5.5392,0.0,economica_demo,DATOS SINTÉTICOS DE DEMOSTRACIÓN,DEMO: generado localmente,2026-10-08
Ciudad Real,Zaragoza,14_46_R1,492.281,5.5941,0.0,rapida_demo,DATOS SINTÉTICOS DE DEMOSTRACIÓN,DEMO: generado localmente,2026-10-08
Ciudad Real,Zaragoza,14_46_R2,482.436,6.1851,8.0,mixta_demo,DATOS SINTÉTICOS DE DEMOSTRACIÓN,DEMO: generado localmente,2026-10-08
Ciudad Real,Zaragoza,14_46_R3,477.513,6.8216,0.0,economica_demo,DATOS SINTÉTICOS DE DEMOSTRACIÓN,DEMO: generado localmente,2026-10-08
Córdoba,A Coruña,15_16_R1,852.591,9.6885,0.0,rapida_demo,DATOS SINTÉTICOS DE DEMOSTRACIÓN,DEMO: generado localmente,2026-10-08
Córdoba,A Coruña,15_16_R2,835.539,10.712,8.0,mixta_demo,DATOS SINTÉTICOS DE DEMOSTRACIÓN,DEMO: generado localmente,2026-10-08
Córdoba,A Coruña,15_16_R3,827.013,11.8145,0.0,economica_demo,DATOS SINTÉTICOS DE DEMOSTRACIÓN,DEMO: generado localmente,2026-10-08
Córdoba,Cuenca,15_17_R1,417.84,4.7482,0.0,rapida_demo,DATOS SINTÉTICOS DE DEMOSTRACIÓN,DEMO: generado localmente,2026-10-08
Córdoba,Cuenca,15_17_R2,409.483,5.2498,8.0,mixta_demo,DATOS SINTÉTICOS DE DEMOSTRACIÓN,DEMO: generado localmente,2026-10-08
Córdoba,Cuenca,15_17_R3,405.304,5.7901,0.0,economica_demo,DATOS SINTÉTICOS DE DEMOSTRACIÓN,DEMO: generado localmente,2026-10-08
Córdoba,Donostia/San Sebastián,15_18_R1,810.836,9.214,0.0,rapida_demo,DATOS SINTÉTICOS DE DEMOSTRACIÓN,DEMO: generado localmente,2026-10-08
Córdoba,Donostia/San Sebastián,15_18_R2,794.62,10.1874,8.0,mixta_demo,DATOS SINTÉTICOS DE DEMOSTRACIÓN,DEMO: generado localmente,2026-10-08
Córdoba,Donostia/San Sebastián,15_18_R3,786.511,11.2359,0.0,economica_demo,DATOS SINTÉTICOS DE DEMOSTRACIÓN,DEMO: generado localmente,2026-10-08
Córdoba,Girona,15_19_R1,989.656,11.2461,0.0,rapida_demo,DATOS SINTÉTICOS DE DEMOSTRACIÓN,DEMO: generado localmente,2026-10-08
Córdoba,Girona,15_19_R2,969.863,12.4341,8.0,mixta_demo,DATOS SINTÉTICOS DE DEMOSTRACIÓN,DEMO: generado localmente,2026-10-08
Córdoba,Girona,15_19_R3,959.967,13.7138,0.0,economica_demo,DATOS SINTÉTICOS DE DEMOSTRACIÓN,DEMO: generado localmente,2026-10-08
Córdoba,Granada,15_20_R1,163.127,1.8537,0.0,rapida_demo,DATOS SINTÉTICOS DE DEMOSTRACIÓN,DEMO: generado localmente,2026-10-08
Córdoba,Granada,15_20_R2,159.865,2.0495,8.0,mixta_demo,DATOS SINTÉTICOS DE DEMOSTRACIÓN,DEMO: generado localmente,2026-10-08
Córdoba,Granada,15_20_R3,158.234,2.2605,0.0,economica_demo,DATOS SINTÉTICOS DE DEMOSTRACIÓN,DEMO: generado localmente,2026-10-08
Córdoba,Guadalajara,15_21_R1,419.397,4.7659,0.0,rapida_demo,DATOS SINTÉTICOS DE DEMOSTRACIÓN,DEMO: generado localmente,2026-10-08
Córdoba,Guadalajara,15_21_R2,411.009,5.2693,8.0,mixta_demo,DATOS SINTÉTICOS DE DEMOSTRACIÓN,DEMO: generado localmente,2026-10-08
Córdoba,Guadalajara,15_21_R3,406.815,5.8116,0.0,economica_demo,DATOS SINTÉTICOS DE DEMOSTRACIÓN,DEMO: generado localmente,2026-10-08
Córdoba,Huelva,15_22_R1,254.867,2.8962,0.0,rapida_demo,DATOS SINTÉTICOS DE DEMOSTRACIÓN,DEMO: generado localmente,2026-10-08
Córdoba,Huelva,15_22_R2,249.769,3.2022,8.0,mixta_demo,DATOS SINTÉTICOS DE DEMOSTRACIÓN,DEMO: generado localmente,2026-10-08
Córdoba,Huelva,15_22_R3,247.221,3.5317,0.0,economica_demo,DATOS SINTÉTICOS DE DEMOSTRACIÓN,DEMO: generado localmente,2026-10-08
Córdoba,Huesca,15_23_R1,752.088,8.5465,0.0,rapida_demo,DATOS SINTÉTICOS DE DEMOSTRACIÓN,DEMO: generado localmente,2026-10-08
Córdoba,Huesca,15_23_R2,737.047,9.4493,8.0,mixta_demo,DATOS SINTÉTICOS DE DEMOSTRACIÓN,DEMO: generado localmente,2026-10-08
Córdoba,Huesca,15_23_R3,729.526,10.4218,0.0,economica_demo,DATOS SINTÉTICOS DE DEMOSTRACIÓN,DEMO: generado localmente,2026-10-08
Córdoba,Jaén,15_24_R1,109.474,1.244,0.0,rapida_demo,DATOS SINTÉTICOS DE DEMOSTRACIÓN,DEMO: generado localmente,2026-10-08
Córdoba,Jaén,15_24_R2,107.285,1.3754,8.0,mixta_demo,DATOS SINTÉTICOS DE DEMOSTRACIÓN,DEMO: generado localmente,2026-10-08
Córdoba,Jaén,15_24_R3,106.19,1.517,0.0,economica_demo,DATOS SINTÉTICOS DE DEMOSTRACIÓN,DEMO: generado localmente,2026-10-08
Córdoba,Logroño,15_25_R1,683.333,7.7651,0.0,rapida_demo,DATOS SINTÉTICOS DE DEMOSTRACIÓN,DEMO: generado localmente,2026-10-08
Córdoba,Logroño,15_25_R2,669.666,8.5855,8.0,mixta_demo,DATOS SINTÉTICOS DE DEMOSTRACIÓN,DEMO: generado localmente,2026-10-08
Córdoba,Logroño,15_25_R3,662.833,9.469,0.0,economica_demo,DATOS SINTÉTICOS DE DEMOSTRACIÓN,DEMO: generado localmente,2026-10-08
Córdoba,León,15_26_R1,660.437,7.505,0.0,rapida_demo,DATOS SINTÉTICOS DE DEMOSTRACIÓN,DEMO: generado localmente,2026-10-08
Córdoba,León,15_26_R2,647.229,8.2978,8.0,mixta_demo,DATOS SINTÉTICOS DE DEMOSTRACIÓN,DEMO: generado localmente,2026-10-08
Córdoba,León,15_26_R3,640.624,9.1518,0.0,economica_demo,DATOS SINTÉTICOS DE DEMOSTRACIÓN,DEMO: generado localmente,2026-10-08
Córdoba,Lleida,15_27_R1,775.645,8.8141,0.0,rapida_demo,DATOS SINTÉTICOS DE DEMOSTRACIÓN,DEMO: generado localmente,2026-10-08
Córdoba,Lleida,15_27_R2,760.132,9.7453,8.0,mixta_demo,DATOS SINTÉTICOS DE DEMOSTRACIÓN,DEMO: generado localmente,2026-10-08
Córdoba,Lleida,15_27_R3,752.376,10.7482,0.0,economica_demo,DATOS SINTÉTICOS DE DEMOSTRACIÓN,DEMO: generado localmente,2026-10-08
Córdoba,Lugo,15_28_R1,770.477,8.7554,0.0,rapida_demo,DATOS SINTÉTICOS DE DEMOSTRACIÓN,DEMO: generado localmente,2026-10-08
Córdoba,Lugo,15_28_R2,755.068,9.6804,8.0,mixta_demo,DATOS SINTÉTICOS DE DEMOSTRACIÓN,DEMO: generado localmente,2026-10-08
Córdoba,Lugo,15_28_R3,747.363,10.6766,0.0,economica_demo,DATOS SINTÉTICOS DE DEMOSTRACIÓN,DEMO: generado localmente,2026-10-08
Córdoba,Madrid,15_29_R1,371.061,4.2166,0.0,rapida_demo,DATOS SINTÉTICOS DE DEMOSTRACIÓN,DEMO: generado localmente,2026-10-08
Córdoba,Madrid,15_29_R2,363.64,4.662,8.0,mixta_demo,DATOS SINTÉTICOS DE DEMOSTRACIÓN,DEMO: generado localmente,2026-10-08
Córdoba,Madrid,15_29_R3,359.929,5.1418,0.0,economica_demo,DATOS SINTÉTICOS DE DEMOSTRACIÓN,DEMO: generado localmente,2026-10-08
Córdoba,Málaga,15_30_R1,166.772,1.8951,0.0,rapida_demo,DATOS SINTÉTICOS DE DEMOSTRACIÓN,DEMO: generado localmente,2026-10-08
Córdoba,Málaga,15_30_R2,163.437,2.0953,8.0,mixta_demo,DATOS SINTÉTICOS DE DEMOSTRACIÓN,DEMO: generado localmente,2026-10-08
Córdoba,Málaga,15_30_R3,161.769,2.311,0.0,economica_demo,DATOS SINTÉTICOS DE DEMOSTRACIÓN,DEMO: generado localmente,2026-10-08
Córdoba,Murcia,15_31_R1,399.91,4.5444,0.0,rapida_demo,DATOS SINTÉTICOS DE DEMOSTRACIÓN,DEMO: generado localmente,2026-10-08
Córdoba,Murcia,15_31_R2,391.911,5.0245,8.0,mixta_demo,DATOS SINTÉTICOS DE DEMOSTRACIÓN,DEMO: generado localmente,2026-10-08
Córdoba,Murcia,15_31_R3,387.912,5.5416,0.0,economica_demo,DATOS SINTÉTICOS DE DEMOSTRACIÓN,DEMO: generado localmente,2026-10-08
Córdoba,Pamplona/Iruña,15_32_R1,761.588,8.6544,0.0,rapida_demo,DATOS SINTÉTICOS DE DEMOSTRACIÓN,DEMO: generado localmente,2026-10-08
Córdoba,Pamplona/Iruña,15_32_R2,746.357,9.5687,8.0,mixta_demo,DATOS SINTÉTICOS DE DEMOSTRACIÓN,DEMO: generado localmente,2026-10-08
Córdoba,Pamplona/Iruña,15_32_R3,738.741,10.5534,0.0,economica_demo,DATOS SINTÉTICOS DE DEMOSTRACIÓN,DEMO: generado localmente,2026-10-08
Córdoba,Ourense,15_33_R1,700.125,7.956,0.0,rapida_demo,DATOS SINTÉTICOS DE DEMOSTRACIÓN,DEMO: generado localmente,2026-10-08
Córdoba,Ourense,15_33_R2,686.122,8.7964,8.0,mixta_demo,DATOS SINTÉTICOS DE DEMOSTRACIÓN,DEMO: generado localmente,2026-10-08
Córdoba,Ourense,15_33_R3,679.121,9.7017,0.0,economica_demo,DATOS SINTÉTICOS DE DEMOSTRACIÓN,DEMO: generado localmente,2026-10-08
Córdoba,Palencia,15_34_R1,574.062,6.5234,0.0,rapida_demo,DATOS SINTÉTICOS DE DEMOSTRACIÓN,DEMO: generado localmente,2026-10-08
Córdoba,Palencia,15_34_R2,562.581,7.2126,8.0,mixta_demo,DATOS SINTÉTICOS DE DEMOSTRACIÓN,DEMO: generado localmente,2026-10-08
Córdoba,Palencia,15_34_R3,556.84,7.9549,0.0,economica_demo,DATOS SINTÉTICOS DE DEMOSTRACIÓN,DEMO: generado localmente,2026-10-08
Córdoba,Pontevedra,15_35_R1,753.754,8.5654,0.0,rapida_demo,DATOS SINTÉTICOS DE DEMOSTRACIÓN,DEMO: generado localmente,2026-10-08
Córdoba,Pontevedra,15_35_R2,738.679,9.4702,8.0,mixta_demo,DATOS SINTÉTICOS DE DEMOSTRACIÓN,DEMO: generado localmente,2026-10-08
Córdoba,Pontevedra,15_35_R3,731.142,10.4449,0.0,economica_demo,DATOS SINTÉTICOS DE DEMOSTRACIÓN,DEMO: generado localmente,2026-10-08
Córdoba,Salamanca,15_36_R1,438.608,4.9842,0.0,rapida_demo,DATOS SINTÉTICOS DE DEMOSTRACIÓN,DEMO: generado localmente,2026-10-08
Córdoba,Salamanca,15_36_R2,429.836,5.5107,8.0,mixta_demo,DATOS SINTÉTICOS DE DEMOSTRACIÓN,DEMO: generado localmente,2026-10-08
Córdoba,Salamanca,15_36_R3,425.45,6.0779,0.0,economica_demo,DATOS SINTÉTICOS DE DEMOSTRACIÓN,DEMO: generado localmente,2026-10-08
Córdoba,Segovia,15_37_R1,431.776,4.9065,0.0,rapida_demo,DATOS SINTÉTICOS DE DEMOSTRACIÓN,DEMO: generado localmente,2026-10-08
Córdoba,Segovia,15_37_R2,423.14,5.4249,8.0,mixta_demo,DATOS SINTÉTICOS DE DEMOSTRACIÓN,DEMO: generado localmente,2026-10-08
Córdoba,Segovia,15_37_R3,418.823,5.9832,0.0,economica_demo,DATOS SINTÉTICOS DE DEMOSTRACIÓN,DEMO: generado localmente,2026-10-08
Córdoba,Sevilla,15_38_R1,150.808,1.7137,0.0,rapida_demo,DATOS SINTÉTICOS DE DEMOSTRACIÓN,DEMO: generado localmente,2026-10-08
Córdoba,Sevilla,15_38_R2,147.792,1.8948,8.0,mixta_demo,DATOS SINTÉTICOS DE DEMOSTRACIÓN,DEMO: generado localmente,2026-10-08
Córdoba,Sevilla,15_38_R3,146.284,2.0898,0.0,economica_demo,DATOS SINTÉTICOS DE DEMOSTRACIÓN,DEMO: generado localmente,2026-10-08
Córdoba,Soria,15_39_R1,592.757,6.7359,0.0,rapida_demo,DATOS SINTÉTICOS DE DEMOSTRACIÓN,DEMO: generado localmente,2026-10-08
Córdoba,Soria,15_39_R2,580.902,7.4475,8.0,mixta_demo,DATOS SINTÉTICOS DE DEMOSTRACIÓN,DEMO: generado localmente,2026-10-08
Córdoba,Soria,15_39_R3,574.974,8.2139,0.0,economica_demo,DATOS SINTÉTICOS DE DEMOSTRACIÓN,DEMO: generado localmente,2026-10-08
Córdoba,Tarragona,15_40_R1,787.168,8.9451,0.0,rapida_demo,DATOS SINTÉTICOS DE DEMOSTRACIÓN,DEMO: generado localmente,2026-10-08
Córdoba,Tarragona,15_40_R2,771.425,9.8901,8.0,mixta_demo,DATOS SINTÉTICOS DE DEMOSTRACIÓN,DEMO: generado localmente,2026-10-08
Córdoba,Tarragona,15_40_R3,763.553,10.9079,0.0,economica_demo,DATOS SINTÉTICOS DE DEMOSTRACIÓN,DEMO: generado localmente,2026-10-08
Córdoba,Teruel,15_41_R1,522.643,5.9391,0.0,rapida_demo,DATOS SINTÉTICOS DE DEMOSTRACIÓN,DEMO: generado localmente,2026-10-08
Córdoba,Teruel,15_41_R2,512.19,6.5665,8.0,mixta_demo,DATOS SINTÉTICOS DE DEMOSTRACIÓN,DEMO: generado localmente,2026-10-08
Córdoba,Teruel,15_41_R3,506.964,7.2423,0.0,economica_demo,DATOS SINTÉTICOS DE DEMOSTRACIÓN,DEMO: generado localmente,2026-10-08
Córdoba,Toledo,15_42_R1,285.791,3.2476,0.0,rapida_demo,DATOS SINTÉTICOS DE DEMOSTRACIÓN,DEMO: generado localmente,2026-10-08
Córdoba,Toledo,15_42_R2,280.075,3.5907,8.0,mixta_demo,DATOS SINTÉTICOS DE DEMOSTRACIÓN,DEMO: generado localmente,2026-10-08
Córdoba,Toledo,15_42_R3,277.217,3.9602,0.0,economica_demo,DATOS SINTÉTICOS DE DEMOSTRACIÓN,DEMO: generado localmente,2026-10-08
Córdoba,Valencia,15_43_R1,525.603,5.9728,0.0,rapida_demo,DATOS SINTÉTICOS DE DEMOSTRACIÓN,DEMO: generado localmente,2026-10-08
Córdoba,Valencia,15_43_R2,515.091,6.6037,8.0,mixta_demo,DATOS SINTÉTICOS DE DEMOSTRACIÓN,DEMO: generado localmente,2026-10-08
Córdoba,Valencia,15_43_R3,509.835,7.2834,0.0,economica_demo,DATOS SINTÉTICOS DE DEMOSTRACIÓN,DEMO: generado localmente,2026-10-08
Córdoba,Valladolid,15_44_R1,523.658,5.9507,0.0,rapida_demo,DATOS SINTÉTICOS DE DEMOSTRACIÓN,DEMO: generado localmente,2026-10-08
Córdoba,Valladolid,15_44_R2,513.185,6.5793,8.0,mixta_demo,DATOS SINTÉTICOS DE DEMOSTRACIÓN,DEMO: generado localmente,2026-10-08
Córdoba,Valladolid,15_44_R3,507.948,7.2564,0.0,economica_demo,DATOS SINTÉTICOS DE DEMOSTRACIÓN,DEMO: generado localmente,2026-10-08
Córdoba,Zamora,15_45_R1,513.57,5.836,0.0,rapida_demo,DATOS SINTÉTICOS DE DEMOSTRACIÓN,DEMO: generado localmente,2026-10-08
Córdoba,Zamora,15_45_R2,503.299,6.4525,8.0,mixta_demo,DATOS SINTÉTICOS DE DEMOSTRACIÓN,DEMO: generado localmente,2026-10-08
Córdoba,Zamora,15_45_R3,498.163,7.1166,0.0,economica_demo,DATOS SINTÉTICOS DE DEMOSTRACIÓN,DEMO: generado localmente,2026-10-08
Córdoba,Zaragoza,15_46_R1,669.333,7.6061,0.0,rapida_demo,DATOS SINTÉTICOS DE DEMOSTRACIÓN,DEMO: generado localmente,2026-10-08
Córdoba,Zaragoza,15_46_R2,655.946,8.4096,8.0,mixta_demo,DATOS SINTÉTICOS DE DEMOSTRACIÓN,DEMO: generado localmente,2026-10-08
Córdoba,Zaragoza,15_46_R3,649.253,9.275,0.0,economica_demo,DATOS SINTÉTICOS DE DEMOSTRACIÓN,DEMO: generado localmente,2026-10-08
A Coruña,Cuenca,16_17_R1,794.665,9.0303,0.0,rapida_demo,DATOS SINTÉTICOS DE DEMOSTRACIÓN,DEMO: generado localmente,2026-10-08
A Coruña,Cuenca,16_17_R2,778.772,9.9843,8.0,mixta_demo,DATOS SINTÉTICOS DE DEMOSTRACIÓN,DEMO: generado localmente,2026-10-08
A Coruña,Cuenca,16_17_R3,770.825,11.0118,0.0,economica_demo,DATOS SINTÉTICOS DE DEMOSTRACIÓN,DEMO: generado localmente,2026-10-08
A Coruña,Donostia/San Sebastián,16_18_R1,647.801,7.3614,0.0,rapida_demo,DATOS SINTÉTICOS DE DEMOSTRACIÓN,DEMO: generado localmente,2026-10-08
A Coruña,Donostia/San Sebastián,16_18_R2,634.845,8.139,8.0,mixta_demo,DATOS SINTÉTICOS DE DEMOSTRACIÓN,DEMO: generado localmente,2026-10-08
A Coruña,Donostia/San Sebastián,16_18_R3,628.367,8.9767,0.0,economica_demo,DATOS SINTÉTICOS DE DEMOSTRACIÓN,DEMO: generado localmente,2026-10-08
A Coruña,Girona,16_19_R1,1161.784,13.2021,0.0,rapida_demo,DATOS SINTÉTICOS DE DEMOSTRACIÓN,DEMO: generado localmente,2026-10-08
A Coruña,Girona,16_19_R2,1138.549,14.5968,8.0,mixta_demo,DATOS SINTÉTICOS DE DEMOSTRACIÓN,DEMO: generado localmente,2026-10-08
A Coruña,Girona,16_19_R3,1126.931,16.099,0.0,economica_demo,DATOS SINTÉTICOS DE DEMOSTRACIÓN,DEMO: generado localmente,2026-10-08
A Coruña,Granada,16_20_R1,999.954,11.3631,0.0,rapida_demo,DATOS SINTÉTICOS DE DEMOSTRACIÓN,DEMO: generado localmente,2026-10-08
A Coruña,Granada,16_20_R2,979.955,12.5635,8.0,mixta_demo,DATOS SINTÉTICOS DE DEMOSTRACIÓN,DEMO: generado localmente,2026-10-08
A Coruña,Granada,16_20_R3,969.956,13.8565,0.0,economica_demo,DATOS SINTÉTICOS DE DEMOSTRACIÓN,DEMO: generado localmente,2026-10-08
A Coruña,Guadalajara,16_21_R1,660.434,7.5049,0.0,rapida_demo,DATOS SINTÉTICOS DE DEMOSTRACIÓN,DEMO: generado localmente,2026-10-08
A Coruña,Guadalajara,16_21_R2,647.225,8.2978,8.0,mixta_demo,DATOS SINTÉTICOS DE DEMOSTRACIÓN,DEMO: generado localmente,2026-10-08
A Coruña,Guadalajara,16_21_R3,640.621,9.1517,0.0,economica_demo,DATOS SINTÉTICOS DE DEMOSTRACIÓN,DEMO: generado localmente,2026-10-08
A Coruña,Huelva,16_22_R1,863.61,9.8138,0.0,rapida_demo,DATOS SINTÉTICOS DE DEMOSTRACIÓN,DEMO: generado localmente,2026-10-08
A Coruña,Huelva,16_22_R2,846.338,10.8505,8.0,mixta_demo,DATOS SINTÉTICOS DE DEMOSTRACIÓN,DEMO: generado localmente,2026-10-08
A Coruña,Huelva,16_22_R3,837.702,11.9672,0.0,economica_demo,DATOS SINTÉTICOS DE DEMOSTRACIÓN,DEMO: generado localmente,2026-10-08
A Coruña,Huesca,16_23_R1,832.511,9.4604,0.0,rapida_demo,DATOS SINTÉTICOS DE DEMOSTRACIÓN,DEMO: generado localmente,2026-10-08
A Coruña,Huesca,16_23_R2,815.861,10.4598,8.0,mixta_demo,DATOS SINTÉTICOS DE DEMOSTRACIÓN,DEMO: generado localmente,2026-10-08
A Coruña,Huesca,16_23_R3,807.536,11.5362,0.0,economica_demo,DATOS SINTÉTICOS DE DEMOSTRACIÓN,DEMO: generado localmente,2026-10-08
A Coruña,Jaén,16_24_R1,918.201,10.4341,0.0,rapida_demo,DATOS SINTÉTICOS DE DEMOSTRACIÓN,DEMO: generado localmente,2026-10-08
A Coruña,Jaén,16_24_R2,899.837,11.5364,8.0,mixta_demo,DATOS SINTÉTICOS DE DEMOSTRACIÓN,DEMO: generado localmente,2026-10-08
A Coruña,Jaén,16_24_R3,890.655,12.7236,0.0,economica_demo,DATOS SINTÉTICOS DE DEMOSTRACIÓN,DEMO: generado localmente,2026-10-08
A Coruña,Logroño,16_25_R1,619.091,7.0351,0.0,rapida_demo,DATOS SINTÉTICOS DE DEMOSTRACIÓN,DEMO: generado localmente,2026-10-08
A Coruña,Logroño,16_25_R2,606.709,7.7783,8.0,mixta_demo,DATOS SINTÉTICOS DE DEMOSTRACIÓN,DEMO: generado localmente,2026-10-08
A Coruña,Logroño,16_25_R3,600.518,8.5788,0.0,economica_demo,DATOS SINTÉTICOS DE DEMOSTRACIÓN,DEMO: generado localmente,2026-10-08
A Coruña,León,16_26_R1,306.378,3.4816,0.0,rapida_demo,DATOS SINTÉTICOS DE DEMOSTRACIÓN,DEMO: generado localmente,2026-10-08
A Coruña,León,16_26_R2,300.25,3.8494,8.0,mixta_demo,DATOS SINTÉTICOS DE DEMOSTRACIÓN,DEMO: generado localmente,2026-10-08
A Coruña,León,16_26_R3,297.186,4.2455,0.0,economica_demo,DATOS SINTÉTICOS DE DEMOSTRACIÓN,DEMO: generado localmente,2026-10-08
A Coruña,Lleida,16_27_R1,955.857,10.862,0.0,rapida_demo,DATOS SINTÉTICOS DE DEMOSTRACIÓN,DEMO: generado localmente,2026-10-08
A Coruña,Lleida,16_27_R2,936.74,12.0095,8.0,mixta_demo,DATOS SINTÉTICOS DE DEMOSTRACIÓN,DEMO: generado localmente,2026-10-08
A Coruña,Lleida,16_27_R3,927.182,13.2455,0.0,economica_demo,DATOS SINTÉTICOS DE DEMOSTRACIÓN,DEMO: generado localmente,2026-10-08
A Coruña,Lugo,16_28_R1,98.861,1.1234,0.0,rapida_demo,DATOS SINTÉTICOS DE DEMOSTRACIÓN,DEMO: generado localmente,2026-10-08
A Coruña,Lugo,16_28_R2,96.884,1.2421,8.0,mixta_demo,DATOS SINTÉTICOS DE DEMOSTRACIÓN,DEMO: generado localmente,2026-10-08
A Coruña,Lugo,16_28_R3,95.895,1.3699,0.0,economica_demo,DATOS SINTÉTICOS DE DEMOSTRACIÓN,DEMO: generado localmente,2026-10-08
A Coruña,Madrid,16_29_R1,636.41,7.2319,0.0,rapida_demo,DATOS SINTÉTICOS DE DEMOSTRACIÓN,DEMO: generado localmente,2026-10-08
A Coruña,Madrid,16_29_R2,623.681,7.9959,8.0,mixta_demo,DATOS SINTÉTICOS DE DEMOSTRACIÓN,DEMO: generado localmente,2026-10-08
A Coruña,Madrid,16_29_R3,617.317,8.8188,0.0,economica_demo,DATOS SINTÉTICOS DE DEMOSTRACIÓN,DEMO: generado localmente,2026-10-08
A Coruña,Málaga,16_30_R1,1016.573,11.552,0.0,rapida_demo,DATOS SINTÉTICOS DE DEMOSTRACIÓN,DEMO: generado localmente,2026-10-08
A Coruña,Málaga,16_30_R2,996.241,12.7723,8.0,mixta_demo,DATOS SINTÉTICOS DE DEMOSTRACIÓN,DEMO: generado localmente,2026-10-08
A Coruña,Málaga,16_30_R3,986.076,14.0868,0.0,economica_demo,DATOS SINTÉTICOS DE DEMOSTRACIÓN,DEMO: generado localmente,2026-10-08
A Coruña,Murcia,16_31_R1,1070.375,12.1634,0.0,rapida_demo,DATOS SINTÉTICOS DE DEMOSTRACIÓN,DEMO: generado localmente,2026-10-08
A Coruña,Murcia,16_31_R2,1048.967,13.4483,8.0,mixta_demo,DATOS SINTÉTICOS DE DEMOSTRACIÓN,DEMO: generado localmente,2026-10-08
A Coruña,Murcia,16_31_R3,1038.264,14.8323,0.0,economica_demo,DATOS SINTÉTICOS DE DEMOSTRACIÓN,DEMO: generado localmente,2026-10-08
A Coruña,Pamplona/Iruña,16_32_R1,689.346,7.8335,0.0,rapida_demo,DATOS SINTÉTICOS DE DEMOSTRACIÓN,DEMO: generado localmente,2026-10-08
A Coruña,Pamplona/Iruña,16_32_R2,675.559,8.661,8.0,mixta_demo,DATOS SINTÉTICOS DE DEMOSTRACIÓN,DEMO: generado localmente,2026-10-08
A Coruña,Pamplona/Iruña,16_32_R3,668.665,9.5524,0.0,economica_demo,DATOS SINTÉTICOS DE DEMOSTRACIÓN,DEMO: generado localmente,2026-10-08
A Coruña,Ourense,16_33_R1,153.857,1.7484,0.0,rapida_demo,DATOS SINTÉTICOS DE DEMOSTRACIÓN,DEMO: generado localmente,2026-10-08
A Coruña,Ourense,16_33_R2,150.78,1.9331,8.0,mixta_demo,DATOS SINTÉTICOS DE DEMOSTRACIÓN,DEMO: generado localmente,2026-10-08
A Coruña,Ourense,16_33_R3,149.241,2.132,0.0,economica_demo,DATOS SINTÉTICOS DE DEMOSTRACIÓN,DEMO: generado localmente,2026-10-08
A Coruña,Palencia,16_34_R1,437.554,4.9722,0.0,rapida_demo,DATOS SINTÉTICOS DE DEMOSTRACIÓN,DEMO: generado localmente,2026-10-08
A Coruña,Palencia,16_34_R2,428.803,5.4975,8.0,mixta_demo,DATOS SINTÉTICOS DE DEMOSTRACIÓN,DEMO: generado localmente,2026-10-08
A Coruña,Palencia,16_34_R3,424.428,6.0633,0.0,economica_demo,DATOS SINTÉTICOS DE DEMOSTRACIÓN,DEMO: generado localmente,2026-10-08
A Coruña,Pontevedra,16_35_R1,133.062,1.5121,0.0,rapida_demo,DATOS SINTÉTICOS DE DEMOSTRACIÓN,DEMO: generado localmente,2026-10-08
A Coruña,Pontevedra,16_35_R2,130.401,1.6718,8.0,mixta_demo,DATOS SINTÉTICOS DE DEMOSTRACIÓN,DEMO: generado localmente,2026-10-08
A Coruña,Pontevedra,16_35_R3,129.07,1.8439,0.0,economica_demo,DATOS SINTÉTICOS DE DEMOSTRACIÓN,DEMO: generado localmente,2026-10-08
A Coruña,Salamanca,16_36_R1,437.048,4.9665,0.0,rapida_demo,DATOS SINTÉTICOS DE DEMOSTRACIÓN,DEMO: generado localmente,2026-10-08
A Coruña,Salamanca,16_36_R2,428.308,5.4911,8.0,mixta_demo,DATOS SINTÉTICOS DE DEMOSTRACIÓN,DEMO: generado localmente,2026-10-08
A Coruña,Salamanca,16_36_R3,423.937,6.0562,0.0,economica_demo,DATOS SINTÉTICOS DE DEMOSTRACIÓN,DEMO: generado localmente,2026-10-08
A Coruña,Segovia,16_37_R1,553.878,6.2941,0.0,rapida_demo,DATOS SINTÉTICOS DE DEMOSTRACIÓN,DEMO: generado localmente,2026-10-08
A Coruña,Segovia,16_37_R2,542.8,6.959,8.0,mixta_demo,DATOS SINTÉTICOS DE DEMOSTRACIÓN,DEMO: generado localmente,2026-10-08
A Coruña,Segovia,16_37_R3,537.262,7.6752,0.0,economica_demo,DATOS SINTÉTICOS DE DEMOSTRACIÓN,DEMO: generado localmente,2026-10-08
A Coruña,Sevilla,16_38_R1,869.471,9.8804,0.0,rapida_demo,DATOS SINTÉTICOS DE DEMOSTRACIÓN,DEMO: generado localmente,2026-10-08
A Coruña,Sevilla,16_38_R2,852.082,10.9241,8.0,mixta_demo,DATOS SINTÉTICOS DE DEMOSTRACIÓN,DEMO: generado localmente,2026-10-08
A Coruña,Sevilla,16_38_R3,843.387,12.0484,0.0,economica_demo,DATOS SINTÉTICOS DE DEMOSTRACIÓN,DEMO: generado localmente,2026-10-08
A Coruña,Soria,16_39_R1,646.88,7.3509,0.0,rapida_demo,DATOS SINTÉTICOS DE DEMOSTRACIÓN,DEMO: generado localmente,2026-10-08
A Coruña,Soria,16_39_R2,633.943,8.1275,8.0,mixta_demo,DATOS SINTÉTICOS DE DEMOSTRACIÓN,DEMO: generado localmente,2026-10-08
A Coruña,Soria,16_39_R3,627.474,8.9639,0.0,economica_demo,DATOS SINTÉTICOS DE DEMOSTRACIÓN,DEMO: generado localmente,2026-10-08
A Coruña,Tarragona,16_40_R1,1040.468,11.8235,0.0,rapida_demo,DATOS SINTÉTICOS DE DEMOSTRACIÓN,DEMO: generado localmente,2026-10-08
A Coruña,Tarragona,16_40_R2,1019.658,13.0725,8.0,mixta_demo,DATOS SINTÉTICOS DE DEMOSTRACIÓN,DEMO: generado localmente,2026-10-08
A Coruña,Tarragona,16_40_R3,1009.254,14.4179,0.0,economica_demo,DATOS SINTÉTICOS DE DEMOSTRACIÓN,DEMO: generado localmente,2026-10-08
A Coruña,Teruel,16_41_R1,863.447,9.8119,0.0,rapida_demo,DATOS SINTÉTICOS DE DEMOSTRACIÓN,DEMO: generado localmente,2026-10-08
A Coruña,Teruel,16_41_R2,846.178,10.8484,8.0,mixta_demo,DATOS SINTÉTICOS DE DEMOSTRACIÓN,DEMO: generado localmente,2026-10-08
A Coruña,Teruel,16_41_R3,837.544,11.9649,0.0,economica_demo,DATOS SINTÉTICOS DE DEMOSTRACIÓN,DEMO: generado localmente,2026-10-08
A Coruña,Toledo,16_42_R1,666.861,7.578,0.0,rapida_demo,DATOS SINTÉTICOS DE DEMOSTRACIÓN,DEMO: generado localmente,2026-10-08
A Coruña,Toledo,16_42_R2,653.524,8.3785,8.0,mixta_demo,DATOS SINTÉTICOS DE DEMOSTRACIÓN,DEMO: generado localmente,2026-10-08
A Coruña,Toledo,16_42_R3,646.856,9.2408,0.0,economica_demo,DATOS SINTÉTICOS DE DEMOSTRACIÓN,DEMO: generado localmente,2026-10-08
A Coruña,Valencia,16_43_R1,995.565,11.3132,0.0,rapida_demo,DATOS SINTÉTICOS DE DEMOSTRACIÓN,DEMO: generado localmente,2026-10-08
A Coruña,Valencia,16_43_R2,975.653,12.5084,8.0,mixta_demo,DATOS SINTÉTICOS DE DEMOSTRACIÓN,DEMO: generado localmente,2026-10-08
A Coruña,Valencia,16_43_R3,965.698,13.7957,0.0,economica_demo,DATOS SINTÉTICOS DE DEMOSTRACIÓN,DEMO: generado localmente,2026-10-08
A Coruña,Valladolid,16_44_R1,445.192,5.059,0.0,rapida_demo,DATOS SINTÉTICOS DE DEMOSTRACIÓN,DEMO: generado localmente,2026-10-08
A Coruña,Valladolid,16_44_R2,436.288,5.5934,8.0,mixta_demo,DATOS SINTÉTICOS DE DEMOSTRACIÓN,DEMO: generado localmente,2026-10-08
A Coruña,Valladolid,16_44_R3,431.836,6.1691,0.0,economica_demo,DATOS SINTÉTICOS DE DEMOSTRACIÓN,DEMO: generado localmente,2026-10-08
A Coruña,Zamora,16_45_R1,375.742,4.2698,0.0,rapida_demo,DATOS SINTÉTICOS DE DEMOSTRACIÓN,DEMO: generado localmente,2026-10-08
A Coruña,Zamora,16_45_R2,368.227,4.7209,8.0,mixta_demo,DATOS SINTÉTICOS DE DEMOSTRACIÓN,DEMO: generado localmente,2026-10-08
A Coruña,Zamora,16_45_R3,364.469,5.2067,0.0,economica_demo,DATOS SINTÉTICOS DE DEMOSTRACIÓN,DEMO: generado localmente,2026-10-08
A Coruña,Zaragoza,16_46_R1,806.016,9.1593,0.0,rapida_demo,DATOS SINTÉTICOS DE DEMOSTRACIÓN,DEMO: generado localmente,2026-10-08
A Coruña,Zaragoza,16_46_R2,789.896,10.1269,8.0,mixta_demo,DATOS SINTÉTICOS DE DEMOSTRACIÓN,DEMO: generado localmente,2026-10-08
A Coruña,Zaragoza,16_46_R3,781.836,11.1691,0.0,economica_demo,DATOS SINTÉTICOS DE DEMOSTRACIÓN,DEMO: generado localmente,2026-10-08
Cuenca,Donostia/San Sebastián,17_18_R1,451.098,5.1261,0.0,rapida_demo,DATOS SINTÉTICOS DE DEMOSTRACIÓN,DEMO: generado localmente,2026-10-08
Cuenca,Donostia/San Sebastián,17_18_R2,442.076,5.6676,8.0,mixta_demo,DATOS SINTÉTICOS DE DEMOSTRACIÓN,DEMO: generado localmente,2026-10-08
Cuenca,Donostia/San Sebastián,17_18_R3,437.565,6.2509,0.0,economica_demo,DATOS SINTÉTICOS DE DEMOSTRACIÓN,DEMO: generado localmente,2026-10-08
Cuenca,Girona,17_19_R1,582.99,6.6249,0.0,rapida_demo,DATOS SINTÉTICOS DE DEMOSTRACIÓN,DEMO: generado localmente,2026-10-08
Cuenca,Girona,17_19_R2,571.331,7.3248,8.0,mixta_demo,DATOS SINTÉTICOS DE DEMOSTRACIÓN,DEMO: generado localmente,2026-10-08
Cuenca,Girona,17_19_R3,565.501,8.0786,0.0,economica_demo,DATOS SINTÉTICOS DE DEMOSTRACIÓN,DEMO: generado localmente,2026-10-08
Cuenca,Granada,17_20_R1,433.923,4.9309,0.0,rapida_demo,DATOS SINTÉTICOS DE DEMOSTRACIÓN,DEMO: generado localmente,2026-10-08
Cuenca,Granada,17_20_R2,425.244,5.4519,8.0,mixta_demo,DATOS SINTÉTICOS DE DEMOSTRACIÓN,DEMO: generado localmente,2026-10-08
Cuenca,Granada,17_20_R3,420.905,6.0129,0.0,economica_demo,DATOS SINTÉTICOS DE DEMOSTRACIÓN,DEMO: generado localmente,2026-10-08
Cuenca,Guadalajara,17_21_R1,134.308,1.5262,0.0,rapida_demo,DATOS SINTÉTICOS DE DEMOSTRACIÓN,DEMO: generado localmente,2026-10-08
Cuenca,Guadalajara,17_21_R2,131.622,1.6875,8.0,mixta_demo,DATOS SINTÉTICOS DE DEMOSTRACIÓN,DEMO: generado localmente,2026-10-08
Cuenca,Guadalajara,17_21_R3,130.279,1.8611,0.0,economica_demo,DATOS SINTÉTICOS DE DEMOSTRACIÓN,DEMO: generado localmente,2026-10-08
Cuenca,Huelva,17_22_R1,653.542,7.4266,0.0,rapida_demo,DATOS SINTÉTICOS DE DEMOSTRACIÓN,DEMO: generado localmente,2026-10-08
Cuenca,Huelva,17_22_R2,640.471,8.2112,8.0,mixta_demo,DATOS SINTÉTICOS DE DEMOSTRACIÓN,DEMO: generado localmente,2026-10-08
Cuenca,Huelva,17_22_R3,633.936,9.0562,0.0,economica_demo,DATOS SINTÉTICOS DE DEMOSTRACIÓN,DEMO: generado localmente,2026-10-08
Cuenca,Huesca,17_23_R1,338.641,3.8482,0.0,rapida_demo,DATOS SINTÉTICOS DE DEMOSTRACIÓN,DEMO: generado localmente,2026-10-08
Cuenca,Huesca,17_23_R2,331.868,4.2547,8.0,mixta_demo,DATOS SINTÉTICOS DE DEMOSTRACIÓN,DEMO: generado localmente,2026-10-08
Cuenca,Huesca,17_23_R3,328.482,4.6926,0.0,economica_demo,DATOS SINTÉTICOS DE DEMOSTRACIÓN,DEMO: generado localmente,2026-10-08
Cuenca,Jaén,17_24_R1,368.27,4.1849,0.0,rapida_demo,DATOS SINTÉTICOS DE DEMOSTRACIÓN,DEMO: generado localmente,2026-10-08
Cuenca,Jaén,17_24_R2,360.904,4.627,8.0,mixta_demo,DATOS SINTÉTICOS DE DEMOSTRACIÓN,DEMO: generado localmente,2026-10-08
Cuenca,Jaén,17_24_R3,357.222,5.1032,0.0,economica_demo,DATOS SINTÉTICOS DE DEMOSTRACIÓN,DEMO: generado localmente,2026-10-08
Cuenca,Logroño,17_25_R1,333.545,3.7903,0.0,rapida_demo,DATOS SINTÉTICOS DE DEMOSTRACIÓN,DEMO: generado localmente,2026-10-08
Cuenca,Logroño,17_25_R2,326.874,4.1907,8.0,mixta_demo,DATOS SINTÉTICOS DE DEMOSTRACIÓN,DEMO: generado localmente,2026-10-08
Cuenca,Logroño,17_25_R3,323.539,4.622,0.0,economica_demo,DATOS SINTÉTICOS DE DEMOSTRACIÓN,DEMO: generado localmente,2026-10-08
Cuenca,León,17_26_R1,501.766,5.7019,0.0,rapida_demo,DATOS SINTÉTICOS DE DEMOSTRACIÓN,DEMO: generado localmente,2026-10-08
Cuenca,León,17_26_R2,491.731,6.3042,8.0,mixta_demo,DATOS SINTÉTICOS DE DEMOSTRACIÓN,DEMO: generado localmente,2026-10-08
Cuenca,León,17_26_R3,486.713,6.953,0.0,economica_demo,DATOS SINTÉTICOS DE DEMOSTRACIÓN,DEMO: generado localmente,2026-10-08
Cuenca,Lleida,17_27_R1,360.038,4.0913,0.0,rapida_demo,DATOS SINTÉTICOS DE DEMOSTRACIÓN,DEMO: generado localmente,2026-10-08
Cuenca,Lleida,17_27_R2,352.837,4.5236,8.0,mixta_demo,DATOS SINTÉTICOS DE DEMOSTRACIÓN,DEMO: generado localmente,2026-10-08
Cuenca,Lleida,17_27_R3,349.237,4.9891,0.0,economica_demo,DATOS SINTÉTICOS DE DEMOSTRACIÓN,DEMO: generado localmente,2026-10-08
Cuenca,Lugo,17_28_R1,695.937,7.9084,0.0,rapida_demo,DATOS SINTÉTICOS DE DEMOSTRACIÓN,DEMO: generado localmente,2026-10-08
Cuenca,Lugo,17_28_R2,682.018,8.7438,8.0,mixta_demo,DATOS SINTÉTICOS DE DEMOSTRACIÓN,DEMO: generado localmente,2026-10-08
Cuenca,Lugo,17_28_R3,675.059,9.6437,0.0,economica_demo,DATOS SINTÉTICOS DE DEMOSTRACIÓN,DEMO: generado localmente,2026-10-08
Cuenca,Madrid,17_29_R1,172.346,1.9585,0.0,rapida_demo,DATOS SINTÉTICOS DE DEMOSTRACIÓN,DEMO: generado localmente,2026-10-08
Cuenca,Madrid,17_29_R2,168.9,2.1654,8.0,mixta_demo,DATOS SINTÉTICOS DE DEMOSTRACIÓN,DEMO: generado localmente,2026-10-08
Cuenca,Madrid,17_29_R3,167.176,2.3882,0.0,economica_demo,DATOS SINTÉTICOS DE DEMOSTRACIÓN,DEMO: generado localmente,2026-10-08
Cuenca,Málaga,17_30_R1,528.855,6.0097,0.0,rapida_demo,DATOS SINTÉTICOS DE DEMOSTRACIÓN,DEMO: generado localmente,2026-10-08
Cuenca,Málaga,17_30_R2,518.278,6.6446,8.0,mixta_demo,DATOS SINTÉTICOS DE DEMOSTRACIÓN,DEMO: generado localmente,2026-10-08
Cuenca,Málaga,17_30_R3,512.989,7.3284,0.0,economica_demo,DATOS SINTÉTICOS DE DEMOSTRACIÓN,DEMO: generado localmente,2026-10-08
Cuenca,Murcia,17_31_R1,310.475,3.5281,0.0,rapida_demo,DATOS SINTÉTICOS DE DEMOSTRACIÓN,DEMO: generado localmente,2026-10-08
Cuenca,Murcia,17_31_R2,304.265,3.9008,8.0,mixta_demo,DATOS SINTÉTICOS DE DEMOSTRACIÓN,DEMO: generado localmente,2026-10-08
Cuenca,Murcia,17_31_R3,301.161,4.3023,0.0,economica_demo,DATOS SINTÉTICOS DE DEMOSTRACIÓN,DEMO: generado localmente,2026-10-08
Cuenca,Pamplona/Iruña,17_32_R1,384.285,4.3669,0.0,rapida_demo,DATOS SINTÉTICOS DE DEMOSTRACIÓN,DEMO: generado localmente,2026-10-08
Cuenca,Pamplona/Iruña,17_32_R2,376.6,4.8282,8.0,mixta_demo,DATOS SINTÉTICOS DE DEMOSTRACIÓN,DEMO: generado localmente,2026-10-08
Cuenca,Pamplona/Iruña,17_32_R3,372.757,5.3251,0.0,economica_demo,DATOS SINTÉTICOS DE DEMOSTRACIÓN,DEMO: generado localmente,2026-10-08
Cuenca,Ourense,17_33_R1,676.524,7.6878,0.0,rapida_demo,DATOS SINTÉTICOS DE DEMOSTRACIÓN,DEMO: generado localmente,2026-10-08
Cuenca,Ourense,17_33_R2,662.994,8.4999,8.0,mixta_demo,DATOS SINTÉTICOS DE DEMOSTRACIÓN,DEMO: generado localmente,2026-10-08
Cuenca,Ourense,17_33_R3,656.229,9.3747,0.0,economica_demo,DATOS SINTÉTICOS DE DEMOSTRACIÓN,DEMO: generado localmente,2026-10-08
Cuenca,Palencia,17_34_R1,368.271,4.1849,0.0,rapida_demo,DATOS SINTÉTICOS DE DEMOSTRACIÓN,DEMO: generado localmente,2026-10-08
Cuenca,Palencia,17_34_R2,360.905,4.627,8.0,mixta_demo,DATOS SINTÉTICOS DE DEMOSTRACIÓN,DEMO: generado localmente,2026-10-08
Cuenca,Palencia,17_34_R3,357.223,5.1032,0.0,economica_demo,DATOS SINTÉTICOS DE DEMOSTRACIÓN,DEMO: generado localmente,2026-10-08
Cuenca,Pontevedra,17_35_R1,755.207,8.5819,0.0,rapida_demo,DATOS SINTÉTICOS DE DEMOSTRACIÓN,DEMO: generado localmente,2026-10-08
Cuenca,Pontevedra,17_35_R2,740.103,9.4885,8.0,mixta_demo,DATOS SINTÉTICOS DE DEMOSTRACIÓN,DEMO: generado localmente,2026-10-08
Cuenca,Pontevedra,17_35_R3,732.551,10.465,0.0,economica_demo,DATOS SINTÉTICOS DE DEMOSTRACIÓN,DEMO: generado localmente,2026-10-08
Cuenca,Salamanca,17_36_R1,393.169,4.4678,0.0,rapida_demo,DATOS SINTÉTICOS DE DEMOSTRACIÓN,DEMO: generado localmente,2026-10-08
Cuenca,Salamanca,17_36_R2,385.306,4.9398,8.0,mixta_demo,DATOS SINTÉTICOS DE DEMOSTRACIÓN,DEMO: generado localmente,2026-10-08
Cuenca,Salamanca,17_36_R3,381.374,5.4482,0.0,economica_demo,DATOS SINTÉTICOS DE DEMOSTRACIÓN,DEMO: generado localmente,2026-10-08
Cuenca,Segovia,17_37_R1,243.131,2.7628,0.0,rapida_demo,DATOS SINTÉTICOS DE DEMOSTRACIÓN,DEMO: generado localmente,2026-10-08
Cuenca,Segovia,17_37_R2,238.268,3.0547,8.0,mixta_demo,DATOS SINTÉTICOS DE DEMOSTRACIÓN,DEMO: generado localmente,2026-10-08
Cuenca,Segovia,17_37_R3,235.837,3.3691,0.0,economica_demo,DATOS SINTÉTICOS DE DEMOSTRACIÓN,DEMO: generado localmente,2026-10-08
Cuenca,Sevilla,17_38_R1,561.383,6.3794,0.0,rapida_demo,DATOS SINTÉTICOS DE DEMOSTRACIÓN,DEMO: generado localmente,2026-10-08
Cuenca,Sevilla,17_38_R2,550.155,7.0533,8.0,mixta_demo,DATOS SINTÉTICOS DE DEMOSTRACIÓN,DEMO: generado localmente,2026-10-08
Cuenca,Sevilla,17_38_R3,544.541,7.7792,0.0,economica_demo,DATOS SINTÉTICOS DE DEMOSTRACIÓN,DEMO: generado localmente,2026-10-08
Cuenca,Soria,17_39_R1,236.841,2.6914,0.0,rapida_demo,DATOS SINTÉTICOS DE DEMOSTRACIÓN,DEMO: generado localmente,2026-10-08
Cuenca,Soria,17_39_R2,232.104,2.9757,8.0,mixta_demo,DATOS SINTÉTICOS DE DEMOSTRACIÓN,DEMO: generado localmente,2026-10-08
Cuenca,Soria,17_39_R3,229.736,3.2819,0.0,economica_demo,DATOS SINTÉTICOS DE DEMOSTRACIÓN,DEMO: generado localmente,2026-10-08
Cuenca,Tarragona,17_40_R1,385.252,4.3779,0.0,rapida_demo,DATOS SINTÉTICOS DE DEMOSTRACIÓN,DEMO: generado localmente,2026-10-08
Cuenca,Tarragona,17_40_R2,377.547,4.8403,8.0,mixta_demo,DATOS SINTÉTICOS DE DEMOSTRACIÓN,DEMO: generado localmente,2026-10-08
Cuenca,Tarragona,17_40_R3,373.695,5.3385,0.0,economica_demo,DATOS SINTÉTICOS DE DEMOSTRACIÓN,DEMO: generado localmente,2026-10-08
Cuenca,Teruel,17_41_R1,114.599,1.3023,0.0,rapida_demo,DATOS SINTÉTICOS DE DEMOSTRACIÓN,DEMO: generado localmente,2026-10-08
Cuenca,Teruel,17_41_R2,112.307,1.4398,8.0,mixta_demo,DATOS SINTÉTICOS DE DEMOSTRACIÓN,DEMO: generado localmente,2026-10-08
Cuenca,Teruel,17_41_R3,111.161,1.588,0.0,economica_demo,DATOS SINTÉTICOS DE DEMOSTRACIÓN,DEMO: generado localmente,2026-10-08
Cuenca,Toledo,17_42_R1,204.216,2.3206,0.0,rapida_demo,DATOS SINTÉTICOS DE DEMOSTRACIÓN,DEMO: generado localmente,2026-10-08
Cuenca,Toledo,17_42_R2,200.132,2.5658,8.0,mixta_demo,DATOS SINTÉTICOS DE DEMOSTRACIÓN,DEMO: generado localmente,2026-10-08
Cuenca,Toledo,17_42_R3,198.09,2.8299,0.0,economica_demo,DATOS SINTÉTICOS DE DEMOSTRACIÓN,DEMO: generado localmente,2026-10-08
Cuenca,Valencia,17_43_R1,205.414,2.3343,0.0,rapida_demo,DATOS SINTÉTICOS DE DEMOSTRACIÓN,DEMO: generado localmente,2026-10-08
Cuenca,Valencia,17_43_R2,201.306,2.5808,8.0,mixta_demo,DATOS SINTÉTICOS DE DEMOSTRACIÓN,DEMO: generado localmente,2026-10-08
Cuenca,Valencia,17_43_R3,199.252,2.8465,0.0,economica_demo,DATOS SINTÉTICOS DE DEMOSTRACIÓN,DEMO: generado localmente,2026-10-08
Cuenca,Valladolid,17_44_R1,349.992,3.9772,0.0,rapida_demo,DATOS SINTÉTICOS DE DEMOSTRACIÓN,DEMO: generado localmente,2026-10-08
Cuenca,Valladolid,17_44_R2,342.992,4.3973,8.0,mixta_demo,DATOS SINTÉTICOS DE DEMOSTRACIÓN,DEMO: generado localmente,2026-10-08
Cuenca,Valladolid,17_44_R3,339.492,4.8499,0.0,economica_demo,DATOS SINTÉTICOS DE DEMOSTRACIÓN,DEMO: generado localmente,2026-10-08
Cuenca,Zamora,17_45_R1,429.084,4.876,0.0,rapida_demo,DATOS SINTÉTICOS DE DEMOSTRACIÓN,DEMO: generado localmente,2026-10-08
Cuenca,Zamora,17_45_R2,420.502,5.3911,8.0,mixta_demo,DATOS SINTÉTICOS DE DEMOSTRACIÓN,DEMO: generado localmente,2026-10-08
Cuenca,Zamora,17_45_R3,416.212,5.9459,0.0,economica_demo,DATOS SINTÉTICOS DE DEMOSTRACIÓN,DEMO: generado localmente,2026-10-08
Cuenca,Zaragoza,17_46_R1,255.859,2.9075,0.0,rapida_demo,DATOS SINTÉTICOS DE DEMOSTRACIÓN,DEMO: generado localmente,2026-10-08
Cuenca,Zaragoza,17_46_R2,250.742,3.2146,8.0,mixta_demo,DATOS SINTÉTICOS DE DEMOSTRACIÓN,DEMO: generado localmente,2026-10-08
Cuenca,Zaragoza,17_46_R3,248.183,3.5455,0.0,economica_demo,DATOS SINTÉTICOS DE DEMOSTRACIÓN,DEMO: generado localmente,2026-10-08
Donostia/San Sebastián,Girona,18_19_R1,525.677,5.9736,0.0,rapida_demo,DATOS SINTÉTICOS DE DEMOSTRACIÓN,DEMO: generado localmente,2026-10-08
Donostia/San Sebastián,Girona,18_19_R2,515.164,6.6047,8.0,mixta_demo,DATOS SINTÉTICOS DE DEMOSTRACIÓN,DEMO: generado localmente,2026-10-08
Donostia/San Sebastián,Girona,18_19_R3,509.907,7.2844,0.0,economica_demo,DATOS SINTÉTICOS DE DEMOSTRACIÓN,DEMO: generado localmente,2026-10-08
Donostia/San Sebastián,Granada,18_20_R1,871.342,9.9016,0.0,rapida_demo,DATOS SINTÉTICOS DE DEMOSTRACIÓN,DEMO: generado localmente,2026-10-08
Donostia/San Sebastián,Granada,18_20_R2,853.915,10.9476,8.0,mixta_demo,DATOS SINTÉTICOS DE DEMOSTRACIÓN,DEMO: generado localmente,2026-10-08
Donostia/San Sebastián,Granada,18_20_R3,845.201,12.0743,0.0,economica_demo,DATOS SINTÉTICOS DE DEMOSTRACIÓN,DEMO: generado localmente,2026-10-08
Donostia/San Sebastián,Guadalajara,18_21_R1,393.038,4.4663,0.0,rapida_demo,DATOS SINTÉTICOS DE DEMOSTRACIÓN,DEMO: generado localmente,2026-10-08
Donostia/San Sebastián,Guadalajara,18_21_R2,385.177,4.9382,8.0,mixta_demo,DATOS SINTÉTICOS DE DEMOSTRACIÓN,DEMO: generado localmente,2026-10-08
Donostia/San Sebastián,Guadalajara,18_21_R3,381.247,5.4464,0.0,economica_demo,DATOS SINTÉTICOS DE DEMOSTRACIÓN,DEMO: generado localmente,2026-10-08
Donostia/San Sebastián,Huelva,18_22_R1,993.341,11.288,0.0,rapida_demo,DATOS SINTÉTICOS DE DEMOSTRACIÓN,DEMO: generado localmente,2026-10-08
Donostia/San Sebastián,Huelva,18_22_R2,973.474,12.4804,8.0,mixta_demo,DATOS SINTÉTICOS DE DEMOSTRACIÓN,DEMO: generado localmente,2026-10-08
Donostia/San Sebastián,Huelva,18_22_R3,963.54,13.7649,0.0,economica_demo,DATOS SINTÉTICOS DE DEMOSTRACIÓN,DEMO: generado localmente,2026-10-08
Donostia/San Sebastián,Huesca,18_23_R1,229.892,2.6124,0.0,rapida_demo,DATOS SINTÉTICOS DE DEMOSTRACIÓN,DEMO: generado localmente,2026-10-08
Donostia/San Sebastián,Huesca,18_23_R2,225.294,2.8884,8.0,mixta_demo,DATOS SINTÉTICOS DE DEMOSTRACIÓN,DEMO: generado localmente,2026-10-08
Donostia/San Sebastián,Huesca,18_23_R3,222.995,3.1856,0.0,economica_demo,DATOS SINTÉTICOS DE DEMOSTRACIÓN,DEMO: generado localmente,2026-10-08
Donostia/San Sebastián,Jaén,18_24_R1,795.508,9.0399,0.0,rapida_demo,DATOS SINTÉTICOS DE DEMOSTRACIÓN,DEMO: generado localmente,2026-10-08
Donostia/San Sebastián,Jaén,18_24_R2,779.598,9.9948,8.0,mixta_demo,DATOS SINTÉTICOS DE DEMOSTRACIÓN,DEMO: generado localmente,2026-10-08
Donostia/San Sebastián,Jaén,18_24_R3,771.643,11.0235,0.0,economica_demo,DATOS SINTÉTICOS DE DEMOSTRACIÓN,DEMO: generado localmente,2026-10-08
Donostia/San Sebastián,Logroño,18_25_R1,127.519,1.4491,0.0,rapida_demo,DATOS SINTÉTICOS DE DEMOSTRACIÓN,DEMO: generado localmente,2026-10-08
Donostia/San Sebastián,Logroño,18_25_R2,124.969,1.6022,8.0,mixta_demo,DATOS SINTÉTICOS DE DEMOSTRACIÓN,DEMO: generado localmente,2026-10-08
Donostia/San Sebastián,Logroño,18_25_R3,123.694,1.7671,0.0,economica_demo,DATOS SINTÉTICOS DE DEMOSTRACIÓN,DEMO: generado localmente,2026-10-08
Donostia/San Sebastián,León,18_26_R1,378.603,4.3023,0.0,rapida_demo,DATOS SINTÉTICOS DE DEMOSTRACIÓN,DEMO: generado localmente,2026-10-08
Donostia/San Sebastián,León,18_26_R2,371.031,4.7568,8.0,mixta_demo,DATOS SINTÉTICOS DE DEMOSTRACIÓN,DEMO: generado localmente,2026-10-08
Donostia/San Sebastián,León,18_26_R3,367.245,5.2464,0.0,economica_demo,DATOS SINTÉTICOS DE DEMOSTRACIÓN,DEMO: generado localmente,2026-10-08
Donostia/San Sebastián,Lleida,18_27_R1,357.774,4.0656,0.0,rapida_demo,DATOS SINTÉTICOS DE DEMOSTRACIÓN,DEMO: generado localmente,2026-10-08
Donostia/San Sebastián,Lleida,18_27_R2,350.618,4.4951,8.0,mixta_demo,DATOS SINTÉTICOS DE DEMOSTRACIÓN,DEMO: generado localmente,2026-10-08
Donostia/San Sebastián,Lleida,18_27_R3,347.041,4.9577,0.0,economica_demo,DATOS SINTÉTICOS DE DEMOSTRACIÓN,DEMO: generado localmente,2026-10-08
Donostia/San Sebastián,Lugo,18_28_R1,566.222,6.4343,0.0,rapida_demo,DATOS SINTÉTICOS DE DEMOSTRACIÓN,DEMO: generado localmente,2026-10-08
Donostia/San Sebastián,Lugo,18_28_R2,554.898,7.1141,8.0,mixta_demo,DATOS SINTÉTICOS DE DEMOSTRACIÓN,DEMO: generado localmente,2026-10-08
Donostia/San Sebastián,Lugo,18_28_R3,549.236,7.8462,0.0,economica_demo,DATOS SINTÉTICOS DE DEMOSTRACIÓN,DEMO: generado localmente,2026-10-08
Donostia/San Sebastián,Madrid,18_29_R1,440.363,5.0041,0.0,rapida_demo,DATOS SINTÉTICOS DE DEMOSTRACIÓN,DEMO: generado localmente,2026-10-08
Donostia/San Sebastián,Madrid,18_29_R2,431.555,5.5328,8.0,mixta_demo,DATOS SINTÉTICOS DE DEMOSTRACIÓN,DEMO: generado localmente,2026-10-08
Donostia/San Sebastián,Madrid,18_29_R3,427.152,6.1022,0.0,economica_demo,DATOS SINTÉTICOS DE DEMOSTRACIÓN,DEMO: generado localmente,2026-10-08
Donostia/San Sebastián,Málaga,18_30_R1,953.15,10.8312,0.0,rapida_demo,DATOS SINTÉTICOS DE DEMOSTRACIÓN,DEMO: generado localmente,2026-10-08
Donostia/San Sebastián,Málaga,18_30_R2,934.087,11.9755,8.0,mixta_demo,DATOS SINTÉTICOS DE DEMOSTRACIÓN,DEMO: generado localmente,2026-10-08
Donostia/San Sebastián,Málaga,18_30_R3,924.555,13.2079,0.0,economica_demo,DATOS SINTÉTICOS DE DEMOSTRACIÓN,DEMO: generado localmente,2026-10-08
Donostia/San Sebastián,Murcia,18_31_R1,747.409,8.4933,0.0,rapida_demo,DATOS SINTÉTICOS DE DEMOSTRACIÓN,DEMO: generado localmente,2026-10-08
Donostia/San Sebastián,Murcia,18_31_R2,732.461,9.3905,8.0,mixta_demo,DATOS SINTÉTICOS DE DEMOSTRACIÓN,DEMO: generado localmente,2026-10-08
Donostia/San Sebastián,Murcia,18_31_R3,724.987,10.357,0.0,economica_demo,DATOS SINTÉTICOS DE DEMOSTRACIÓN,DEMO: generado localmente,2026-10-08
Donostia/San Sebastián,Pamplona/Iruña,18_32_R1,78.027,0.8867,0.0,rapida_demo,DATOS SINTÉTICOS DE DEMOSTRACIÓN,DEMO: generado localmente,2026-10-08
Donostia/San Sebastián,Pamplona/Iruña,18_32_R2,76.466,0.9803,8.0,mixta_demo,DATOS SINTÉTICOS DE DEMOSTRACIÓN,DEMO: generado localmente,2026-10-08
Donostia/San Sebastián,Pamplona/Iruña,18_32_R3,75.686,1.0812,0.0,economica_demo,DATOS SINTÉTICOS DE DEMOSTRACIÓN,DEMO: generado localmente,2026-10-08
Donostia/San Sebastián,Ourense,18_33_R1,614.525,6.9832,0.0,rapida_demo,DATOS SINTÉTICOS DE DEMOSTRACIÓN,DEMO: generado localmente,2026-10-08
Donostia/San Sebastián,Ourense,18_33_R2,602.234,7.7209,8.0,mixta_demo,DATOS SINTÉTICOS DE DEMOSTRACIÓN,DEMO: generado localmente,2026-10-08
Donostia/San Sebastián,Ourense,18_33_R3,596.089,8.5156,0.0,economica_demo,DATOS SINTÉTICOS DE DEMOSTRACIÓN,DEMO: generado localmente,2026-10-08
Donostia/San Sebastián,Palencia,18_34_R1,317.688,3.6101,0.0,rapida_demo,DATOS SINTÉTICOS DE DEMOSTRACIÓN,DEMO: generado localmente,2026-10-08
Donostia/San Sebastián,Palencia,18_34_R2,311.334,3.9915,8.0,mixta_demo,DATOS SINTÉTICOS DE DEMOSTRACIÓN,DEMO: generado localmente,2026-10-08
Donostia/San Sebastián,Palencia,18_34_R3,308.158,4.4023,0.0,economica_demo,DATOS SINTÉTICOS DE DEMOSTRACIÓN,DEMO: generado localmente,2026-10-08
Donostia/San Sebastián,Pontevedra,18_35_R1,689.46,7.8348,0.0,rapida_demo,DATOS SINTÉTICOS DE DEMOSTRACIÓN,DEMO: generado localmente,2026-10-08
Donostia/San Sebastián,Pontevedra,18_35_R2,675.671,8.6624,8.0,mixta_demo,DATOS SINTÉTICOS DE DEMOSTRACIÓN,DEMO: generado localmente,2026-10-08
Donostia/San Sebastián,Pontevedra,18_35_R3,668.776,9.5539,0.0,economica_demo,DATOS SINTÉTICOS DE DEMOSTRACIÓN,DEMO: generado localmente,2026-10-08
Donostia/San Sebastián,Salamanca,18_36_R1,500.818,5.6911,0.0,rapida_demo,DATOS SINTÉTICOS DE DEMOSTRACIÓN,DEMO: generado localmente,2026-10-08
Donostia/San Sebastián,Salamanca,18_36_R2,490.801,6.2923,8.0,mixta_demo,DATOS SINTÉTICOS DE DEMOSTRACIÓN,DEMO: generado localmente,2026-10-08
Donostia/San Sebastián,Salamanca,18_36_R3,485.793,6.9399,0.0,economica_demo,DATOS SINTÉTICOS DE DEMOSTRACIÓN,DEMO: generado localmente,2026-10-08
Donostia/San Sebastián,Segovia,18_37_R1,396.434,4.5049,0.0,rapida_demo,DATOS SINTÉTICOS DE DEMOSTRACIÓN,DEMO: generado localmente,2026-10-08
Donostia/San Sebastián,Segovia,18_37_R2,388.505,4.9808,8.0,mixta_demo,DATOS SINTÉTICOS DE DEMOSTRACIÓN,DEMO: generado localmente,2026-10-08
Donostia/San Sebastián,Segovia,18_37_R3,384.541,5.4934,0.0,economica_demo,DATOS SINTÉTICOS DE DEMOSTRACIÓN,DEMO: generado localmente,2026-10-08
Donostia/San Sebastián,Sevilla,18_38_R1,927.238,10.5368,0.0,rapida_demo,DATOS SINTÉTICOS DE DEMOSTRACIÓN,DEMO: generado localmente,2026-10-08
Donostia/San Sebastián,Sevilla,18_38_R2,908.693,11.6499,8.0,mixta_demo,DATOS SINTÉTICOS DE DEMOSTRACIÓN,DEMO: generado localmente,2026-10-08
Donostia/San Sebastián,Sevilla,18_38_R3,899.42,12.8489,0.0,economica_demo,DATOS SINTÉTICOS DE DEMOSTRACIÓN,DEMO: generado localmente,2026-10-08
Donostia/San Sebastián,Soria,18_39_R1,222.089,2.5237,0.0,rapida_demo,DATOS SINTÉTICOS DE DEMOSTRACIÓN,DEMO: generado localmente,2026-10-08
Donostia/San Sebastián,Soria,18_39_R2,217.647,2.7903,8.0,mixta_demo,DATOS SINTÉTICOS DE DEMOSTRACIÓN,DEMO: generado localmente,2026-10-08
Donostia/San Sebastián,Soria,18_39_R3,215.426,3.0775,0.0,economica_demo,DATOS SINTÉTICOS DE DEMOSTRACIÓN,DEMO: generado localmente,2026-10-08
Donostia/San Sebastián,Tarragona,18_40_R1,452.782,5.1453,0.0,rapida_demo,DATOS SINTÉTICOS DE DEMOSTRACIÓN,DEMO: generado localmente,2026-10-08
Donostia/San Sebastián,Tarragona,18_40_R2,443.727,5.6888,8.0,mixta_demo,DATOS SINTÉTICOS DE DEMOSTRACIÓN,DEMO: generado localmente,2026-10-08
Donostia/San Sebastián,Tarragona,18_40_R3,439.199,6.2743,0.0,economica_demo,DATOS SINTÉTICOS DE DEMOSTRACIÓN,DEMO: generado localmente,2026-10-08
Donostia/San Sebastián,Teruel,18_41_R1,423.776,4.8156,0.0,rapida_demo,DATOS SINTÉTICOS DE DEMOSTRACIÓN,DEMO: generado localmente,2026-10-08
Donostia/San Sebastián,Teruel,18_41_R2,415.3,5.3244,8.0,mixta_demo,DATOS SINTÉTICOS DE DEMOSTRACIÓN,DEMO: generado localmente,2026-10-08
Donostia/San Sebastián,Teruel,18_41_R3,411.062,5.8723,0.0,economica_demo,DATOS SINTÉTICOS DE DEMOSTRACIÓN,DEMO: generado localmente,2026-10-08
Donostia/San Sebastián,Toledo,18_42_R1,526.177,5.9793,0.0,rapida_demo,DATOS SINTÉTICOS DE DEMOSTRACIÓN,DEMO: generado localmente,2026-10-08
Donostia/San Sebastián,Toledo,18_42_R2,515.654,6.6109,8.0,mixta_demo,DATOS SINTÉTICOS DE DEMOSTRACIÓN,DEMO: generado localmente,2026-10-08
Donostia/San Sebastián,Toledo,18_42_R3,510.392,7.2913,0.0,economica_demo,DATOS SINTÉTICOS DE DEMOSTRACIÓN,DEMO: generado localmente,2026-10-08
Donostia/San Sebastián,Valencia,18_43_R1,560.969,6.3747,0.0,rapida_demo,DATOS SINTÉTICOS DE DEMOSTRACIÓN,DEMO: generado localmente,2026-10-08
Donostia/San Sebastián,Valencia,18_43_R2,549.75,7.0481,8.0,mixta_demo,DATOS SINTÉTICOS DE DEMOSTRACIÓN,DEMO: generado localmente,2026-10-08
Donostia/San Sebastián,Valencia,18_43_R3,544.14,7.7734,0.0,economica_demo,DATOS SINTÉTICOS DE DEMOSTRACIÓN,DEMO: generado localmente,2026-10-08
Donostia/San Sebastián,Valladolid,18_44_R1,364.463,4.1416,0.0,rapida_demo,DATOS SINTÉTICOS DE DEMOSTRACIÓN,DEMO: generado localmente,2026-10-08
Donostia/San Sebastián,Valladolid,18_44_R2,357.174,4.5792,8.0,mixta_demo,DATOS SINTÉTICOS DE DEMOSTRACIÓN,DEMO: generado localmente,2026-10-08
Donostia/San Sebastián,Valladolid,18_44_R3,353.529,5.0504,0.0,economica_demo,DATOS SINTÉTICOS DE DEMOSTRACIÓN,DEMO: generado localmente,2026-10-08
Donostia/San Sebastián,Zamora,18_45_R1,461.238,5.2413,0.0,rapida_demo,DATOS SINTÉTICOS DE DEMOSTRACIÓN,DEMO: generado localmente,2026-10-08
Donostia/San Sebastián,Zamora,18_45_R2,452.014,5.795,8.0,mixta_demo,DATOS SINTÉTICOS DE DEMOSTRACIÓN,DEMO: generado localmente,2026-10-08
Donostia/San Sebastián,Zamora,18_45_R3,447.401,6.3914,0.0,economica_demo,DATOS SINTÉTICOS DE DEMOSTRACIÓN,DEMO: generado localmente,2026-10-08
Donostia/San Sebastián,Zaragoza,18_46_R1,257.838,2.93,0.0,rapida_demo,DATOS SINTÉTICOS DE DEMOSTRACIÓN,DEMO: generado localmente,2026-10-08
Donostia/San Sebastián,Zaragoza,18_46_R2,252.681,3.2395,8.0,mixta_demo,DATOS SINTÉTICOS DE DEMOSTRACIÓN,DEMO: generado localmente,2026-10-08
Donostia/San Sebastián,Zaragoza,18_46_R3,250.103,3.5729,0.0,economica_demo,DATOS SINTÉTICOS DE DEMOSTRACIÓN,DEMO: generado localmente,2026-10-08
Girona,Granada,19_20_R1,958.769,10.8951,0.0,rapida_demo,DATOS SINTÉTICOS DE DEMOSTRACIÓN,DEMO: generado localmente,2026-10-08
Girona,Granada,19_20_R2,939.593,12.0461,8.0,mixta_demo,DATOS SINTÉTICOS DE DEMOSTRACIÓN,DEMO: generado localmente,2026-10-08
Girona,Granada,19_20_R3,930.005,13.2858,0.0,economica_demo,DATOS SINTÉTICOS DE DEMOSTRACIÓN,DEMO: generado localmente,2026-10-08
Girona,Guadalajara,19_21_R1,652.978,7.4202,0.0,rapida_demo,DATOS SINTÉTICOS DE DEMOSTRACIÓN,DEMO: generado localmente,2026-10-08
Girona,Guadalajara,19_21_R2,639.918,8.2041,8.0,mixta_demo,DATOS SINTÉTICOS DE DEMOSTRACIÓN,DEMO: generado localmente,2026-10-08
Girona,Guadalajara,19_21_R3,633.389,9.0484,0.0,economica_demo,DATOS SINTÉTICOS DE DEMOSTRACIÓN,DEMO: generado localmente,2026-10-08
Girona,Huelva,19_22_R1,1234.413,14.0274,0.0,rapida_demo,DATOS SINTÉTICOS DE DEMOSTRACIÓN,DEMO: generado localmente,2026-10-08
Girona,Huelva,19_22_R2,1209.725,15.5093,8.0,mixta_demo,DATOS SINTÉTICOS DE DEMOSTRACIÓN,DEMO: generado localmente,2026-10-08
Girona,Huelva,19_22_R3,1197.381,17.1054,0.0,economica_demo,DATOS SINTÉTICOS DE DEMOSTRACIÓN,DEMO: generado localmente,2026-10-08
Girona,Huesca,19_23_R1,334.401,3.8,0.0,rapida_demo,DATOS SINTÉTICOS DE DEMOSTRACIÓN,DEMO: generado localmente,2026-10-08
Girona,Huesca,19_23_R2,327.713,4.2014,8.0,mixta_demo,DATOS SINTÉTICOS DE DEMOSTRACIÓN,DEMO: generado localmente,2026-10-08
Girona,Huesca,19_23_R3,324.369,4.6338,0.0,economica_demo,DATOS SINTÉTICOS DE DEMOSTRACIÓN,DEMO: generado localmente,2026-10-08
Girona,Jaén,19_24_R1,917.003,10.4205,0.0,rapida_demo,DATOS SINTÉTICOS DE DEMOSTRACIÓN,DEMO: generado localmente,2026-10-08
Girona,Jaén,19_24_R2,898.662,11.5213,8.0,mixta_demo,DATOS SINTÉTICOS DE DEMOSTRACIÓN,DEMO: generado localmente,2026-10-08
Girona,Jaén,19_24_R3,889.492,12.707,0.0,economica_demo,DATOS SINTÉTICOS DE DEMOSTRACIÓN,DEMO: generado localmente,2026-10-08
Girona,Logroño,19_25_R1,545.852,6.2029,0.0,rapida_demo,DATOS SINTÉTICOS DE DEMOSTRACIÓN,DEMO: generado localmente,2026-10-08
Girona,Logroño,19_25_R2,534.935,6.8581,8.0,mixta_demo,DATOS SINTÉTICOS DE DEMOSTRACIÓN,DEMO: generado localmente,2026-10-08
Girona,Logroño,19_25_R3,529.476,7.5639,0.0,economica_demo,DATOS SINTÉTICOS DE DEMOSTRACIÓN,DEMO: generado localmente,2026-10-08
Girona,León,19_26_R1,867.436,9.8572,0.0,rapida_demo,DATOS SINTÉTICOS DE DEMOSTRACIÓN,DEMO: generado localmente,2026-10-08
Girona,León,19_26_R2,850.088,10.8986,8.0,mixta_demo,DATOS SINTÉTICOS DE DEMOSTRACIÓN,DEMO: generado localmente,2026-10-08
Girona,León,19_26_R3,841.413,12.0202,0.0,economica_demo,DATOS SINTÉTICOS DE DEMOSTRACIÓN,DEMO: generado localmente,2026-10-08
Girona,Lleida,19_27_R1,233.435,2.6527,0.0,rapida_demo,DATOS SINTÉTICOS DE DEMOSTRACIÓN,DEMO: generado localmente,2026-10-08
Girona,Lleida,19_27_R2,228.766,2.9329,8.0,mixta_demo,DATOS SINTÉTICOS DE DEMOSTRACIÓN,DEMO: generado localmente,2026-10-08
Girona,Lleida,19_27_R3,226.432,3.2347,0.0,economica_demo,DATOS SINTÉTICOS DE DEMOSTRACIÓN,DEMO: generado localmente,2026-10-08
Girona,Lugo,19_28_R1,1072.636,12.189,0.0,rapida_demo,DATOS SINTÉTICOS DE DEMOSTRACIÓN,DEMO: generado localmente,2026-10-08
Girona,Lugo,19_28_R2,1051.184,13.4767,8.0,mixta_demo,DATOS SINTÉTICOS DE DEMOSTRACIÓN,DEMO: generado localmente,2026-10-08
Girona,Lugo,19_28_R3,1040.457,14.8637,0.0,economica_demo,DATOS SINTÉTICOS DE DEMOSTRACIÓN,DEMO: generado localmente,2026-10-08
Girona,Madrid,19_29_R1,715.132,8.1265,0.0,rapida_demo,DATOS SINTÉTICOS DE DEMOSTRACIÓN,DEMO: generado localmente,2026-10-08
Girona,Madrid,19_29_R2,700.829,8.985,8.0,mixta_demo,DATOS SINTÉTICOS DE DEMOSTRACIÓN,DEMO: generado localmente,2026-10-08
Girona,Madrid,19_29_R3,693.678,9.9097,0.0,economica_demo,DATOS SINTÉTICOS DE DEMOSTRACIÓN,DEMO: generado localmente,2026-10-08
Girona,Málaga,19_30_R1,1067.22,12.1275,0.0,rapida_demo,DATOS SINTÉTICOS DE DEMOSTRACIÓN,DEMO: generado localmente,2026-10-08
Girona,Málaga,19_30_R2,1045.876,13.4087,8.0,mixta_demo,DATOS SINTÉTICOS DE DEMOSTRACIÓN,DEMO: generado localmente,2026-10-08
Girona,Málaga,19_30_R3,1035.204,14.7886,0.0,economica_demo,DATOS SINTÉTICOS DE DEMOSTRACIÓN,DEMO: generado localmente,2026-10-08
Girona,Murcia,19_31_R1,697.291,7.9238,0.0,rapida_demo,DATOS SINTÉTICOS DE DEMOSTRACIÓN,DEMO: generado localmente,2026-10-08
Girona,Murcia,19_31_R2,683.345,8.7608,8.0,mixta_demo,DATOS SINTÉTICOS DE DEMOSTRACIÓN,DEMO: generado localmente,2026-10-08
Girona,Murcia,19_31_R3,676.373,9.6625,0.0,economica_demo,DATOS SINTÉTICOS DE DEMOSTRACIÓN,DEMO: generado localmente,2026-10-08
Girona,Pamplona/Iruña,19_32_R1,473.121,5.3764,0.0,rapida_demo,DATOS SINTÉTICOS DE DEMOSTRACIÓN,DEMO: generado localmente,2026-10-08
Girona,Pamplona/Iruña,19_32_R2,463.658,5.9443,8.0,mixta_demo,DATOS SINTÉTICOS DE DEMOSTRACIÓN,DEMO: generado localmente,2026-10-08
Girona,Pamplona/Iruña,19_32_R3,458.927,6.5561,0.0,economica_demo,DATOS SINTÉTICOS DE DEMOSTRACIÓN,DEMO: generado localmente,2026-10-08
Girona,Ourense,19_33_R1,1101.649,12.5187,0.0,rapida_demo,DATOS SINTÉTICOS DE DEMOSTRACIÓN,DEMO: generado localmente,2026-10-08
Girona,Ourense,19_33_R2,1079.616,13.8412,8.0,mixta_demo,DATOS SINTÉTICOS DE DEMOSTRACIÓN,DEMO: generado localmente,2026-10-08
Girona,Ourense,19_33_R3,1068.599,15.2657,0.0,economica_demo,DATOS SINTÉTICOS DE DEMOSTRACIÓN,DEMO: generado localmente,2026-10-08
Girona,Palencia,19_34_R1,759.794,8.634,0.0,rapida_demo,DATOS SINTÉTICOS DE DEMOSTRACIÓN,DEMO: generado localmente,2026-10-08
Girona,Palencia,19_34_R2,744.598,9.5461,8.0,mixta_demo,DATOS SINTÉTICOS DE DEMOSTRACIÓN,DEMO: generado localmente,2026-10-08
Girona,Palencia,19_34_R3,737.0,10.5286,0.0,economica_demo,DATOS SINTÉTICOS DE DEMOSTRACIÓN,DEMO: generado localmente,2026-10-08
Girona,Pontevedra,19_35_R1,1181.807,13.4296,0.0,rapida_demo,DATOS SINTÉTICOS DE DEMOSTRACIÓN,DEMO: generado localmente,2026-10-08
Girona,Pontevedra,19_35_R2,1158.171,14.8484,8.0,mixta_demo,DATOS SINTÉTICOS DE DEMOSTRACIÓN,DEMO: generado localmente,2026-10-08
Girona,Pontevedra,19_35_R3,1146.353,16.3765,0.0,economica_demo,DATOS SINTÉTICOS DE DEMOSTRACIÓN,DEMO: generado localmente,2026-10-08
Girona,Salamanca,19_36_R1,894.85,10.1687,0.0,rapida_demo,DATOS SINTÉTICOS DE DEMOSTRACIÓN,DEMO: generado localmente,2026-10-08
Girona,Salamanca,19_36_R2,876.953,11.243,8.0,mixta_demo,DATOS SINTÉTICOS DE DEMOSTRACIÓN,DEMO: generado localmente,2026-10-08
Girona,Salamanca,19_36_R3,868.004,12.4001,0.0,economica_demo,DATOS SINTÉTICOS DE DEMOSTRACIÓN,DEMO: generado localmente,2026-10-08
Girona,Segovia,19_37_R1,737.632,8.3822,0.0,rapida_demo,DATOS SINTÉTICOS DE DEMOSTRACIÓN,DEMO: generado localmente,2026-10-08
Girona,Segovia,19_37_R2,722.879,9.2677,8.0,mixta_demo,DATOS SINTÉTICOS DE DEMOSTRACIÓN,DEMO: generado localmente,2026-10-08
Girona,Segovia,19_37_R3,715.503,10.2215,0.0,economica_demo,DATOS SINTÉTICOS DE DEMOSTRACIÓN,DEMO: generado localmente,2026-10-08
Girona,Sevilla,19_38_R1,1138.208,12.9342,0.0,rapida_demo,DATOS SINTÉTICOS DE DEMOSTRACIÓN,DEMO: generado localmente,2026-10-08
Girona,Sevilla,19_38_R2,1115.444,14.3006,8.0,mixta_demo,DATOS SINTÉTICOS DE DEMOSTRACIÓN,DEMO: generado localmente,2026-10-08
Girona,Sevilla,19_38_R3,1104.062,15.7723,0.0,economica_demo,DATOS SINTÉTICOS DE DEMOSTRACIÓN,DEMO: generado localmente,2026-10-08
Girona,Soria,19_39_R1,548.153,6.229,0.0,rapida_demo,DATOS SINTÉTICOS DE DEMOSTRACIÓN,DEMO: generado localmente,2026-10-08
Girona,Soria,19_39_R2,537.19,6.8871,8.0,mixta_demo,DATOS SINTÉTICOS DE DEMOSTRACIÓN,DEMO: generado localmente,2026-10-08
Girona,Soria,19_39_R3,531.708,7.5958,0.0,economica_demo,DATOS SINTÉTICOS DE DEMOSTRACIÓN,DEMO: generado localmente,2026-10-08
Girona,Tarragona,19_40_R1,202.891,2.3056,0.0,rapida_demo,DATOS SINTÉTICOS DE DEMOSTRACIÓN,DEMO: generado localmente,2026-10-08
Girona,Tarragona,19_40_R2,198.833,2.5491,8.0,mixta_demo,DATOS SINTÉTICOS DE DEMOSTRACIÓN,DEMO: generado localmente,2026-10-08
Girona,Tarragona,19_40_R3,196.804,2.8115,0.0,economica_demo,DATOS SINTÉTICOS DE DEMOSTRACIÓN,DEMO: generado localmente,2026-10-08
Girona,Teruel,19_41_R1,470.34,5.3448,0.0,rapida_demo,DATOS SINTÉTICOS DE DEMOSTRACIÓN,DEMO: generado localmente,2026-10-08
Girona,Teruel,19_41_R2,460.933,5.9094,8.0,mixta_demo,DATOS SINTÉTICOS DE DEMOSTRACIÓN,DEMO: generado localmente,2026-10-08
Girona,Teruel,19_41_R3,456.229,6.5176,0.0,economica_demo,DATOS SINTÉTICOS DE DEMOSTRACIÓN,DEMO: generado localmente,2026-10-08
Girona,Toledo,19_42_R1,777.503,8.8353,0.0,rapida_demo,DATOS SINTÉTICOS DE DEMOSTRACIÓN,DEMO: generado localmente,2026-10-08
Girona,Toledo,19_42_R2,761.953,9.7686,8.0,mixta_demo,DATOS SINTÉTICOS DE DEMOSTRACIÓN,DEMO: generado localmente,2026-10-08
Girona,Toledo,19_42_R3,754.178,10.774,0.0,economica_demo,DATOS SINTÉTICOS DE DEMOSTRACIÓN,DEMO: generado localmente,2026-10-08
Girona,Valencia,19_43_R1,485.509,5.5172,0.0,rapida_demo,DATOS SINTÉTICOS DE DEMOSTRACIÓN,DEMO: generado localmente,2026-10-08
Girona,Valencia,19_43_R2,475.799,6.1,8.0,mixta_demo,DATOS SINTÉTICOS DE DEMOSTRACIÓN,DEMO: generado localmente,2026-10-08
Girona,Valencia,19_43_R3,470.944,6.7278,0.0,economica_demo,DATOS SINTÉTICOS DE DEMOSTRACIÓN,DEMO: generado localmente,2026-10-08
Girona,Valladolid,19_44_R1,783.539,8.9039,0.0,rapida_demo,DATOS SINTÉTICOS DE DEMOSTRACIÓN,DEMO: generado localmente,2026-10-08
Girona,Valladolid,19_44_R2,767.868,9.8445,8.0,mixta_demo,DATOS SINTÉTICOS DE DEMOSTRACIÓN,DEMO: generado localmente,2026-10-08
Girona,Valladolid,19_44_R3,760.033,10.8576,0.0,economica_demo,DATOS SINTÉTICOS DE DEMOSTRACIÓN,DEMO: generado localmente,2026-10-08
Girona,Zamora,19_45_R1,891.078,10.1259,0.0,rapida_demo,DATOS SINTÉTICOS DE DEMOSTRACIÓN,DEMO: generado localmente,2026-10-08
Girona,Zamora,19_45_R2,873.257,11.1956,8.0,mixta_demo,DATOS SINTÉTICOS DE DEMOSTRACIÓN,DEMO: generado localmente,2026-10-08
Girona,Zamora,19_45_R3,864.346,12.3478,0.0,economica_demo,DATOS SINTÉTICOS DE DEMOSTRACIÓN,DEMO: generado localmente,2026-10-08
Girona,Zaragoza,19_46_R1,386.132,4.3879,0.0,rapida_demo,DATOS SINTÉTICOS DE DEMOSTRACIÓN,DEMO: generado localmente,2026-10-08
Girona,Zaragoza,19_46_R2,378.409,4.8514,8.0,mixta_demo,DATOS SINTÉTICOS DE DEMOSTRACIÓN,DEMO: generado localmente,2026-10-08
Girona,Zaragoza,19_46_R3,374.548,5.3507,0.0,economica_demo,DATOS SINTÉTICOS DE DEMOSTRACIÓN,DEMO: generado localmente,2026-10-08
Granada,Guadalajara,20_21_R1,483.079,5.4895,0.0,rapida_demo,DATOS SINTÉTICOS DE DEMOSTRACIÓN,DEMO: generado localmente,2026-10-08
Granada,Guadalajara,20_21_R2,473.418,6.0695,8.0,mixta_demo,DATOS SINTÉTICOS DE DEMOSTRACIÓN,DEMO: generado localmente,2026-10-08
Granada,Guadalajara,20_21_R3,468.587,6.6941,0.0,economica_demo,DATOS SINTÉTICOS DE DEMOSTRACIÓN,DEMO: generado localmente,2026-10-08
Granada,Huelva,20_22_R1,371.066,4.2167,0.0,rapida_demo,DATOS SINTÉTICOS DE DEMOSTRACIÓN,DEMO: generado localmente,2026-10-08
Granada,Huelva,20_22_R2,363.645,4.6621,8.0,mixta_demo,DATOS SINTÉTICOS DE DEMOSTRACIÓN,DEMO: generado localmente,2026-10-08
Granada,Huelva,20_22_R3,359.934,5.1419,0.0,economica_demo,DATOS SINTÉTICOS DE DEMOSTRACIÓN,DEMO: generado localmente,2026-10-08
Granada,Huesca,20_23_R1,769.911,8.749,0.0,rapida_demo,DATOS SINTÉTICOS DE DEMOSTRACIÓN,DEMO: generado localmente,2026-10-08
Granada,Huesca,20_23_R2,754.512,9.6732,8.0,mixta_demo,DATOS SINTÉTICOS DE DEMOSTRACIÓN,DEMO: generado localmente,2026-10-08
Granada,Huesca,20_23_R3,746.813,10.6688,0.0,economica_demo,DATOS SINTÉTICOS DE DEMOSTRACIÓN,DEMO: generado localmente,2026-10-08
Granada,Jaén,20_24_R1,84.741,0.963,0.0,rapida_demo,DATOS SINTÉTICOS DE DEMOSTRACIÓN,DEMO: generado localmente,2026-10-08
Granada,Jaén,20_24_R2,83.046,1.0647,8.0,mixta_demo,DATOS SINTÉTICOS DE DEMOSTRACIÓN,DEMO: generado localmente,2026-10-08
Granada,Jaén,20_24_R3,82.199,1.1743,0.0,economica_demo,DATOS SINTÉTICOS DE DEMOSTRACIÓN,DEMO: generado localmente,2026-10-08
Granada,Logroño,20_25_R1,745.878,8.4759,0.0,rapida_demo,DATOS SINTÉTICOS DE DEMOSTRACIÓN,DEMO: generado localmente,2026-10-08
Granada,Logroño,20_25_R2,730.961,9.3713,8.0,mixta_demo,DATOS SINTÉTICOS DE DEMOSTRACIÓN,DEMO: generado localmente,2026-10-08
Granada,Logroño,20_25_R3,723.502,10.3357,0.0,economica_demo,DATOS SINTÉTICOS DE DEMOSTRACIÓN,DEMO: generado localmente,2026-10-08
Granada,León,20_26_R1,782.635,8.8936,0.0,rapida_demo,DATOS SINTÉTICOS DE DEMOSTRACIÓN,DEMO: generado localmente,2026-10-08
Granada,León,20_26_R2,766.983,9.8331,8.0,mixta_demo,DATOS SINTÉTICOS DE DEMOSTRACIÓN,DEMO: generado localmente,2026-10-08
Granada,León,20_26_R3,759.156,10.8451,0.0,economica_demo,DATOS SINTÉTICOS DE DEMOSTRACIÓN,DEMO: generado localmente,2026-10-08
Granada,Lleida,20_27_R1,765.878,8.7032,0.0,rapida_demo,DATOS SINTÉTICOS DE DEMOSTRACIÓN,DEMO: generado localmente,2026-10-08
Granada,Lleida,20_27_R2,750.561,9.6226,8.0,mixta_demo,DATOS SINTÉTICOS DE DEMOSTRACIÓN,DEMO: generado localmente,2026-10-08
Granada,Lleida,20_27_R3,742.902,10.6129,0.0,economica_demo,DATOS SINTÉTICOS DE DEMOSTRACIÓN,DEMO: generado localmente,2026-10-08
Granada,Lugo,20_28_R1,913.484,10.3805,0.0,rapida_demo,DATOS SINTÉTICOS DE DEMOSTRACIÓN,DEMO: generado localmente,2026-10-08
Granada,Lugo,20_28_R2,895.214,11.4771,8.0,mixta_demo,DATOS SINTÉTICOS DE DEMOSTRACIÓN,DEMO: generado localmente,2026-10-08
Granada,Lugo,20_28_R3,886.079,12.6583,0.0,economica_demo,DATOS SINTÉTICOS DE DEMOSTRACIÓN,DEMO: generado localmente,2026-10-08
Granada,Madrid,20_29_R1,451.111,5.1263,0.0,rapida_demo,DATOS SINTÉTICOS DE DEMOSTRACIÓN,DEMO: generado localmente,2026-10-08
Granada,Madrid,20_29_R2,442.089,5.6678,8.0,mixta_demo,DATOS SINTÉTICOS DE DEMOSTRACIÓN,DEMO: generado localmente,2026-10-08
Granada,Madrid,20_29_R3,437.578,6.2511,0.0,economica_demo,DATOS SINTÉTICOS DE DEMOSTRACIÓN,DEMO: generado localmente,2026-10-08
Granada,Málaga,20_30_R1,110.473,1.2554,0.0,rapida_demo,DATOS SINTÉTICOS DE DEMOSTRACIÓN,DEMO: generado localmente,2026-10-08
Granada,Málaga,20_30_R2,108.264,1.388,8.0,mixta_demo,DATOS SINTÉTICOS DE DEMOSTRACIÓN,DEMO: generado localmente,2026-10-08
Granada,Málaga,20_30_R3,107.159,1.5308,0.0,economica_demo,DATOS SINTÉTICOS DE DEMOSTRACIÓN,DEMO: generado localmente,2026-10-08
Granada,Murcia,20_31_R1,294.243,3.3437,0.0,rapida_demo,DATOS SINTÉTICOS DE DEMOSTRACIÓN,DEMO: generado localmente,2026-10-08
Granada,Murcia,20_31_R2,288.358,3.6969,8.0,mixta_demo,DATOS SINTÉTICOS DE DEMOSTRACIÓN,DEMO: generado localmente,2026-10-08
Granada,Murcia,20_31_R3,285.416,4.0774,0.0,economica_demo,DATOS SINTÉTICOS DE DEMOSTRACIÓN,DEMO: generado localmente,2026-10-08
Granada,Pamplona/Iruña,20_32_R1,811.58,9.2225,0.0,rapida_demo,DATOS SINTÉTICOS DE DEMOSTRACIÓN,DEMO: generado localmente,2026-10-08
Granada,Pamplona/Iruña,20_32_R2,795.348,10.1968,8.0,mixta_demo,DATOS SINTÉTICOS DE DEMOSTRACIÓN,DEMO: generado localmente,2026-10-08
Granada,Pamplona/Iruña,20_32_R3,787.232,11.2462,0.0,economica_demo,DATOS SINTÉTICOS DE DEMOSTRACIÓN,DEMO: generado localmente,2026-10-08
Granada,Ourense,20_33_R1,849.634,9.6549,0.0,rapida_demo,DATOS SINTÉTICOS DE DEMOSTRACIÓN,DEMO: generado localmente,2026-10-08
Granada,Ourense,20_33_R2,832.642,10.6749,8.0,mixta_demo,DATOS SINTÉTICOS DE DEMOSTRACIÓN,DEMO: generado localmente,2026-10-08
Granada,Ourense,20_33_R3,824.145,11.7735,0.0,economica_demo,DATOS SINTÉTICOS DE DEMOSTRACIÓN,DEMO: generado localmente,2026-10-08
Granada,Palencia,20_34_R1,679.679,7.7236,0.0,rapida_demo,DATOS SINTÉTICOS DE DEMOSTRACIÓN,DEMO: generado localmente,2026-10-08
Granada,Palencia,20_34_R2,666.086,8.5396,8.0,mixta_demo,DATOS SINTÉTICOS DE DEMOSTRACIÓN,DEMO: generado localmente,2026-10-08
Granada,Palencia,20_34_R3,659.289,9.4184,0.0,economica_demo,DATOS SINTÉTICOS DE DEMOSTRACIÓN,DEMO: generado localmente,2026-10-08
Granada,Pontevedra,20_35_R1,907.701,10.3148,0.0,rapida_demo,DATOS SINTÉTICOS DE DEMOSTRACIÓN,DEMO: generado localmente,2026-10-08
Granada,Pontevedra,20_35_R2,889.547,11.4045,8.0,mixta_demo,DATOS SINTÉTICOS DE DEMOSTRACIÓN,DEMO: generado localmente,2026-10-08
Granada,Pontevedra,20_35_R3,880.47,12.5781,0.0,economica_demo,DATOS SINTÉTICOS DE DEMOSTRACIÓN,DEMO: generado localmente,2026-10-08
Granada,Salamanca,20_36_R1,572.083,6.5009,0.0,rapida_demo,DATOS SINTÉTICOS DE DEMOSTRACIÓN,DEMO: generado localmente,2026-10-08
Granada,Salamanca,20_36_R2,560.641,7.1877,8.0,mixta_demo,DATOS SINTÉTICOS DE DEMOSTRACIÓN,DEMO: generado localmente,2026-10-08
Granada,Salamanca,20_36_R3,554.921,7.9274,0.0,economica_demo,DATOS SINTÉTICOS DE DEMOSTRACIÓN,DEMO: generado localmente,2026-10-08
Granada,Segovia,20_37_R1,527.931,5.9992,0.0,rapida_demo,DATOS SINTÉTICOS DE DEMOSTRACIÓN,DEMO: generado localmente,2026-10-08
Granada,Segovia,20_37_R2,517.372,6.633,8.0,mixta_demo,DATOS SINTÉTICOS DE DEMOSTRACIÓN,DEMO: generado localmente,2026-10-08
Granada,Segovia,20_37_R3,512.093,7.3156,0.0,economica_demo,DATOS SINTÉTICOS DE DEMOSTRACIÓN,DEMO: generado localmente,2026-10-08
Granada,Sevilla,20_38_R1,266.62,3.0298,0.0,rapida_demo,DATOS SINTÉTICOS DE DEMOSTRACIÓN,DEMO: generado localmente,2026-10-08
Granada,Sevilla,20_38_R2,261.287,3.3498,8.0,mixta_demo,DATOS SINTÉTICOS DE DEMOSTRACIÓN,DEMO: generado localmente,2026-10-08
Granada,Sevilla,20_38_R3,258.621,3.6946,0.0,economica_demo,DATOS SINTÉTICOS DE DEMOSTRACIÓN,DEMO: generado localmente,2026-10-08
Granada,Soria,20_39_R1,649.303,7.3784,0.0,rapida_demo,DATOS SINTÉTICOS DE DEMOSTRACIÓN,DEMO: generado localmente,2026-10-08
Granada,Soria,20_39_R2,636.317,8.1579,8.0,mixta_demo,DATOS SINTÉTICOS DE DEMOSTRACIÓN,DEMO: generado localmente,2026-10-08
Granada,Soria,20_39_R3,629.824,8.9975,0.0,economica_demo,DATOS SINTÉTICOS DE DEMOSTRACIÓN,DEMO: generado localmente,2026-10-08
Granada,Tarragona,20_40_R1,757.395,8.6068,0.0,rapida_demo,DATOS SINTÉTICOS DE DEMOSTRACIÓN,DEMO: generado localmente,2026-10-08
Granada,Tarragona,20_40_R2,742.247,9.516,8.0,mixta_demo,DATOS SINTÉTICOS DE DEMOSTRACIÓN,DEMO: generado localmente,2026-10-08
Granada,Tarragona,20_40_R3,734.673,10.4953,0.0,economica_demo,DATOS SINTÉTICOS DE DEMOSTRACIÓN,DEMO: generado localmente,2026-10-08
Granada,Teruel,20_41_R1,516.586,5.8703,0.0,rapida_demo,DATOS SINTÉTICOS DE DEMOSTRACIÓN,DEMO: generado localmente,2026-10-08
Granada,Teruel,20_41_R2,506.254,6.4904,8.0,mixta_demo,DATOS SINTÉTICOS DE DEMOSTRACIÓN,DEMO: generado localmente,2026-10-08
Granada,Teruel,20_41_R3,501.088,7.1584,0.0,economica_demo,DATOS SINTÉTICOS DE DEMOSTRACIÓN,DEMO: generado localmente,2026-10-08
Granada,Toledo,20_42_R1,375.683,4.2691,0.0,rapida_demo,DATOS SINTÉTICOS DE DEMOSTRACIÓN,DEMO: generado localmente,2026-10-08
Granada,Toledo,20_42_R2,368.17,4.7201,8.0,mixta_demo,DATOS SINTÉTICOS DE DEMOSTRACIÓN,DEMO: generado localmente,2026-10-08
Granada,Toledo,20_42_R3,364.413,5.2059,0.0,economica_demo,DATOS SINTÉTICOS DE DEMOSTRACIÓN,DEMO: generado localmente,2026-10-08
Granada,Valencia,20_43_R1,474.488,5.3919,0.0,rapida_demo,DATOS SINTÉTICOS DE DEMOSTRACIÓN,DEMO: generado localmente,2026-10-08
Granada,Valencia,20_43_R2,464.998,5.9615,8.0,mixta_demo,DATOS SINTÉTICOS DE DEMOSTRACIÓN,DEMO: generado localmente,2026-10-08
Granada,Valencia,20_43_R3,460.253,6.575,0.0,economica_demo,DATOS SINTÉTICOS DE DEMOSTRACIÓN,DEMO: generado localmente,2026-10-08
Granada,Valladolid,20_44_R1,634.145,7.2062,0.0,rapida_demo,DATOS SINTÉTICOS DE DEMOSTRACIÓN,DEMO: generado localmente,2026-10-08
Granada,Valladolid,20_44_R2,621.462,7.9675,8.0,mixta_demo,DATOS SINTÉTICOS DE DEMOSTRACIÓN,DEMO: generado localmente,2026-10-08
Granada,Valladolid,20_44_R3,615.121,8.7874,0.0,economica_demo,DATOS SINTÉTICOS DE DEMOSTRACIÓN,DEMO: generado localmente,2026-10-08
Granada,Zamora,20_45_R1,644.52,7.3241,0.0,rapida_demo,DATOS SINTÉTICOS DE DEMOSTRACIÓN,DEMO: generado localmente,2026-10-08
Granada,Zamora,20_45_R2,631.629,8.0978,8.0,mixta_demo,DATOS SINTÉTICOS DE DEMOSTRACIÓN,DEMO: generado localmente,2026-10-08
Granada,Zamora,20_45_R3,625.184,8.9312,0.0,economica_demo,DATOS SINTÉTICOS DE DEMOSTRACIÓN,DEMO: generado localmente,2026-10-08
Granada,Zaragoza,20_46_R1,687.993,7.8181,0.0,rapida_demo,DATOS SINTÉTICOS DE DEMOSTRACIÓN,DEMO: generado localmente,2026-10-08
Granada,Zaragoza,20_46_R2,674.233,8.644,8.0,mixta_demo,DATOS SINTÉTICOS DE DEMOSTRACIÓN,DEMO: generado localmente,2026-10-08
Granada,Zaragoza,20_46_R3,667.353,9.5336,0.0,economica_demo,DATOS SINTÉTICOS DE DEMOSTRACIÓN,DEMO: generado localmente,2026-10-08
Guadalajara,Huelva,21_22_R1,622.356,7.0722,0.0,rapida_demo,DATOS SINTÉTICOS DE DEMOSTRACIÓN,DEMO: generado localmente,2026-10-08
Guadalajara,Huelva,21_22_R2,609.909,7.8194,8.0,mixta_demo,DATOS SINTÉTICOS DE DEMOSTRACIÓN,DEMO: generado localmente,2026-10-08
Guadalajara,Huelva,21_22_R3,603.686,8.6241,0.0,economica_demo,DATOS SINTÉTICOS DE DEMOSTRACIÓN,DEMO: generado localmente,2026-10-08
Guadalajara,Huesca,21_23_R1,355.802,4.0432,0.0,rapida_demo,DATOS SINTÉTICOS DE DEMOSTRACIÓN,DEMO: generado localmente,2026-10-08
Guadalajara,Huesca,21_23_R2,348.686,4.4703,8.0,mixta_demo,DATOS SINTÉTICOS DE DEMOSTRACIÓN,DEMO: generado localmente,2026-10-08
Guadalajara,Huesca,21_23_R3,345.128,4.9304,0.0,economica_demo,DATOS SINTÉTICOS DE DEMOSTRACIÓN,DEMO: generado localmente,2026-10-08
Guadalajara,Jaén,21_24_R1,404.389,4.5953,0.0,rapida_demo,DATOS SINTÉTICOS DE DEMOSTRACIÓN,DEMO: generado localmente,2026-10-08
Guadalajara,Jaén,21_24_R2,396.301,5.0808,8.0,mixta_demo,DATOS SINTÉTICOS DE DEMOSTRACIÓN,DEMO: generado localmente,2026-10-08
Guadalajara,Jaén,21_24_R3,392.257,5.6037,0.0,economica_demo,DATOS SINTÉTICOS DE DEMOSTRACIÓN,DEMO: generado localmente,2026-10-08
Guadalajara,Logroño,21_25_R1,265.757,3.02,0.0,rapida_demo,DATOS SINTÉTICOS DE DEMOSTRACIÓN,DEMO: generado localmente,2026-10-08
Guadalajara,Logroño,21_25_R2,260.442,3.339,8.0,mixta_demo,DATOS SINTÉTICOS DE DEMOSTRACIÓN,DEMO: generado localmente,2026-10-08
Guadalajara,Logroño,21_25_R3,257.785,3.6826,0.0,economica_demo,DATOS SINTÉTICOS DE DEMOSTRACIÓN,DEMO: generado localmente,2026-10-08
Guadalajara,León,21_26_R1,370.2,4.2068,0.0,rapida_demo,DATOS SINTÉTICOS DE DEMOSTRACIÓN,DEMO: generado localmente,2026-10-08
Guadalajara,León,21_26_R2,362.796,4.6512,8.0,mixta_demo,DATOS SINTÉTICOS DE DEMOSTRACIÓN,DEMO: generado localmente,2026-10-08
Guadalajara,León,21_26_R3,359.094,5.1299,0.0,economica_demo,DATOS SINTÉTICOS DE DEMOSTRACIÓN,DEMO: generado localmente,2026-10-08
Guadalajara,Lleida,21_27_R1,419.964,4.7723,0.0,rapida_demo,DATOS SINTÉTICOS DE DEMOSTRACIÓN,DEMO: generado localmente,2026-10-08
Guadalajara,Lleida,21_27_R2,411.564,5.2765,8.0,mixta_demo,DATOS SINTÉTICOS DE DEMOSTRACIÓN,DEMO: generado localmente,2026-10-08
Guadalajara,Lleida,21_27_R3,407.365,5.8195,0.0,economica_demo,DATOS SINTÉTICOS DE DEMOSTRACIÓN,DEMO: generado localmente,2026-10-08
Guadalajara,Lugo,21_28_R1,561.748,6.3835,0.0,rapida_demo,DATOS SINTÉTICOS DE DEMOSTRACIÓN,DEMO: generado localmente,2026-10-08
Guadalajara,Lugo,21_28_R2,550.513,7.0579,8.0,mixta_demo,DATOS SINTÉTICOS DE DEMOSTRACIÓN,DEMO: generado localmente,2026-10-08
Guadalajara,Lugo,21_28_R3,544.895,7.7842,0.0,economica_demo,DATOS SINTÉTICOS DE DEMOSTRACIÓN,DEMO: generado localmente,2026-10-08
Guadalajara,Madrid,21_29_R1,62.936,0.7152,0.0,rapida_demo,DATOS SINTÉTICOS DE DEMOSTRACIÓN,DEMO: generado localmente,2026-10-08
Guadalajara,Madrid,21_29_R2,61.677,0.7907,8.0,mixta_demo,DATOS SINTÉTICOS DE DEMOSTRACIÓN,DEMO: generado localmente,2026-10-08
Guadalajara,Madrid,21_29_R3,61.048,0.8721,0.0,economica_demo,DATOS SINTÉTICOS DE DEMOSTRACIÓN,DEMO: generado localmente,2026-10-08
Guadalajara,Málaga,21_30_R1,560.504,6.3694,0.0,rapida_demo,DATOS SINTÉTICOS DE DEMOSTRACIÓN,DEMO: generado localmente,2026-10-08
Guadalajara,Málaga,21_30_R2,549.294,7.0422,8.0,mixta_demo,DATOS SINTÉTICOS DE DEMOSTRACIÓN,DEMO: generado localmente,2026-10-08
Guadalajara,Málaga,21_30_R3,543.689,7.767,0.0,economica_demo,DATOS SINTÉTICOS DE DEMOSTRACIÓN,DEMO: generado localmente,2026-10-08
Guadalajara,Murcia,21_31_R1,428.554,4.8699,0.0,rapida_demo,DATOS SINTÉTICOS DE DEMOSTRACIÓN,DEMO: generado localmente,2026-10-08
Guadalajara,Murcia,21_31_R2,419.983,5.3844,8.0,mixta_demo,DATOS SINTÉTICOS DE DEMOSTRACIÓN,DEMO: generado localmente,2026-10-08
Guadalajara,Murcia,21_31_R3,415.698,5.9385,0.0,economica_demo,DATOS SINTÉTICOS DE DEMOSTRACIÓN,DEMO: generado localmente,2026-10-08
Guadalajara,Pamplona/Iruña,21_32_R1,342.317,3.89,0.0,rapida_demo,DATOS SINTÉTICOS DE DEMOSTRACIÓN,DEMO: generado localmente,2026-10-08
Guadalajara,Pamplona/Iruña,21_32_R2,335.47,4.3009,8.0,mixta_demo,DATOS SINTÉTICOS DE DEMOSTRACIÓN,DEMO: generado localmente,2026-10-08
Guadalajara,Pamplona/Iruña,21_32_R3,332.047,4.7435,0.0,economica_demo,DATOS SINTÉTICOS DE DEMOSTRACIÓN,DEMO: generado localmente,2026-10-08
Guadalajara,Ourense,21_33_R1,543.117,6.1718,0.0,rapida_demo,DATOS SINTÉTICOS DE DEMOSTRACIÓN,DEMO: generado localmente,2026-10-08
Guadalajara,Ourense,21_33_R2,532.255,6.8238,8.0,mixta_demo,DATOS SINTÉTICOS DE DEMOSTRACIÓN,DEMO: generado localmente,2026-10-08
Guadalajara,Ourense,21_33_R3,526.824,7.5261,0.0,economica_demo,DATOS SINTÉTICOS DE DEMOSTRACIÓN,DEMO: generado localmente,2026-10-08
Guadalajara,Palencia,21_34_R1,238.682,2.7123,0.0,rapida_demo,DATOS SINTÉTICOS DE DEMOSTRACIÓN,DEMO: generado localmente,2026-10-08
Guadalajara,Palencia,21_34_R2,233.908,2.9988,8.0,mixta_demo,DATOS SINTÉTICOS DE DEMOSTRACIÓN,DEMO: generado localmente,2026-10-08
Guadalajara,Palencia,21_34_R3,231.521,3.3074,0.0,economica_demo,DATOS SINTÉTICOS DE DEMOSTRACIÓN,DEMO: generado localmente,2026-10-08
Guadalajara,Pontevedra,21_35_R1,622.352,7.0722,0.0,rapida_demo,DATOS SINTÉTICOS DE DEMOSTRACIÓN,DEMO: generado localmente,2026-10-08
Guadalajara,Pontevedra,21_35_R2,609.905,7.8193,8.0,mixta_demo,DATOS SINTÉTICOS DE DEMOSTRACIÓN,DEMO: generado localmente,2026-10-08
Guadalajara,Pontevedra,21_35_R3,603.682,8.624,0.0,economica_demo,DATOS SINTÉTICOS DE DEMOSTRACIÓN,DEMO: generado localmente,2026-10-08
Guadalajara,Salamanca,21_36_R1,266.658,3.0302,0.0,rapida_demo,DATOS SINTÉTICOS DE DEMOSTRACIÓN,DEMO: generado localmente,2026-10-08
Guadalajara,Salamanca,21_36_R2,261.325,3.3503,8.0,mixta_demo,DATOS SINTÉTICOS DE DEMOSTRACIÓN,DEMO: generado localmente,2026-10-08
Guadalajara,Salamanca,21_36_R3,258.658,3.6951,0.0,economica_demo,DATOS SINTÉTICOS DE DEMOSTRACIÓN,DEMO: generado localmente,2026-10-08
Guadalajara,Segovia,21_37_R1,109.901,1.2489,0.0,rapida_demo,DATOS SINTÉTICOS DE DEMOSTRACIÓN,DEMO: generado localmente,2026-10-08
Guadalajara,Segovia,21_37_R2,107.703,1.3808,8.0,mixta_demo,DATOS SINTÉTICOS DE DEMOSTRACIÓN,DEMO: generado localmente,2026-10-08
Guadalajara,Segovia,21_37_R3,106.604,1.5229,0.0,economica_demo,DATOS SINTÉTICOS DE DEMOSTRACIÓN,DEMO: generado localmente,2026-10-08
Guadalajara,Sevilla,21_38_R1,544.584,6.1885,0.0,rapida_demo,DATOS SINTÉTICOS DE DEMOSTRACIÓN,DEMO: generado localmente,2026-10-08
Guadalajara,Sevilla,21_38_R2,533.692,6.8422,8.0,mixta_demo,DATOS SINTÉTICOS DE DEMOSTRACIÓN,DEMO: generado localmente,2026-10-08
Guadalajara,Sevilla,21_38_R3,528.246,7.5464,0.0,economica_demo,DATOS SINTÉTICOS DE DEMOSTRACIÓN,DEMO: generado localmente,2026-10-08
Guadalajara,Soria,21_39_R1,173.361,1.97,0.0,rapida_demo,DATOS SINTÉTICOS DE DEMOSTRACIÓN,DEMO: generado localmente,2026-10-08
Guadalajara,Soria,21_39_R2,169.893,2.1781,8.0,mixta_demo,DATOS SINTÉTICOS DE DEMOSTRACIÓN,DEMO: generado localmente,2026-10-08
Guadalajara,Soria,21_39_R3,168.16,2.4023,0.0,economica_demo,DATOS SINTÉTICOS DE DEMOSTRACIÓN,DEMO: generado localmente,2026-10-08
Guadalajara,Tarragona,21_40_R1,469.485,5.3351,0.0,rapida_demo,DATOS SINTÉTICOS DE DEMOSTRACIÓN,DEMO: generado localmente,2026-10-08
Guadalajara,Tarragona,21_40_R2,460.095,5.8987,8.0,mixta_demo,DATOS SINTÉTICOS DE DEMOSTRACIÓN,DEMO: generado localmente,2026-10-08
Guadalajara,Tarragona,21_40_R3,455.401,6.5057,0.0,economica_demo,DATOS SINTÉTICOS DE DEMOSTRACIÓN,DEMO: generado localmente,2026-10-08
Guadalajara,Teruel,21_41_R1,221.393,2.5158,0.0,rapida_demo,DATOS SINTÉTICOS DE DEMOSTRACIÓN,DEMO: generado localmente,2026-10-08
Guadalajara,Teruel,21_41_R2,216.965,2.7816,8.0,mixta_demo,DATOS SINTÉTICOS DE DEMOSTRACIÓN,DEMO: generado localmente,2026-10-08
Guadalajara,Teruel,21_41_R3,214.751,3.0679,0.0,economica_demo,DATOS SINTÉTICOS DE DEMOSTRACIÓN,DEMO: generado localmente,2026-10-08
Guadalajara,Toledo,21_42_R1,141.245,1.6051,0.0,rapida_demo,DATOS SINTÉTICOS DE DEMOSTRACIÓN,DEMO: generado localmente,2026-10-08
Guadalajara,Toledo,21_42_R2,138.42,1.7746,8.0,mixta_demo,DATOS SINTÉTICOS DE DEMOSTRACIÓN,DEMO: generado localmente,2026-10-08
Guadalajara,Toledo,21_42_R3,137.007,1.9572,0.0,economica_demo,DATOS SINTÉTICOS DE DEMOSTRACIÓN,DEMO: generado localmente,2026-10-08
Guadalajara,Valencia,21_43_R1,338.026,3.8412,0.0,rapida_demo,DATOS SINTÉTICOS DE DEMOSTRACIÓN,DEMO: generado localmente,2026-10-08
Guadalajara,Valencia,21_43_R2,331.265,4.247,8.0,mixta_demo,DATOS SINTÉTICOS DE DEMOSTRACIÓN,DEMO: generado localmente,2026-10-08
Guadalajara,Valencia,21_43_R3,327.885,4.6841,0.0,economica_demo,DATOS SINTÉTICOS DE DEMOSTRACIÓN,DEMO: generado localmente,2026-10-08
Guadalajara,Valladolid,21_44_R1,216.241,2.4573,0.0,rapida_demo,DATOS SINTÉTICOS DE DEMOSTRACIÓN,DEMO: generado localmente,2026-10-08
Guadalajara,Valladolid,21_44_R2,211.917,2.7169,8.0,mixta_demo,DATOS SINTÉTICOS DE DEMOSTRACIÓN,DEMO: generado localmente,2026-10-08
Guadalajara,Valladolid,21_44_R3,209.754,2.9965,0.0,economica_demo,DATOS SINTÉTICOS DE DEMOSTRACIÓN,DEMO: generado localmente,2026-10-08
Guadalajara,Zamora,21_45_R1,296.132,3.3651,0.0,rapida_demo,DATOS SINTÉTICOS DE DEMOSTRACIÓN,DEMO: generado localmente,2026-10-08
Guadalajara,Zamora,21_45_R2,290.21,3.7206,8.0,mixta_demo,DATOS SINTÉTICOS DE DEMOSTRACIÓN,DEMO: generado localmente,2026-10-08
Guadalajara,Zamora,21_45_R3,287.248,4.1035,0.0,economica_demo,DATOS SINTÉTICOS DE DEMOSTRACIÓN,DEMO: generado localmente,2026-10-08
Guadalajara,Zaragoza,21_46_R1,278.659,3.1666,0.0,rapida_demo,DATOS SINTÉTICOS DE DEMOSTRACIÓN,DEMO: generado localmente,2026-10-08
Guadalajara,Zaragoza,21_46_R2,273.086,3.5011,8.0,mixta_demo,DATOS SINTÉTICOS DE DEMOSTRACIÓN,DEMO: generado localmente,2026-10-08
Guadalajara,Zaragoza,21_46_R3,270.299,3.8614,0.0,economica_demo,DATOS SINTÉTICOS DE DEMOSTRACIÓN,DEMO: generado localmente,2026-10-08
Huelva,Huesca,22_23_R1,974.157,11.07,0.0,rapida_demo,DATOS SINTÉTICOS DE DEMOSTRACIÓN,DEMO: generado localmente,2026-10-08
Huelva,Huesca,22_23_R2,954.674,12.2394,8.0,mixta_demo,DATOS SINTÉTICOS DE DEMOSTRACIÓN,DEMO: generado localmente,2026-10-08
Huelva,Huesca,22_23_R3,944.933,13.499,0.0,economica_demo,DATOS SINTÉTICOS DE DEMOSTRACIÓN,DEMO: generado localmente,2026-10-08
Huelva,Jaén,22_24_R1,355.332,4.0379,0.0,rapida_demo,DATOS SINTÉTICOS DE DEMOSTRACIÓN,DEMO: generado localmente,2026-10-08
Huelva,Jaén,22_24_R2,348.226,4.4644,8.0,mixta_demo,DATOS SINTÉTICOS DE DEMOSTRACIÓN,DEMO: generado localmente,2026-10-08
Huelva,Jaén,22_24_R3,344.672,4.9239,0.0,economica_demo,DATOS SINTÉTICOS DE DEMOSTRACIÓN,DEMO: generado localmente,2026-10-08
Huelva,Logroño,22_25_R1,869.134,9.8765,0.0,rapida_demo,DATOS SINTÉTICOS DE DEMOSTRACIÓN,DEMO: generado localmente,2026-10-08
Huelva,Logroño,22_25_R2,851.752,10.9199,8.0,mixta_demo,DATOS SINTÉTICOS DE DEMOSTRACIÓN,DEMO: generado localmente,2026-10-08
Huelva,Logroño,22_25_R3,843.06,12.0437,0.0,economica_demo,DATOS SINTÉTICOS DE DEMOSTRACIÓN,DEMO: generado localmente,2026-10-08
Huelva,León,22_26_R1,756.682,8.5987,0.0,rapida_demo,DATOS SINTÉTICOS DE DEMOSTRACIÓN,DEMO: generado localmente,2026-10-08
Huelva,León,22_26_R2,741.548,9.507,8.0,mixta_demo,DATOS SINTÉTICOS DE DEMOSTRACIÓN,DEMO: generado localmente,2026-10-08
Huelva,León,22_26_R3,733.981,10.4854,0.0,economica_demo,DATOS SINTÉTICOS DE DEMOSTRACIÓN,DEMO: generado localmente,2026-10-08
Huelva,Lleida,22_27_R1,1013.446,11.5164,0.0,rapida_demo,DATOS SINTÉTICOS DE DEMOSTRACIÓN,DEMO: generado localmente,2026-10-08
Huelva,Lleida,22_27_R2,993.177,12.733,8.0,mixta_demo,DATOS SINTÉTICOS DE DEMOSTRACIÓN,DEMO: generado localmente,2026-10-08
Huelva,Lleida,22_27_R3,983.043,14.0435,0.0,economica_demo,DATOS SINTÉTICOS DE DEMOSTRACIÓN,DEMO: generado localmente,2026-10-08
Huelva,Lugo,22_28_R1,802.281,9.1168,0.0,rapida_demo,DATOS SINTÉTICOS DE DEMOSTRACIÓN,DEMO: generado localmente,2026-10-08
Huelva,Lugo,22_28_R2,786.235,10.0799,8.0,mixta_demo,DATOS SINTÉTICOS DE DEMOSTRACIÓN,DEMO: generado localmente,2026-10-08
Huelva,Lugo,22_28_R3,778.212,11.1173,0.0,economica_demo,DATOS SINTÉTICOS DE DEMOSTRACIÓN,DEMO: generado localmente,2026-10-08
Huelva,Madrid,22_29_R1,563.471,6.4031,0.0,rapida_demo,DATOS SINTÉTICOS DE DEMOSTRACIÓN,DEMO: generado localmente,2026-10-08
Huelva,Madrid,22_29_R2,552.201,7.0795,8.0,mixta_demo,DATOS SINTÉTICOS DE DEMOSTRACIÓN,DEMO: generado localmente,2026-10-08
Huelva,Madrid,22_29_R3,546.567,7.8081,0.0,economica_demo,DATOS SINTÉTICOS DE DEMOSTRACIÓN,DEMO: generado localmente,2026-10-08
Huelva,Málaga,22_30_R1,291.09,3.3078,0.0,rapida_demo,DATOS SINTÉTICOS DE DEMOSTRACIÓN,DEMO: generado localmente,2026-10-08
Huelva,Málaga,22_30_R2,285.268,3.6573,8.0,mixta_demo,DATOS SINTÉTICOS DE DEMOSTRACIÓN,DEMO: generado localmente,2026-10-08
Huelva,Málaga,22_30_R3,282.358,4.0337,0.0,economica_demo,DATOS SINTÉTICOS DE DEMOSTRACIÓN,DEMO: generado localmente,2026-10-08
Huelva,Murcia,22_31_R1,648.48,7.3691,0.0,rapida_demo,DATOS SINTÉTICOS DE DEMOSTRACIÓN,DEMO: generado localmente,2026-10-08
Huelva,Murcia,22_31_R2,635.51,8.1476,8.0,mixta_demo,DATOS SINTÉTICOS DE DEMOSTRACIÓN,DEMO: generado localmente,2026-10-08
Huelva,Murcia,22_31_R3,629.026,8.9861,0.0,economica_demo,DATOS SINTÉTICOS DE DEMOSTRACIÓN,DEMO: generado localmente,2026-10-08
Huelva,Pamplona/Iruña,22_32_R1,956.825,10.873,0.0,rapida_demo,DATOS SINTÉTICOS DE DEMOSTRACIÓN,DEMO: generado localmente,2026-10-08
Huelva,Pamplona/Iruña,22_32_R2,937.689,12.0217,8.0,mixta_demo,DATOS SINTÉTICOS DE DEMOSTRACIÓN,DEMO: generado localmente,2026-10-08
Huelva,Pamplona/Iruña,22_32_R3,928.12,13.2589,0.0,economica_demo,DATOS SINTÉTICOS DE DEMOSTRACIÓN,DEMO: generado localmente,2026-10-08
Huelva,Ourense,22_33_R1,712.654,8.0983,0.0,rapida_demo,DATOS SINTÉTICOS DE DEMOSTRACIÓN,DEMO: generado localmente,2026-10-08
Huelva,Ourense,22_33_R2,698.401,8.9539,8.0,mixta_demo,DATOS SINTÉTICOS DE DEMOSTRACIÓN,DEMO: generado localmente,2026-10-08
Huelva,Ourense,22_33_R3,691.275,9.8754,0.0,economica_demo,DATOS SINTÉTICOS DE DEMOSTRACIÓN,DEMO: generado localmente,2026-10-08
Huelva,Palencia,22_34_R1,709.603,8.0637,0.0,rapida_demo,DATOS SINTÉTICOS DE DEMOSTRACIÓN,DEMO: generado localmente,2026-10-08
Huelva,Palencia,22_34_R2,695.411,8.9155,8.0,mixta_demo,DATOS SINTÉTICOS DE DEMOSTRACIÓN,DEMO: generado localmente,2026-10-08
Huelva,Palencia,22_34_R3,688.315,9.8331,0.0,economica_demo,DATOS SINTÉTICOS DE DEMOSTRACIÓN,DEMO: generado localmente,2026-10-08
Huelva,Pontevedra,22_35_R1,741.762,8.4291,0.0,rapida_demo,DATOS SINTÉTICOS DE DEMOSTRACIÓN,DEMO: generado localmente,2026-10-08
Huelva,Pontevedra,22_35_R2,726.927,9.3196,8.0,mixta_demo,DATOS SINTÉTICOS DE DEMOSTRACIÓN,DEMO: generado localmente,2026-10-08
Huelva,Pontevedra,22_35_R3,719.509,10.2787,0.0,economica_demo,DATOS SINTÉTICOS DE DEMOSTRACIÓN,DEMO: generado localmente,2026-10-08
Huelva,Salamanca,22_36_R1,533.833,6.0663,0.0,rapida_demo,DATOS SINTÉTICOS DE DEMOSTRACIÓN,DEMO: generado localmente,2026-10-08
Huelva,Salamanca,22_36_R2,523.157,6.7071,8.0,mixta_demo,DATOS SINTÉTICOS DE DEMOSTRACIÓN,DEMO: generado localmente,2026-10-08
Huelva,Salamanca,22_36_R3,517.818,7.3974,0.0,economica_demo,DATOS SINTÉTICOS DE DEMOSTRACIÓN,DEMO: generado localmente,2026-10-08
Huelva,Segovia,22_37_R1,596.985,6.7839,0.0,rapida_demo,DATOS SINTÉTICOS DE DEMOSTRACIÓN,DEMO: generado localmente,2026-10-08
Huelva,Segovia,22_37_R2,585.046,7.5006,8.0,mixta_demo,DATOS SINTÉTICOS DE DEMOSTRACIÓN,DEMO: generado localmente,2026-10-08
Huelva,Segovia,22_37_R3,579.076,8.2725,0.0,economica_demo,DATOS SINTÉTICOS DE DEMOSTRACIÓN,DEMO: generado localmente,2026-10-08
Huelva,Sevilla,22_38_R1,107.154,1.2177,0.0,rapida_demo,DATOS SINTÉTICOS DE DEMOSTRACIÓN,DEMO: generado localmente,2026-10-08
Huelva,Sevilla,22_38_R2,105.011,1.3463,8.0,mixta_demo,DATOS SINTÉTICOS DE DEMOSTRACIÓN,DEMO: generado localmente,2026-10-08
Huelva,Sevilla,22_38_R3,103.939,1.4848,0.0,economica_demo,DATOS SINTÉTICOS DE DEMOSTRACIÓN,DEMO: generado localmente,2026-10-08
Huelva,Soria,22_39_R1,789.495,8.9715,0.0,rapida_demo,DATOS SINTÉTICOS DE DEMOSTRACIÓN,DEMO: generado localmente,2026-10-08
Huelva,Soria,22_39_R2,773.705,9.9193,8.0,mixta_demo,DATOS SINTÉTICOS DE DEMOSTRACIÓN,DEMO: generado localmente,2026-10-08
Huelva,Soria,22_39_R3,765.81,10.9401,0.0,economica_demo,DATOS SINTÉTICOS DE DEMOSTRACIÓN,DEMO: generado localmente,2026-10-08
Huelva,Tarragona,22_40_R1,1033.287,11.7419,0.0,rapida_demo,DATOS SINTÉTICOS DE DEMOSTRACIÓN,DEMO: generado localmente,2026-10-08
Huelva,Tarragona,22_40_R2,1012.622,12.9823,8.0,mixta_demo,DATOS SINTÉTICOS DE DEMOSTRACIÓN,DEMO: generado localmente,2026-10-08
Huelva,Tarragona,22_40_R3,1002.289,14.3184,0.0,economica_demo,DATOS SINTÉTICOS DE DEMOSTRACIÓN,DEMO: generado localmente,2026-10-08
Huelva,Teruel,22_41_R1,764.255,8.6847,0.0,rapida_demo,DATOS SINTÉTICOS DE DEMOSTRACIÓN,DEMO: generado localmente,2026-10-08
Huelva,Teruel,22_41_R2,748.97,9.6022,8.0,mixta_demo,DATOS SINTÉTICOS DE DEMOSTRACIÓN,DEMO: generado localmente,2026-10-08
Huelva,Teruel,22_41_R3,741.328,10.5904,0.0,economica_demo,DATOS SINTÉTICOS DE DEMOSTRACIÓN,DEMO: generado localmente,2026-10-08
Huelva,Toledo,22_42_R1,481.208,5.4683,0.0,rapida_demo,DATOS SINTÉTICOS DE DEMOSTRACIÓN,DEMO: generado localmente,2026-10-08
Huelva,Toledo,22_42_R2,471.584,6.046,8.0,mixta_demo,DATOS SINTÉTICOS DE DEMOSTRACIÓN,DEMO: generado localmente,2026-10-08
Huelva,Toledo,22_42_R3,466.772,6.6682,0.0,economica_demo,DATOS SINTÉTICOS DE DEMOSTRACIÓN,DEMO: generado localmente,2026-10-08
Huelva,Valencia,22_43_R1,779.278,8.8554,0.0,rapida_demo,DATOS SINTÉTICOS DE DEMOSTRACIÓN,DEMO: generado localmente,2026-10-08
Huelva,Valencia,22_43_R2,763.693,9.7909,8.0,mixta_demo,DATOS SINTÉTICOS DE DEMOSTRACIÓN,DEMO: generado localmente,2026-10-08
Huelva,Valencia,22_43_R3,755.9,10.7986,0.0,economica_demo,DATOS SINTÉTICOS DE DEMOSTRACIÓN,DEMO: generado localmente,2026-10-08
Huelva,Valladolid,22_44_R1,655.79,7.4522,0.0,rapida_demo,DATOS SINTÉTICOS DE DEMOSTRACIÓN,DEMO: generado localmente,2026-10-08
Huelva,Valladolid,22_44_R2,642.674,8.2394,8.0,mixta_demo,DATOS SINTÉTICOS DE DEMOSTRACIÓN,DEMO: generado localmente,2026-10-08
Huelva,Valladolid,22_44_R3,636.116,9.0874,0.0,economica_demo,DATOS SINTÉTICOS DE DEMOSTRACIÓN,DEMO: generado localmente,2026-10-08
Huelva,Zamora,22_45_R1,604.31,6.8672,0.0,rapida_demo,DATOS SINTÉTICOS DE DEMOSTRACIÓN,DEMO: generado localmente,2026-10-08
Huelva,Zamora,22_45_R2,592.224,7.5926,8.0,mixta_demo,DATOS SINTÉTICOS DE DEMOSTRACIÓN,DEMO: generado localmente,2026-10-08
Huelva,Zamora,22_45_R3,586.181,8.374,0.0,economica_demo,DATOS SINTÉTICOS DE DEMOSTRACIÓN,DEMO: generado localmente,2026-10-08
Huelva,Zaragoza,22_46_R1,893.217,10.1502,0.0,rapida_demo,DATOS SINTÉTICOS DE DEMOSTRACIÓN,DEMO: generado localmente,2026-10-08
Huelva,Zaragoza,22_46_R2,875.353,11.2225,8.0,mixta_demo,DATOS SINTÉTICOS DE DEMOSTRACIÓN,DEMO: generado localmente,2026-10-08
Huelva,Zaragoza,22_46_R3,866.421,12.3774,0.0,economica_demo,DATOS SINTÉTICOS DE DEMOSTRACIÓN,DEMO: generado localmente,2026-10-08
Huesca,Jaén,23_24_R1,706.816,8.032,0.0,rapida_demo,DATOS SINTÉTICOS DE DEMOSTRACIÓN,DEMO: generado localmente,2026-10-08
Huesca,Jaén,23_24_R2,692.679,8.8805,8.0,mixta_demo,DATOS SINTÉTICOS DE DEMOSTRACIÓN,DEMO: generado localmente,2026-10-08
Huesca,Jaén,23_24_R3,685.611,9.7944,0.0,economica_demo,DATOS SINTÉTICOS DE DEMOSTRACIÓN,DEMO: generado localmente,2026-10-08
Huesca,Logroño,23_25_R1,213.536,2.4265,0.0,rapida_demo,DATOS SINTÉTICOS DE DEMOSTRACIÓN,DEMO: generado localmente,2026-10-08
Huesca,Logroño,23_25_R2,209.265,2.6829,8.0,mixta_demo,DATOS SINTÉTICOS DE DEMOSTRACIÓN,DEMO: generado localmente,2026-10-08
Huesca,Logroño,23_25_R3,207.13,2.959,0.0,economica_demo,DATOS SINTÉTICOS DE DEMOSTRACIÓN,DEMO: generado localmente,2026-10-08
Huesca,León,23_26_R1,534.125,6.0696,0.0,rapida_demo,DATOS SINTÉTICOS DE DEMOSTRACIÓN,DEMO: generado localmente,2026-10-08
Huesca,León,23_26_R2,523.443,6.7108,8.0,mixta_demo,DATOS SINTÉTICOS DE DEMOSTRACIÓN,DEMO: generado localmente,2026-10-08
Huesca,León,23_26_R3,518.101,7.4014,0.0,economica_demo,DATOS SINTÉTICOS DE DEMOSTRACIÓN,DEMO: generado localmente,2026-10-08
Huesca,Lleida,23_27_R1,129.743,1.4743,0.0,rapida_demo,DATOS SINTÉTICOS DE DEMOSTRACIÓN,DEMO: generado localmente,2026-10-08
Huesca,Lleida,23_27_R2,127.148,1.6301,8.0,mixta_demo,DATOS SINTÉTICOS DE DEMOSTRACIÓN,DEMO: generado localmente,2026-10-08
Huesca,Lleida,23_27_R3,125.85,1.7979,0.0,economica_demo,DATOS SINTÉTICOS DE DEMOSTRACIÓN,DEMO: generado localmente,2026-10-08
Huesca,Lugo,23_28_R1,741.155,8.4222,0.0,rapida_demo,DATOS SINTÉTICOS DE DEMOSTRACIÓN,DEMO: generado localmente,2026-10-08
Huesca,Lugo,23_28_R2,726.332,9.3119,8.0,mixta_demo,DATOS SINTÉTICOS DE DEMOSTRACIÓN,DEMO: generado localmente,2026-10-08
Huesca,Lugo,23_28_R3,718.92,10.2703,0.0,economica_demo,DATOS SINTÉTICOS DE DEMOSTRACIÓN,DEMO: generado localmente,2026-10-08
Huesca,Madrid,23_29_R1,418.101,4.7511,0.0,rapida_demo,DATOS SINTÉTICOS DE DEMOSTRACIÓN,DEMO: generado localmente,2026-10-08
Huesca,Madrid,23_29_R2,409.739,5.2531,8.0,mixta_demo,DATOS SINTÉTICOS DE DEMOSTRACIÓN,DEMO: generado localmente,2026-10-08
Huesca,Madrid,23_29_R3,405.558,5.7937,0.0,economica_demo,DATOS SINTÉTICOS DE DEMOSTRACIÓN,DEMO: generado localmente,2026-10-08
Huesca,Málaga,23_30_R1,867.249,9.8551,0.0,rapida_demo,DATOS SINTÉTICOS DE DEMOSTRACIÓN,DEMO: generado localmente,2026-10-08
Huesca,Málaga,23_30_R2,849.904,10.8962,8.0,mixta_demo,DATOS SINTÉTICOS DE DEMOSTRACIÓN,DEMO: generado localmente,2026-10-08
Huesca,Málaga,23_30_R3,841.231,12.0176,0.0,economica_demo,DATOS SINTÉTICOS DE DEMOSTRACIÓN,DEMO: generado localmente,2026-10-08
Huesca,Murcia,23_31_R1,582.884,6.6237,0.0,rapida_demo,DATOS SINTÉTICOS DE DEMOSTRACIÓN,DEMO: generado localmente,2026-10-08
Huesca,Murcia,23_31_R2,571.227,7.3234,8.0,mixta_demo,DATOS SINTÉTICOS DE DEMOSTRACIÓN,DEMO: generado localmente,2026-10-08
Huesca,Murcia,23_31_R3,565.398,8.0771,0.0,economica_demo,DATOS SINTÉTICOS DE DEMOSTRACIÓN,DEMO: generado localmente,2026-10-08
Huesca,Pamplona/Iruña,23_32_R1,157.847,1.7937,0.0,rapida_demo,DATOS SINTÉTICOS DE DEMOSTRACIÓN,DEMO: generado localmente,2026-10-08
Huesca,Pamplona/Iruña,23_32_R2,154.69,1.9832,8.0,mixta_demo,DATOS SINTÉTICOS DE DEMOSTRACIÓN,DEMO: generado localmente,2026-10-08
Huesca,Pamplona/Iruña,23_32_R3,153.112,2.1873,0.0,economica_demo,DATOS SINTÉTICOS DE DEMOSTRACIÓN,DEMO: generado localmente,2026-10-08
Huesca,Ourense,23_33_R1,767.371,8.7201,0.0,rapida_demo,DATOS SINTÉTICOS DE DEMOSTRACIÓN,DEMO: generado localmente,2026-10-08
Huesca,Ourense,23_33_R2,752.023,9.6413,8.0,mixta_demo,DATOS SINTÉTICOS DE DEMOSTRACIÓN,DEMO: generado localmente,2026-10-08
Huesca,Ourense,23_33_R3,744.349,10.6336,0.0,economica_demo,DATOS SINTÉTICOS DE DEMOSTRACIÓN,DEMO: generado localmente,2026-10-08
Huesca,Palencia,23_34_R1,425.786,4.8385,0.0,rapida_demo,DATOS SINTÉTICOS DE DEMOSTRACIÓN,DEMO: generado localmente,2026-10-08
Huesca,Palencia,23_34_R2,417.27,5.3496,8.0,mixta_demo,DATOS SINTÉTICOS DE DEMOSTRACIÓN,DEMO: generado localmente,2026-10-08
Huesca,Palencia,23_34_R3,413.012,5.9002,0.0,economica_demo,DATOS SINTÉTICOS DE DEMOSTRACIÓN,DEMO: generado localmente,2026-10-08
Huesca,Pontevedra,23_35_R1,847.701,9.633,0.0,rapida_demo,DATOS SINTÉTICOS DE DEMOSTRACIÓN,DEMO: generado localmente,2026-10-08
Huesca,Pontevedra,23_35_R2,830.747,10.6506,8.0,mixta_demo,DATOS SINTÉTICOS DE DEMOSTRACIÓN,DEMO: generado localmente,2026-10-08
Huesca,Pontevedra,23_35_R3,822.27,11.7467,0.0,economica_demo,DATOS SINTÉTICOS DE DEMOSTRACIÓN,DEMO: generado localmente,2026-10-08
Huesca,Salamanca,23_36_R1,570.329,6.481,0.0,rapida_demo,DATOS SINTÉTICOS DE DEMOSTRACIÓN,DEMO: generado localmente,2026-10-08
Huesca,Salamanca,23_36_R2,558.922,7.1657,8.0,mixta_demo,DATOS SINTÉTICOS DE DEMOSTRACIÓN,DEMO: generado localmente,2026-10-08
Huesca,Salamanca,23_36_R3,553.219,7.9031,0.0,economica_demo,DATOS SINTÉTICOS DE DEMOSTRACIÓN,DEMO: generado localmente,2026-10-08
Huesca,Segovia,23_37_R1,420.342,4.7766,0.0,rapida_demo,DATOS SINTÉTICOS DE DEMOSTRACIÓN,DEMO: generado localmente,2026-10-08
Huesca,Segovia,23_37_R2,411.935,5.2812,8.0,mixta_demo,DATOS SINTÉTICOS DE DEMOSTRACIÓN,DEMO: generado localmente,2026-10-08
Huesca,Segovia,23_37_R3,407.732,5.8247,0.0,economica_demo,DATOS SINTÉTICOS DE DEMOSTRACIÓN,DEMO: generado localmente,2026-10-08
Huesca,Sevilla,23_38_R1,889.737,10.1106,0.0,rapida_demo,DATOS SINTÉTICOS DE DEMOSTRACIÓN,DEMO: generado localmente,2026-10-08
Huesca,Sevilla,23_38_R2,871.942,11.1787,8.0,mixta_demo,DATOS SINTÉTICOS DE DEMOSTRACIÓN,DEMO: generado localmente,2026-10-08
Huesca,Sevilla,23_38_R3,863.045,12.3292,0.0,economica_demo,DATOS SINTÉTICOS DE DEMOSTRACIÓN,DEMO: generado localmente,2026-10-08
Huesca,Soria,23_39_R1,218.812,2.4865,0.0,rapida_demo,DATOS SINTÉTICOS DE DEMOSTRACIÓN,DEMO: generado localmente,2026-10-08
Huesca,Soria,23_39_R2,214.436,2.7492,8.0,mixta_demo,DATOS SINTÉTICOS DE DEMOSTRACIÓN,DEMO: generado localmente,2026-10-08
Huesca,Soria,23_39_R3,212.248,3.0321,0.0,economica_demo,DATOS SINTÉTICOS DE DEMOSTRACIÓN,DEMO: generado localmente,2026-10-08
Huesca,Tarragona,23_40_R1,223.782,2.543,0.0,rapida_demo,DATOS SINTÉTICOS DE DEMOSTRACIÓN,DEMO: generado localmente,2026-10-08
Huesca,Tarragona,23_40_R2,219.307,2.8116,8.0,mixta_demo,DATOS SINTÉTICOS DE DEMOSTRACIÓN,DEMO: generado localmente,2026-10-08
Huesca,Tarragona,23_40_R3,217.069,3.101,0.0,economica_demo,DATOS SINTÉTICOS DE DEMOSTRACIÓN,DEMO: generado localmente,2026-10-08
Huesca,Teruel,23_41_R1,260.245,2.9573,0.0,rapida_demo,DATOS SINTÉTICOS DE DEMOSTRACIÓN,DEMO: generado localmente,2026-10-08
Huesca,Teruel,23_41_R2,255.04,3.2697,8.0,mixta_demo,DATOS SINTÉTICOS DE DEMOSTRACIÓN,DEMO: generado localmente,2026-10-08
Huesca,Teruel,23_41_R3,252.437,3.6062,0.0,economica_demo,DATOS SINTÉTICOS DE DEMOSTRACIÓN,DEMO: generado localmente,2026-10-08
Huesca,Toledo,23_42_R1,494.591,5.6204,0.0,rapida_demo,DATOS SINTÉTICOS DE DEMOSTRACIÓN,DEMO: generado localmente,2026-10-08
Huesca,Toledo,23_42_R2,484.699,6.2141,8.0,mixta_demo,DATOS SINTÉTICOS DE DEMOSTRACIÓN,DEMO: generado localmente,2026-10-08
Huesca,Toledo,23_42_R3,479.753,6.8536,0.0,economica_demo,DATOS SINTÉTICOS DE DEMOSTRACIÓN,DEMO: generado localmente,2026-10-08
Huesca,Valencia,23_43_R1,371.229,4.2185,0.0,rapida_demo,DATOS SINTÉTICOS DE DEMOSTRACIÓN,DEMO: generado localmente,2026-10-08
Huesca,Valencia,23_43_R2,363.804,4.6642,8.0,mixta_demo,DATOS SINTÉTICOS DE DEMOSTRACIÓN,DEMO: generado localmente,2026-10-08
Huesca,Valencia,23_43_R3,360.092,5.1442,0.0,economica_demo,DATOS SINTÉTICOS DE DEMOSTRACIÓN,DEMO: generado localmente,2026-10-08
Huesca,Valladolid,23_44_R1,451.982,5.1362,0.0,rapida_demo,DATOS SINTÉTICOS DE DEMOSTRACIÓN,DEMO: generado localmente,2026-10-08
Huesca,Valladolid,23_44_R2,442.942,5.6787,8.0,mixta_demo,DATOS SINTÉTICOS DE DEMOSTRACIÓN,DEMO: generado localmente,2026-10-08
Huesca,Valladolid,23_44_R3,438.423,6.2632,0.0,economica_demo,DATOS SINTÉTICOS DE DEMOSTRACIÓN,DEMO: generado localmente,2026-10-08
Huesca,Zamora,23_45_R1,559.853,6.362,0.0,rapida_demo,DATOS SINTÉTICOS DE DEMOSTRACIÓN,DEMO: generado localmente,2026-10-08
Huesca,Zamora,23_45_R2,548.655,7.034,8.0,mixta_demo,DATOS SINTÉTICOS DE DEMOSTRACIÓN,DEMO: generado localmente,2026-10-08
Huesca,Zamora,23_45_R3,543.057,7.758,0.0,economica_demo,DATOS SINTÉTICOS DE DEMOSTRACIÓN,DEMO: generado localmente,2026-10-08
Huesca,Zaragoza,23_46_R1,82.95,0.9426,0.0,rapida_demo,DATOS SINTÉTICOS DE DEMOSTRACIÓN,DEMO: generado localmente,2026-10-08
Huesca,Zaragoza,23_46_R2,81.291,1.0422,8.0,mixta_demo,DATOS SINTÉTICOS DE DEMOSTRACIÓN,DEMO: generado localmente,2026-10-08
Huesca,Zaragoza,23_46_R3,80.462,1.1495,0.0,economica_demo,DATOS SINTÉTICOS DE DEMOSTRACIÓN,DEMO: generado localmente,2026-10-08
Jaén,Logroño,24_25_R1,669.093,7.6033,0.0,rapida_demo,DATOS SINTÉTICOS DE DEMOSTRACIÓN,DEMO: generado localmente,2026-10-08
Jaén,Logroño,24_25_R2,655.711,8.4066,8.0,mixta_demo,DATOS SINTÉTICOS DE DEMOSTRACIÓN,DEMO: generado localmente,2026-10-08
Jaén,Logroño,24_25_R3,649.02,9.2717,0.0,economica_demo,DATOS SINTÉTICOS DE DEMOSTRACIÓN,DEMO: generado localmente,2026-10-08
Jaén,León,24_26_R1,697.899,7.9307,0.0,rapida_demo,DATOS SINTÉTICOS DE DEMOSTRACIÓN,DEMO: generado localmente,2026-10-08
Jaén,León,24_26_R2,683.941,8.7685,8.0,mixta_demo,DATOS SINTÉTICOS DE DEMOSTRACIÓN,DEMO: generado localmente,2026-10-08
Jaén,León,24_26_R3,676.962,9.6709,0.0,economica_demo,DATOS SINTÉTICOS DE DEMOSTRACIÓN,DEMO: generado localmente,2026-10-08
Jaén,Lleida,24_27_R1,713.673,8.1099,0.0,rapida_demo,DATOS SINTÉTICOS DE DEMOSTRACIÓN,DEMO: generado localmente,2026-10-08
Jaén,Lleida,24_27_R2,699.399,8.9667,8.0,mixta_demo,DATOS SINTÉTICOS DE DEMOSTRACIÓN,DEMO: generado localmente,2026-10-08
Jaén,Lleida,24_27_R3,692.263,9.8895,0.0,economica_demo,DATOS SINTÉTICOS DE DEMOSTRACIÓN,DEMO: generado localmente,2026-10-08
Jaén,Lugo,24_28_R1,830.69,9.4397,0.0,rapida_demo,DATOS SINTÉTICOS DE DEMOSTRACIÓN,DEMO: generado localmente,2026-10-08
Jaén,Lugo,24_28_R2,814.077,10.4369,8.0,mixta_demo,DATOS SINTÉTICOS DE DEMOSTRACIÓN,DEMO: generado localmente,2026-10-08
Jaén,Lugo,24_28_R3,805.77,11.511,0.0,economica_demo,DATOS SINTÉTICOS DE DEMOSTRACIÓN,DEMO: generado localmente,2026-10-08
Jaén,Madrid,24_29_R1,369.106,4.1944,0.0,rapida_demo,DATOS SINTÉTICOS DE DEMOSTRACIÓN,DEMO: generado localmente,2026-10-08
Jaén,Madrid,24_29_R2,361.724,4.6375,8.0,mixta_demo,DATOS SINTÉTICOS DE DEMOSTRACIÓN,DEMO: generado localmente,2026-10-08
Jaén,Madrid,24_29_R3,358.033,5.1148,0.0,economica_demo,DATOS SINTÉTICOS DE DEMOSTRACIÓN,DEMO: generado localmente,2026-10-08
Jaén,Málaga,24_30_R1,160.742,1.8266,0.0,rapida_demo,DATOS SINTÉTICOS DE DEMOSTRACIÓN,DEMO: generado localmente,2026-10-08
Jaén,Málaga,24_30_R2,157.527,2.0196,8.0,mixta_demo,DATOS SINTÉTICOS DE DEMOSTRACIÓN,DEMO: generado localmente,2026-10-08
Jaén,Málaga,24_30_R3,155.92,2.2274,0.0,economica_demo,DATOS SINTÉTICOS DE DEMOSTRACIÓN,DEMO: generado localmente,2026-10-08
Jaén,Murcia,24_31_R1,293.489,3.3351,0.0,rapida_demo,DATOS SINTÉTICOS DE DEMOSTRACIÓN,DEMO: generado localmente,2026-10-08
Jaén,Murcia,24_31_R2,287.619,3.6874,8.0,mixta_demo,DATOS SINTÉTICOS DE DEMOSTRACIÓN,DEMO: generado localmente,2026-10-08
Jaén,Murcia,24_31_R3,284.684,4.0669,0.0,economica_demo,DATOS SINTÉTICOS DE DEMOSTRACIÓN,DEMO: generado localmente,2026-10-08
Jaén,Pamplona/Iruña,24_32_R1,738.34,8.3902,0.0,rapida_demo,DATOS SINTÉTICOS DE DEMOSTRACIÓN,DEMO: generado localmente,2026-10-08
Jaén,Pamplona/Iruña,24_32_R2,723.573,9.2766,8.0,mixta_demo,DATOS SINTÉTICOS DE DEMOSTRACIÓN,DEMO: generado localmente,2026-10-08
Jaén,Pamplona/Iruña,24_32_R3,716.189,10.2313,0.0,economica_demo,DATOS SINTÉTICOS DE DEMOSTRACIÓN,DEMO: generado localmente,2026-10-08
Jaén,Ourense,24_33_R1,768.83,8.7367,0.0,rapida_demo,DATOS SINTÉTICOS DE DEMOSTRACIÓN,DEMO: generado localmente,2026-10-08
Jaén,Ourense,24_33_R2,753.453,9.6597,8.0,mixta_demo,DATOS SINTÉTICOS DE DEMOSTRACIÓN,DEMO: generado localmente,2026-10-08
Jaén,Ourense,24_33_R3,745.765,10.6538,0.0,economica_demo,DATOS SINTÉTICOS DE DEMOSTRACIÓN,DEMO: generado localmente,2026-10-08
Jaén,Palencia,24_34_R1,595.515,6.7672,0.0,rapida_demo,DATOS SINTÉTICOS DE DEMOSTRACIÓN,DEMO: generado localmente,2026-10-08
Jaén,Palencia,24_34_R2,583.605,7.4821,8.0,mixta_demo,DATOS SINTÉTICOS DE DEMOSTRACIÓN,DEMO: generado localmente,2026-10-08
Jaén,Palencia,24_34_R3,577.65,8.2521,0.0,economica_demo,DATOS SINTÉTICOS DE DEMOSTRACIÓN,DEMO: generado localmente,2026-10-08
Jaén,Pontevedra,24_35_R1,828.795,9.4181,0.0,rapida_demo,DATOS SINTÉTICOS DE DEMOSTRACIÓN,DEMO: generado localmente,2026-10-08
Jaén,Pontevedra,24_35_R2,812.22,10.4131,8.0,mixta_demo,DATOS SINTÉTICOS DE DEMOSTRACIÓN,DEMO: generado localmente,2026-10-08
Jaén,Pontevedra,24_35_R3,803.932,11.4847,0.0,economica_demo,DATOS SINTÉTICOS DE DEMOSTRACIÓN,DEMO: generado localmente,2026-10-08
Jaén,Salamanca,24_36_R1,488.272,5.5486,0.0,rapida_demo,DATOS SINTÉTICOS DE DEMOSTRACIÓN,DEMO: generado localmente,2026-10-08
Jaén,Salamanca,24_36_R2,478.507,6.1347,8.0,mixta_demo,DATOS SINTÉTICOS DE DEMOSTRACIÓN,DEMO: generado localmente,2026-10-08
Jaén,Salamanca,24_36_R3,473.624,6.7661,0.0,economica_demo,DATOS SINTÉTICOS DE DEMOSTRACIÓN,DEMO: generado localmente,2026-10-08
Jaén,Segovia,24_37_R1,444.278,5.0486,0.0,rapida_demo,DATOS SINTÉTICOS DE DEMOSTRACIÓN,DEMO: generado localmente,2026-10-08
Jaén,Segovia,24_37_R2,435.392,5.582,8.0,mixta_demo,DATOS SINTÉTICOS DE DEMOSTRACIÓN,DEMO: generado localmente,2026-10-08
Jaén,Segovia,24_37_R3,430.949,6.1564,0.0,economica_demo,DATOS SINTÉTICOS DE DEMOSTRACIÓN,DEMO: generado localmente,2026-10-08
Jaén,Sevilla,24_38_R1,248.298,2.8216,0.0,rapida_demo,DATOS SINTÉTICOS DE DEMOSTRACIÓN,DEMO: generado localmente,2026-10-08
Jaén,Sevilla,24_38_R2,243.332,3.1196,8.0,mixta_demo,DATOS SINTÉTICOS DE DEMOSTRACIÓN,DEMO: generado localmente,2026-10-08
Jaén,Sevilla,24_38_R3,240.849,3.4407,0.0,economica_demo,DATOS SINTÉTICOS DE DEMOSTRACIÓN,DEMO: generado localmente,2026-10-08
Jaén,Soria,24_39_R1,573.533,6.5174,0.0,rapida_demo,DATOS SINTÉTICOS DE DEMOSTRACIÓN,DEMO: generado localmente,2026-10-08
Jaén,Soria,24_39_R2,562.062,7.2059,8.0,mixta_demo,DATOS SINTÉTICOS DE DEMOSTRACIÓN,DEMO: generado localmente,2026-10-08
Jaén,Soria,24_39_R3,556.327,7.9475,0.0,economica_demo,DATOS SINTÉTICOS DE DEMOSTRACIÓN,DEMO: generado localmente,2026-10-08
Jaén,Tarragona,24_40_R1,714.228,8.1162,0.0,rapida_demo,DATOS SINTÉTICOS DE DEMOSTRACIÓN,DEMO: generado localmente,2026-10-08
Jaén,Tarragona,24_40_R2,699.943,8.9736,8.0,mixta_demo,DATOS SINTÉTICOS DE DEMOSTRACIÓN,DEMO: generado localmente,2026-10-08
Jaén,Tarragona,24_40_R3,692.801,9.8972,0.0,economica_demo,DATOS SINTÉTICOS DE DEMOSTRACIÓN,DEMO: generado localmente,2026-10-08
Jaén,Teruel,24_41_R1,460.759,5.2359,0.0,rapida_demo,DATOS SINTÉTICOS DE DEMOSTRACIÓN,DEMO: generado localmente,2026-10-08
Jaén,Teruel,24_41_R2,451.544,5.789,8.0,mixta_demo,DATOS SINTÉTICOS DE DEMOSTRACIÓN,DEMO: generado localmente,2026-10-08
Jaén,Teruel,24_41_R3,446.936,6.3848,0.0,economica_demo,DATOS SINTÉTICOS DE DEMOSTRACIÓN,DEMO: generado localmente,2026-10-08
Jaén,Toledo,24_42_R1,291.869,3.3167,0.0,rapida_demo,DATOS SINTÉTICOS DE DEMOSTRACIÓN,DEMO: generado localmente,2026-10-08
Jaén,Toledo,24_42_R2,286.031,3.6671,8.0,mixta_demo,DATOS SINTÉTICOS DE DEMOSTRACIÓN,DEMO: generado localmente,2026-10-08
Jaén,Toledo,24_42_R3,283.113,4.0445,0.0,economica_demo,DATOS SINTÉTICOS DE DEMOSTRACIÓN,DEMO: generado localmente,2026-10-08
Jaén,Valencia,24_43_R1,439.954,4.9995,0.0,rapida_demo,DATOS SINTÉTICOS DE DEMOSTRACIÓN,DEMO: generado localmente,2026-10-08
Jaén,Valencia,24_43_R2,431.155,5.5276,8.0,mixta_demo,DATOS SINTÉTICOS DE DEMOSTRACIÓN,DEMO: generado localmente,2026-10-08
Jaén,Valencia,24_43_R3,426.755,6.0965,0.0,economica_demo,DATOS SINTÉTICOS DE DEMOSTRACIÓN,DEMO: generado localmente,2026-10-08
Jaén,Valladolid,24_44_R1,549.614,6.2456,0.0,rapida_demo,DATOS SINTÉTICOS DE DEMOSTRACIÓN,DEMO: generado localmente,2026-10-08
Jaén,Valladolid,24_44_R2,538.622,6.9054,8.0,mixta_demo,DATOS SINTÉTICOS DE DEMOSTRACIÓN,DEMO: generado localmente,2026-10-08
Jaén,Valladolid,24_44_R3,533.126,7.6161,0.0,economica_demo,DATOS SINTÉTICOS DE DEMOSTRACIÓN,DEMO: generado localmente,2026-10-08
Jaén,Zamora,24_45_R1,560.293,6.367,0.0,rapida_demo,DATOS SINTÉTICOS DE DEMOSTRACIÓN,DEMO: generado localmente,2026-10-08
Jaén,Zamora,24_45_R2,549.088,7.0396,8.0,mixta_demo,DATOS SINTÉTICOS DE DEMOSTRACIÓN,DEMO: generado localmente,2026-10-08
Jaén,Zamora,24_45_R3,543.485,7.7641,0.0,economica_demo,DATOS SINTÉTICOS DE DEMOSTRACIÓN,DEMO: generado localmente,2026-10-08
Jaén,Zaragoza,24_46_R1,624.112,7.0922,0.0,rapida_demo,DATOS SINTÉTICOS DE DEMOSTRACIÓN,DEMO: generado localmente,2026-10-08
Jaén,Zaragoza,24_46_R2,611.63,7.8414,8.0,mixta_demo,DATOS SINTÉTICOS DE DEMOSTRACIÓN,DEMO: generado localmente,2026-10-08
Jaén,Zaragoza,24_46_R3,605.389,8.6484,0.0,economica_demo,DATOS SINTÉTICOS DE DEMOSTRACIÓN,DEMO: generado localmente,2026-10-08
Logroño,León,25_26_R1,321.614,3.6547,0.0,rapida_demo,DATOS SINTÉTICOS DE DEMOSTRACIÓN,DEMO: generado localmente,2026-10-08
Logroño,León,25_26_R2,315.182,4.0408,8.0,mixta_demo,DATOS SINTÉTICOS DE DEMOSTRACIÓN,DEMO: generado localmente,2026-10-08
Logroño,León,25_26_R3,311.966,4.4567,0.0,economica_demo,DATOS SINTÉTICOS DE DEMOSTRACIÓN,DEMO: generado localmente,2026-10-08
Logroño,Lleida,25_27_R1,337.862,3.8393,0.0,rapida_demo,DATOS SINTÉTICOS DE DEMOSTRACIÓN,DEMO: generado localmente,2026-10-08
Logroño,Lleida,25_27_R2,331.105,4.2449,8.0,mixta_demo,DATOS SINTÉTICOS DE DEMOSTRACIÓN,DEMO: generado localmente,2026-10-08
Logroño,Lleida,25_27_R3,327.726,4.6818,0.0,economica_demo,DATOS SINTÉTICOS DE DEMOSTRACIÓN,DEMO: generado localmente,2026-10-08
Logroño,Lugo,25_28_R1,527.678,5.9963,0.0,rapida_demo,DATOS SINTÉTICOS DE DEMOSTRACIÓN,DEMO: generado localmente,2026-10-08
Logroño,Lugo,25_28_R2,517.124,6.6298,8.0,mixta_demo,DATOS SINTÉTICOS DE DEMOSTRACIÓN,DEMO: generado localmente,2026-10-08
Logroño,Lugo,25_28_R3,511.847,7.3121,0.0,economica_demo,DATOS SINTÉTICOS DE DEMOSTRACIÓN,DEMO: generado localmente,2026-10-08
Logroño,Madrid,25_29_R1,313.063,3.5575,0.0,rapida_demo,DATOS SINTÉTICOS DE DEMOSTRACIÓN,DEMO: generado localmente,2026-10-08
Logroño,Madrid,25_29_R2,306.802,3.9334,8.0,mixta_demo,DATOS SINTÉTICOS DE DEMOSTRACIÓN,DEMO: generado localmente,2026-10-08
Logroño,Madrid,25_29_R3,303.671,4.3382,0.0,economica_demo,DATOS SINTÉTICOS DE DEMOSTRACIÓN,DEMO: generado localmente,2026-10-08
Logroño,Málaga,25_30_R1,826.157,9.3881,0.0,rapida_demo,DATOS SINTÉTICOS DE DEMOSTRACIÓN,DEMO: generado localmente,2026-10-08
Logroño,Málaga,25_30_R2,809.634,10.3799,8.0,mixta_demo,DATOS SINTÉTICOS DE DEMOSTRACIÓN,DEMO: generado localmente,2026-10-08
Logroño,Málaga,25_30_R3,801.372,11.4482,0.0,economica_demo,DATOS SINTÉTICOS DE DEMOSTRACIÓN,DEMO: generado localmente,2026-10-08
Logroño,Murcia,25_31_R1,638.359,7.2541,0.0,rapida_demo,DATOS SINTÉTICOS DE DEMOSTRACIÓN,DEMO: generado localmente,2026-10-08
Logroño,Murcia,25_31_R2,625.591,8.0204,8.0,mixta_demo,DATOS SINTÉTICOS DE DEMOSTRACIÓN,DEMO: generado localmente,2026-10-08
Logroño,Murcia,25_31_R3,619.208,8.8458,0.0,economica_demo,DATOS SINTÉTICOS DE DEMOSTRACIÓN,DEMO: generado localmente,2026-10-08
Logroño,Pamplona/Iruña,25_32_R1,94.863,1.078,0.0,rapida_demo,DATOS SINTÉTICOS DE DEMOSTRACIÓN,DEMO: generado localmente,2026-10-08
Logroño,Pamplona/Iruña,25_32_R2,92.966,1.1919,8.0,mixta_demo,DATOS SINTÉTICOS DE DEMOSTRACIÓN,DEMO: generado localmente,2026-10-08
Logroño,Pamplona/Iruña,25_32_R3,92.017,1.3145,0.0,economica_demo,DATOS SINTÉTICOS DE DEMOSTRACIÓN,DEMO: generado localmente,2026-10-08
Logroño,Ourense,25_33_R1,556.992,6.3295,0.0,rapida_demo,DATOS SINTÉTICOS DE DEMOSTRACIÓN,DEMO: generado localmente,2026-10-08
Logroño,Ourense,25_33_R2,545.852,6.9981,8.0,mixta_demo,DATOS SINTÉTICOS DE DEMOSTRACIÓN,DEMO: generado localmente,2026-10-08
Logroño,Ourense,25_33_R3,540.282,7.7183,0.0,economica_demo,DATOS SINTÉTICOS DE DEMOSTRACIÓN,DEMO: generado localmente,2026-10-08
Logroño,Palencia,25_34_R1,224.541,2.5516,0.0,rapida_demo,DATOS SINTÉTICOS DE DEMOSTRACIÓN,DEMO: generado localmente,2026-10-08
Logroño,Palencia,25_34_R2,220.05,2.8212,8.0,mixta_demo,DATOS SINTÉTICOS DE DEMOSTRACIÓN,DEMO: generado localmente,2026-10-08
Logroño,Palencia,25_34_R3,217.805,3.1115,0.0,economica_demo,DATOS SINTÉTICOS DE DEMOSTRACIÓN,DEMO: generado localmente,2026-10-08
Logroño,Pontevedra,25_35_R1,636.545,7.2335,0.0,rapida_demo,DATOS SINTÉTICOS DE DEMOSTRACIÓN,DEMO: generado localmente,2026-10-08
Logroño,Pontevedra,25_35_R2,623.814,7.9976,8.0,mixta_demo,DATOS SINTÉTICOS DE DEMOSTRACIÓN,DEMO: generado localmente,2026-10-08
Logroño,Pontevedra,25_35_R3,617.449,8.8207,0.0,economica_demo,DATOS SINTÉTICOS DE DEMOSTRACIÓN,DEMO: generado localmente,2026-10-08
Logroño,Salamanca,25_36_R1,394.215,4.4797,0.0,rapida_demo,DATOS SINTÉTICOS DE DEMOSTRACIÓN,DEMO: generado localmente,2026-10-08
Logroño,Salamanca,25_36_R2,386.331,4.953,8.0,mixta_demo,DATOS SINTÉTICOS DE DEMOSTRACIÓN,DEMO: generado localmente,2026-10-08
Logroño,Salamanca,25_36_R3,382.388,5.4627,0.0,economica_demo,DATOS SINTÉTICOS DE DEMOSTRACIÓN,DEMO: generado localmente,2026-10-08
Logroño,Segovia,25_37_R1,273.776,3.1111,0.0,rapida_demo,DATOS SINTÉTICOS DE DEMOSTRACIÓN,DEMO: generado localmente,2026-10-08
Logroño,Segovia,25_37_R2,268.3,3.4397,8.0,mixta_demo,DATOS SINTÉTICOS DE DEMOSTRACIÓN,DEMO: generado localmente,2026-10-08
Logroño,Segovia,25_37_R3,265.563,3.7938,0.0,economica_demo,DATOS SINTÉTICOS DE DEMOSTRACIÓN,DEMO: generado localmente,2026-10-08
Logroño,Sevilla,25_38_R1,800.877,9.1009,0.0,rapida_demo,DATOS SINTÉTICOS DE DEMOSTRACIÓN,DEMO: generado localmente,2026-10-08
Logroño,Sevilla,25_38_R2,784.86,10.0623,8.0,mixta_demo,DATOS SINTÉTICOS DE DEMOSTRACIÓN,DEMO: generado localmente,2026-10-08
Logroño,Sevilla,25_38_R3,776.851,11.0979,0.0,economica_demo,DATOS SINTÉTICOS DE DEMOSTRACIÓN,DEMO: generado localmente,2026-10-08
Logroño,Soria,25_39_R1,97.784,1.1112,0.0,rapida_demo,DATOS SINTÉTICOS DE DEMOSTRACIÓN,DEMO: generado localmente,2026-10-08
Logroño,Soria,25_39_R2,95.829,1.2286,8.0,mixta_demo,DATOS SINTÉTICOS DE DEMOSTRACIÓN,DEMO: generado localmente,2026-10-08
Logroño,Soria,25_39_R3,94.851,1.355,0.0,economica_demo,DATOS SINTÉTICOS DE DEMOSTRACIÓN,DEMO: generado localmente,2026-10-08
Logroño,Tarragona,25_40_R1,426.13,4.8424,0.0,rapida_demo,DATOS SINTÉTICOS DE DEMOSTRACIÓN,DEMO: generado localmente,2026-10-08
Logroño,Tarragona,25_40_R2,417.608,5.3539,8.0,mixta_demo,DATOS SINTÉTICOS DE DEMOSTRACIÓN,DEMO: generado localmente,2026-10-08
Logroño,Tarragona,25_40_R3,413.346,5.9049,0.0,economica_demo,DATOS SINTÉTICOS DE DEMOSTRACIÓN,DEMO: generado localmente,2026-10-08
Logroño,Teruel,25_41_R1,326.042,3.705,0.0,rapida_demo,DATOS SINTÉTICOS DE DEMOSTRACIÓN,DEMO: generado localmente,2026-10-08
Logroño,Teruel,25_41_R2,319.522,4.0964,8.0,mixta_demo,DATOS SINTÉTICOS DE DEMOSTRACIÓN,DEMO: generado localmente,2026-10-08
Logroño,Teruel,25_41_R3,316.261,4.518,0.0,economica_demo,DATOS SINTÉTICOS DE DEMOSTRACIÓN,DEMO: generado localmente,2026-10-08
Logroño,Toledo,25_42_R1,398.898,4.5329,0.0,rapida_demo,DATOS SINTÉTICOS DE DEMOSTRACIÓN,DEMO: generado localmente,2026-10-08
Logroño,Toledo,25_42_R2,390.92,5.0118,8.0,mixta_demo,DATOS SINTÉTICOS DE DEMOSTRACIÓN,DEMO: generado localmente,2026-10-08
Logroño,Toledo,25_42_R3,386.931,5.5276,0.0,economica_demo,DATOS SINTÉTICOS DE DEMOSTRACIÓN,DEMO: generado localmente,2026-10-08
Logroño,Valencia,25_43_R1,469.296,5.3329,0.0,rapida_demo,DATOS SINTÉTICOS DE DEMOSTRACIÓN,DEMO: generado localmente,2026-10-08
Logroño,Valencia,25_43_R2,459.91,5.8963,8.0,mixta_demo,DATOS SINTÉTICOS DE DEMOSTRACIÓN,DEMO: generado localmente,2026-10-08
Logroño,Valencia,25_43_R3,455.217,6.5031,0.0,economica_demo,DATOS SINTÉTICOS DE DEMOSTRACIÓN,DEMO: generado localmente,2026-10-08
Logroño,Valladolid,25_44_R1,261.943,2.9766,0.0,rapida_demo,DATOS SINTÉTICOS DE DEMOSTRACIÓN,DEMO: generado localmente,2026-10-08
Logroño,Valladolid,25_44_R2,256.704,3.2911,8.0,mixta_demo,DATOS SINTÉTICOS DE DEMOSTRACIÓN,DEMO: generado localmente,2026-10-08
Logroño,Valladolid,25_44_R3,254.085,3.6298,0.0,economica_demo,DATOS SINTÉTICOS DE DEMOSTRACIÓN,DEMO: generado localmente,2026-10-08
Logroño,Zamora,25_45_R1,366.977,4.1702,0.0,rapida_demo,DATOS SINTÉTICOS DE DEMOSTRACIÓN,DEMO: generado localmente,2026-10-08
Logroño,Zamora,25_45_R2,359.637,4.6107,8.0,mixta_demo,DATOS SINTÉTICOS DE DEMOSTRACIÓN,DEMO: generado localmente,2026-10-08
Logroño,Zamora,25_45_R3,355.967,5.0852,0.0,economica_demo,DATOS SINTÉTICOS DE DEMOSTRACIÓN,DEMO: generado localmente,2026-10-08
Logroño,Zaragoza,25_46_R1,196.597,2.2341,0.0,rapida_demo,DATOS SINTÉTICOS DE DEMOSTRACIÓN,DEMO: generado localmente,2026-10-08
Logroño,Zaragoza,25_46_R2,192.665,2.4701,8.0,mixta_demo,DATOS SINTÉTICOS DE DEMOSTRACIÓN,DEMO: generado localmente,2026-10-08
Logroño,Zaragoza,25_46_R3,190.699,2.7243,0.0,economica_demo,DATOS SINTÉTICOS DE DEMOSTRACIÓN,DEMO: generado localmente,2026-10-08
León,Lleida,26_27_R1,653.711,7.4285,0.0,rapida_demo,DATOS SINTÉTICOS DE DEMOSTRACIÓN,DEMO: generado localmente,2026-10-08
León,Lleida,26_27_R2,640.637,8.2133,8.0,mixta_demo,DATOS SINTÉTICOS DE DEMOSTRACIÓN,DEMO: generado localmente,2026-10-08
León,Lleida,26_27_R3,634.1,9.0586,0.0,economica_demo,DATOS SINTÉTICOS DE DEMOSTRACIÓN,DEMO: generado localmente,2026-10-08
León,Lugo,26_28_R1,210.025,2.3867,0.0,rapida_demo,DATOS SINTÉTICOS DE DEMOSTRACIÓN,DEMO: generado localmente,2026-10-08
León,Lugo,26_28_R2,205.825,2.6388,8.0,mixta_demo,DATOS SINTÉTICOS DE DEMOSTRACIÓN,DEMO: generado localmente,2026-10-08
León,Lugo,26_28_R3,203.725,2.9104,0.0,economica_demo,DATOS SINTÉTICOS DE DEMOSTRACIÓN,DEMO: generado localmente,2026-10-08
León,Madrid,26_29_R1,360.641,4.0982,0.0,rapida_demo,DATOS SINTÉTICOS DE DEMOSTRACIÓN,DEMO: generado localmente,2026-10-08
León,Madrid,26_29_R2,353.428,4.5311,8.0,mixta_demo,DATOS SINTÉTICOS DE DEMOSTRACIÓN,DEMO: generado localmente,2026-10-08
León,Madrid,26_29_R3,349.822,4.9975,0.0,economica_demo,DATOS SINTÉTICOS DE DEMOSTRACIÓN,DEMO: generado localmente,2026-10-08
León,Málaga,26_30_R1,826.256,9.3893,0.0,rapida_demo,DATOS SINTÉTICOS DE DEMOSTRACIÓN,DEMO: generado localmente,2026-10-08
León,Málaga,26_30_R2,809.731,10.3812,8.0,mixta_demo,DATOS SINTÉTICOS DE DEMOSTRACIÓN,DEMO: generado localmente,2026-10-08
León,Málaga,26_30_R3,801.468,11.4495,0.0,economica_demo,DATOS SINTÉTICOS DE DEMOSTRACIÓN,DEMO: generado localmente,2026-10-08
León,Murcia,26_31_R1,795.54,9.0402,0.0,rapida_demo,DATOS SINTÉTICOS DE DEMOSTRACIÓN,DEMO: generado localmente,2026-10-08
León,Murcia,26_31_R2,779.629,9.9952,8.0,mixta_demo,DATOS SINTÉTICOS DE DEMOSTRACIÓN,DEMO: generado localmente,2026-10-08
León,Murcia,26_31_R3,771.674,11.0239,0.0,economica_demo,DATOS SINTÉTICOS DE DEMOSTRACIÓN,DEMO: generado localmente,2026-10-08
León,Pamplona/Iruña,26_32_R1,402.509,4.574,0.0,rapida_demo,DATOS SINTÉTICOS DE DEMOSTRACIÓN,DEMO: generado localmente,2026-10-08
León,Pamplona/Iruña,26_32_R2,394.459,5.0572,8.0,mixta_demo,DATOS SINTÉTICOS DE DEMOSTRACIÓN,DEMO: generado localmente,2026-10-08
León,Pamplona/Iruña,26_32_R3,390.434,5.5776,0.0,economica_demo,DATOS SINTÉTICOS DE DEMOSTRACIÓN,DEMO: generado localmente,2026-10-08
León,Ourense,26_33_R1,237.559,2.6995,0.0,rapida_demo,DATOS SINTÉTICOS DE DEMOSTRACIÓN,DEMO: generado localmente,2026-10-08
León,Ourense,26_33_R2,232.808,2.9847,8.0,mixta_demo,DATOS SINTÉTICOS DE DEMOSTRACIÓN,DEMO: generado localmente,2026-10-08
León,Ourense,26_33_R3,230.432,3.2919,0.0,economica_demo,DATOS SINTÉTICOS DE DEMOSTRACIÓN,DEMO: generado localmente,2026-10-08
León,Palencia,26_34_R1,134.559,1.5291,0.0,rapida_demo,DATOS SINTÉTICOS DE DEMOSTRACIÓN,DEMO: generado localmente,2026-10-08
León,Palencia,26_34_R2,131.868,1.6906,8.0,mixta_demo,DATOS SINTÉTICOS DE DEMOSTRACIÓN,DEMO: generado localmente,2026-10-08
León,Palencia,26_34_R3,130.522,1.8646,0.0,economica_demo,DATOS SINTÉTICOS DE DEMOSTRACIÓN,DEMO: generado localmente,2026-10-08
León,Pontevedra,26_35_R1,315.622,3.5866,0.0,rapida_demo,DATOS SINTÉTICOS DE DEMOSTRACIÓN,DEMO: generado localmente,2026-10-08
León,Pontevedra,26_35_R2,309.309,3.9655,8.0,mixta_demo,DATOS SINTÉTICOS DE DEMOSTRACIÓN,DEMO: generado localmente,2026-10-08
León,Pontevedra,26_35_R3,306.153,4.3736,0.0,economica_demo,DATOS SINTÉTICOS DE DEMOSTRACIÓN,DEMO: generado localmente,2026-10-08
León,Salamanca,26_36_R1,227.044,2.58,0.0,rapida_demo,DATOS SINTÉTICOS DE DEMOSTRACIÓN,DEMO: generado localmente,2026-10-08
León,Salamanca,26_36_R2,222.503,2.8526,8.0,mixta_demo,DATOS SINTÉTICOS DE DEMOSTRACIÓN,DEMO: generado localmente,2026-10-08
León,Salamanca,26_36_R3,220.233,3.1462,0.0,economica_demo,DATOS SINTÉTICOS DE DEMOSTRACIÓN,DEMO: generado localmente,2026-10-08
León,Segovia,26_37_R1,273.853,3.112,0.0,rapida_demo,DATOS SINTÉTICOS DE DEMOSTRACIÓN,DEMO: generado localmente,2026-10-08
León,Segovia,26_37_R2,268.376,3.4407,8.0,mixta_demo,DATOS SINTÉTICOS DE DEMOSTRACIÓN,DEMO: generado localmente,2026-10-08
León,Segovia,26_37_R3,265.637,3.7948,0.0,economica_demo,DATOS SINTÉTICOS DE DEMOSTRACIÓN,DEMO: generado localmente,2026-10-08
León,Sevilla,26_38_R1,725.396,8.2431,0.0,rapida_demo,DATOS SINTÉTICOS DE DEMOSTRACIÓN,DEMO: generado localmente,2026-10-08
León,Sevilla,26_38_R2,710.888,9.1139,8.0,mixta_demo,DATOS SINTÉTICOS DE DEMOSTRACIÓN,DEMO: generado localmente,2026-10-08
León,Sevilla,26_38_R3,703.634,10.0519,0.0,economica_demo,DATOS SINTÉTICOS DE DEMOSTRACIÓN,DEMO: generado localmente,2026-10-08
León,Soria,26_39_R1,340.675,3.8713,0.0,rapida_demo,DATOS SINTÉTICOS DE DEMOSTRACIÓN,DEMO: generado localmente,2026-10-08
León,Soria,26_39_R2,333.862,4.2803,8.0,mixta_demo,DATOS SINTÉTICOS DE DEMOSTRACIÓN,DEMO: generado localmente,2026-10-08
León,Soria,26_39_R3,330.455,4.7208,0.0,economica_demo,DATOS SINTÉTICOS DE DEMOSTRACIÓN,DEMO: generado localmente,2026-10-08
León,Tarragona,26_40_R1,735.985,8.3635,0.0,rapida_demo,DATOS SINTÉTICOS DE DEMOSTRACIÓN,DEMO: generado localmente,2026-10-08
León,Tarragona,26_40_R2,721.265,9.247,8.0,mixta_demo,DATOS SINTÉTICOS DE DEMOSTRACIÓN,DEMO: generado localmente,2026-10-08
León,Tarragona,26_40_R3,713.905,10.1986,0.0,economica_demo,DATOS SINTÉTICOS DE DEMOSTRACIÓN,DEMO: generado localmente,2026-10-08
León,Teruel,26_41_R1,560.692,6.3715,0.0,rapida_demo,DATOS SINTÉTICOS DE DEMOSTRACIÓN,DEMO: generado localmente,2026-10-08
León,Teruel,26_41_R2,549.479,7.0446,8.0,mixta_demo,DATOS SINTÉTICOS DE DEMOSTRACIÓN,DEMO: generado localmente,2026-10-08
León,Teruel,26_41_R3,543.872,7.7696,0.0,economica_demo,DATOS SINTÉTICOS DE DEMOSTRACIÓN,DEMO: generado localmente,2026-10-08
León,Toledo,26_42_R1,413.961,4.7041,0.0,rapida_demo,DATOS SINTÉTICOS DE DEMOSTRACIÓN,DEMO: generado localmente,2026-10-08
León,Toledo,26_42_R2,405.682,5.201,8.0,mixta_demo,DATOS SINTÉTICOS DE DEMOSTRACIÓN,DEMO: generado localmente,2026-10-08
León,Toledo,26_42_R3,401.542,5.7363,0.0,economica_demo,DATOS SINTÉTICOS DE DEMOSTRACIÓN,DEMO: generado localmente,2026-10-08
León,Valencia,26_43_R1,696.811,7.9183,0.0,rapida_demo,DATOS SINTÉTICOS DE DEMOSTRACIÓN,DEMO: generado localmente,2026-10-08
León,Valencia,26_43_R2,682.875,8.7548,8.0,mixta_demo,DATOS SINTÉTICOS DE DEMOSTRACIÓN,DEMO: generado localmente,2026-10-08
León,Valencia,26_43_R3,675.907,9.6558,0.0,economica_demo,DATOS SINTÉTICOS DE DEMOSTRACIÓN,DEMO: generado localmente,2026-10-08
León,Valladolid,26_44_R1,157.651,1.7915,0.0,rapida_demo,DATOS SINTÉTICOS DE DEMOSTRACIÓN,DEMO: generado localmente,2026-10-08
León,Valladolid,26_44_R2,154.498,1.9807,8.0,mixta_demo,DATOS SINTÉTICOS DE DEMOSTRACIÓN,DEMO: generado localmente,2026-10-08
León,Valladolid,26_44_R3,152.922,2.1846,0.0,economica_demo,DATOS SINTÉTICOS DE DEMOSTRACIÓN,DEMO: generado localmente,2026-10-08
León,Zamora,26_45_R1,153.063,1.7394,0.0,rapida_demo,DATOS SINTÉTICOS DE DEMOSTRACIÓN,DEMO: generado localmente,2026-10-08
León,Zamora,26_45_R2,150.002,1.9231,8.0,mixta_demo,DATOS SINTÉTICOS DE DEMOSTRACIÓN,DEMO: generado localmente,2026-10-08
León,Zamora,26_45_R3,148.471,2.121,0.0,economica_demo,DATOS SINTÉTICOS DE DEMOSTRACIÓN,DEMO: generado localmente,2026-10-08
León,Zaragoza,26_46_R1,501.479,5.6986,0.0,rapida_demo,DATOS SINTÉTICOS DE DEMOSTRACIÓN,DEMO: generado localmente,2026-10-08
León,Zaragoza,26_46_R2,491.45,6.3006,8.0,mixta_demo,DATOS SINTÉTICOS DE DEMOSTRACIÓN,DEMO: generado localmente,2026-10-08
León,Zaragoza,26_46_R3,486.435,6.9491,0.0,economica_demo,DATOS SINTÉTICOS DE DEMOSTRACIÓN,DEMO: generado localmente,2026-10-08
Lleida,Lugo,27_28_R1,862.701,9.8034,0.0,rapida_demo,DATOS SINTÉTICOS DE DEMOSTRACIÓN,DEMO: generado localmente,2026-10-08
Lleida,Lugo,27_28_R2,845.447,10.8391,8.0,mixta_demo,DATOS SINTÉTICOS DE DEMOSTRACIÓN,DEMO: generado localmente,2026-10-08
Lleida,Lugo,27_28_R3,836.82,11.9546,0.0,economica_demo,DATOS SINTÉTICOS DE DEMOSTRACIÓN,DEMO: generado localmente,2026-10-08
Lleida,Madrid,27_29_R1,482.376,5.4815,0.0,rapida_demo,DATOS SINTÉTICOS DE DEMOSTRACIÓN,DEMO: generado localmente,2026-10-08
Lleida,Madrid,27_29_R2,472.729,6.0606,8.0,mixta_demo,DATOS SINTÉTICOS DE DEMOSTRACIÓN,DEMO: generado localmente,2026-10-08
Lleida,Madrid,27_29_R3,467.905,6.6844,0.0,economica_demo,DATOS SINTÉTICOS DE DEMOSTRACIÓN,DEMO: generado localmente,2026-10-08
Lleida,Málaga,27_30_R1,870.271,9.8894,0.0,rapida_demo,DATOS SINTÉTICOS DE DEMOSTRACIÓN,DEMO: generado localmente,2026-10-08
Lleida,Málaga,27_30_R2,852.866,10.9342,8.0,mixta_demo,DATOS SINTÉTICOS DE DEMOSTRACIÓN,DEMO: generado localmente,2026-10-08
Lleida,Málaga,27_30_R3,844.163,12.0595,0.0,economica_demo,DATOS SINTÉTICOS DE DEMOSTRACIÓN,DEMO: generado localmente,2026-10-08
Lleida,Murcia,27_31_R1,538.43,6.1185,0.0,rapida_demo,DATOS SINTÉTICOS DE DEMOSTRACIÓN,DEMO: generado localmente,2026-10-08
Lleida,Murcia,27_31_R2,527.661,6.7649,8.0,mixta_demo,DATOS SINTÉTICOS DE DEMOSTRACIÓN,DEMO: generado localmente,2026-10-08
Lleida,Murcia,27_31_R3,522.277,7.4611,0.0,economica_demo,DATOS SINTÉTICOS DE DEMOSTRACIÓN,DEMO: generado localmente,2026-10-08
Lleida,Pamplona/Iruña,27_32_R1,287.484,3.2669,0.0,rapida_demo,DATOS SINTÉTICOS DE DEMOSTRACIÓN,DEMO: generado localmente,2026-10-08
Lleida,Pamplona/Iruña,27_32_R2,281.735,3.612,8.0,mixta_demo,DATOS SINTÉTICOS DE DEMOSTRACIÓN,DEMO: generado localmente,2026-10-08
Lleida,Pamplona/Iruña,27_32_R3,278.86,3.9837,0.0,economica_demo,DATOS SINTÉTICOS DE DEMOSTRACIÓN,DEMO: generado localmente,2026-10-08
Lleida,Ourense,27_33_R1,882.68,10.0305,0.0,rapida_demo,DATOS SINTÉTICOS DE DEMOSTRACIÓN,DEMO: generado localmente,2026-10-08
Lleida,Ourense,27_33_R2,865.026,11.0901,8.0,mixta_demo,DATOS SINTÉTICOS DE DEMOSTRACIÓN,DEMO: generado localmente,2026-10-08
Lleida,Ourense,27_33_R3,856.199,12.2314,0.0,economica_demo,DATOS SINTÉTICOS DE DEMOSTRACIÓN,DEMO: generado localmente,2026-10-08
Lleida,Palencia,27_34_R1,537.254,6.1052,0.0,rapida_demo,DATOS SINTÉTICOS DE DEMOSTRACIÓN,DEMO: generado localmente,2026-10-08
Lleida,Palencia,27_34_R2,526.509,6.7501,8.0,mixta_demo,DATOS SINTÉTICOS DE DEMOSTRACIÓN,DEMO: generado localmente,2026-10-08
Lleida,Palencia,27_34_R3,521.136,7.4448,0.0,economica_demo,DATOS SINTÉTICOS DE DEMOSTRACIÓN,DEMO: generado localmente,2026-10-08
Lleida,Pontevedra,27_35_R1,963.762,10.9518,0.0,rapida_demo,DATOS SINTÉTICOS DE DEMOSTRACIÓN,DEMO: generado localmente,2026-10-08
Lleida,Pontevedra,27_35_R2,944.486,12.1088,8.0,mixta_demo,DATOS SINTÉTICOS DE DEMOSTRACIÓN,DEMO: generado localmente,2026-10-08
Lleida,Pontevedra,27_35_R3,934.849,13.355,0.0,economica_demo,DATOS SINTÉTICOS DE DEMOSTRACIÓN,DEMO: generado localmente,2026-10-08
Lleida,Salamanca,27_36_R1,662.96,7.5336,0.0,rapida_demo,DATOS SINTÉTICOS DE DEMOSTRACIÓN,DEMO: generado localmente,2026-10-08
Lleida,Salamanca,27_36_R2,649.7,8.3295,8.0,mixta_demo,DATOS SINTÉTICOS DE DEMOSTRACIÓN,DEMO: generado localmente,2026-10-08
Lleida,Salamanca,27_36_R3,643.071,9.1867,0.0,economica_demo,DATOS SINTÉTICOS DE DEMOSTRACIÓN,DEMO: generado localmente,2026-10-08
Lleida,Segovia,27_37_R1,504.675,5.7349,0.0,rapida_demo,DATOS SINTÉTICOS DE DEMOSTRACIÓN,DEMO: generado localmente,2026-10-08
Lleida,Segovia,27_37_R2,494.582,6.3408,8.0,mixta_demo,DATOS SINTÉTICOS DE DEMOSTRACIÓN,DEMO: generado localmente,2026-10-08
Lleida,Segovia,27_37_R3,489.535,6.9934,0.0,economica_demo,DATOS SINTÉTICOS DE DEMOSTRACIÓN,DEMO: generado localmente,2026-10-08
Lleida,Sevilla,27_38_R1,921.072,10.4667,0.0,rapida_demo,DATOS SINTÉTICOS DE DEMOSTRACIÓN,DEMO: generado localmente,2026-10-08
Lleida,Sevilla,27_38_R2,902.651,11.5724,8.0,mixta_demo,DATOS SINTÉTICOS DE DEMOSTRACIÓN,DEMO: generado localmente,2026-10-08
Lleida,Sevilla,27_38_R3,893.44,12.7634,0.0,economica_demo,DATOS SINTÉTICOS DE DEMOSTRACIÓN,DEMO: generado localmente,2026-10-08
Lleida,Soria,27_39_R1,321.457,3.6529,0.0,rapida_demo,DATOS SINTÉTICOS DE DEMOSTRACIÓN,DEMO: generado localmente,2026-10-08
Lleida,Soria,27_39_R2,315.028,4.0388,8.0,mixta_demo,DATOS SINTÉTICOS DE DEMOSTRACIÓN,DEMO: generado localmente,2026-10-08
Lleida,Soria,27_39_R3,311.813,4.4545,0.0,economica_demo,DATOS SINTÉTICOS DE DEMOSTRACIÓN,DEMO: generado localmente,2026-10-08
Lleida,Tarragona,27_40_R1,95.186,1.0817,0.0,rapida_demo,DATOS SINTÉTICOS DE DEMOSTRACIÓN,DEMO: generado localmente,2026-10-08
Lleida,Tarragona,27_40_R2,93.283,1.1959,8.0,mixta_demo,DATOS SINTÉTICOS DE DEMOSTRACIÓN,DEMO: generado localmente,2026-10-08
Lleida,Tarragona,27_40_R3,92.331,1.319,0.0,economica_demo,DATOS SINTÉTICOS DE DEMOSTRACIÓN,DEMO: generado localmente,2026-10-08
Lleida,Teruel,27_41_R1,253.669,2.8826,0.0,rapida_demo,DATOS SINTÉTICOS DE DEMOSTRACIÓN,DEMO: generado localmente,2026-10-08
Lleida,Teruel,27_41_R2,248.595,3.1871,8.0,mixta_demo,DATOS SINTÉTICOS DE DEMOSTRACIÓN,DEMO: generado localmente,2026-10-08
Lleida,Teruel,27_41_R3,246.059,3.5151,0.0,economica_demo,DATOS SINTÉTICOS DE DEMOSTRACIÓN,DEMO: generado localmente,2026-10-08
Lleida,Toledo,27_42_R1,547.407,6.2205,0.0,rapida_demo,DATOS SINTÉTICOS DE DEMOSTRACIÓN,DEMO: generado localmente,2026-10-08
Lleida,Toledo,27_42_R2,536.459,6.8777,8.0,mixta_demo,DATOS SINTÉTICOS DE DEMOSTRACIÓN,DEMO: generado localmente,2026-10-08
Lleida,Toledo,27_42_R3,530.985,7.5855,0.0,economica_demo,DATOS SINTÉTICOS DE DEMOSTRACIÓN,DEMO: generado localmente,2026-10-08
Lleida,Valencia,27_43_R1,316.412,3.5956,0.0,rapida_demo,DATOS SINTÉTICOS DE DEMOSTRACIÓN,DEMO: generado localmente,2026-10-08
Lleida,Valencia,27_43_R2,310.084,3.9754,8.0,mixta_demo,DATOS SINTÉTICOS DE DEMOSTRACIÓN,DEMO: generado localmente,2026-10-08
Lleida,Valencia,27_43_R3,306.92,4.3846,0.0,economica_demo,DATOS SINTÉTICOS DE DEMOSTRACIÓN,DEMO: generado localmente,2026-10-08
Lleida,Valladolid,27_44_R1,556.284,6.3214,0.0,rapida_demo,DATOS SINTÉTICOS DE DEMOSTRACIÓN,DEMO: generado localmente,2026-10-08
Lleida,Valladolid,27_44_R2,545.158,6.9892,8.0,mixta_demo,DATOS SINTÉTICOS DE DEMOSTRACIÓN,DEMO: generado localmente,2026-10-08
Lleida,Valladolid,27_44_R3,539.595,7.7085,0.0,economica_demo,DATOS SINTÉTICOS DE DEMOSTRACIÓN,DEMO: generado localmente,2026-10-08
Lleida,Zamora,27_45_R1,662.928,7.5333,0.0,rapida_demo,DATOS SINTÉTICOS DE DEMOSTRACIÓN,DEMO: generado localmente,2026-10-08
Lleida,Zamora,27_45_R2,649.67,8.3291,8.0,mixta_demo,DATOS SINTÉTICOS DE DEMOSTRACIÓN,DEMO: generado localmente,2026-10-08
Lleida,Zamora,27_45_R3,643.04,9.1863,0.0,economica_demo,DATOS SINTÉTICOS DE DEMOSTRACIÓN,DEMO: generado localmente,2026-10-08
Lleida,Zaragoza,27_46_R1,156.349,1.7767,0.0,rapida_demo,DATOS SINTÉTICOS DE DEMOSTRACIÓN,DEMO: generado localmente,2026-10-08
Lleida,Zaragoza,27_46_R2,153.222,1.9644,8.0,mixta_demo,DATOS SINTÉTICOS DE DEMOSTRACIÓN,DEMO: generado localmente,2026-10-08
Lleida,Zaragoza,27_46_R3,151.658,2.1665,0.0,economica_demo,DATOS SINTÉTICOS DE DEMOSTRACIÓN,DEMO: generado localmente,2026-10-08
Lugo,Madrid,28_29_R1,538.77,6.1224,0.0,rapida_demo,DATOS SINTÉTICOS DE DEMOSTRACIÓN,DEMO: generado localmente,2026-10-08
Lugo,Madrid,28_29_R2,527.995,6.7692,8.0,mixta_demo,DATOS SINTÉTICOS DE DEMOSTRACIÓN,DEMO: generado localmente,2026-10-08
Lugo,Madrid,28_29_R3,522.607,7.4658,0.0,economica_demo,DATOS SINTÉTICOS DE DEMOSTRACIÓN,DEMO: generado localmente,2026-10-08
Lugo,Málaga,28_30_R1,936.053,10.637,0.0,rapida_demo,DATOS SINTÉTICOS DE DEMOSTRACIÓN,DEMO: generado localmente,2026-10-08
Lugo,Málaga,28_30_R2,917.332,11.7607,8.0,mixta_demo,DATOS SINTÉTICOS DE DEMOSTRACIÓN,DEMO: generado localmente,2026-10-08
Lugo,Málaga,28_30_R3,907.972,12.971,0.0,economica_demo,DATOS SINTÉTICOS DE DEMOSTRACIÓN,DEMO: generado localmente,2026-10-08
Lugo,Murcia,28_31_R1,973.766,11.0655,0.0,rapida_demo,DATOS SINTÉTICOS DE DEMOSTRACIÓN,DEMO: generado localmente,2026-10-08
Lugo,Murcia,28_31_R2,954.29,12.2345,8.0,mixta_demo,DATOS SINTÉTICOS DE DEMOSTRACIÓN,DEMO: generado localmente,2026-10-08
Lugo,Murcia,28_31_R3,944.553,13.4936,0.0,economica_demo,DATOS SINTÉTICOS DE DEMOSTRACIÓN,DEMO: generado localmente,2026-10-08
Lugo,Pamplona/Iruña,28_32_R1,602.198,6.8432,0.0,rapida_demo,DATOS SINTÉTICOS DE DEMOSTRACIÓN,DEMO: generado localmente,2026-10-08
Lugo,Pamplona/Iruña,28_32_R2,590.154,7.5661,8.0,mixta_demo,DATOS SINTÉTICOS DE DEMOSTRACIÓN,DEMO: generado localmente,2026-10-08
Lugo,Pamplona/Iruña,28_32_R3,584.132,8.3447,0.0,economica_demo,DATOS SINTÉTICOS DE DEMOSTRACIÓN,DEMO: generado localmente,2026-10-08
Lugo,Ourense,28_33_R1,98.899,1.1239,0.0,rapida_demo,DATOS SINTÉTICOS DE DEMOSTRACIÓN,DEMO: generado localmente,2026-10-08
Lugo,Ourense,28_33_R2,96.921,1.2426,8.0,mixta_demo,DATOS SINTÉTICOS DE DEMOSTRACIÓN,DEMO: generado localmente,2026-10-08
Lugo,Ourense,28_33_R3,95.932,1.3705,0.0,economica_demo,DATOS SINTÉTICOS DE DEMOSTRACIÓN,DEMO: generado localmente,2026-10-08
Lugo,Palencia,28_34_R1,339.387,3.8567,0.0,rapida_demo,DATOS SINTÉTICOS DE DEMOSTRACIÓN,DEMO: generado localmente,2026-10-08
Lugo,Palencia,28_34_R2,332.599,4.2641,8.0,mixta_demo,DATOS SINTÉTICOS DE DEMOSTRACIÓN,DEMO: generado localmente,2026-10-08
Lugo,Palencia,28_34_R3,329.205,4.7029,0.0,economica_demo,DATOS SINTÉTICOS DE DEMOSTRACIÓN,DEMO: generado localmente,2026-10-08
Lugo,Pontevedra,28_35_R1,137.371,1.561,0.0,rapida_demo,DATOS SINTÉTICOS DE DEMOSTRACIÓN,DEMO: generado localmente,2026-10-08
Lugo,Pontevedra,28_35_R2,134.624,1.7259,8.0,mixta_demo,DATOS SINTÉTICOS DE DEMOSTRACIÓN,DEMO: generado localmente,2026-10-08
Lugo,Pontevedra,28_35_R3,133.25,1.9036,0.0,economica_demo,DATOS SINTÉTICOS DE DEMOSTRACIÓN,DEMO: generado localmente,2026-10-08
Lugo,Salamanca,28_36_R1,344.888,3.9192,0.0,rapida_demo,DATOS SINTÉTICOS DE DEMOSTRACIÓN,DEMO: generado localmente,2026-10-08
Lugo,Salamanca,28_36_R2,337.99,4.3332,8.0,mixta_demo,DATOS SINTÉTICOS DE DEMOSTRACIÓN,DEMO: generado localmente,2026-10-08
Lugo,Salamanca,28_36_R3,334.541,4.7792,0.0,economica_demo,DATOS SINTÉTICOS DE DEMOSTRACIÓN,DEMO: generado localmente,2026-10-08
Lugo,Segovia,28_37_R1,455.61,5.1774,0.0,rapida_demo,DATOS SINTÉTICOS DE DEMOSTRACIÓN,DEMO: generado localmente,2026-10-08
Lugo,Segovia,28_37_R2,446.498,5.7243,8.0,mixta_demo,DATOS SINTÉTICOS DE DEMOSTRACIÓN,DEMO: generado localmente,2026-10-08
Lugo,Segovia,28_37_R3,441.942,6.3135,0.0,economica_demo,DATOS SINTÉTICOS DE DEMOSTRACIÓN,DEMO: generado localmente,2026-10-08
Lugo,Sevilla,28_38_R1,798.678,9.0759,0.0,rapida_demo,DATOS SINTÉTICOS DE DEMOSTRACIÓN,DEMO: generado localmente,2026-10-08
Lugo,Sevilla,28_38_R2,782.705,10.0347,8.0,mixta_demo,DATOS SINTÉTICOS DE DEMOSTRACIÓN,DEMO: generado localmente,2026-10-08
Lugo,Sevilla,28_38_R3,774.718,11.0674,0.0,economica_demo,DATOS SINTÉTICOS DE DEMOSTRACIÓN,DEMO: generado localmente,2026-10-08
Lugo,Soria,28_39_R1,550.591,6.2567,0.0,rapida_demo,DATOS SINTÉTICOS DE DEMOSTRACIÓN,DEMO: generado localmente,2026-10-08
Lugo,Soria,28_39_R2,539.58,6.9177,8.0,mixta_demo,DATOS SINTÉTICOS DE DEMOSTRACIÓN,DEMO: generado localmente,2026-10-08
Lugo,Soria,28_39_R3,534.074,7.6296,0.0,economica_demo,DATOS SINTÉTICOS DE DEMOSTRACIÓN,DEMO: generado localmente,2026-10-08
Lugo,Tarragona,28_40_R1,945.844,10.7482,0.0,rapida_demo,DATOS SINTÉTICOS DE DEMOSTRACIÓN,DEMO: generado localmente,2026-10-08
Lugo,Tarragona,28_40_R2,926.927,11.8837,8.0,mixta_demo,DATOS SINTÉTICOS DE DEMOSTRACIÓN,DEMO: generado localmente,2026-10-08
Lugo,Tarragona,28_40_R3,917.469,13.1067,0.0,economica_demo,DATOS SINTÉTICOS DE DEMOSTRACIÓN,DEMO: generado localmente,2026-10-08
Lugo,Teruel,28_41_R1,764.803,8.6909,0.0,rapida_demo,DATOS SINTÉTICOS DE DEMOSTRACIÓN,DEMO: generado localmente,2026-10-08
Lugo,Teruel,28_41_R2,749.507,9.6091,8.0,mixta_demo,DATOS SINTÉTICOS DE DEMOSTRACIÓN,DEMO: generado localmente,2026-10-08
Lugo,Teruel,28_41_R3,741.859,10.598,0.0,economica_demo,DATOS SINTÉTICOS DE DEMOSTRACIÓN,DEMO: generado localmente,2026-10-08
Lugo,Toledo,28_42_R1,572.131,6.5015,0.0,rapida_demo,DATOS SINTÉTICOS DE DEMOSTRACIÓN,DEMO: generado localmente,2026-10-08
Lugo,Toledo,28_42_R2,560.689,7.1883,8.0,mixta_demo,DATOS SINTÉTICOS DE DEMOSTRACIÓN,DEMO: generado localmente,2026-10-08
Lugo,Toledo,28_42_R3,554.967,7.9281,0.0,economica_demo,DATOS SINTÉTICOS DE DEMOSTRACIÓN,DEMO: generado localmente,2026-10-08
Lugo,Valencia,28_43_R1,896.704,10.1898,0.0,rapida_demo,DATOS SINTÉTICOS DE DEMOSTRACIÓN,DEMO: generado localmente,2026-10-08
Lugo,Valencia,28_43_R2,878.77,11.2663,8.0,mixta_demo,DATOS SINTÉTICOS DE DEMOSTRACIÓN,DEMO: generado localmente,2026-10-08
Lugo,Valencia,28_43_R3,869.803,12.4258,0.0,economica_demo,DATOS SINTÉTICOS DE DEMOSTRACIÓN,DEMO: generado localmente,2026-10-08
Lugo,Valladolid,28_44_R1,346.348,3.9358,0.0,rapida_demo,DATOS SINTÉTICOS DE DEMOSTRACIÓN,DEMO: generado localmente,2026-10-08
Lugo,Valladolid,28_44_R2,339.421,4.3516,8.0,mixta_demo,DATOS SINTÉTICOS DE DEMOSTRACIÓN,DEMO: generado localmente,2026-10-08
Lugo,Valladolid,28_44_R3,335.958,4.7994,0.0,economica_demo,DATOS SINTÉTICOS DE DEMOSTRACIÓN,DEMO: generado localmente,2026-10-08
Lugo,Zamora,28_45_R1,280.06,3.1825,0.0,rapida_demo,DATOS SINTÉTICOS DE DEMOSTRACIÓN,DEMO: generado localmente,2026-10-08
Lugo,Zamora,28_45_R2,274.459,3.5187,8.0,mixta_demo,DATOS SINTÉTICOS DE DEMOSTRACIÓN,DEMO: generado localmente,2026-10-08
Lugo,Zamora,28_45_R3,271.658,3.8808,0.0,economica_demo,DATOS SINTÉTICOS DE DEMOSTRACIÓN,DEMO: generado localmente,2026-10-08
Lugo,Zaragoza,28_46_R1,711.306,8.083,0.0,rapida_demo,DATOS SINTÉTICOS DE DEMOSTRACIÓN,DEMO: generado localmente,2026-10-08
Lugo,Zaragoza,28_46_R2,697.08,8.9369,8.0,mixta_demo,DATOS SINTÉTICOS DE DEMOSTRACIÓN,DEMO: generado localmente,2026-10-08
Lugo,Zaragoza,28_46_R3,689.967,9.8567,0.0,economica_demo,DATOS SINTÉTICOS DE DEMOSTRACIÓN,DEMO: generado localmente,2026-10-08
Madrid,Málaga,29_30_R1,520.068,5.9099,0.0,rapida_demo,DATOS SINTÉTICOS DE DEMOSTRACIÓN,DEMO: generado localmente,2026-10-08
Madrid,Málaga,29_30_R2,509.667,6.5342,8.0,mixta_demo,DATOS SINTÉTICOS DE DEMOSTRACIÓN,DEMO: generado localmente,2026-10-08
Madrid,Málaga,29_30_R3,504.466,7.2067,0.0,economica_demo,DATOS SINTÉTICOS DE DEMOSTRACIÓN,DEMO: generado localmente,2026-10-08
Madrid,Murcia,29_31_R1,436.691,4.9624,0.0,rapida_demo,DATOS SINTÉTICOS DE DEMOSTRACIÓN,DEMO: generado localmente,2026-10-08
Madrid,Murcia,29_31_R2,427.958,5.4866,8.0,mixta_demo,DATOS SINTÉTICOS DE DEMOSTRACIÓN,DEMO: generado localmente,2026-10-08
Madrid,Murcia,29_31_R3,423.591,6.0513,0.0,economica_demo,DATOS SINTÉTICOS DE DEMOSTRACIÓN,DEMO: generado localmente,2026-10-08
Madrid,Pamplona/Iruña,29_32_R1,395.574,4.4952,0.0,rapida_demo,DATOS SINTÉTICOS DE DEMOSTRACIÓN,DEMO: generado localmente,2026-10-08
Madrid,Pamplona/Iruña,29_32_R2,387.663,4.97,8.0,mixta_demo,DATOS SINTÉTICOS DE DEMOSTRACIÓN,DEMO: generado localmente,2026-10-08
Madrid,Pamplona/Iruña,29_32_R3,383.707,5.4815,0.0,economica_demo,DATOS SINTÉTICOS DE DEMOSTRACIÓN,DEMO: generado localmente,2026-10-08
Madrid,Ourense,29_33_R1,510.086,5.7964,0.0,rapida_demo,DATOS SINTÉTICOS DE DEMOSTRACIÓN,DEMO: generado localmente,2026-10-08
Madrid,Ourense,29_33_R2,499.884,6.4088,8.0,mixta_demo,DATOS SINTÉTICOS DE DEMOSTRACIÓN,DEMO: generado localmente,2026-10-08
Madrid,Ourense,29_33_R3,494.783,7.0683,0.0,economica_demo,DATOS SINTÉTICOS DE DEMOSTRACIÓN,DEMO: generado localmente,2026-10-08
Madrid,Palencia,29_34_R1,238.111,2.7058,0.0,rapida_demo,DATOS SINTÉTICOS DE DEMOSTRACIÓN,DEMO: generado localmente,2026-10-08
Madrid,Palencia,29_34_R2,233.349,2.9917,8.0,mixta_demo,DATOS SINTÉTICOS DE DEMOSTRACIÓN,DEMO: generado localmente,2026-10-08
Madrid,Palencia,29_34_R3,230.968,3.2995,0.0,economica_demo,DATOS SINTÉTICOS DE DEMOSTRACIÓN,DEMO: generado localmente,2026-10-08
Madrid,Pontevedra,29_35_R1,587.183,6.6725,0.0,rapida_demo,DATOS SINTÉTICOS DE DEMOSTRACIÓN,DEMO: generado localmente,2026-10-08
Madrid,Pontevedra,29_35_R2,575.439,7.3774,8.0,mixta_demo,DATOS SINTÉTICOS DE DEMOSTRACIÓN,DEMO: generado localmente,2026-10-08
Madrid,Pontevedra,29_35_R3,569.567,8.1367,0.0,economica_demo,DATOS SINTÉTICOS DE DEMOSTRACIÓN,DEMO: generado localmente,2026-10-08
Madrid,Salamanca,29_36_R1,221.23,2.514,0.0,rapida_demo,DATOS SINTÉTICOS DE DEMOSTRACIÓN,DEMO: generado localmente,2026-10-08
Madrid,Salamanca,29_36_R2,216.805,2.7796,8.0,mixta_demo,DATOS SINTÉTICOS DE DEMOSTRACIÓN,DEMO: generado localmente,2026-10-08
Madrid,Salamanca,29_36_R3,214.593,3.0656,0.0,economica_demo,DATOS SINTÉTICOS DE DEMOSTRACIÓN,DEMO: generado localmente,2026-10-08
Madrid,Segovia,29_37_R1,86.798,0.9863,0.0,rapida_demo,DATOS SINTÉTICOS DE DEMOSTRACIÓN,DEMO: generado localmente,2026-10-08
Madrid,Segovia,29_37_R2,85.062,1.0905,8.0,mixta_demo,DATOS SINTÉTICOS DE DEMOSTRACIÓN,DEMO: generado localmente,2026-10-08
Madrid,Segovia,29_37_R3,84.194,1.2028,0.0,economica_demo,DATOS SINTÉTICOS DE DEMOSTRACIÓN,DEMO: generado localmente,2026-10-08
Madrid,Sevilla,29_38_R1,489.278,5.56,0.0,rapida_demo,DATOS SINTÉTICOS DE DEMOSTRACIÓN,DEMO: generado localmente,2026-10-08
Madrid,Sevilla,29_38_R2,479.493,6.1473,8.0,mixta_demo,DATOS SINTÉTICOS DE DEMOSTRACIÓN,DEMO: generado localmente,2026-10-08
Madrid,Sevilla,29_38_R3,474.6,6.78,0.0,economica_demo,DATOS SINTÉTICOS DE DEMOSTRACIÓN,DEMO: generado localmente,2026-10-08
Madrid,Soria,29_39_R1,226.804,2.5773,0.0,rapida_demo,DATOS SINTÉTICOS DE DEMOSTRACIÓN,DEMO: generado localmente,2026-10-08
Madrid,Soria,29_39_R2,222.268,2.8496,8.0,mixta_demo,DATOS SINTÉTICOS DE DEMOSTRACIÓN,DEMO: generado localmente,2026-10-08
Madrid,Soria,29_39_R3,220.0,3.1429,0.0,economica_demo,DATOS SINTÉTICOS DE DEMOSTRACIÓN,DEMO: generado localmente,2026-10-08
Madrid,Tarragona,29_40_R1,529.564,6.0178,0.0,rapida_demo,DATOS SINTÉTICOS DE DEMOSTRACIÓN,DEMO: generado localmente,2026-10-08
Madrid,Tarragona,29_40_R2,518.973,6.6535,8.0,mixta_demo,DATOS SINTÉTICOS DE DEMOSTRACIÓN,DEMO: generado localmente,2026-10-08
Madrid,Tarragona,29_40_R3,513.677,7.3382,0.0,economica_demo,DATOS SINTÉTICOS DE DEMOSTRACIÓN,DEMO: generado localmente,2026-10-08
Madrid,Teruel,29_41_R1,273.776,3.1111,0.0,rapida_demo,DATOS SINTÉTICOS DE DEMOSTRACIÓN,DEMO: generado localmente,2026-10-08
Madrid,Teruel,29_41_R2,268.3,3.4397,8.0,mixta_demo,DATOS SINTÉTICOS DE DEMOSTRACIÓN,DEMO: generado localmente,2026-10-08
Madrid,Teruel,29_41_R3,265.563,3.7938,0.0,economica_demo,DATOS SINTÉTICOS DE DEMOSTRACIÓN,DEMO: generado localmente,2026-10-08
Madrid,Toledo,29_42_R1,85.836,0.9754,0.0,rapida_demo,DATOS SINTÉTICOS DE DEMOSTRACIÓN,DEMO: generado localmente,2026-10-08
Madrid,Toledo,29_42_R2,84.119,1.0785,8.0,mixta_demo,DATOS SINTÉTICOS DE DEMOSTRACIÓN,DEMO: generado localmente,2026-10-08
Madrid,Toledo,29_42_R3,83.261,1.1894,0.0,economica_demo,DATOS SINTÉTICOS DE DEMOSTRACIÓN,DEMO: generado localmente,2026-10-08
Madrid,Valencia,29_43_R1,377.01,4.2842,0.0,rapida_demo,DATOS SINTÉTICOS DE DEMOSTRACIÓN,DEMO: generado localmente,2026-10-08
Madrid,Valencia,29_43_R2,369.47,4.7368,8.0,mixta_demo,DATOS SINTÉTICOS DE DEMOSTRACIÓN,DEMO: generado localmente,2026-10-08
Madrid,Valencia,29_43_R3,365.7,5.2243,0.0,economica_demo,DATOS SINTÉTICOS DE DEMOSTRACIÓN,DEMO: generado localmente,2026-10-08
Madrid,Valladolid,29_44_R1,202.994,2.3068,0.0,rapida_demo,DATOS SINTÉTICOS DE DEMOSTRACIÓN,DEMO: generado localmente,2026-10-08
Madrid,Valladolid,29_44_R2,198.934,2.5504,8.0,mixta_demo,DATOS SINTÉTICOS DE DEMOSTRACIÓN,DEMO: generado localmente,2026-10-08
Madrid,Valladolid,29_44_R3,196.904,2.8129,0.0,economica_demo,DATOS SINTÉTICOS DE DEMOSTRACIÓN,DEMO: generado localmente,2026-10-08
Madrid,Zamora,29_45_R1,263.168,2.9905,0.0,rapida_demo,DATOS SINTÉTICOS DE DEMOSTRACIÓN,DEMO: generado localmente,2026-10-08
Madrid,Zamora,29_45_R2,257.905,3.3065,8.0,mixta_demo,DATOS SINTÉTICOS DE DEMOSTRACIÓN,DEMO: generado localmente,2026-10-08
Madrid,Zamora,29_45_R3,255.273,3.6468,0.0,economica_demo,DATOS SINTÉTICOS DE DEMOSTRACIÓN,DEMO: generado localmente,2026-10-08
Madrid,Zaragoza,29_46_R1,341.51,3.8808,0.0,rapida_demo,DATOS SINTÉTICOS DE DEMOSTRACIÓN,DEMO: generado localmente,2026-10-08
Madrid,Zaragoza,29_46_R2,334.68,4.2908,8.0,mixta_demo,DATOS SINTÉTICOS DE DEMOSTRACIÓN,DEMO: generado localmente,2026-10-08
Madrid,Zaragoza,29_46_R3,331.265,4.7324,0.0,economica_demo,DATOS SINTÉTICOS DE DEMOSTRACIÓN,DEMO: generado localmente,2026-10-08
Málaga,Murcia,30_31_R1,403.137,4.5811,0.0,rapida_demo,DATOS SINTÉTICOS DE DEMOSTRACIÓN,DEMO: generado localmente,2026-10-08
Málaga,Murcia,30_31_R2,395.074,5.0651,8.0,mixta_demo,DATOS SINTÉTICOS DE DEMOSTRACIÓN,DEMO: generado localmente,2026-10-08
Málaga,Murcia,30_31_R3,391.043,5.5863,0.0,economica_demo,DATOS SINTÉTICOS DE DEMOSTRACIÓN,DEMO: generado localmente,2026-10-08
Málaga,Pamplona/Iruña,30_32_R1,897.674,10.2008,0.0,rapida_demo,DATOS SINTÉTICOS DE DEMOSTRACIÓN,DEMO: generado localmente,2026-10-08
Málaga,Pamplona/Iruña,30_32_R2,879.72,11.2785,8.0,mixta_demo,DATOS SINTÉTICOS DE DEMOSTRACIÓN,DEMO: generado localmente,2026-10-08
Málaga,Pamplona/Iruña,30_32_R3,870.744,12.4392,0.0,economica_demo,DATOS SINTÉTICOS DE DEMOSTRACIÓN,DEMO: generado localmente,2026-10-08
Málaga,Ourense,30_33_R1,863.435,9.8118,0.0,rapida_demo,DATOS SINTÉTICOS DE DEMOSTRACIÓN,DEMO: generado localmente,2026-10-08
Málaga,Ourense,30_33_R2,846.167,10.8483,8.0,mixta_demo,DATOS SINTÉTICOS DE DEMOSTRACIÓN,DEMO: generado localmente,2026-10-08
Málaga,Ourense,30_33_R3,837.532,11.9647,0.0,economica_demo,DATOS SINTÉTICOS DE DEMOSTRACIÓN,DEMO: generado localmente,2026-10-08
Málaga,Palencia,30_34_R1,735.504,8.358,0.0,rapida_demo,DATOS SINTÉTICOS DE DEMOSTRACIÓN,DEMO: generado localmente,2026-10-08
Málaga,Palencia,30_34_R2,720.794,9.241,8.0,mixta_demo,DATOS SINTÉTICOS DE DEMOSTRACIÓN,DEMO: generado localmente,2026-10-08
Málaga,Palencia,30_34_R3,713.439,10.192,0.0,economica_demo,DATOS SINTÉTICOS DE DEMOSTRACIÓN,DEMO: generado localmente,2026-10-08
Málaga,Pontevedra,30_35_R1,913.926,10.3855,0.0,rapida_demo,DATOS SINTÉTICOS DE DEMOSTRACIÓN,DEMO: generado localmente,2026-10-08
Málaga,Pontevedra,30_35_R2,895.647,11.4827,8.0,mixta_demo,DATOS SINTÉTICOS DE DEMOSTRACIÓN,DEMO: generado localmente,2026-10-08
Málaga,Pontevedra,30_35_R3,886.508,12.6644,0.0,economica_demo,DATOS SINTÉTICOS DE DEMOSTRACIÓN,DEMO: generado localmente,2026-10-08
Málaga,Salamanca,30_36_R1,605.327,6.8787,0.0,rapida_demo,DATOS SINTÉTICOS DE DEMOSTRACIÓN,DEMO: generado localmente,2026-10-08
Málaga,Salamanca,30_36_R2,593.22,7.6054,8.0,mixta_demo,DATOS SINTÉTICOS DE DEMOSTRACIÓN,DEMO: generado localmente,2026-10-08
Málaga,Salamanca,30_36_R3,587.167,8.3881,0.0,economica_demo,DATOS SINTÉTICOS DE DEMOSTRACIÓN,DEMO: generado localmente,2026-10-08
Málaga,Segovia,30_37_R1,588.826,6.6912,0.0,rapida_demo,DATOS SINTÉTICOS DE DEMOSTRACIÓN,DEMO: generado localmente,2026-10-08
Málaga,Segovia,30_37_R2,577.05,7.3981,8.0,mixta_demo,DATOS SINTÉTICOS DE DEMOSTRACIÓN,DEMO: generado localmente,2026-10-08
Málaga,Segovia,30_37_R3,571.161,8.1594,0.0,economica_demo,DATOS SINTÉTICOS DE DEMOSTRACIÓN,DEMO: generado localmente,2026-10-08
Málaga,Sevilla,30_38_R1,198.308,2.2535,0.0,rapida_demo,DATOS SINTÉTICOS DE DEMOSTRACIÓN,DEMO: generado localmente,2026-10-08
Málaga,Sevilla,30_38_R2,194.342,2.4916,8.0,mixta_demo,DATOS SINTÉTICOS DE DEMOSTRACIÓN,DEMO: generado localmente,2026-10-08
Málaga,Sevilla,30_38_R3,192.359,2.748,0.0,economica_demo,DATOS SINTÉTICOS DE DEMOSTRACIÓN,DEMO: generado localmente,2026-10-08
Málaga,Soria,30_39_R1,731.64,8.3141,0.0,rapida_demo,DATOS SINTÉTICOS DE DEMOSTRACIÓN,DEMO: generado localmente,2026-10-08
Málaga,Soria,30_39_R2,717.008,9.1924,8.0,mixta_demo,DATOS SINTÉTICOS DE DEMOSTRACIÓN,DEMO: generado localmente,2026-10-08
Málaga,Soria,30_39_R3,709.691,10.1384,0.0,economica_demo,DATOS SINTÉTICOS DE DEMOSTRACIÓN,DEMO: generado localmente,2026-10-08
Málaga,Tarragona,30_40_R1,865.295,9.8329,0.0,rapida_demo,DATOS SINTÉTICOS DE DEMOSTRACIÓN,DEMO: generado localmente,2026-10-08
Málaga,Tarragona,30_40_R2,847.989,10.8717,8.0,mixta_demo,DATOS SINTÉTICOS DE DEMOSTRACIÓN,DEMO: generado localmente,2026-10-08
Málaga,Tarragona,30_40_R3,839.336,11.9905,0.0,economica_demo,DATOS SINTÉTICOS DE DEMOSTRACIÓN,DEMO: generado localmente,2026-10-08
Málaga,Teruel,30_41_R1,618.686,7.0305,0.0,rapida_demo,DATOS SINTÉTICOS DE DEMOSTRACIÓN,DEMO: generado localmente,2026-10-08
Málaga,Teruel,30_41_R2,606.313,7.7732,8.0,mixta_demo,DATOS SINTÉTICOS DE DEMOSTRACIÓN,DEMO: generado localmente,2026-10-08
Málaga,Teruel,30_41_R3,600.126,8.5732,0.0,economica_demo,DATOS SINTÉTICOS DE DEMOSTRACIÓN,DEMO: generado localmente,2026-10-08
Málaga,Toledo,30_42_R1,437.983,4.9771,0.0,rapida_demo,DATOS SINTÉTICOS DE DEMOSTRACIÓN,DEMO: generado localmente,2026-10-08
Málaga,Toledo,30_42_R2,429.223,5.5029,8.0,mixta_demo,DATOS SINTÉTICOS DE DEMOSTRACIÓN,DEMO: generado localmente,2026-10-08
Málaga,Toledo,30_42_R3,424.843,6.0692,0.0,economica_demo,DATOS SINTÉTICOS DE DEMOSTRACIÓN,DEMO: generado localmente,2026-10-08
Málaga,Valencia,30_43_R1,583.941,6.6357,0.0,rapida_demo,DATOS SINTÉTICOS DE DEMOSTRACIÓN,DEMO: generado localmente,2026-10-08
Málaga,Valencia,30_43_R2,572.262,7.3367,8.0,mixta_demo,DATOS SINTÉTICOS DE DEMOSTRACIÓN,DEMO: generado localmente,2026-10-08
Málaga,Valencia,30_43_R3,566.423,8.0918,0.0,economica_demo,DATOS SINTÉTICOS DE DEMOSTRACIÓN,DEMO: generado localmente,2026-10-08
Málaga,Valladolid,30_44_R1,686.384,7.7998,0.0,rapida_demo,DATOS SINTÉTICOS DE DEMOSTRACIÓN,DEMO: generado localmente,2026-10-08
Málaga,Valladolid,30_44_R2,672.656,8.6238,8.0,mixta_demo,DATOS SINTÉTICOS DE DEMOSTRACIÓN,DEMO: generado localmente,2026-10-08
Málaga,Valladolid,30_44_R3,665.792,9.5113,0.0,economica_demo,DATOS SINTÉTICOS DE DEMOSTRACIÓN,DEMO: generado localmente,2026-10-08
Málaga,Zamora,30_45_R1,680.211,7.7297,0.0,rapida_demo,DATOS SINTÉTICOS DE DEMOSTRACIÓN,DEMO: generado localmente,2026-10-08
Málaga,Zamora,30_45_R2,666.607,8.5462,8.0,mixta_demo,DATOS SINTÉTICOS DE DEMOSTRACIÓN,DEMO: generado localmente,2026-10-08
Málaga,Zamora,30_45_R3,659.805,9.4258,0.0,economica_demo,DATOS SINTÉTICOS DE DEMOSTRACIÓN,DEMO: generado localmente,2026-10-08
Málaga,Zaragoza,30_46_R1,784.631,8.9163,0.0,rapida_demo,DATOS SINTÉTICOS DE DEMOSTRACIÓN,DEMO: generado localmente,2026-10-08
Málaga,Zaragoza,30_46_R2,768.938,9.8582,8.0,mixta_demo,DATOS SINTÉTICOS DE DEMOSTRACIÓN,DEMO: generado localmente,2026-10-08
Málaga,Zaragoza,30_46_R3,761.092,10.8727,0.0,economica_demo,DATOS SINTÉTICOS DE DEMOSTRACIÓN,DEMO: generado localmente,2026-10-08
Murcia,Pamplona/Iruña,31_32_R1,674.246,7.6619,0.0,rapida_demo,DATOS SINTÉTICOS DE DEMOSTRACIÓN,DEMO: generado localmente,2026-10-08
Murcia,Pamplona/Iruña,31_32_R2,660.761,8.4713,8.0,mixta_demo,DATOS SINTÉTICOS DE DEMOSTRACIÓN,DEMO: generado localmente,2026-10-08
Murcia,Pamplona/Iruña,31_32_R3,654.018,9.3431,0.0,economica_demo,DATOS SINTÉTICOS DE DEMOSTRACIÓN,DEMO: generado localmente,2026-10-08
Murcia,Ourense,31_33_R1,936.236,10.639,0.0,rapida_demo,DATOS SINTÉTICOS DE DEMOSTRACIÓN,DEMO: generado localmente,2026-10-08
Murcia,Ourense,31_33_R2,917.511,11.763,8.0,mixta_demo,DATOS SINTÉTICOS DE DEMOSTRACIÓN,DEMO: generado localmente,2026-10-08
Murcia,Ourense,31_33_R3,908.148,12.9735,0.0,economica_demo,DATOS SINTÉTICOS DE DEMOSTRACIÓN,DEMO: generado localmente,2026-10-08
Murcia,Palencia,31_34_R1,666.693,7.5761,0.0,rapida_demo,DATOS SINTÉTICOS DE DEMOSTRACIÓN,DEMO: generado localmente,2026-10-08
Murcia,Palencia,31_34_R2,653.359,8.3764,8.0,mixta_demo,DATOS SINTÉTICOS DE DEMOSTRACIÓN,DEMO: generado localmente,2026-10-08
Murcia,Palencia,31_34_R3,646.693,9.2385,0.0,economica_demo,DATOS SINTÉTICOS DE DEMOSTRACIÓN,DEMO: generado localmente,2026-10-08
Murcia,Pontevedra,31_35_R1,1008.748,11.463,0.0,rapida_demo,DATOS SINTÉTICOS DE DEMOSTRACIÓN,DEMO: generado localmente,2026-10-08
Murcia,Pontevedra,31_35_R2,988.573,12.674,8.0,mixta_demo,DATOS SINTÉTICOS DE DEMOSTRACIÓN,DEMO: generado localmente,2026-10-08
Murcia,Pontevedra,31_35_R3,978.485,13.9784,0.0,economica_demo,DATOS SINTÉTICOS DE DEMOSTRACIÓN,DEMO: generado localmente,2026-10-08
Murcia,Salamanca,31_36_R1,638.877,7.26,0.0,rapida_demo,DATOS SINTÉTICOS DE DEMOSTRACIÓN,DEMO: generado localmente,2026-10-08
Murcia,Salamanca,31_36_R2,626.099,8.0269,8.0,mixta_demo,DATOS SINTÉTICOS DE DEMOSTRACIÓN,DEMO: generado localmente,2026-10-08
Murcia,Salamanca,31_36_R3,619.711,8.853,0.0,economica_demo,DATOS SINTÉTICOS DE DEMOSTRACIÓN,DEMO: generado localmente,2026-10-08
Murcia,Segovia,31_37_R1,522.697,5.9397,0.0,rapida_demo,DATOS SINTÉTICOS DE DEMOSTRACIÓN,DEMO: generado localmente,2026-10-08
Murcia,Segovia,31_37_R2,512.243,6.5672,8.0,mixta_demo,DATOS SINTÉTICOS DE DEMOSTRACIÓN,DEMO: generado localmente,2026-10-08
Murcia,Segovia,31_37_R3,507.016,7.2431,0.0,economica_demo,DATOS SINTÉTICOS DE DEMOSTRACIÓN,DEMO: generado localmente,2026-10-08
Murcia,Sevilla,31_38_R1,541.333,6.1515,0.0,rapida_demo,DATOS SINTÉTICOS DE DEMOSTRACIÓN,DEMO: generado localmente,2026-10-08
Murcia,Sevilla,31_38_R2,530.506,6.8014,8.0,mixta_demo,DATOS SINTÉTICOS DE DEMOSTRACIÓN,DEMO: generado localmente,2026-10-08
Murcia,Sevilla,31_38_R3,525.093,7.5013,0.0,economica_demo,DATOS SINTÉTICOS DE DEMOSTRACIÓN,DEMO: generado localmente,2026-10-08
Murcia,Soria,31_39_R1,544.244,6.1846,0.0,rapida_demo,DATOS SINTÉTICOS DE DEMOSTRACIÓN,DEMO: generado localmente,2026-10-08
Murcia,Soria,31_39_R2,533.359,6.8379,8.0,mixta_demo,DATOS SINTÉTICOS DE DEMOSTRACIÓN,DEMO: generado localmente,2026-10-08
Murcia,Soria,31_39_R3,527.917,7.5417,0.0,economica_demo,DATOS SINTÉTICOS DE DEMOSTRACIÓN,DEMO: generado localmente,2026-10-08
Murcia,Tarragona,31_40_R1,504.975,5.7384,0.0,rapida_demo,DATOS SINTÉTICOS DE DEMOSTRACIÓN,DEMO: generado localmente,2026-10-08
Murcia,Tarragona,31_40_R2,494.875,6.3446,8.0,mixta_demo,DATOS SINTÉTICOS DE DEMOSTRACIÓN,DEMO: generado localmente,2026-10-08
Murcia,Tarragona,31_40_R3,489.826,6.9975,0.0,economica_demo,DATOS SINTÉTICOS DE DEMOSTRACIÓN,DEMO: generado localmente,2026-10-08
Murcia,Teruel,31_41_R1,328.046,3.7278,0.0,rapida_demo,DATOS SINTÉTICOS DE DEMOSTRACIÓN,DEMO: generado localmente,2026-10-08
Murcia,Teruel,31_41_R2,321.485,4.1216,8.0,mixta_demo,DATOS SINTÉTICOS DE DEMOSTRACIÓN,DEMO: generado localmente,2026-10-08
Murcia,Teruel,31_41_R3,318.205,4.5458,0.0,economica_demo,DATOS SINTÉTICOS DE DEMOSTRACIÓN,DEMO: generado localmente,2026-10-08
Murcia,Toledo,31_42_R1,407.135,4.6265,0.0,rapida_demo,DATOS SINTÉTICOS DE DEMOSTRACIÓN,DEMO: generado localmente,2026-10-08
Murcia,Toledo,31_42_R2,398.992,5.1153,8.0,mixta_demo,DATOS SINTÉTICOS DE DEMOSTRACIÓN,DEMO: generado localmente,2026-10-08
Murcia,Toledo,31_42_R3,394.921,5.6417,0.0,economica_demo,DATOS SINTÉTICOS DE DEMOSTRACIÓN,DEMO: generado localmente,2026-10-08
Murcia,Valencia,31_43_R1,222.146,2.5244,0.0,rapida_demo,DATOS SINTÉTICOS DE DEMOSTRACIÓN,DEMO: generado localmente,2026-10-08
Murcia,Valencia,31_43_R2,217.703,2.7911,8.0,mixta_demo,DATOS SINTÉTICOS DE DEMOSTRACIÓN,DEMO: generado localmente,2026-10-08
Murcia,Valencia,31_43_R3,215.481,3.0783,0.0,economica_demo,DATOS SINTÉTICOS DE DEMOSTRACIÓN,DEMO: generado localmente,2026-10-08
Murcia,Valladolid,31_44_R1,638.346,7.2539,0.0,rapida_demo,DATOS SINTÉTICOS DE DEMOSTRACIÓN,DEMO: generado localmente,2026-10-08
Murcia,Valladolid,31_44_R2,625.58,8.0203,8.0,mixta_demo,DATOS SINTÉTICOS DE DEMOSTRACIÓN,DEMO: generado localmente,2026-10-08
Murcia,Valladolid,31_44_R3,619.196,8.8457,0.0,economica_demo,DATOS SINTÉTICOS DE DEMOSTRACIÓN,DEMO: generado localmente,2026-10-08
Murcia,Zamora,31_45_R1,694.698,7.8943,0.0,rapida_demo,DATOS SINTÉTICOS DE DEMOSTRACIÓN,DEMO: generado localmente,2026-10-08
Murcia,Zamora,31_45_R2,680.804,8.7283,8.0,mixta_demo,DATOS SINTÉTICOS DE DEMOSTRACIÓN,DEMO: generado localmente,2026-10-08
Murcia,Zamora,31_45_R3,673.857,9.6265,0.0,economica_demo,DATOS SINTÉTICOS DE DEMOSTRACIÓN,DEMO: generado localmente,2026-10-08
Murcia,Zaragoza,31_46_R1,511.202,5.8091,0.0,rapida_demo,DATOS SINTÉTICOS DE DEMOSTRACIÓN,DEMO: generado localmente,2026-10-08
Murcia,Zaragoza,31_46_R2,500.978,6.4228,8.0,mixta_demo,DATOS SINTÉTICOS DE DEMOSTRACIÓN,DEMO: generado localmente,2026-10-08
Murcia,Zaragoza,31_46_R3,495.866,7.0838,0.0,economica_demo,DATOS SINTÉTICOS DE DEMOSTRACIÓN,DEMO: generado localmente,2026-10-08
Pamplona/Iruña,Ourense,32_33_R1,639.944,7.2721,0.0,rapida_demo,DATOS SINTÉTICOS DE DEMOSTRACIÓN,DEMO: generado localmente,2026-10-08
Pamplona/Iruña,Ourense,32_33_R2,627.145,8.0403,8.0,mixta_demo,DATOS SINTÉTICOS DE DEMOSTRACIÓN,DEMO: generado localmente,2026-10-08
Pamplona/Iruña,Ourense,32_33_R3,620.745,8.8678,0.0,economica_demo,DATOS SINTÉTICOS DE DEMOSTRACIÓN,DEMO: generado localmente,2026-10-08
Pamplona/Iruña,Palencia,32_34_R1,316.911,3.6013,0.0,rapida_demo,DATOS SINTÉTICOS DE DEMOSTRACIÓN,DEMO: generado localmente,2026-10-08
Pamplona/Iruña,Palencia,32_34_R2,310.573,3.9817,8.0,mixta_demo,DATOS SINTÉTICOS DE DEMOSTRACIÓN,DEMO: generado localmente,2026-10-08
Pamplona/Iruña,Palencia,32_34_R3,307.404,4.3915,0.0,economica_demo,DATOS SINTÉTICOS DE DEMOSTRACIÓN,DEMO: generado localmente,2026-10-08
Pamplona/Iruña,Pontevedra,32_35_R1,717.954,8.1586,0.0,rapida_demo,DATOS SINTÉTICOS DE DEMOSTRACIÓN,DEMO: generado localmente,2026-10-08
Pamplona/Iruña,Pontevedra,32_35_R2,703.595,9.0204,8.0,mixta_demo,DATOS SINTÉTICOS DE DEMOSTRACIÓN,DEMO: generado localmente,2026-10-08
Pamplona/Iruña,Pontevedra,32_35_R3,696.415,9.9488,0.0,economica_demo,DATOS SINTÉTICOS DE DEMOSTRACIÓN,DEMO: generado localmente,2026-10-08
Pamplona/Iruña,Salamanca,32_36_R1,489.075,5.5577,0.0,rapida_demo,DATOS SINTÉTICOS DE DEMOSTRACIÓN,DEMO: generado localmente,2026-10-08
Pamplona/Iruña,Salamanca,32_36_R2,479.294,6.1448,8.0,mixta_demo,DATOS SINTÉTICOS DE DEMOSTRACIÓN,DEMO: generado localmente,2026-10-08
Pamplona/Iruña,Salamanca,32_36_R3,474.403,6.7772,0.0,economica_demo,DATOS SINTÉTICOS DE DEMOSTRACIÓN,DEMO: generado localmente,2026-10-08
Pamplona/Iruña,Segovia,32_37_R1,365.018,4.1479,0.0,rapida_demo,DATOS SINTÉTICOS DE DEMOSTRACIÓN,DEMO: generado localmente,2026-10-08
Pamplona/Iruña,Segovia,32_37_R2,357.717,4.5861,8.0,mixta_demo,DATOS SINTÉTICOS DE DEMOSTRACIÓN,DEMO: generado localmente,2026-10-08
Pamplona/Iruña,Segovia,32_37_R3,354.067,5.0581,0.0,economica_demo,DATOS SINTÉTICOS DE DEMOSTRACIÓN,DEMO: generado localmente,2026-10-08
Pamplona/Iruña,Sevilla,32_38_R1,884.843,10.055,0.0,rapida_demo,DATOS SINTÉTICOS DE DEMOSTRACIÓN,DEMO: generado localmente,2026-10-08
Pamplona/Iruña,Sevilla,32_38_R2,867.146,11.1173,8.0,mixta_demo,DATOS SINTÉTICOS DE DEMOSTRACIÓN,DEMO: generado localmente,2026-10-08
Pamplona/Iruña,Sevilla,32_38_R3,858.298,12.2614,0.0,economica_demo,DATOS SINTÉTICOS DE DEMOSTRACIÓN,DEMO: generado localmente,2026-10-08
Pamplona/Iruña,Soria,32_39_R1,169.193,1.9226,0.0,rapida_demo,DATOS SINTÉTICOS DE DEMOSTRACIÓN,DEMO: generado localmente,2026-10-08
Pamplona/Iruña,Soria,32_39_R2,165.809,2.1258,8.0,mixta_demo,DATOS SINTÉTICOS DE DEMOSTRACIÓN,DEMO: generado localmente,2026-10-08
Pamplona/Iruña,Soria,32_39_R3,164.117,2.3445,0.0,economica_demo,DATOS SINTÉTICOS DE DEMOSTRACIÓN,DEMO: generado localmente,2026-10-08
Pamplona/Iruña,Tarragona,32_40_R1,381.582,4.3362,0.0,rapida_demo,DATOS SINTÉTICOS DE DEMOSTRACIÓN,DEMO: generado localmente,2026-10-08
Pamplona/Iruña,Tarragona,32_40_R2,373.951,4.7942,8.0,mixta_demo,DATOS SINTÉTICOS DE DEMOSTRACIÓN,DEMO: generado localmente,2026-10-08
Pamplona/Iruña,Tarragona,32_40_R3,370.135,5.2876,0.0,economica_demo,DATOS SINTÉTICOS DE DEMOSTRACIÓN,DEMO: generado localmente,2026-10-08
Pamplona/Iruña,Teruel,32_41_R1,348.501,3.9602,0.0,rapida_demo,DATOS SINTÉTICOS DE DEMOSTRACIÓN,DEMO: generado localmente,2026-10-08
Pamplona/Iruña,Teruel,32_41_R2,341.531,4.3786,8.0,mixta_demo,DATOS SINTÉTICOS DE DEMOSTRACIÓN,DEMO: generado localmente,2026-10-08
Pamplona/Iruña,Teruel,32_41_R3,338.046,4.8292,0.0,economica_demo,DATOS SINTÉTICOS DE DEMOSTRACIÓN,DEMO: generado localmente,2026-10-08
Pamplona/Iruña,Toledo,32_42_R1,480.825,5.4639,0.0,rapida_demo,DATOS SINTÉTICOS DE DEMOSTRACIÓN,DEMO: generado localmente,2026-10-08
Pamplona/Iruña,Toledo,32_42_R2,471.209,6.0411,8.0,mixta_demo,DATOS SINTÉTICOS DE DEMOSTRACIÓN,DEMO: generado localmente,2026-10-08
Pamplona/Iruña,Toledo,32_42_R3,466.4,6.6629,0.0,economica_demo,DATOS SINTÉTICOS DE DEMOSTRACIÓN,DEMO: generado localmente,2026-10-08
Pamplona/Iruña,Valencia,32_43_R1,483.95,5.4994,0.0,rapida_demo,DATOS SINTÉTICOS DE DEMOSTRACIÓN,DEMO: generado localmente,2026-10-08
Pamplona/Iruña,Valencia,32_43_R2,474.271,6.0804,8.0,mixta_demo,DATOS SINTÉTICOS DE DEMOSTRACIÓN,DEMO: generado localmente,2026-10-08
Pamplona/Iruña,Valencia,32_43_R3,469.432,6.7062,0.0,economica_demo,DATOS SINTÉTICOS DE DEMOSTRACIÓN,DEMO: generado localmente,2026-10-08
Pamplona/Iruña,Valladolid,32_44_R1,356.354,4.0495,0.0,rapida_demo,DATOS SINTÉTICOS DE DEMOSTRACIÓN,DEMO: generado localmente,2026-10-08
Pamplona/Iruña,Valladolid,32_44_R2,349.227,4.4773,8.0,mixta_demo,DATOS SINTÉTICOS DE DEMOSTRACIÓN,DEMO: generado localmente,2026-10-08
Pamplona/Iruña,Valladolid,32_44_R3,345.663,4.938,0.0,economica_demo,DATOS SINTÉTICOS DE DEMOSTRACIÓN,DEMO: generado localmente,2026-10-08
Pamplona/Iruña,Zamora,32_45_R1,460.433,5.2322,0.0,rapida_demo,DATOS SINTÉTICOS DE DEMOSTRACIÓN,DEMO: generado localmente,2026-10-08
Pamplona/Iruña,Zamora,32_45_R2,451.224,5.7849,8.0,mixta_demo,DATOS SINTÉTICOS DE DEMOSTRACIÓN,DEMO: generado localmente,2026-10-08
Pamplona/Iruña,Zamora,32_45_R3,446.62,6.3803,0.0,economica_demo,DATOS SINTÉTICOS DE DEMOSTRACIÓN,DEMO: generado localmente,2026-10-08
Pamplona/Iruña,Zaragoza,32_46_R1,179.811,2.0433,0.0,rapida_demo,DATOS SINTÉTICOS DE DEMOSTRACIÓN,DEMO: generado localmente,2026-10-08
Pamplona/Iruña,Zaragoza,32_46_R2,176.215,2.2592,8.0,mixta_demo,DATOS SINTÉTICOS DE DEMOSTRACIÓN,DEMO: generado localmente,2026-10-08
Pamplona/Iruña,Zaragoza,32_46_R3,174.417,2.4917,0.0,economica_demo,DATOS SINTÉTICOS DE DEMOSTRACIÓN,DEMO: generado localmente,2026-10-08
Ourense,Palencia,33_34_R1,346.059,3.9325,0.0,rapida_demo,DATOS SINTÉTICOS DE DEMOSTRACIÓN,DEMO: generado localmente,2026-10-08
Ourense,Palencia,33_34_R2,339.138,4.3479,8.0,mixta_demo,DATOS SINTÉTICOS DE DEMOSTRACIÓN,DEMO: generado localmente,2026-10-08
Ourense,Palencia,33_34_R3,335.677,4.7954,0.0,economica_demo,DATOS SINTÉTICOS DE DEMOSTRACIÓN,DEMO: generado localmente,2026-10-08
Ourense,Pontevedra,33_35_R1,81.501,0.9261,0.0,rapida_demo,DATOS SINTÉTICOS DE DEMOSTRACIÓN,DEMO: generado localmente,2026-10-08
Ourense,Pontevedra,33_35_R2,79.871,1.024,8.0,mixta_demo,DATOS SINTÉTICOS DE DEMOSTRACIÓN,DEMO: generado localmente,2026-10-08
Ourense,Pontevedra,33_35_R3,79.056,1.1294,0.0,economica_demo,DATOS SINTÉTICOS DE DEMOSTRACIÓN,DEMO: generado localmente,2026-10-08
Ourense,Salamanca,33_36_R1,297.433,3.3799,0.0,rapida_demo,DATOS SINTÉTICOS DE DEMOSTRACIÓN,DEMO: generado localmente,2026-10-08
Ourense,Salamanca,33_36_R2,291.485,3.737,8.0,mixta_demo,DATOS SINTÉTICOS DE DEMOSTRACIÓN,DEMO: generado localmente,2026-10-08
Ourense,Salamanca,33_36_R3,288.51,4.1216,0.0,economica_demo,DATOS SINTÉTICOS DE DEMOSTRACIÓN,DEMO: generado localmente,2026-10-08
Ourense,Segovia,33_37_R1,433.461,4.9257,0.0,rapida_demo,DATOS SINTÉTICOS DE DEMOSTRACIÓN,DEMO: generado localmente,2026-10-08
Ourense,Segovia,33_37_R2,424.792,5.446,8.0,mixta_demo,DATOS SINTÉTICOS DE DEMOSTRACIÓN,DEMO: generado localmente,2026-10-08
Ourense,Segovia,33_37_R3,420.457,6.0065,0.0,economica_demo,DATOS SINTÉTICOS DE DEMOSTRACIÓN,DEMO: generado localmente,2026-10-08
Ourense,Sevilla,33_38_R1,715.874,8.1349,0.0,rapida_demo,DATOS SINTÉTICOS DE DEMOSTRACIÓN,DEMO: generado localmente,2026-10-08
Ourense,Sevilla,33_38_R2,701.556,8.9943,8.0,mixta_demo,DATOS SINTÉTICOS DE DEMOSTRACIÓN,DEMO: generado localmente,2026-10-08
Ourense,Sevilla,33_38_R3,694.397,9.92,0.0,economica_demo,DATOS SINTÉTICOS DE DEMOSTRACIÓN,DEMO: generado localmente,2026-10-08
Ourense,Soria,33_39_R1,562.876,6.3963,0.0,rapida_demo,DATOS SINTÉTICOS DE DEMOSTRACIÓN,DEMO: generado localmente,2026-10-08
Ourense,Soria,33_39_R2,551.618,7.072,8.0,mixta_demo,DATOS SINTÉTICOS DE DEMOSTRACIÓN,DEMO: generado localmente,2026-10-08
Ourense,Soria,33_39_R3,545.989,7.7998,0.0,economica_demo,DATOS SINTÉTICOS DE DEMOSTRACIÓN,DEMO: generado localmente,2026-10-08
Ourense,Tarragona,33_40_R1,960.395,10.9136,0.0,rapida_demo,DATOS SINTÉTICOS DE DEMOSTRACIÓN,DEMO: generado localmente,2026-10-08
Ourense,Tarragona,33_40_R2,941.187,12.0665,8.0,mixta_demo,DATOS SINTÉTICOS DE DEMOSTRACIÓN,DEMO: generado localmente,2026-10-08
Ourense,Tarragona,33_40_R3,931.583,13.3083,0.0,economica_demo,DATOS SINTÉTICOS DE DEMOSTRACIÓN,DEMO: generado localmente,2026-10-08
Ourense,Teruel,33_41_R1,757.162,8.6041,0.0,rapida_demo,DATOS SINTÉTICOS DE DEMOSTRACIÓN,DEMO: generado localmente,2026-10-08
Ourense,Teruel,33_41_R2,742.019,9.5131,8.0,mixta_demo,DATOS SINTÉTICOS DE DEMOSTRACIÓN,DEMO: generado localmente,2026-10-08
Ourense,Teruel,33_41_R3,734.447,10.4921,0.0,economica_demo,DATOS SINTÉTICOS DE DEMOSTRACIÓN,DEMO: generado localmente,2026-10-08
Ourense,Toledo,33_42_R1,529.42,6.0161,0.0,rapida_demo,DATOS SINTÉTICOS DE DEMOSTRACIÓN,DEMO: generado localmente,2026-10-08
Ourense,Toledo,33_42_R2,518.832,6.6517,8.0,mixta_demo,DATOS SINTÉTICOS DE DEMOSTRACIÓN,DEMO: generado localmente,2026-10-08
Ourense,Toledo,33_42_R3,513.537,7.3362,0.0,economica_demo,DATOS SINTÉTICOS DE DEMOSTRACIÓN,DEMO: generado localmente,2026-10-08
Ourense,Valencia,33_43_R1,881.14,10.013,0.0,rapida_demo,DATOS SINTÉTICOS DE DEMOSTRACIÓN,DEMO: generado localmente,2026-10-08
Ourense,Valencia,33_43_R2,863.517,11.0707,8.0,mixta_demo,DATOS SINTÉTICOS DE DEMOSTRACIÓN,DEMO: generado localmente,2026-10-08
Ourense,Valencia,33_43_R3,854.706,12.2101,0.0,economica_demo,DATOS SINTÉTICOS DE DEMOSTRACIÓN,DEMO: generado localmente,2026-10-08
Ourense,Valladolid,33_44_R1,337.471,3.8349,0.0,rapida_demo,DATOS SINTÉTICOS DE DEMOSTRACIÓN,DEMO: generado localmente,2026-10-08
Ourense,Valladolid,33_44_R2,330.722,4.24,8.0,mixta_demo,DATOS SINTÉTICOS DE DEMOSTRACIÓN,DEMO: generado localmente,2026-10-08
Ourense,Valladolid,33_44_R3,327.347,4.6764,0.0,economica_demo,DATOS SINTÉTICOS DE DEMOSTRACIÓN,DEMO: generado localmente,2026-10-08
Ourense,Zamora,33_45_R1,247.558,2.8132,0.0,rapida_demo,DATOS SINTÉTICOS DE DEMOSTRACIÓN,DEMO: generado localmente,2026-10-08
Ourense,Zamora,33_45_R2,242.607,3.1103,8.0,mixta_demo,DATOS SINTÉTICOS DE DEMOSTRACIÓN,DEMO: generado localmente,2026-10-08
Ourense,Zamora,33_45_R3,240.131,3.4304,0.0,economica_demo,DATOS SINTÉTICOS DE DEMOSTRACIÓN,DEMO: generado localmente,2026-10-08
Ourense,Zaragoza,33_46_R1,727.639,8.2686,0.0,rapida_demo,DATOS SINTÉTICOS DE DEMOSTRACIÓN,DEMO: generado localmente,2026-10-08
Ourense,Zaragoza,33_46_R2,713.086,9.1421,8.0,mixta_demo,DATOS SINTÉTICOS DE DEMOSTRACIÓN,DEMO: generado localmente,2026-10-08
Ourense,Zaragoza,33_46_R3,705.81,10.083,0.0,economica_demo,DATOS SINTÉTICOS DE DEMOSTRACIÓN,DEMO: generado localmente,2026-10-08
Palencia,Pontevedra,34_35_R1,427.446,4.8573,0.0,rapida_demo,DATOS SINTÉTICOS DE DEMOSTRACIÓN,DEMO: generado localmente,2026-10-08
Palencia,Pontevedra,34_35_R2,418.897,5.3705,8.0,mixta_demo,DATOS SINTÉTICOS DE DEMOSTRACIÓN,DEMO: generado localmente,2026-10-08
Palencia,Pontevedra,34_35_R3,414.622,5.9232,0.0,economica_demo,DATOS SINTÉTICOS DE DEMOSTRACIÓN,DEMO: generado localmente,2026-10-08
Palencia,Salamanca,34_36_R1,187.038,2.1254,0.0,rapida_demo,DATOS SINTÉTICOS DE DEMOSTRACIÓN,DEMO: generado localmente,2026-10-08
Palencia,Salamanca,34_36_R2,183.297,2.35,8.0,mixta_demo,DATOS SINTÉTICOS DE DEMOSTRACIÓN,DEMO: generado localmente,2026-10-08
Palencia,Salamanca,34_36_R3,181.427,2.5918,0.0,economica_demo,DATOS SINTÉTICOS DE DEMOSTRACIÓN,DEMO: generado localmente,2026-10-08
Palencia,Segovia,34_37_R1,153.427,1.7435,0.0,rapida_demo,DATOS SINTÉTICOS DE DEMOSTRACIÓN,DEMO: generado localmente,2026-10-08
Palencia,Segovia,34_37_R2,150.358,1.9277,8.0,mixta_demo,DATOS SINTÉTICOS DE DEMOSTRACIÓN,DEMO: generado localmente,2026-10-08
Palencia,Segovia,34_37_R3,148.824,2.1261,0.0,economica_demo,DATOS SINTÉTICOS DE DEMOSTRACIÓN,DEMO: generado localmente,2026-10-08
Palencia,Sevilla,34_38_R1,661.206,7.5137,0.0,rapida_demo,DATOS SINTÉTICOS DE DEMOSTRACIÓN,DEMO: generado localmente,2026-10-08
Palencia,Sevilla,34_38_R2,647.982,8.3075,8.0,mixta_demo,DATOS SINTÉTICOS DE DEMOSTRACIÓN,DEMO: generado localmente,2026-10-08
Palencia,Sevilla,34_38_R3,641.37,9.1624,0.0,economica_demo,DATOS SINTÉTICOS DE DEMOSTRACIÓN,DEMO: generado localmente,2026-10-08
Palencia,Soria,34_39_R1,216.817,2.4638,0.0,rapida_demo,DATOS SINTÉTICOS DE DEMOSTRACIÓN,DEMO: generado localmente,2026-10-08
Palencia,Soria,34_39_R2,212.481,2.7241,8.0,mixta_demo,DATOS SINTÉTICOS DE DEMOSTRACIÓN,DEMO: generado localmente,2026-10-08
Palencia,Soria,34_39_R3,210.313,3.0045,0.0,economica_demo,DATOS SINTÉTICOS DE DEMOSTRACIÓN,DEMO: generado localmente,2026-10-08
Palencia,Tarragona,34_40_R1,614.379,6.9816,0.0,rapida_demo,DATOS SINTÉTICOS DE DEMOSTRACIÓN,DEMO: generado localmente,2026-10-08
Palencia,Tarragona,34_40_R2,602.092,7.7191,8.0,mixta_demo,DATOS SINTÉTICOS DE DEMOSTRACIÓN,DEMO: generado localmente,2026-10-08
Palencia,Tarragona,34_40_R3,595.948,8.5135,0.0,economica_demo,DATOS SINTÉTICOS DE DEMOSTRACIÓN,DEMO: generado localmente,2026-10-08
Palencia,Teruel,34_41_R1,426.671,4.8485,0.0,rapida_demo,DATOS SINTÉTICOS DE DEMOSTRACIÓN,DEMO: generado localmente,2026-10-08
Palencia,Teruel,34_41_R2,418.138,5.3607,8.0,mixta_demo,DATOS SINTÉTICOS DE DEMOSTRACIÓN,DEMO: generado localmente,2026-10-08
Palencia,Teruel,34_41_R3,413.871,5.9124,0.0,economica_demo,DATOS SINTÉTICOS DE DEMOSTRACIÓN,DEMO: generado localmente,2026-10-08
Palencia,Toledo,34_42_R1,304.183,3.4566,0.0,rapida_demo,DATOS SINTÉTICOS DE DEMOSTRACIÓN,DEMO: generado localmente,2026-10-08
Palencia,Toledo,34_42_R2,298.099,3.8218,8.0,mixta_demo,DATOS SINTÉTICOS DE DEMOSTRACIÓN,DEMO: generado localmente,2026-10-08
Palencia,Toledo,34_42_R3,295.057,4.2151,0.0,economica_demo,DATOS SINTÉTICOS DE DEMOSTRACIÓN,DEMO: generado localmente,2026-10-08
Palencia,Valencia,34_43_R1,562.253,6.3892,0.0,rapida_demo,DATOS SINTÉTICOS DE DEMOSTRACIÓN,DEMO: generado localmente,2026-10-08
Palencia,Valencia,34_43_R2,551.007,7.0642,8.0,mixta_demo,DATOS SINTÉTICOS DE DEMOSTRACIÓN,DEMO: generado localmente,2026-10-08
Palencia,Valencia,34_43_R3,545.385,7.7912,0.0,economica_demo,DATOS SINTÉTICOS DE DEMOSTRACIÓN,DEMO: generado localmente,2026-10-08
Palencia,Valladolid,34_44_R1,53.813,0.6115,0.0,rapida_demo,DATOS SINTÉTICOS DE DEMOSTRACIÓN,DEMO: generado localmente,2026-10-08
Palencia,Valladolid,34_44_R2,52.737,0.6761,8.0,mixta_demo,DATOS SINTÉTICOS DE DEMOSTRACIÓN,DEMO: generado localmente,2026-10-08
Palencia,Valladolid,34_44_R3,52.199,0.7457,0.0,economica_demo,DATOS SINTÉTICOS DE DEMOSTRACIÓN,DEMO: generado localmente,2026-10-08
Palencia,Zamora,34_45_R1,144.289,1.6397,0.0,rapida_demo,DATOS SINTÉTICOS DE DEMOSTRACIÓN,DEMO: generado localmente,2026-10-08
Palencia,Zamora,34_45_R2,141.404,1.8129,8.0,mixta_demo,DATOS SINTÉTICOS DE DEMOSTRACIÓN,DEMO: generado localmente,2026-10-08
Palencia,Zamora,34_45_R3,139.961,1.9994,0.0,economica_demo,DATOS SINTÉTICOS DE DEMOSTRACIÓN,DEMO: generado localmente,2026-10-08
Palencia,Zaragoza,34_46_R1,381.739,4.3379,0.0,rapida_demo,DATOS SINTÉTICOS DE DEMOSTRACIÓN,DEMO: generado localmente,2026-10-08
Palencia,Zaragoza,34_46_R2,374.104,4.7962,8.0,mixta_demo,DATOS SINTÉTICOS DE DEMOSTRACIÓN,DEMO: generado localmente,2026-10-08
Palencia,Zaragoza,34_46_R3,370.287,5.2898,0.0,economica_demo,DATOS SINTÉTICOS DE DEMOSTRACIÓN,DEMO: generado localmente,2026-10-08
Pontevedra,Salamanca,35_36_R1,370.638,4.2118,0.0,rapida_demo,DATOS SINTÉTICOS DE DEMOSTRACIÓN,DEMO: generado localmente,2026-10-08
Pontevedra,Salamanca,35_36_R2,363.225,4.6567,8.0,mixta_demo,DATOS SINTÉTICOS DE DEMOSTRACIÓN,DEMO: generado localmente,2026-10-08
Pontevedra,Salamanca,35_36_R3,359.519,5.136,0.0,economica_demo,DATOS SINTÉTICOS DE DEMOSTRACIÓN,DEMO: generado localmente,2026-10-08
Pontevedra,Segovia,35_37_R1,512.499,5.8239,0.0,rapida_demo,DATOS SINTÉTICOS DE DEMOSTRACIÓN,DEMO: generado localmente,2026-10-08
Pontevedra,Segovia,35_37_R2,502.249,6.4391,8.0,mixta_demo,DATOS SINTÉTICOS DE DEMOSTRACIÓN,DEMO: generado localmente,2026-10-08
Pontevedra,Segovia,35_37_R3,497.124,7.1018,0.0,economica_demo,DATOS SINTÉTICOS DE DEMOSTRACIÓN,DEMO: generado localmente,2026-10-08
Pontevedra,Sevilla,35_38_R1,755.774,8.5883,0.0,rapida_demo,DATOS SINTÉTICOS DE DEMOSTRACIÓN,DEMO: generado localmente,2026-10-08
Pontevedra,Sevilla,35_38_R2,740.658,9.4956,8.0,mixta_demo,DATOS SINTÉTICOS DE DEMOSTRACIÓN,DEMO: generado localmente,2026-10-08
Pontevedra,Sevilla,35_38_R3,733.101,10.4729,0.0,economica_demo,DATOS SINTÉTICOS DE DEMOSTRACIÓN,DEMO: generado localmente,2026-10-08
Pontevedra,Soria,35_39_R1,644.249,7.321,0.0,rapida_demo,DATOS SINTÉTICOS DE DEMOSTRACIÓN,DEMO: generado localmente,2026-10-08
Pontevedra,Soria,35_39_R2,631.364,8.0944,8.0,mixta_demo,DATOS SINTÉTICOS DE DEMOSTRACIÓN,DEMO: generado localmente,2026-10-08
Pontevedra,Soria,35_39_R3,624.922,8.9275,0.0,economica_demo,DATOS SINTÉTICOS DE DEMOSTRACIÓN,DEMO: generado localmente,2026-10-08
Pontevedra,Tarragona,35_40_R1,1041.816,11.8388,0.0,rapida_demo,DATOS SINTÉTICOS DE DEMOSTRACIÓN,DEMO: generado localmente,2026-10-08
Pontevedra,Tarragona,35_40_R2,1020.98,13.0895,8.0,mixta_demo,DATOS SINTÉTICOS DE DEMOSTRACIÓN,DEMO: generado localmente,2026-10-08
Pontevedra,Tarragona,35_40_R3,1010.562,14.4366,0.0,economica_demo,DATOS SINTÉTICOS DE DEMOSTRACIÓN,DEMO: generado localmente,2026-10-08
Pontevedra,Teruel,35_41_R1,837.663,9.5189,0.0,rapida_demo,DATOS SINTÉTICOS DE DEMOSTRACIÓN,DEMO: generado localmente,2026-10-08
Pontevedra,Teruel,35_41_R2,820.91,10.5245,8.0,mixta_demo,DATOS SINTÉTICOS DE DEMOSTRACIÓN,DEMO: generado localmente,2026-10-08
Pontevedra,Teruel,35_41_R3,812.533,11.6076,0.0,economica_demo,DATOS SINTÉTICOS DE DEMOSTRACIÓN,DEMO: generado localmente,2026-10-08
Pontevedra,Toledo,35_42_R1,601.638,6.8368,0.0,rapida_demo,DATOS SINTÉTICOS DE DEMOSTRACIÓN,DEMO: generado localmente,2026-10-08
Pontevedra,Toledo,35_42_R2,589.605,7.559,8.0,mixta_demo,DATOS SINTÉTICOS DE DEMOSTRACIÓN,DEMO: generado localmente,2026-10-08
Pontevedra,Toledo,35_42_R3,583.589,8.337,0.0,economica_demo,DATOS SINTÉTICOS DE DEMOSTRACIÓN,DEMO: generado localmente,2026-10-08
Pontevedra,Valencia,35_43_R1,960.216,10.9115,0.0,rapida_demo,DATOS SINTÉTICOS DE DEMOSTRACIÓN,DEMO: generado localmente,2026-10-08
Pontevedra,Valencia,35_43_R2,941.011,12.0642,8.0,mixta_demo,DATOS SINTÉTICOS DE DEMOSTRACIÓN,DEMO: generado localmente,2026-10-08
Pontevedra,Valencia,35_43_R3,931.409,13.3058,0.0,economica_demo,DATOS SINTÉTICOS DE DEMOSTRACIÓN,DEMO: generado localmente,2026-10-08
Pontevedra,Valladolid,35_44_R1,418.664,4.7575,0.0,rapida_demo,DATOS SINTÉTICOS DE DEMOSTRACIÓN,DEMO: generado localmente,2026-10-08
Pontevedra,Valladolid,35_44_R2,410.291,5.2601,8.0,mixta_demo,DATOS SINTÉTICOS DE DEMOSTRACIÓN,DEMO: generado localmente,2026-10-08
Pontevedra,Valladolid,35_44_R3,406.104,5.8015,0.0,economica_demo,DATOS SINTÉTICOS DE DEMOSTRACIÓN,DEMO: generado localmente,2026-10-08
Pontevedra,Zamora,35_45_R1,326.244,3.7073,0.0,rapida_demo,DATOS SINTÉTICOS DE DEMOSTRACIÓN,DEMO: generado localmente,2026-10-08
Pontevedra,Zamora,35_45_R2,319.719,4.099,8.0,mixta_demo,DATOS SINTÉTICOS DE DEMOSTRACIÓN,DEMO: generado localmente,2026-10-08
Pontevedra,Zamora,35_45_R3,316.456,4.5208,0.0,economica_demo,DATOS SINTÉTICOS DE DEMOSTRACIÓN,DEMO: generado localmente,2026-10-08
Pontevedra,Zaragoza,35_46_R1,808.901,9.1921,0.0,rapida_demo,DATOS SINTÉTICOS DE DEMOSTRACIÓN,DEMO: generado localmente,2026-10-08
Pontevedra,Zaragoza,35_46_R2,792.723,10.1631,8.0,mixta_demo,DATOS SINTÉTICOS DE DEMOSTRACIÓN,DEMO: generado localmente,2026-10-08
Pontevedra,Zaragoza,35_46_R3,784.634,11.2091,0.0,economica_demo,DATOS SINTÉTICOS DE DEMOSTRACIÓN,DEMO: generado localmente,2026-10-08
Salamanca,Segovia,36_37_R1,161.597,1.8363,0.0,rapida_demo,DATOS SINTÉTICOS DE DEMOSTRACIÓN,DEMO: generado localmente,2026-10-08
Salamanca,Segovia,36_37_R2,158.365,2.0303,8.0,mixta_demo,DATOS SINTÉTICOS DE DEMOSTRACIÓN,DEMO: generado localmente,2026-10-08
Salamanca,Segovia,36_37_R3,156.749,2.2393,0.0,economica_demo,DATOS SINTÉTICOS DE DEMOSTRACIÓN,DEMO: generado localmente,2026-10-08
Salamanca,Sevilla,36_38_R1,498.437,5.6641,0.0,rapida_demo,DATOS SINTÉTICOS DE DEMOSTRACIÓN,DEMO: generado localmente,2026-10-08
Salamanca,Sevilla,36_38_R2,488.468,6.2624,8.0,mixta_demo,DATOS SINTÉTICOS DE DEMOSTRACIÓN,DEMO: generado localmente,2026-10-08
Salamanca,Sevilla,36_38_R3,483.484,6.9069,0.0,economica_demo,DATOS SINTÉTICOS DE DEMOSTRACIÓN,DEMO: generado localmente,2026-10-08
Salamanca,Soria,36_39_R1,351.672,3.9963,0.0,rapida_demo,DATOS SINTÉTICOS DE DEMOSTRACIÓN,DEMO: generado localmente,2026-10-08
Salamanca,Soria,36_39_R2,344.638,4.4184,8.0,mixta_demo,DATOS SINTÉTICOS DE DEMOSTRACIÓN,DEMO: generado localmente,2026-10-08
Salamanca,Soria,36_39_R3,341.122,4.8732,0.0,economica_demo,DATOS SINTÉTICOS DE DEMOSTRACIÓN,DEMO: generado localmente,2026-10-08
Salamanca,Tarragona,36_40_R1,725.335,8.2424,0.0,rapida_demo,DATOS SINTÉTICOS DE DEMOSTRACIÓN,DEMO: generado localmente,2026-10-08
Salamanca,Tarragona,36_40_R2,710.828,9.1132,8.0,mixta_demo,DATOS SINTÉTICOS DE DEMOSTRACIÓN,DEMO: generado localmente,2026-10-08
Salamanca,Tarragona,36_40_R3,703.575,10.0511,0.0,economica_demo,DATOS SINTÉTICOS DE DEMOSTRACIÓN,DEMO: generado localmente,2026-10-08
Salamanca,Teruel,36_41_R1,488.034,5.5458,0.0,rapida_demo,DATOS SINTÉTICOS DE DEMOSTRACIÓN,DEMO: generado localmente,2026-10-08
Salamanca,Teruel,36_41_R2,478.274,6.1317,8.0,mixta_demo,DATOS SINTÉTICOS DE DEMOSTRACIÓN,DEMO: generado localmente,2026-10-08
Salamanca,Teruel,36_41_R3,473.393,6.7628,0.0,economica_demo,DATOS SINTÉTICOS DE DEMOSTRACIÓN,DEMO: generado localmente,2026-10-08
Salamanca,Toledo,36_42_R1,231.993,2.6363,0.0,rapida_demo,DATOS SINTÉTICOS DE DEMOSTRACIÓN,DEMO: generado localmente,2026-10-08
Salamanca,Toledo,36_42_R2,227.353,2.9148,8.0,mixta_demo,DATOS SINTÉTICOS DE DEMOSTRACIÓN,DEMO: generado localmente,2026-10-08
Salamanca,Toledo,36_42_R3,225.033,3.2148,0.0,economica_demo,DATOS SINTÉTICOS DE DEMOSTRACIÓN,DEMO: generado localmente,2026-10-08
Salamanca,Valencia,36_43_R1,598.203,6.7978,0.0,rapida_demo,DATOS SINTÉTICOS DE DEMOSTRACIÓN,DEMO: generado localmente,2026-10-08
Salamanca,Valencia,36_43_R2,586.239,7.5159,8.0,mixta_demo,DATOS SINTÉTICOS DE DEMOSTRACIÓN,DEMO: generado localmente,2026-10-08
Salamanca,Valencia,36_43_R3,580.257,8.2894,0.0,economica_demo,DATOS SINTÉTICOS DE DEMOSTRACIÓN,DEMO: generado localmente,2026-10-08
Salamanca,Valladolid,36_44_R1,136.552,1.5517,0.0,rapida_demo,DATOS SINTÉTICOS DE DEMOSTRACIÓN,DEMO: generado localmente,2026-10-08
Salamanca,Valladolid,36_44_R2,133.821,1.7157,8.0,mixta_demo,DATOS SINTÉTICOS DE DEMOSTRACIÓN,DEMO: generado localmente,2026-10-08
Salamanca,Valladolid,36_44_R3,132.456,1.8922,0.0,economica_demo,DATOS SINTÉTICOS DE DEMOSTRACIÓN,DEMO: generado localmente,2026-10-08
Salamanca,Zamora,36_45_R1,75.34,0.8561,0.0,rapida_demo,DATOS SINTÉTICOS DE DEMOSTRACIÓN,DEMO: generado localmente,2026-10-08
Salamanca,Zamora,36_45_R2,73.833,0.9466,8.0,mixta_demo,DATOS SINTÉTICOS DE DEMOSTRACIÓN,DEMO: generado localmente,2026-10-08
Salamanca,Zamora,36_45_R3,73.08,1.044,0.0,economica_demo,DATOS SINTÉTICOS DE DEMOSTRACIÓN,DEMO: generado localmente,2026-10-08
Salamanca,Zaragoza,36_46_R1,508.774,5.7815,0.0,rapida_demo,DATOS SINTÉTICOS DE DEMOSTRACIÓN,DEMO: generado localmente,2026-10-08
Salamanca,Zaragoza,36_46_R2,498.599,6.3923,8.0,mixta_demo,DATOS SINTÉTICOS DE DEMOSTRACIÓN,DEMO: generado localmente,2026-10-08
Salamanca,Zaragoza,36_46_R3,493.511,7.0502,0.0,economica_demo,DATOS SINTÉTICOS DE DEMOSTRACIÓN,DEMO: generado localmente,2026-10-08
Segovia,Sevilla,37_38_R1,534.496,6.0738,0.0,rapida_demo,DATOS SINTÉTICOS DE DEMOSTRACIÓN,DEMO: generado localmente,2026-10-08
Segovia,Sevilla,37_38_R2,523.806,6.7155,8.0,mixta_demo,DATOS SINTÉTICOS DE DEMOSTRACIÓN,DEMO: generado localmente,2026-10-08
Segovia,Sevilla,37_38_R3,518.461,7.4066,0.0,economica_demo,DATOS SINTÉTICOS DE DEMOSTRACIÓN,DEMO: generado localmente,2026-10-08
Segovia,Soria,37_39_R1,206.761,2.3496,0.0,rapida_demo,DATOS SINTÉTICOS DE DEMOSTRACIÓN,DEMO: generado localmente,2026-10-08
Segovia,Soria,37_39_R2,202.626,2.5978,8.0,mixta_demo,DATOS SINTÉTICOS DE DEMOSTRACIÓN,DEMO: generado localmente,2026-10-08
Segovia,Soria,37_39_R3,200.558,2.8651,0.0,economica_demo,DATOS SINTÉTICOS DE DEMOSTRACIÓN,DEMO: generado localmente,2026-10-08
Segovia,Tarragona,37_40_R1,564.288,6.4124,0.0,rapida_demo,DATOS SINTÉTICOS DE DEMOSTRACIÓN,DEMO: generado localmente,2026-10-08
Segovia,Tarragona,37_40_R2,553.002,7.0898,8.0,mixta_demo,DATOS SINTÉTICOS DE DEMOSTRACIÓN,DEMO: generado localmente,2026-10-08
Segovia,Tarragona,37_40_R3,547.36,7.8194,0.0,economica_demo,DATOS SINTÉTICOS DE DEMOSTRACIÓN,DEMO: generado localmente,2026-10-08
Segovia,Teruel,37_41_R1,329.067,3.7394,0.0,rapida_demo,DATOS SINTÉTICOS DE DEMOSTRACIÓN,DEMO: generado localmente,2026-10-08
Segovia,Teruel,37_41_R2,322.486,4.1344,8.0,mixta_demo,DATOS SINTÉTICOS DE DEMOSTRACIÓN,DEMO: generado localmente,2026-10-08
Segovia,Teruel,37_41_R3,319.195,4.5599,0.0,economica_demo,DATOS SINTÉTICOS DE DEMOSTRACIÓN,DEMO: generado localmente,2026-10-08
Segovia,Toledo,37_42_R1,152.429,1.7322,0.0,rapida_demo,DATOS SINTÉTICOS DE DEMOSTRACIÓN,DEMO: generado localmente,2026-10-08
Segovia,Toledo,37_42_R2,149.381,1.9151,8.0,mixta_demo,DATOS SINTÉTICOS DE DEMOSTRACIÓN,DEMO: generado localmente,2026-10-08
Segovia,Toledo,37_42_R3,147.856,2.1122,0.0,economica_demo,DATOS SINTÉTICOS DE DEMOSTRACIÓN,DEMO: generado localmente,2026-10-08
Segovia,Valencia,37_43_R1,447.75,5.0881,0.0,rapida_demo,DATOS SINTÉTICOS DE DEMOSTRACIÓN,DEMO: generado localmente,2026-10-08
Segovia,Valencia,37_43_R2,438.795,5.6256,8.0,mixta_demo,DATOS SINTÉTICOS DE DEMOSTRACIÓN,DEMO: generado localmente,2026-10-08
Segovia,Valencia,37_43_R3,434.318,6.2045,0.0,economica_demo,DATOS SINTÉTICOS DE DEMOSTRACIÓN,DEMO: generado localmente,2026-10-08
Segovia,Valladolid,37_44_R1,116.202,1.3205,0.0,rapida_demo,DATOS SINTÉTICOS DE DEMOSTRACIÓN,DEMO: generado localmente,2026-10-08
Segovia,Valladolid,37_44_R2,113.878,1.46,8.0,mixta_demo,DATOS SINTÉTICOS DE DEMOSTRACIÓN,DEMO: generado localmente,2026-10-08
Segovia,Valladolid,37_44_R3,112.716,1.6102,0.0,economica_demo,DATOS SINTÉTICOS DE DEMOSTRACIÓN,DEMO: generado localmente,2026-10-08
Segovia,Zamora,37_45_R1,186.258,2.1166,0.0,rapida_demo,DATOS SINTÉTICOS DE DEMOSTRACIÓN,DEMO: generado localmente,2026-10-08
Segovia,Zamora,37_45_R2,182.533,2.3402,8.0,mixta_demo,DATOS SINTÉTICOS DE DEMOSTRACIÓN,DEMO: generado localmente,2026-10-08
Segovia,Zamora,37_45_R3,180.671,2.581,0.0,economica_demo,DATOS SINTÉTICOS DE DEMOSTRACIÓN,DEMO: generado localmente,2026-10-08
Segovia,Zaragoza,37_46_R1,352.904,4.0103,0.0,rapida_demo,DATOS SINTÉTICOS DE DEMOSTRACIÓN,DEMO: generado localmente,2026-10-08
Segovia,Zaragoza,37_46_R2,345.846,4.4339,8.0,mixta_demo,DATOS SINTÉTICOS DE DEMOSTRACIÓN,DEMO: generado localmente,2026-10-08
Segovia,Zaragoza,37_46_R3,342.317,4.8902,0.0,economica_demo,DATOS SINTÉTICOS DE DEMOSTRACIÓN,DEMO: generado localmente,2026-10-08
Sevilla,Soria,38_39_R1,715.895,8.1352,0.0,rapida_demo,DATOS SINTÉTICOS DE DEMOSTRACIÓN,DEMO: generado localmente,2026-10-08
Sevilla,Soria,38_39_R2,701.577,8.9946,8.0,mixta_demo,DATOS SINTÉTICOS DE DEMOSTRACIÓN,DEMO: generado localmente,2026-10-08
Sevilla,Soria,38_39_R3,694.418,9.9203,0.0,economica_demo,DATOS SINTÉTICOS DE DEMOSTRACIÓN,DEMO: generado localmente,2026-10-08
Sevilla,Tarragona,38_40_R1,936.121,10.6377,0.0,rapida_demo,DATOS SINTÉTICOS DE DEMOSTRACIÓN,DEMO: generado localmente,2026-10-08
Sevilla,Tarragona,38_40_R2,917.399,11.7615,8.0,mixta_demo,DATOS SINTÉTICOS DE DEMOSTRACIÓN,DEMO: generado localmente,2026-10-08
Sevilla,Tarragona,38_40_R3,908.038,12.972,0.0,economica_demo,DATOS SINTÉTICOS DE DEMOSTRACIÓN,DEMO: generado localmente,2026-10-08
Sevilla,Teruel,38_41_R1,669.396,7.6068,0.0,rapida_demo,DATOS SINTÉTICOS DE DEMOSTRACIÓN,DEMO: generado localmente,2026-10-08
Sevilla,Teruel,38_41_R2,656.008,8.4104,8.0,mixta_demo,DATOS SINTÉTICOS DE DEMOSTRACIÓN,DEMO: generado localmente,2026-10-08
Sevilla,Teruel,38_41_R3,649.314,9.2759,0.0,economica_demo,DATOS SINTÉTICOS DE DEMOSTRACIÓN,DEMO: generado localmente,2026-10-08
Sevilla,Toledo,38_42_R1,404.184,4.593,0.0,rapida_demo,DATOS SINTÉTICOS DE DEMOSTRACIÓN,DEMO: generado localmente,2026-10-08
Sevilla,Toledo,38_42_R2,396.1,5.0782,8.0,mixta_demo,DATOS SINTÉTICOS DE DEMOSTRACIÓN,DEMO: generado localmente,2026-10-08
Sevilla,Toledo,38_42_R3,392.059,5.6008,0.0,economica_demo,DATOS SINTÉTICOS DE DEMOSTRACIÓN,DEMO: generado localmente,2026-10-08
Sevilla,Valencia,38_43_R1,676.402,7.6864,0.0,rapida_demo,DATOS SINTÉTICOS DE DEMOSTRACIÓN,DEMO: generado localmente,2026-10-08
Sevilla,Valencia,38_43_R2,662.874,8.4984,8.0,mixta_demo,DATOS SINTÉTICOS DE DEMOSTRACIÓN,DEMO: generado localmente,2026-10-08
Sevilla,Valencia,38_43_R3,656.11,9.373,0.0,economica_demo,DATOS SINTÉTICOS DE DEMOSTRACIÓN,DEMO: generado localmente,2026-10-08
Sevilla,Valladolid,38_44_R1,607.972,6.9088,0.0,rapida_demo,DATOS SINTÉTICOS DE DEMOSTRACIÓN,DEMO: generado localmente,2026-10-08
Sevilla,Valladolid,38_44_R2,595.813,7.6386,8.0,mixta_demo,DATOS SINTÉTICOS DE DEMOSTRACIÓN,DEMO: generado localmente,2026-10-08
Sevilla,Valladolid,38_44_R3,589.733,8.4248,0.0,economica_demo,DATOS SINTÉTICOS DE DEMOSTRACIÓN,DEMO: generado localmente,2026-10-08
Sevilla,Zamora,38_45_R1,572.612,6.507,0.0,rapida_demo,DATOS SINTÉTICOS DE DEMOSTRACIÓN,DEMO: generado localmente,2026-10-08
Sevilla,Zamora,38_45_R2,561.159,7.1944,8.0,mixta_demo,DATOS SINTÉTICOS DE DEMOSTRACIÓN,DEMO: generado localmente,2026-10-08
Sevilla,Zamora,38_45_R3,555.433,7.9348,0.0,economica_demo,DATOS SINTÉTICOS DE DEMOSTRACIÓN,DEMO: generado localmente,2026-10-08
Sevilla,Zaragoza,38_46_R1,807.682,9.1782,0.0,rapida_demo,DATOS SINTÉTICOS DE DEMOSTRACIÓN,DEMO: generado localmente,2026-10-08
Sevilla,Zaragoza,38_46_R2,791.528,10.1478,8.0,mixta_demo,DATOS SINTÉTICOS DE DEMOSTRACIÓN,DEMO: generado localmente,2026-10-08
Sevilla,Zaragoza,38_46_R3,783.451,11.1922,0.0,economica_demo,DATOS SINTÉTICOS DE DEMOSTRACIÓN,DEMO: generado localmente,2026-10-08
Soria,Tarragona,39_40_R1,397.645,4.5187,0.0,rapida_demo,DATOS SINTÉTICOS DE DEMOSTRACIÓN,DEMO: generado localmente,2026-10-08
Soria,Tarragona,39_40_R2,389.692,4.9961,8.0,mixta_demo,DATOS SINTÉTICOS DE DEMOSTRACIÓN,DEMO: generado localmente,2026-10-08
Soria,Tarragona,39_40_R3,385.716,5.5102,0.0,economica_demo,DATOS SINTÉTICOS DE DEMOSTRACIÓN,DEMO: generado localmente,2026-10-08
Soria,Teruel,39_41_R1,243.157,2.7631,0.0,rapida_demo,DATOS SINTÉTICOS DE DEMOSTRACIÓN,DEMO: generado localmente,2026-10-08
Soria,Teruel,39_41_R2,238.294,3.0551,8.0,mixta_demo,DATOS SINTÉTICOS DE DEMOSTRACIÓN,DEMO: generado localmente,2026-10-08
Soria,Teruel,39_41_R3,235.862,3.3695,0.0,economica_demo,DATOS SINTÉTICOS DE DEMOSTRACIÓN,DEMO: generado localmente,2026-10-08
Soria,Toledo,39_42_R1,311.754,3.5427,0.0,rapida_demo,DATOS SINTÉTICOS DE DEMOSTRACIÓN,DEMO: generado localmente,2026-10-08
Soria,Toledo,39_42_R2,305.519,3.9169,8.0,mixta_demo,DATOS SINTÉTICOS DE DEMOSTRACIÓN,DEMO: generado localmente,2026-10-08
Soria,Toledo,39_42_R3,302.402,4.32,0.0,economica_demo,DATOS SINTÉTICOS DE DEMOSTRACIÓN,DEMO: generado localmente,2026-10-08
Soria,Valencia,39_43_R1,387.346,4.4017,0.0,rapida_demo,DATOS SINTÉTICOS DE DEMOSTRACIÓN,DEMO: generado localmente,2026-10-08
Soria,Valencia,39_43_R2,379.599,4.8667,8.0,mixta_demo,DATOS SINTÉTICOS DE DEMOSTRACIÓN,DEMO: generado localmente,2026-10-08
Soria,Valencia,39_43_R3,375.726,5.3675,0.0,economica_demo,DATOS SINTÉTICOS DE DEMOSTRACIÓN,DEMO: generado localmente,2026-10-08
Soria,Valladolid,39_44_R1,235.484,2.676,0.0,rapida_demo,DATOS SINTÉTICOS DE DEMOSTRACIÓN,DEMO: generado localmente,2026-10-08
Soria,Valladolid,39_44_R2,230.774,2.9586,8.0,mixta_demo,DATOS SINTÉTICOS DE DEMOSTRACIÓN,DEMO: generado localmente,2026-10-08
Soria,Valladolid,39_44_R3,228.419,3.2631,0.0,economica_demo,DATOS SINTÉTICOS DE DEMOSTRACIÓN,DEMO: generado localmente,2026-10-08
Soria,Zamora,39_45_R1,342.925,3.8969,0.0,rapida_demo,DATOS SINTÉTICOS DE DEMOSTRACIÓN,DEMO: generado localmente,2026-10-08
Soria,Zamora,39_45_R2,336.067,4.3085,8.0,mixta_demo,DATOS SINTÉTICOS DE DEMOSTRACIÓN,DEMO: generado localmente,2026-10-08
Soria,Zamora,39_45_R3,332.638,4.752,0.0,economica_demo,DATOS SINTÉTICOS DE DEMOSTRACIÓN,DEMO: generado localmente,2026-10-08
Soria,Zaragoza,39_46_R1,165.311,1.8785,0.0,rapida_demo,DATOS SINTÉTICOS DE DEMOSTRACIÓN,DEMO: generado localmente,2026-10-08
Soria,Zaragoza,39_46_R2,162.005,2.077,8.0,mixta_demo,DATOS SINTÉTICOS DE DEMOSTRACIÓN,DEMO: generado localmente,2026-10-08
Soria,Zaragoza,39_46_R3,160.351,2.2907,0.0,economica_demo,DATOS SINTÉTICOS DE DEMOSTRACIÓN,DEMO: generado localmente,2026-10-08
Tarragona,Teruel,40_41_R1,271.049,3.0801,0.0,rapida_demo,DATOS SINTÉTICOS DE DEMOSTRACIÓN,DEMO: generado localmente,2026-10-08
Tarragona,Teruel,40_41_R2,265.628,3.4055,8.0,mixta_demo,DATOS SINTÉTICOS DE DEMOSTRACIÓN,DEMO: generado localmente,2026-10-08
Tarragona,Teruel,40_41_R3,262.917,3.756,0.0,economica_demo,DATOS SINTÉTICOS DE DEMOSTRACIÓN,DEMO: generado localmente,2026-10-08
Tarragona,Toledo,40_42_R1,584.861,6.6461,0.0,rapida_demo,DATOS SINTÉTICOS DE DEMOSTRACIÓN,DEMO: generado localmente,2026-10-08
Tarragona,Toledo,40_42_R2,573.164,7.3483,8.0,mixta_demo,DATOS SINTÉTICOS DE DEMOSTRACIÓN,DEMO: generado localmente,2026-10-08
Tarragona,Toledo,40_42_R3,567.315,8.1045,0.0,economica_demo,DATOS SINTÉTICOS DE DEMOSTRACIÓN,DEMO: generado localmente,2026-10-08
Tarragona,Valencia,40_43_R1,286.971,3.261,0.0,rapida_demo,DATOS SINTÉTICOS DE DEMOSTRACIÓN,DEMO: generado localmente,2026-10-08
Tarragona,Valencia,40_43_R2,281.231,3.6055,8.0,mixta_demo,DATOS SINTÉTICOS DE DEMOSTRACIÓN,DEMO: generado localmente,2026-10-08
Tarragona,Valencia,40_43_R3,278.362,3.9766,0.0,economica_demo,DATOS SINTÉTICOS DE DEMOSTRACIÓN,DEMO: generado localmente,2026-10-08
Tarragona,Valladolid,40_44_R1,628.206,7.1387,0.0,rapida_demo,DATOS SINTÉTICOS DE DEMOSTRACIÓN,DEMO: generado localmente,2026-10-08
Tarragona,Valladolid,40_44_R2,615.642,7.8928,8.0,mixta_demo,DATOS SINTÉTICOS DE DEMOSTRACIÓN,DEMO: generado localmente,2026-10-08
Tarragona,Valladolid,40_44_R3,609.36,8.7051,0.0,economica_demo,DATOS SINTÉTICOS DE DEMOSTRACIÓN,DEMO: generado localmente,2026-10-08
Tarragona,Zamora,40_45_R1,732.719,8.3263,0.0,rapida_demo,DATOS SINTÉTICOS DE DEMOSTRACIÓN,DEMO: generado localmente,2026-10-08
Tarragona,Zamora,40_45_R2,718.064,9.206,8.0,mixta_demo,DATOS SINTÉTICOS DE DEMOSTRACIÓN,DEMO: generado localmente,2026-10-08
Tarragona,Zamora,40_45_R3,710.737,10.1534,0.0,economica_demo,DATOS SINTÉTICOS DE DEMOSTRACIÓN,DEMO: generado localmente,2026-10-08
Tarragona,Zaragoza,40_46_R1,234.542,2.6652,0.0,rapida_demo,DATOS SINTÉTICOS DE DEMOSTRACIÓN,DEMO: generado localmente,2026-10-08
Tarragona,Zaragoza,40_46_R2,229.851,2.9468,8.0,mixta_demo,DATOS SINTÉTICOS DE DEMOSTRACIÓN,DEMO: generado localmente,2026-10-08
Tarragona,Zaragoza,40_46_R3,227.505,3.2501,0.0,economica_demo,DATOS SINTÉTICOS DE DEMOSTRACIÓN,DEMO: generado localmente,2026-10-08
Teruel,Toledo,41_42_R1,317.446,3.6073,0.0,rapida_demo,DATOS SINTÉTICOS DE DEMOSTRACIÓN,DEMO: generado localmente,2026-10-08
Teruel,Toledo,41_42_R2,311.097,3.9884,8.0,mixta_demo,DATOS SINTÉTICOS DE DEMOSTRACIÓN,DEMO: generado localmente,2026-10-08
Teruel,Toledo,41_42_R3,307.923,4.3989,0.0,economica_demo,DATOS SINTÉTICOS DE DEMOSTRACIÓN,DEMO: generado localmente,2026-10-08
Teruel,Valencia,41_43_R1,144.269,1.6394,0.0,rapida_demo,DATOS SINTÉTICOS DE DEMOSTRACIÓN,DEMO: generado localmente,2026-10-08
Teruel,Valencia,41_43_R2,141.384,1.8126,8.0,mixta_demo,DATOS SINTÉTICOS DE DEMOSTRACIÓN,DEMO: generado localmente,2026-10-08
Teruel,Valencia,41_43_R3,139.941,1.9992,0.0,economica_demo,DATOS SINTÉTICOS DE DEMOSTRACIÓN,DEMO: generado localmente,2026-10-08
Teruel,Valladolid,41_44_R1,421.097,4.7852,0.0,rapida_demo,DATOS SINTÉTICOS DE DEMOSTRACIÓN,DEMO: generado localmente,2026-10-08
Teruel,Valladolid,41_44_R2,412.675,5.2907,8.0,mixta_demo,DATOS SINTÉTICOS DE DEMOSTRACIÓN,DEMO: generado localmente,2026-10-08
Teruel,Valladolid,41_44_R3,408.464,5.8352,0.0,economica_demo,DATOS SINTÉTICOS DE DEMOSTRACIÓN,DEMO: generado localmente,2026-10-08
Teruel,Zamora,41_45_R1,513.114,5.8308,0.0,rapida_demo,DATOS SINTÉTICOS DE DEMOSTRACIÓN,DEMO: generado localmente,2026-10-08
Teruel,Zamora,41_45_R2,502.852,6.4468,8.0,mixta_demo,DATOS SINTÉTICOS DE DEMOSTRACIÓN,DEMO: generado localmente,2026-10-08
Teruel,Zamora,41_45_R3,497.721,7.1103,0.0,economica_demo,DATOS SINTÉTICOS DE DEMOSTRACIÓN,DEMO: generado localmente,2026-10-08
Teruel,Zaragoza,41_46_R1,184.05,2.0915,0.0,rapida_demo,DATOS SINTÉTICOS DE DEMOSTRACIÓN,DEMO: generado localmente,2026-10-08
Teruel,Zaragoza,41_46_R2,180.369,2.3124,8.0,mixta_demo,DATOS SINTÉTICOS DE DEMOSTRACIÓN,DEMO: generado localmente,2026-10-08
Teruel,Zaragoza,41_46_R3,178.528,2.5504,0.0,economica_demo,DATOS SINTÉTICOS DE DEMOSTRACIÓN,DEMO: generado localmente,2026-10-08
Toledo,Valencia,42_43_R1,393.972,4.477,0.0,rapida_demo,DATOS SINTÉTICOS DE DEMOSTRACIÓN,DEMO: generado localmente,2026-10-08
Toledo,Valencia,42_43_R2,386.093,4.9499,8.0,mixta_demo,DATOS SINTÉTICOS DE DEMOSTRACIÓN,DEMO: generado localmente,2026-10-08
Toledo,Valencia,42_43_R3,382.153,5.4593,0.0,economica_demo,DATOS SINTÉTICOS DE DEMOSTRACIÓN,DEMO: generado localmente,2026-10-08
Toledo,Valladolid,42_44_R1,260.388,2.959,0.0,rapida_demo,DATOS SINTÉTICOS DE DEMOSTRACIÓN,DEMO: generado localmente,2026-10-08
Toledo,Valladolid,42_44_R2,255.18,3.2715,8.0,mixta_demo,DATOS SINTÉTICOS DE DEMOSTRACIÓN,DEMO: generado localmente,2026-10-08
Toledo,Valladolid,42_44_R3,252.577,3.6082,0.0,economica_demo,DATOS SINTÉTICOS DE DEMOSTRACIÓN,DEMO: generado localmente,2026-10-08
Toledo,Zamora,42_45_R1,292.164,3.32,0.0,rapida_demo,DATOS SINTÉTICOS DE DEMOSTRACIÓN,DEMO: generado localmente,2026-10-08
Toledo,Zamora,42_45_R2,286.32,3.6708,8.0,mixta_demo,DATOS SINTÉTICOS DE DEMOSTRACIÓN,DEMO: generado localmente,2026-10-08
Toledo,Zamora,42_45_R3,283.399,4.0486,0.0,economica_demo,DATOS SINTÉTICOS DE DEMOSTRACIÓN,DEMO: generado localmente,2026-10-08
Toledo,Zaragoza,42_46_R1,415.193,4.7181,0.0,rapida_demo,DATOS SINTÉTICOS DE DEMOSTRACIÓN,DEMO: generado localmente,2026-10-08
Toledo,Zaragoza,42_46_R2,406.889,5.2165,8.0,mixta_demo,DATOS SINTÉTICOS DE DEMOSTRACIÓN,DEMO: generado localmente,2026-10-08
Toledo,Zaragoza,42_46_R3,402.738,5.7534,0.0,economica_demo,DATOS SINTÉTICOS DE DEMOSTRACIÓN,DEMO: generado localmente,2026-10-08
Valencia,Valladolid,43_44_R1,550.478,6.2554,0.0,rapida_demo,DATOS SINTÉTICOS DE DEMOSTRACIÓN,DEMO: generado localmente,2026-10-08
Valencia,Valladolid,43_44_R2,539.469,6.9163,8.0,mixta_demo,DATOS SINTÉTICOS DE DEMOSTRACIÓN,DEMO: generado localmente,2026-10-08
Valencia,Valladolid,43_44_R3,533.964,7.6281,0.0,economica_demo,DATOS SINTÉTICOS DE DEMOSTRACIÓN,DEMO: generado localmente,2026-10-08
Valencia,Zamora,43_45_R1,633.979,7.2043,0.0,rapida_demo,DATOS SINTÉTICOS DE DEMOSTRACIÓN,DEMO: generado localmente,2026-10-08
Valencia,Zamora,43_45_R2,621.299,7.9654,8.0,mixta_demo,DATOS SINTÉTICOS DE DEMOSTRACIÓN,DEMO: generado localmente,2026-10-08
Valencia,Zamora,43_45_R3,614.959,8.7851,0.0,economica_demo,DATOS SINTÉTICOS DE DEMOSTRACIÓN,DEMO: generado localmente,2026-10-08
Valencia,Zaragoza,43_46_R1,308.432,3.5049,0.0,rapida_demo,DATOS SINTÉTICOS DE DEMOSTRACIÓN,DEMO: generado localmente,2026-10-08
Valencia,Zaragoza,43_46_R2,302.263,3.8752,8.0,mixta_demo,DATOS SINTÉTICOS DE DEMOSTRACIÓN,DEMO: generado localmente,2026-10-08
Valencia,Zaragoza,43_46_R3,299.179,4.274,0.0,economica_demo,DATOS SINTÉTICOS DE DEMOSTRACIÓN,DEMO: generado localmente,2026-10-08
Valladolid,Zamora,44_45_R1,107.876,1.2259,0.0,rapida_demo,DATOS SINTÉTICOS DE DEMOSTRACIÓN,DEMO: generado localmente,2026-10-08
Valladolid,Zamora,44_45_R2,105.718,1.3554,8.0,mixta_demo,DATOS SINTÉTICOS DE DEMOSTRACIÓN,DEMO: generado localmente,2026-10-08
Valladolid,Zamora,44_45_R3,104.639,1.4948,0.0,economica_demo,DATOS SINTÉTICOS DE DEMOSTRACIÓN,DEMO: generado localmente,2026-10-08
Valladolid,Zaragoza,44_46_R1,399.938,4.5447,0.0,rapida_demo,DATOS SINTÉTICOS DE DEMOSTRACIÓN,DEMO: generado localmente,2026-10-08
Valladolid,Zaragoza,44_46_R2,391.939,5.0249,8.0,mixta_demo,DATOS SINTÉTICOS DE DEMOSTRACIÓN,DEMO: generado localmente,2026-10-08
Valladolid,Zaragoza,44_46_R3,387.94,5.542,0.0,economica_demo,DATOS SINTÉTICOS DE DEMOSTRACIÓN,DEMO: generado localmente,2026-10-08
Zamora,Zaragoza,45_46_R1,506.684,5.7578,0.0,rapida_demo,DATOS SINTÉTICOS DE DEMOSTRACIÓN,DEMO: generado localmente,2026-10-08
Zamora,Zaragoza,45_46_R2,496.55,6.366,8.0,mixta_demo,DATOS SINTÉTICOS DE DEMOSTRACIÓN,DEMO: generado localmente,2026-10-08
Zamora,Zaragoza,45_46_R3,491.483,7.0212,0.0,economica_demo,DATOS SINTÉTICOS DE DEMOSTRACIÓN,DEMO: generado localmente,2026-10-08
